550 551 552 575 576 702 703 704 713 714 805 806 836 837 899 900 935 936 | 551 552 560 561 575 576 594 595 702 703 713 714 805 806 836 837 899 900 935 936 
550 551 552 575 576 608 609 620 621 629 630 665 666 702 703 704 713 714 836 837 899 900 | 551 552 560 561 575 576 594 595 608 609 620 621 629 630 665 666 702 703 713 714 836 837 899 900 
527 528 550 551 552 620 621 629 630 650 651 665 666 702 703 704 714 715 759 760 782 783 935 936 | 527 528 551 552 560 561 594 595 620 621 629 630 650 651 665 666 702 703 714 715 759 760 782 783 935 936 
527 528 550 551 552 629 630 665 666 702 703 704 713 714 740 741 759 760 899 900 | 527 528 551 552 560 561 594 595 629 630 665 666 702 703 713 714 740 741 759 760 899 900 
527 528 550 551 552 575 576 620 621 650 651 702 703 704 759 760 896 897 899 900 935 936 | 527 528 551 552 560 561 575 576 594 595 620 621 650 651 702 703 759 760 896 897 899 900 935 936 
550 551 552 620 621 629 630 650 651 665 666 702 703 704 805 806 836 837 896 897 935 936 | 551 552 560 561 594 595 620 621 629 630 650 651 665 666 702 703 805 806 836 837 896 897 935 936 
527 528 550 551 552 575 576 629 630 665 666 702 703 704 713 714 715 740 741 759 760 782 783 836 837 | 527 528 551 552 560 561 575 576 594 595 629 630 665 666 702 703 713 714 715 740 741 759 760 782 783 836 837 
550 551 552 575 576 620 621 650 651 665 666 702 703 704 713 714 899 900 935 936 | 551 552 560 561 575 576 594 595 620 621 650 651 665 666 702 703 713 714 899 900 935 936 
550 551 552 575 576 620 621 629 630 650 651 702 703 704 759 760 805 806 836 837 896 897 899 900 | 551 552 560 561 575 576 594 595 620 621 629 630 650 651 702 703 759 760 805 806 836 837 896 897 899 900 
527 528 550 551 552 560 561 575 576 629 630 665 666 714 715 836 837 | 550 551 575 576 629 630 665 666 713 714 715 782 783 836 837 899 900 
550 551 552 620 621 665 666 702 703 704 714 715 740 741 782 783 836 837 935 936 | 551 552 560 561 594 595 620 621 665 666 702 703 714 715 740 741 782 783 836 837 935 936 
527 528 550 551 552 575 576 629 630 650 651 702 703 704 740 741 782 783 836 837 935 936 | 527 528 551 552 560 561 575 576 594 595 629 630 650 651 702 703 740 741 782 783 836 837 935 936 
550 551 552 575 576 608 609 629 630 650 651 702 703 704 714 715 740 741 805 806 899 900 | 551 552 560 561 575 576 594 595 608 609 629 630 650 651 702 703 714 715 740 741 805 806 899 900 
550 551 552 575 576 629 630 665 666 702 703 704 713 714 759 760 805 806 836 837 935 936 | 551 552 560 561 575 576 594 595 629 630 665 666 702 703 713 714 759 760 805 806 836 837 935 936 
527 528 550 551 552 575 576 650 651 702 703 704 713 714 715 759 760 782 783 | 527 528 551 552 560 561 575 576 594 595 650 651 702 703 713 714 715 759 760 782 783 
550 551 552 629 630 665 666 702 703 704 713 714 759 760 836 837 899 900 935 936 | 551 552 560 561 594 595 629 630 665 666 702 703 713 714 759 760 836 837 899 900 935 936 
527 528 550 551 552 560 561 575 576 608 609 620 621 714 715 759 760 805 806 | 550 551 575 576 608 609 620 621 713 714 715 759 760 782 783 805 806 899 900 
527 528 550 551 552 560 561 575 576 594 595 608 609 620 621 629 630 702 703 704 714 715 805 806 836 837 896 897 | 550 551 575 576 594 595 608 609 620 621 629 630 702 703 704 713 714 715 782 783 805 806 836 837 896 897 899 900 
527 528 550 551 552 575 576 608 609 620 621 650 651 702 703 704 740 741 805 806 899 900 | 527 528 551 552 560 561 575 576 594 595 608 609 620 621 650 651 702 703 740 741 805 806 899 900 
527 528 550 551 552 560 561 594 595 608 609 620 621 714 715 896 897 | 550 551 594 595 608 609 620 621 713 714 715 782 783 896 897 899 900 
527 528 550 551 552 560 561 620 621 650 651 665 666 702 703 704 713 714 715 896 897 | 550 551 650 651 665 666 703 704 714 715 782 783 805 806 899 900 
550 551 552 575 576 620 621 650 651 665 666 702 703 704 713 714 715 740 741 782 783 805 806 836 837 | 551 552 560 561 575 576 594 595 620 621 650 651 665 666 702 703 713 714 715 740 741 782 783 805 806 836 837 
550 551 608 609 650 651 665 666 702 703 713 714 715 805 806 896 897 935 936 | 551 552 560 561 575 576 594 595 608 609 650 651 665 666 703 704 713 714 805 806 935 936 
527 528 550 551 552 560 561 575 576 594 595 629 630 713 714 715 836 837 896 897 935 936 | 550 551 594 595 620 621 629 630 650 651 714 715 782 783 805 806 836 837 899 900 935 936 
527 528 550 551 552 560 561 608 609 620 621 629 630 650 651 703 704 714 715 740 741 759 760 896 897 | 550 551 608 609 620 621 629 630 650 651 703 704 713 714 715 740 741 759 760 782 783 896 897 899 900 
550 551 552 575 576 620 621 650 651 702 703 704 713 714 715 805 806 896 897 | 551 552 560 561 575 576 594 595 620 621 650 651 702 703 713 714 715 805 806 896 897 
527 528 550 551 552 560 561 594 595 608 609 620 621 629 630 650 651 665 666 702 703 714 715 740 741 805 806 836 837 896 897 | 550 551 594 595 608 609 620 621 629 630 650 651 665 666 702 703 713 714 715 740 741 782 783 805 806 836 837 896 897 899 900 
527 528 550 551 552 575 576 608 609 629 630 650 651 702 703 704 713 714 759 760 805 806 836 837 899 900 935 936 | 527 528 551 552 560 561 575 576 594 595 608 609 629 630 650 651 702 703 713 714 759 760 805 806 836 837 899 900 935 936 
527 528 550 551 552 560 561 575 576 594 595 608 609 702 703 704 714 715 740 741 836 837 896 897 935 936 | 550 551 575 576 594 595 608 609 702 703 704 713 714 715 740 741 782 783 836 837 896 897 899 900 935 936 
527 528 550 551 552 560 561 594 595 608 609 629 630 702 703 704 714 715 740 741 836 837 935 936 | 550 551 594 595 608 609 629 630 702 703 704 713 714 715 740 741 782 783 836 837 899 900 935 936 
527 528 550 551 552 629 630 650 651 665 666 702 703 704 713 714 759 760 836 837 935 936 | 527 528 551 552 560 561 594 595 629 630 650 651 665 666 702 703 713 714 759 760 836 837 935 936 
550 551 552 575 576 620 621 629 630 702 703 704 714 715 740 741 782 783 836 837 935 936 | 551 552 560 561 575 576 594 595 620 621 629 630 702 703 714 715 740 741 782 783 836 837 935 936 
527 528 550 551 552 629 630 665 666 702 703 704 714 715 759 760 805 806 836 837 896 897 899 900 | 527 528 551 552 560 561 594 595 629 630 665 666 702 703 714 715 759 760 805 806 836 837 896 897 899 900 
527 528 550 551 552 560 561 594 595 608 609 629 630 665 666 702 703 714 715 740 741 805 806 | 550 551 594 595 608 609 629 630 665 666 702 703 713 714 715 740 741 782 783 805 806 899 900 
527 528 550 551 552 608 609 620 621 650 651 665 666 702 703 704 713 714 740 741 805 806 | 527 528 551 552 560 561 594 595 608 609 620 621 650 651 665 666 702 703 713 714 740 741 805 806 
527 528 550 551 552 575 576 608 609 629 630 650 651 702 703 704 713 714 759 760 805 806 836 837 | 527 528 551 552 560 561 575 576 594 595 608 609 629 630 650 651 702 703 713 714 759 760 805 806 836 837 
527 528 550 551 552 575 576 608 609 620 621 629 630 650 651 665 666 702 703 704 714 715 740 741 759 760 805 806 896 897 899 900 935 936 | 527 528 551 552 560 561 575 576 594 595 608 609 620 621 629 630 650 651 665 666 702 703 714 715 740 741 759 760 805 806 896 897 899 900 935 936 
527 528 550 551 552 560 561 594 595 620 621 702 703 714 715 805 806 | 550 551 594 595 620 621 702 703 713 714 715 782 783 805 806 899 900 
527 528 551 552 608 609 620 621 650 651 665 666 702 703 704 713 714 740 741 782 783 805 806 836 837 935 936 | 650 651 713 714 740 741 759 760 836 837 
527 528 550 551 552 560 561 575 576 594 595 608 609 629 630 650 651 714 715 740 741 836 837 935 936 | 550 551 575 576 594 595 608 609 629 630 650 651 713 714 715 740 741 782 783 836 837 899 900 935 936 
527 528 550 551 552 560 561 608 609 620 621 703 704 714 715 836 837 935 936 | 550 551 608 609 620 621 703 704 713 714 715 782 783 836 837 899 900 935 936 
550 551 552 575 576 608 609 665 666 702 703 704 713 714 740 741 759 760 782 783 | 551 552 560 561 575 576 594 595 608 609 665 666 702 703 713 714 740 741 759 760 782 783 
550 551 552 608 609 620 621 629 630 702 703 704 714 715 740 741 759 760 782 783 836 837 899 900 935 936 | 551 552 560 561 594 595 608 609 620 621 629 630 702 703 714 715 740 741 759 760 782 783 836 837 899 900 935 936 
550 551 552 629 630 650 651 665 666 702 703 704 713 714 715 740 741 805 806 836 837 896 897 899 900 | 551 552 560 561 594 595 629 630 650 651 665 666 702 703 713 714 715 740 741 805 806 836 837 896 897 899 900 
527 528 550 551 552 620 621 629 630 650 651 702 703 704 740 741 759 760 782 783 836 837 | 527 528 551 552 560 561 594 595 620 621 629 630 650 651 702 703 740 741 759 760 782 783 836 837 
550 551 552 575 576 608 609 650 651 665 666 702 703 704 713 714 740 741 836 837 935 936 | 551 552 560 561 575 576 594 595 608 609 650 651 665 666 702 703 713 714 740 741 836 837 935 936 
550 551 552 608 609 620 621 665 666 702 703 704 713 714 715 759 760 782 783 896 897 899 900 935 936 | 551 552 560 561 594 595 608 609 620 621 665 666 702 703 713 714 715 759 760 782 783 896 897 899 900 935 936 
550 551 552 575 576 620 621 629 630 650 651 702 703 704 713 714 715 759 760 782 783 805 806 935 936 | 551 552 560 561 575 576 594 595 620 621 629 630 650 651 702 703 713 714 715 759 760 782 783 805 806 935 936 
527 528 550 551 552 575 576 608 609 629 630 702 703 704 713 714 805 806 836 837 896 897 935 936 | 527 528 551 552 560 561 575 576 594 595 608 609 629 630 702 703 713 714 805 806 836 837 896 897 935 936 
527 528 550 551 552 560 561 608 609 665 666 702 703 714 715 740 741 805 806 836 837 | 550 551 608 609 665 666 702 703 713 714 715 740 741 782 783 805 806 836 837 899 900 
527 528 550 551 552 650 651 702 703 704 740 741 805 806 836 837 935 936 | 527 528 551 552 560 561 594 595 650 651 702 703 740 741 805 806 836 837 935 936 
527 528 550 551 552 560 561 575 576 594 595 608 609 665 666 702 703 713 714 715 759 760 836 837 896 897 935 936 | 550 551 594 595 608 609 620 621 650 651 665 666 702 703 714 715 759 760 782 783 805 806 836 837 899 900 935 936 
550 551 552 575 576 608 609 620 621 650 651 702 703 704 740 741 935 936 | 551 552 560 561 575 576 594 595 608 609 620 621 650 651 702 703 740 741 935 936 
527 528 550 551 552 560 561 594 595 629 630 665 666 703 704 714 715 759 760 836 837 935 936 | 550 551 594 595 629 630 665 666 703 704 713 714 715 759 760 782 783 836 837 899 900 935 936 
527 528 550 551 552 575 576 608 609 650 651 665 666 702 703 704 713 714 715 740 741 759 760 805 806 899 900 935 936 | 527 528 551 552 560 561 575 576 594 595 608 609 650 651 665 666 702 703 713 714 715 740 741 759 760 805 806 899 900 935 936 
527 528 550 551 552 560 561 594 595 620 621 629 630 650 651 665 666 703 704 714 715 740 741 805 806 896 897 | 550 551 594 595 620 621 629 630 650 651 665 666 703 704 713 714 715 740 741 782 783 805 806 896 897 899 900 
550 551 552 608 609 629 630 702 703 704 713 714 715 740 741 759 760 805 806 836 837 899 900 | 551 552 560 561 594 595 608 609 629 630 702 703 713 714 715 740 741 759 760 805 806 836 837 899 900 
527 528 550 551 552 575 576 608 609 629 630 665 666 702 703 704 714 715 759 760 805 806 896 897 | 527 528 551 552 560 561 575 576 594 595 608 609 629 630 665 666 702 703 714 715 759 760 805 806 896 897 
527 528 550 551 552 560 561 594 595 650 651 665 666 714 715 740 741 836 837 | 550 551 594 595 650 651 665 666 713 714 715 740 741 782 783 836 837 899 900 
550 551 552 575 576 608 609 620 621 702 703 704 714 715 759 760 896 897 | 551 552 560 561 575 576 594 595 608 609 620 621 702 703 714 715 759 760 896 897 
550 551 552 608 609 650 651 665 666 702 703 704 713 714 715 759 760 805 806 896 897 935 936 | 551 552 560 561 594 595 608 609 650 651 665 666 702 703 713 714 715 759 760 805 806 896 897 935 936 
550 551 552 620 621 665 666 702 703 704 740 741 759 760 782 783 836 837 896 897 935 936 | 551 552 560 561 594 595 620 621 665 666 702 703 740 741 759 760 782 783 836 837 896 897 935 936 
527 528 550 551 608 609 620 621 702 703 713 714 715 740 741 782 783 805 806 896 897 899 900 | 527 528 551 552 560 561 575 576 594 595 608 609 620 621 703 704 713 714 740 741 782 783 805 806 899 900 
550 551 552 650 651 665 666 702 703 704 714 715 782 783 935 936 | 551 552 560 561 594 595 650 651 665 666 702 703 714 715 782 783 935 936 
527 528 550 551 552 575 576 608 609 702 703 704 759 760 782 783 896 897 | 527 528 551 552 560 561 575 576 594 595 608 609 702 703 759 760 782 783 896 897 
527 528 550 551 552 620 621 629 630 665 666 702 703 704 714 715 759 760 782 783 805 806 896 897 | 527 528 551 552 560 561 594 595 620 621 629 630 665 666 702 703 714 715 759 760 782 783 805 806 896 897 
550 551 552 620 621 665 666 702 703 704 782 783 805 806 836 837 896 897 | 551 552 560 561 594 595 620 621 665 666 702 703 782 783 805 806 836 837 896 897 
550 551 552 608 609 629 630 650 651 702 703 704 713 714 782 783 836 837 896 897 899 900 935 936 | 551 552 560 561 594 595 608 609 629 630 650 651 702 703 713 714 782 783 836 837 896 897 899 900 935 936 
550 551 552 608 609 629 630 702 703 704 805 806 836 837 896 897 | 551 552 560 561 594 595 608 609 629 630 702 703 805 806 836 837 896 897 
527 528 550 551 552 575 576 702 703 704 759 760 782 783 805 806 899 900 935 936 | 527 528 551 552 560 561 575 576 594 595 702 703 759 760 782 783 805 806 899 900 935 936 
527 528 550 551 552 560 561 575 576 594 595 620 621 665 666 703 704 714 715 759 760 836 837 | 550 551 575 576 594 595 620 621 665 666 703 704 713 714 715 759 760 782 783 836 837 899 900 
550 551 552 608 609 620 621 629 630 665 666 702 703 704 713 714 715 759 760 782 783 805 806 836 837 896 897 | 551 552 560 561 594 595 608 609 620 621 629 630 665 666 702 703 713 714 715 759 760 782 783 805 806 836 837 896 897 
550 551 552 608 609 620 621 629 630 650 651 702 703 704 713 714 740 741 759 760 805 806 836 837 896 897 935 936 | 551 552 560 561 594 595 608 609 620 621 629 630 650 651 702 703 713 714 740 741 759 760 805 806 836 837 896 897 935 936 
527 528 550 551 552 575 576 620 621 629 630 650 651 702 703 704 714 715 740 741 899 900 | 527 528 551 552 560 561 575 576 594 595 620 621 629 630 650 651 702 703 714 715 740 741 899 900 
550 551 552 608 609 620 621 629 630 650 651 702 703 704 759 760 782 783 805 806 935 936 | 551 552 560 561 594 595 608 609 620 621 629 630 650 651 702 703 759 760 782 783 805 806 935 936 
527 528 550 551 552 608 609 629 630 650 651 665 666 702 703 704 714 715 759 760 782 783 836 837 896 897 935 936 | 527 528 551 552 560 561 594 595 608 609 629 630 650 651 665 666 702 703 714 715 759 760 782 783 836 837 896 897 935 936 
527 528 550 551 552 650 651 665 666 702 703 704 713 714 715 782 783 805 806 836 837 896 897 899 900 935 936 | 527 528 551 552 560 561 594 595 650 651 665 666 702 703 713 714 715 782 783 805 806 836 837 896 897 899 900 935 936 
550 551 552 575 576 608 609 629 630 702 703 704 713 714 715 782 783 836 837 | 551 552 560 561 575 576 594 595 608 609 629 630 702 703 713 714 715 782 783 836 837 
550 551 552 608 609 620 621 702 703 704 782 783 805 806 836 837 896 897 | 551 552 560 561 594 595 608 609 620 621 702 703 782 783 805 806 836 837 896 897 
527 528 550 551 552 560 561 629 630 714 715 759 760 805 806 935 936 | 550 551 629 630 713 714 715 759 760 782 783 805 806 899 900 935 936 
527 528 550 551 552 560 561 608 609 629 630 650 651 703 704 714 715 805 806 935 936 | 550 551 608 609 629 630 650 651 703 704 713 714 715 782 783 805 806 899 900 935 936 
550 551 552 575 576 620 621 629 630 650 651 702 703 704 713 714 740 741 805 806 899 900 | 551 552 560 561 575 576 594 595 620 621 629 630 650 651 702 703 713 714 740 741 805 806 899 900 
527 528 550 551 665 666 702 703 713 714 715 759 760 782 783 805 806 896 897 899 900 935 936 | 527 528 551 552 560 561 575 576 594 595 665 666 703 704 713 714 759 760 782 783 805 806 899 900 935 936 
550 551 552 608 609 620 621 665 666 702 703 704 713 714 715 740 741 759 760 805 806 896 897 935 936 | 551 552 560 561 594 595 608 609 620 621 665 666 702 703 713 714 715 740 741 759 760 805 806 896 897 935 936 
527 528 550 551 608 609 620 621 629 630 650 651 665 666 702 703 713 714 715 740 741 759 760 896 897 899 900 935 936 | 527 528 551 552 560 561 575 576 594 595 608 609 620 621 629 630 650 651 665 666 703 704 713 714 740 741 759 760 899 900 935 936 
527 528 550 551 552 560 561 594 595 620 621 650 651 703 704 714 715 740 741 759 760 836 837 896 897 | 550 551 594 595 620 621 650 651 703 704 713 714 715 740 741 759 760 782 783 836 837 896 897 899 900 
527 528 550 551 552 575 576 608 609 620 621 650 651 665 666 702 703 704 759 760 836 837 899 900 935 936 | 527 528 551 552 560 561 575 576 594 595 608 609 620 621 650 651 665 666 702 703 759 760 836 837 899 900 935 936 
527 528 550 551 575 576 608 609 629 630 650 651 702 703 714 715 740 741 759 760 836 837 896 897 | 551 552 594 595 608 609 629 630 650 651 703 704 713 714 740 741 759 760 782 783 836 837 899 900 
527 528 550 551 552 650 651 665 666 702 703 704 713 714 740 741 805 806 836 837 896 897 899 900 | 527 528 551 552 560 561 594 595 650 651 665 666 702 703 713 714 740 741 805 806 836 837 896 897 899 900 
527 528 550 551 552 575 576 620 621 629 630 650 651 665 666 702 703 704 714 715 740 741 759 760 805 806 836 837 896 897 | 527 528 551 552 560 561 575 576 594 595 620 621 629 630 650 651 665 666 702 703 714 715 740 741 759 760 805 806 836 837 896 897 
527 528 550 551 552 575 576 629 630 702 703 704 714 715 740 741 782 783 836 837 935 936 | 527 528 551 552 560 561 575 576 594 595 629 630 702 703 714 715 740 741 782 783 836 837 935 936 
527 528 550 551 552 620 621 629 630 702 703 704 713 714 | 527 528 551 552 560 561 594 595 620 621 629 630 702 703 713 714 
550 551 552 575 576 620 621 629 630 702 703 704 713 714 740 741 759 760 805 806 836 837 896 897 899 900 | 551 552 560 561 575 576 594 595 620 621 629 630 702 703 713 714 740 741 759 760 805 806 836 837 896 897 899 900 
527 528 550 551 552 620 621 629 630 650 651 665 666 702 703 704 805 806 896 897 899 900 | 527 528 551 552 560 561 594 595 620 621 629 630 650 651 665 666 702 703 805 806 896 897 899 900 
550 551 552 575 576 665 666 702 703 704 759 760 805 806 836 837 899 900 | 551 552 560 561 575 576 594 595 665 666 702 703 759 760 805 806 836 837 899 900 
527 528 550 551 552 575 576 620 621 650 651 702 703 704 713 714 715 759 760 782 783 | 527 528 551 552 560 561 575 576 594 595 620 621 650 651 702 703 713 714 715 759 760 782 783 
550 551 552 608 609 629 630 650 651 665 666 702 703 704 714 715 740 741 759 760 782 783 805 806 836 837 | 551 552 560 561 594 595 608 609 629 630 650 651 665 666 702 703 714 715 740 741 759 760 782 783 805 806 836 837 
550 551 552 575 576 620 621 629 630 665 666 702 703 704 713 714 759 760 782 783 836 837 896 897 899 900 | 551 552 560 561 575 576 594 595 620 621 629 630 665 666 702 703 713 714 759 760 782 783 836 837 896 897 899 900 
527 528 550 551 552 560 561 575 576 594 595 608 609 620 621 629 630 650 651 665 666 702 703 704 714 715 740 741 759 760 896 897 | 550 551 575 576 594 595 608 609 620 621 629 630 650 651 665 666 702 703 704 713 714 715 740 741 759 760 782 783 896 897 899 900 
550 551 552 575 576 620 621 629 630 650 651 702 703 704 713 714 715 896 897 899 900 | 551 552 560 561 575 576 594 595 620 621 629 630 650 651 702 703 713 714 715 896 897 899 900 
550 551 552 608 609 620 621 650 651 665 666 702 703 704 714 715 740 741 759 760 782 783 805 806 935 936 | 551 552 560 561 594 595 608 609 620 621 650 651 665 666 702 703 714 715 740 741 759 760 782 783 805 806 935 936 
527 528 550 551 552 575 576 620 621 629 630 702 703 704 714 715 740 741 782 783 896 897 899 900 935 936 | 527 528 551 552 560 561 575 576 594 595 620 621 629 630 702 703 714 715 740 741 782 783 896 897 899 900 935 936 
527 528 550 551 552 620 621 629 630 650 651 665 666 702 703 714 715 805 806 836 837 896 897 | 551 552 575 576 594 595 620 621 629 630 650 651 665 666 703 704 713 714 782 783 805 806 836 837 899 900 
527 528 550 551 552 629 630 702 703 704 713 714 836 837 896 897 935 936 | 527 528 551 552 560 561 594 595 629 630 702 703 713 714 836 837 896 897 935 936 
527 528 550 551 552 575 576 608 609 650 651 702 703 704 714 715 740 741 836 837 899 900 | 527 528 551 552 560 561 575 576 594 595 608 609 650 651 702 703 714 715 740 741 836 837 899 900 
550 551 552 650 651 665 666 702 703 704 713 714 805 806 836 837 899 900 935 936 | 551 552 560 561 594 595 650 651 665 666 702 703 713 714 805 806 836 837 899 900 935 936 
550 551 552 575 576 608 609 620 621 629 630 665 666 702 703 704 713 714 715 740 741 805 806 836 837 896 897 899 900 935 936 | 551 552 560 561 575 576 594 595 608 609 620 621 629 630 665 666 702 703 713 714 715 740 741 805 806 836 837 896 897 899 900 935 936 
527 528 550 551 552 608 609 650 651 702 703 704 714 715 740 741 759 760 805 806 836 837 896 897 935 936 | 527 528 551 552 560 561 594 595 608 609 650 651 702 703 714 715 740 741 759 760 805 806 836 837 896 897 935 936 
527 528 550 551 552 560 561 575 576 594 595 608 609 665 666 702 703 713 714 715 740 741 836 837 896 897 935 936 | 550 551 594 595 608 609 620 621 650 651 665 666 702 703 714 715 740 741 782 783 805 806 836 837 899 900 935 936 
527 528 550 551 552 560 561 620 621 629 630 665 666 702 703 714 715 759 760 836 837 | 550 551 620 621 629 630 665 666 702 703 713 714 715 759 760 782 783 836 837 899 900 
527 528 550 551 552 608 609 620 621 650 651 665 666 702 703 704 713 714 715 782 783 896 897 935 936 | 527 528 551 552 560 561 594 595 608 609 620 621 650 651 665 666 702 703 713 714 715 782 783 896 897 935 936 
550 551 552 665 666 702 703 704 713 714 715 740 741 782 783 805 806 935 936 | 551 552 560 561 594 595 665 666 702 703 713 714 715 740 741 782 783 805 806 935 936 
527 528 550 551 552 560 561 575 576 620 621 650 651 714 715 740 741 836 837 896 897 | 550 551 575 576 620 621 650 651 713 714 715 740 741 782 783 836 837 896 897 899 900 
527 528 550 551 552 575 576 608 609 620 621 650 651 702 703 704 740 741 782 783 805 806 935 936 | 527 528 551 552 560 561 575 576 594 595 608 609 620 621 650 651 702 703 740 741 782 783 805 806 935 936 
527 528 550 551 552 560 561 575 576 620 621 629 630 665 666 702 703 704 714 715 740 741 759 760 805 806 896 897 | 550 551 575 576 620 621 629 630 665 666 702 703 704 713 714 715 740 741 759 760 782 783 805 806 896 897 899 900 
527 528 550 551 552 575 576 608 609 650 651 702 703 704 740 741 899 900 935 936 | 527 528 551 552 560 561 575 576 594 595 608 609 650 651 702 703 740 741 899 900 935 936 
550 551 552 575 576 650 651 702 703 704 713 714 715 740 741 782 783 805 806 836 837 935 936 | 551 552 560 561 575 576 594 595 650 651 702 703 713 714 715 740 741 782 783 805 806 836 837 935 936 
527 528 550 551 552 575 576 629 630 665 666 702 703 704 740 741 782 783 896 897 | 527 528 551 552 560 561 575 576 594 595 629 630 665 666 702 703 740 741 782 783 896 897 
550 551 620 621 650 651 702 703 713 714 715 782 783 805 806 836 837 896 897 | 551 552 560 561 575 576 594 595 620 621 650 651 703 704 713 714 782 783 805 806 836 837 
550 551 552 575 576 702 703 704 740 741 759 760 805 806 935 936 | 551 552 560 561 575 576 594 595 702 703 740 741 759 760 805 806 935 936 
527 528 550 551 552 629 630 650 651 702 703 704 714 715 740 741 759 760 836 837 896 897 899 900 | 527 528 551 552 560 561 594 595 629 630 650 651 702 703 714 715 740 741 759 760 836 837 896 897 899 900 
527 528 550 551 552 575 576 608 609 620 621 702 703 704 713 714 715 740 741 782 783 805 806 896 897 | 527 528 551 552 560 561 575 576 594 595 608 609 620 621 702 703 713 714 715 740 741 782 783 805 806 896 897 
550 551 552 665 666 702 703 704 713 714 759 760 782 783 935 936 | 551 552 560 561 594 595 665 666 702 703 713 714 759 760 782 783 935 936 
550 551 552 575 576 620 621 629 630 702 703 704 805 806 836 837 899 900 935 936 | 551 552 560 561 575 576 594 595 620 621 629 630 702 703 805 806 836 837 899 900 935 936 
550 551 552 575 576 608 609 629 630 665 666 702 703 704 713 714 715 740 741 759 760 782 783 896 897 899 900 | 551 552 560 561 575 576 594 595 608 609 629 630 665 666 702 703 713 714 715 740 741 759 760 782 783 896 897 899 900 
527 528 550 551 552 560 561 620 621 629 630 665 666 714 715 759 760 805 806 836 837 896 897 | 550 551 620 621 629 630 665 666 713 714 715 759 760 782 783 805 806 836 837 896 897 899 900 
527 528 550 551 552 608 609 620 621 650 651 665 666 702 703 704 713 714 715 740 741 782 783 805 806 836 837 896 897 899 900 935 936 | 527 528 551 552 560 561 594 595 608 609 620 621 650 651 665 666 702 703 713 714 715 740 741 782 783 805 806 836 837 896 897 899 900 935 936 
550 551 552 575 576 620 621 629 630 650 651 665 666 702 703 704 713 714 740 741 759 760 805 806 899 900 | 551 552 560 561 575 576 594 595 620 621 629 630 650 651 665 666 702 703 713 714 740 741 759 760 805 806 899 900 
550 551 552 608 609 650 651 665 666 702 703 704 759 760 782 783 805 806 836 837 | 551 552 560 561 594 595 608 609 650 651 665 666 702 703 759 760 782 783 805 806 836 837 
550 551 552 620 621 650 651 665 666 702 703 704 713 714 740 741 759 760 782 783 805 806 836 837 | 551 552 560 561 594 595 620 621 650 651 665 666 702 703 713 714 740 741 759 760 782 783 805 806 836 837 
550 551 552 575 576 608 609 629 630 650 651 665 666 702 703 704 713 714 759 760 836 837 935 936 | 551 552 560 561 575 576 594 595 608 609 629 630 650 651 665 666 702 703 713 714 759 760 836 837 935 936 
527 528 550 551 552 560 561 575 576 608 609 620 621 629 630 650 651 714 715 740 741 759 760 805 806 836 837 935 936 | 550 551 575 576 608 609 620 621 629 630 650 651 713 714 715 740 741 759 760 782 783 805 806 836 837 899 900 935 936 
527 528 550 551 552 575 576 629 630 650 651 702 703 704 713 714 740 741 782 783 805 806 836 837 | 527 528 551 552 560 561 575 576 594 595 629 630 650 651 702 703 713 714 740 741 782 783 805 806 836 837 
527 528 550 551 552 702 703 704 713 714 715 836 837 935 936 | 527 528 551 552 560 561 594 595 702 703 713 714 715 836 837 935 936 
527 528 550 551 552 608 609 629 630 650 651 665 666 702 703 704 713 714 715 805 806 899 900 935 936 | 527 528 551 552 560 561 594 595 608 609 629 630 650 651 665 666 702 703 713 714 715 805 806 899 900 935 936 
550 551 552 575 576 702 703 704 713 714 715 836 837 896 897 899 900 | 551 552 560 561 575 576 594 595 702 703 713 714 715 836 837 896 897 899 900 
550 551 552 575 576 629 630 650 651 702 703 704 713 714 715 759 760 782 783 805 806 896 897 935 936 | 551 552 560 561 575 576 594 595 629 630 650 651 702 703 713 714 715 759 760 782 783 805 806 896 897 935 936 
527 528 550 551 552 620 621 702 703 704 713 714 715 740 741 782 783 805 806 836 837 896 897 899 900 | 527 528 551 552 560 561 594 595 620 621 702 703 713 714 715 740 741 782 783 805 806 836 837 896 897 899 900 
527 528 550 551 552 560 561 629 630 650 651 703 704 714 715 759 760 805 806 | 550 551 629 630 650 651 703 704 713 714 715 759 760 782 783 805 806 899 900 
527 528 550 551 552 560 561 629 630 703 704 714 715 759 760 805 806 836 837 935 936 | 550 551 629 630 703 704 713 714 715 759 760 782 783 805 806 836 837 899 900 935 936 
527 528 550 551 552 560 561 575 576 608 609 620 621 629 630 665 666 714 715 740 741 759 760 | 550 551 575 576 608 609 620 621 629 630 665 666 713 714 715 740 741 759 760 782 783 899 900 
550 551 552 608 609 629 630 650 651 702 703 704 714 715 782 783 805 806 896 897 935 936 | 551 552 560 561 594 595 608 609 629 630 650 651 702 703 714 715 782 783 805 806 896 897 935 936 
527 528 550 551 552 629 630 650 651 665 666 702 703 704 713 714 782 783 805 806 935 936 | 527 528 551 552 560 561 594 595 629 630 650 651 665 666 702 703 713 714 782 783 805 806 935 936 
550 551 552 629 630 702 703 704 713 714 715 759 760 782 783 805 806 | 551 552 560 561 594 595 629 630 702 703 713 714 715 759 760 782 783 805 806 
550 551 552 650 651 665 666 702 703 704 713 714 715 740 741 896 897 | 551 552 560 561 594 595 650 651 665 666 702 703 713 714 715 740 741 896 897 
550 551 552 575 576 608 609 620 621 629 630 702 703 704 714 715 759 760 805 806 836 837 935 936 | 551 552 560 561 575 576 594 595 608 609 620 621 629 630 702 703 714 715 759 760 805 806 836 837 935 936 
527 528 550 551 552 560 561 608 609 629 630 650 651 665 666 702 703 704 714 715 896 897 | 550 551 608 609 629 630 650 651 665 666 702 703 704 713 714 715 782 783 896 897 899 900 
550 551 552 575 576 629 630 650 651 665 666 702 703 704 713 714 782 783 805 806 836 837 896 897 899 900 935 936 | 551 552 560 561 575 576 594 595 629 630 650 651 665 666 702 703 713 714 782 783 805 806 836 837 896 897 899 900 935 936 
527 528 550 551 552 575 576 608 609 620 621 702 703 704 759 760 782 783 896 897 | 527 528 551 552 560 561 575 576 594 595 608 609 620 621 702 703 759 760 782 783 896 897 
527 528 550 551 552 575 576 665 666 702 703 704 713 714 715 759 760 | 527 528 551 552 560 561 575 576 594 595 665 666 702 703 713 714 715 759 760 
527 528 550 551 552 608 609 620 621 650 651 702 703 704 740 741 782 783 805 806 836 837 896 897 | 527 528 551 552 560 561 594 595 608 609 620 621 650 651 702 703 740 741 782 783 805 806 836 837 896 897 
527 528 550 551 552 608 609 620 621 650 651 702 703 714 715 805 806 896 897 | 551 552 575 576 594 595 608 609 620 621 650 651 703 704 713 714 782 783 805 806 899 900 
527 528 550 551 552 629 630 650 651 665 666 702 703 704 759 760 782 783 805 806 896 897 935 936 | 527 528 551 552 560 561 594 595 629 630 650 651 665 666 702 703 759 760 782 783 805 806 896 897 935 936 
527 528 550 551 552 560 561 575 576 620 621 650 651 702 703 714 715 740 741 836 837 935 936 | 550 551 575 576 620 621 650 651 702 703 713 714 715 740 741 782 783 836 837 899 900 935 936 
527 528 550 551 552 575 576 629 630 702 703 704 713 714 715 740 741 759 760 935 936 | 527 528 551 552 560 561 575 576 594 595 629 630 702 703 713 714 715 740 741 759 760 935 936 
527 528 550 551 552 560 561 594 595 620 621 629 630 650 651 702 703 704 713 714 715 740 741 836 837 896 897 | 550 551 594 595 629 630 650 651 703 704 714 715 740 741 782 783 805 806 836 837 899 900 
527 528 550 551 552 620 621 629 630 702 703 704 713 714 715 740 741 759 760 782 783 935 936 | 527 528 551 552 560 561 594 595 620 621 629 630 702 703 713 714 715 740 741 759 760 782 783 935 936 
550 551 552 620 621 702 703 704 740 741 782 783 805 806 836 837 899 900 935 936 | 551 552 560 561 594 595 620 621 702 703 740 741 782 783 805 806 836 837 899 900 935 936 
527 528 550 551 552 575 576 665 666 702 703 704 714 715 740 741 782 783 805 806 836 837 896 897 | 527 528 551 552 560 561 575 576 594 595 665 666 702 703 714 715 740 741 782 783 805 806 836 837 896 897 
527 528 550 551 552 608 609 620 621 629 630 665 666 702 703 704 713 714 759 760 805 806 836 837 899 900 935 936 | 527 528 551 552 560 561 594 595 608 609 620 621 629 630 665 666 702 703 713 714 759 760 805 806 836 837 899 900 935 936 
550 551 552 575 576 620 621 629 630 650 651 702 703 704 713 714 759 760 805 806 836 837 | 551 552 560 561 575 576 594 595 620 621 629 630 650 651 702 703 713 714 759 760 805 806 836 837 
527 528 550 551 552 608 609 620 621 702 703 704 713 714 836 837 899 900 935 936 | 527 528 551 552 560 561 594 595 608 609 620 621 702 703 713 714 836 837 899 900 935 936 
550 551 552 575 576 629 630 702 703 704 713 714 715 740 741 759 760 836 837 935 936 | 551 552 560 561 575 576 594 595 629 630 702 703 713 714 715 740 741 759 760 836 837 935 936 
550 551 552 620 621 702 703 704 740 741 782 783 805 806 896 897 935 936 | 551 552 560 561 594 595 620 621 702 703 740 741 782 783 805 806 896 897 935 936 
527 528 550 551 552 560 561 575 576 594 595 713 714 715 740 741 896 897 | 550 551 594 595 620 621 650 651 714 715 740 741 782 783 805 806 899 900 
527 528 550 551 552 575 576 620 621 650 651 702 703 704 713 714 759 760 782 783 896 897 935 936 | 527 528 551 552 560 561 575 576 594 595 620 621 650 651 702 703 713 714 759 760 782 783 896 897 935 936 
550 551 552 575 576 665 666 702 703 704 805 806 896 897 935 936 | 551 552 560 561 575 576 594 595 665 666 702 703 805 806 896 897 935 936 
527 528 551 552 594 595 608 609 620 621 650 651 665 666 702 703 704 782 783 805 806 836 837 896 897 899 900 935 936 | 594 595 650 651 759 760 836 837 896 897 899 900 
550 551 552 620 621 629 630 650 651 702 703 704 713 714 836 837 935 936 | 551 552 560 561 594 595 620 621 629 630 650 651 702 703 713 714 836 837 935 936 
527 528 550 551 552 608 609 650 651 665 666 702 703 704 740 741 836 837 896 897 899 900 | 527 528 551 552 560 561 594 595 608 609 650 651 665 666 702 703 740 741 836 837 896 897 899 900 
527 528 550 551 552 575 576 620 621 702 703 704 759 760 782 783 805 806 935 936 | 527 528 551 552 560 561 575 576 594 595 620 621 702 703 759 760 782 783 805 806 935 936 
527 528 550 551 552 575 576 620 621 629 630 650 651 665 666 702 703 704 713 714 715 805 806 896 897 899 900 935 936 | 527 528 551 552 560 561 575 576 594 595 620 621 629 630 650 651 665 666 702 703 713 714 715 805 806 896 897 899 900 935 936 
527 528 550 551 552 560 561 575 576 608 609 620 621 650 651 665 666 703 704 714 715 740 741 805 806 836 837 896 897 | 550 551 575 576 608 609 620 621 650 651 665 666 703 704 713 714 715 740 741 782 783 805 806 836 837 896 897 899 900 
527 528 550 551 552 575 576 608 609 620 621 629 630 650 651 702 703 704 740 741 896 897 899 900 | 527 528 551 552 560 561 575 576 594 595 608 609 620 621 629 630 650 651 702 703 740 741 896 897 899 900 
550 551 552 620 621 665 666 702 703 704 740 741 805 806 899 900 | 551 552 560 561 594 595 620 621 665 666 702 703 740 741 805 806 899 900 
527 528 550 551 552 620 621 650 651 665 666 702 703 704 759 760 782 783 | 527 528 551 552 560 561 594 595 620 621 650 651 665 666 702 703 759 760 782 783 
550 551 552 608 609 702 703 704 713 714 740 741 759 760 935 936 | 551 552 560 561 594 595 608 609 702 703 713 714 740 741 759 760 935 936 
527 528 551 552 560 561 575 576 608 609 620 621 665 666 702 703 704 713 714 715 740 741 782 783 805 806 896 897 899 900 935 936 | 560 561 575 576 713 714 715 740 741 759 760 896 897 899 900 
527 528 550 551 552 560 561 608 609 620 621 629 630 702 703 704 714 715 759 760 805 806 896 897 935 936 | 550 551 608 609 620 621 629 630 702 703 704 713 714 715 759 760 782 783 805 806 896 897 899 900 935 936 
527 528 550 551 552 608 609 620 621 650 651 665 666 702 703 704 740 741 805 806 836 837 | 527 528 551 552 560 561 594 595 608 609 620 621 650 651 665 666 702 703 740 741 805 806 836 837 
527 528 550 551 552 608 609 629 630 702 703 704 713 714 715 740 741 782 783 836 837 935 936 | 527 528 551 552 560 561 594 595 608 609 629 630 702 703 713 714 715 740 741 782 783 836 837 935 936 
527 528 550 551 552 560 561 575 576 594 595 608 609 620 621 650 651 714 715 805 806 836 837 | 550 551 575 576 594 595 608 609 620 621 650 651 713 714 715 782 783 805 806 836 837 899 900 
527 528 550 551 552 575 576 608 609 620 621 650 651 665 666 702 703 704 713 714 715 740 741 782 783 805 806 836 837 | 527 528 551 552 560 561 575 576 594 595 608 609 620 621 650 651 665 666 702 703 713 714 715 740 741 782 783 805 806 836 837 
550 551 552 620 621 702 703 704 713 714 715 740 741 782 783 | 551 552 560 561 594 595 620 621 702 703 713 714 715 740 741 782 783 
527 528 550 551 552 575 576 665 666 702 703 704 713 714 740 741 782 783 805 806 896 897 899 900 935 936 | 527 528 551 552 560 561 575 576 594 595 665 666 702 703 713 714 740 741 782 783 805 806 896 897 899 900 935 936 
527 528 550 551 552 575 576 650 651 702 703 704 805 806 935 936 | 527 528 551 552 560 561 575 576 594 595 650 651 702 703 805 806 935 936 
527 528 550 551 552 575 576 608 609 620 621 629 630 650 651 702 703 704 740 741 759 760 836 837 899 900 | 527 528 551 552 560 561 575 576 594 595 608 609 620 621 629 630 650 651 702 703 740 741 759 760 836 837 899 900 
550 551 552 608 609 702 703 704 713 714 759 760 | 551 552 560 561 594 595 608 609 702 703 713 714 759 760 
527 528 550 551 552 575 576 620 621 629 630 702 703 704 713 714 715 782 783 899 900 935 936 | 527 528 551 552 560 561 575 576 594 595 620 621 629 630 702 703 713 714 715 782 783 899 900 935 936 
527 528 550 551 552 560 561 575 576 608 609 650 651 665 666 714 715 759 760 805 806 836 837 935 936 | 550 551 575 576 608 609 650 651 665 666 713 714 715 759 760 782 783 805 806 836 837 899 900 935 936 
550 551 665 666 702 703 713 714 715 740 741 759 760 836 837 896 897 935 936 | 551 552 560 561 575 576 594 595 665 666 703 704 713 714 740 741 759 760 836 837 935 936 
550 551 552 608 609 620 621 629 630 702 703 704 713 714 715 759 760 805 806 836 837 896 897 899 900 935 936 | 551 552 560 561 594 595 608 609 620 621 629 630 702 703 713 714 715 759 760 805 806 836 837 896 897 899 900 935 936 
527 528 550 551 552 560 561 575 576 594 595 650 651 665 666 702 703 714 715 836 837 935 936 | 550 551 575 576 594 595 650 651 665 666 702 703 713 714 715 782 783 836 837 899 900 935 936 
527 528 550 551 552 608 609 650 651 702 703 704 713 714 715 759 760 782 783 836 837 899 900 935 936 | 527 528 551 552 560 561 594 595 608 609 650 651 702 703 713 714 715 759 760 782 783 836 837 899 900 935 936 
527 528 550 551 552 560 561 608 609 629 630 650 651 665 666 702 703 704 714 715 740 741 805 806 836 837 896 897 | 550 551 608 609 629 630 650 651 665 666 702 703 704 713 714 715 740 741 782 783 805 806 836 837 896 897 899 900 
527 528 551 552 560 561 575 576 608 609 620 621 629 630 665 666 702 703 704 714 715 782 783 805 806 836 837 935 936 | 560 561 575 576 629 630 714 715 759 760 836 837 
550 551 552 608 609 629 630 650 651 702 703 704 714 715 759 760 805 806 836 837 | 551 552 560 561 594 595 608 609 629 630 650 651 702 703 714 715 759 760 805 806 836 837 
527 528 550 551 552 620 621 665 666 702 703 704 713 714 782 783 805 806 896 897 899 900 | 527 528 551 552 560 561 594 595 620 621 665 666 702 703 713 714 782 783 805 806 896 897 899 900 
527 528 551 552 560 561 594 595 608 609 620 621 650 651 665 666 702 703 704 740 741 782 783 805 806 836 837 896 897 899 900 935 936 | 560 561 594 595 650 651 740 741 759 760 836 837 896 897 899 900 
527 528 550 551 552 608 609 620 621 665 666 702 703 704 713 714 740 741 896 897 899 900 935 936 | 527 528 551 552 560 561 594 595 608 609 620 621 665 666 702 703 713 714 740 741 896 897 899 900 935 936 
527 528 550 551 552 560 561 575 576 594 595 608 609 650 651 665 666 703 704 714 715 836 837 935 936 | 550 551 575 576 594 595 608 609 650 651 665 666 703 704 713 714 715 782 783 836 837 899 900 935 936 
550 551 552 575 576 608 609 702 703 704 740 741 782 783 805 806 836 837 896 897 899 900 | 551 552 560 561 575 576 594 595 608 609 702 703 740 741 782 783 805 806 836 837 896 897 899 900 
527 528 550 551 552 560 561 575 576 594 595 608 609 620 621 629 630 650 651 665 666 702 703 704 714 715 759 760 836 837 | 550 551 575 576 594 595 608 609 620 621 629 630 650 651 665 666 702 703 704 713 714 715 759 760 782 783 836 837 899 900 
527 528 550 551 552 650 651 665 666 702 703 704 714 715 740 741 759 760 782 783 805 806 836 837 899 900 935 936 | 527 528 551 552 560 561 594 595 650 651 665 666 702 703 714 715 740 741 759 760 782 783 805 806 836 837 899 900 935 936 
527 528 550 551 552 575 576 620 621 665 666 702 703 704 740 741 759 760 896 897 935 936 | 527 528 551 552 560 561 575 576 594 595 620 621 665 666 702 703 740 741 759 760 896 897 935 936 
550 551 620 621 650 651 665 666 702 703 713 714 715 836 837 896 897 | 551 552 560 561 575 576 594 595 620 621 650 651 665 666 703 704 713 714 836 837 
550 551 552 575 576 608 609 620 621 702 703 704 759 760 782 783 805 806 899 900 | 551 552 560 561 575 576 594 595 608 609 620 621 702 703 759 760 782 783 805 806 899 900 
527 528 550 551 552 608 609 620 621 629 630 650 651 665 666 702 703 704 714 715 805 806 836 837 935 936 | 527 528 551 552 560 561 594 595 608 609 620 621 629 630 650 651 665 666 702 703 714 715 805 806 836 837 935 936 
527 528 550 551 552 575 576 608 609 702 703 704 713 714 740 741 805 806 935 936 | 527 528 551 552 560 561 575 576 594 595 608 609 702 703 713 714 740 741 805 806 935 936 
550 551 552 575 576 650 651 702 703 704 740 741 759 760 782 783 836 837 | 551 552 560 561 575 576 594 595 650 651 702 703 740 741 759 760 782 783 836 837 
527 528 550 551 552 560 561 575 576 594 595 629 630 650 651 665 666 714 715 805 806 836 837 896 897 935 936 | 550 551 575 576 594 595 629 630 650 651 665 666 713 714 715 782 783 805 806 836 837 896 897 899 900 935 936 
550 551 552 629 630 650 651 702 703 704 713 714 715 740 741 899 900 935 936 | 551 552 560 561 594 595 629 630 650 651 702 703 713 714 715 740 741 899 900 935 936 
527 528 550 551 552 650 651 702 703 704 713 714 740 741 759 760 896 897 | 527 528 551 552 560 561 594 595 650 651 702 703 713 714 740 741 759 760 896 897 
527 528 551 552 594 595 608 609 620 621 665 666 702 703 704 713 714 740 741 759 760 836 837 896 897 935 936 | 550 551 608 609 665 666 703 704 740 741 759 760 782 783 805 806 836 837 899 900 935 936 
527 528 550 551 552 575 576 608 609 620 621 702 703 704 713 714 715 899 900 935 936 | 527 528 551 552 560 561 575 576 594 595 608 609 620 621 702 703 713 714 715 899 900 935 936 
527 528 550 551 552 560 561 594 595 650 651 702 703 704 714 715 759 760 805 806 | 550 551 594 595 650 651 702 703 704 713 714 715 759 760 782 783 805 806 899 900 
527 528 550 551 552 620 621 665 666 702 703 704 713 714 715 740 741 836 837 896 897 | 527 528 551 552 560 561 594 595 620 621 665 666 702 703 713 714 715 740 741 836 837 896 897 
550 551 552 575 576 608 609 620 621 629 630 650 651 702 703 704 759 760 805 806 836 837 896 897 935 936 | 551 552 560 561 575 576 594 595 608 609 620 621 629 630 650 651 702 703 759 760 805 806 836 837 896 897 935 936 
527 528 550 551 552 620 621 665 666 702 703 704 759 760 782 783 836 837 896 897 899 900 935 936 | 527 528 551 552 560 561 594 595 620 621 665 666 702 703 759 760 782 783 836 837 896 897 899 900 935 936 
527 528 550 551 552 575 576 608 609 620 621 702 703 704 713 714 740 741 782 783 805 806 935 936 | 527 528 551 552 560 561 575 576 594 595 608 609 620 621 702 703 713 714 740 741 782 783 805 806 935 936 
550 551 552 575 576 608 609 620 621 629 630 665 666 702 703 704 714 715 805 806 836 837 896 897 935 936 | 551 552 560 561 575 576 594 595 608 609 620 621 629 630 665 666 702 703 714 715 805 806 836 837 896 897 935 936 
527 528 550 551 552 575 576 629 630 665 666 702 703 704 714 715 782 783 805 806 935 936 | 527 528 551 552 560 561 575 576 594 595 629 630 665 666 702 703 714 715 782 783 805 806 935 936 
527 528 550 551 552 575 576 620 621 665 666 702 703 704 714 715 782 783 836 837 899 900 | 527 528 551 552 560 561 575 576 594 595 620 621 665 666 702 703 714 715 782 783 836 837 899 900 
527 528 550 551 575 576 608 609 629 630 650 651 665 666 702 703 714 715 805 806 896 897 935 936 | 551 552 594 595 608 609 629 630 650 651 665 666 703 704 713 714 782 783 805 806 899 900 935 936 
527 528 550 551 552 575 576 629 630 702 703 704 740 741 899 900 935 936 | 527 528 551 552 560 561 575 576 594 595 629 630 702 703 740 741 899 900 935 936 
527 528 550 551 552 560 561 594 595 620 621 702 703 704 714 715 836 837 | 550 551 594 595 620 621 702 703 704 713 714 715 782 783 836 837 899 900 
550 551 552 608 609 629 630 650 651 702 703 704 713 714 715 759 760 782 783 805 806 836 837 896 897 | 551 552 560 561 594 595 608 609 629 630 650 651 702 703 713 714 715 759 760 782 783 805 806 836 837 896 897 
527 528 550 551 552 560 561 594 595 608 609 620 621 665 666 714 715 759 760 | 550 551 594 595 608 609 620 621 665 666 713 714 715 759 760 782 783 899 900 
550 551 552 575 576 629 630 650 651 665 666 702 703 704 714 715 740 741 759 760 782 783 805 806 836 837 896 897 | 551 552 560 561 575 576 594 595 629 630 650 651 665 666 702 703 714 715 740 741 759 760 782 783 805 806 836 837 896 897 
527 528 550 551 552 620 621 650 651 665 666 702 703 704 714 715 935 936 | 527 528 551 552 560 561 594 595 620 621 650 651 665 666 702 703 714 715 935 936 
550 551 608 609 629 630 665 666 702 703 713 714 715 759 760 896 897 935 936 | 551 552 560 561 575 576 594 595 608 609 629 630 665 666 703 704 713 714 759 760 935 936 
527 528 550 551 552 560 561 594 595 620 621 665 666 702 703 704 714 715 740 741 759 760 836 837 896 897 935 936 | 550 551 594 595 620 621 665 666 702 703 704 713 714 715 740 741 759 760 782 783 836 837 896 897 899 900 935 936 
527 528 550 551 552 575 576 629 630 702 703 704 740 741 805 806 899 900 935 936 | 527 528 551 552 560 561 575 576 594 595 629 630 702 703 740 741 805 806 899 900 935 936 
527 528 550 551 552 575 576 620 621 650 651 702 703 704 713 714 715 740 741 836 837 899 900 | 527 528 551 552 560 561 575 576 594 595 620 621 650 651 702 703 713 714 715 740 741 836 837 899 900 
550 551 552 575 576 608 609 629 630 650 651 702 703 704 759 760 899 900 | 551 552 560 561 575 576 594 595 608 609 629 630 650 651 702 703 759 760 899 900 
527 528 550 551 620 621 629 630 650 651 665 666 702 703 713 714 715 759 760 782 783 805 806 836 837 896 897 | 527 528 551 552 560 561 575 576 594 595 620 621 629 630 650 651 665 666 703 704 713 714 759 760 782 783 805 806 836 837 
550 551 608 609 620 621 629 630 650 651 665 666 702 703 713 714 715 805 806 896 897 | 551 552 560 561 575 576 594 595 608 609 620 621 629 630 650 651 665 666 703 704 713 714 805 806 
527 528 550 551 552 575 576 608 609 629 630 665 666 702 703 704 714 715 805 806 896 897 | 527 528 551 552 560 561 575 576 594 595 608 609 629 630 665 666 702 703 714 715 805 806 896 897 
550 551 552 608 609 629 630 702 703 704 713 714 715 740 741 759 760 836 837 935 936 | 551 552 560 561 594 595 608 609 629 630 702 703 713 714 715 740 741 759 760 836 837 935 936 
527 528 550 551 552 608 609 665 666 702 703 704 713 714 715 782 783 836 837 899 900 | 527 528 551 552 560 561 594 595 608 609 665 666 702 703 713 714 715 782 783 836 837 899 900 
527 528 550 551 552 608 609 620 621 629 630 702 703 704 713 714 740 741 782 783 805 806 836 837 896 897 | 527 528 551 552 560 561 594 595 608 609 620 621 629 630 702 703 713 714 740 741 782 783 805 806 836 837 896 897 
550 551 552 702 703 704 740 741 805 806 896 897 899 900 | 551 552 560 561 594 595 702 703 740 741 805 806 896 897 899 900 
550 551 552 608 609 665 666 702 703 704 714 715 740 741 836 837 896 897 899 900 935 936 | 551 552 560 561 594 595 608 609 665 666 702 703 714 715 740 741 836 837 896 897 899 900 935 936 
527 528 550 551 552 575 576 665 666 702 703 704 714 715 740 741 759 760 782 783 896 897 899 900 | 527 528 551 552 560 561 575 576 594 595 665 666 702 703 714 715 740 741 759 760 782 783 896 897 899 900 
550 551 552 629 630 702 703 704 740 741 759 760 782 783 836 837 935 936 | 551 552 560 561 594 595 629 630 702 703 740 741 759 760 782 783 836 837 935 936 
527 528 550 551 650 651 665 666 702 703 704 713 714 782 783 805 806 836 837 899 900 935 936 | 550 551 552 575 576 665 666 703 704 714 715 836 837 896 897 
527 528 550 551 552 575 576 620 621 665 666 702 703 704 714 715 740 741 782 783 836 837 | 527 528 551 552 560 561 575 576 594 595 620 621 665 666 702 703 714 715 740 741 782 783 836 837 
550 551 552 620 621 629 630 650 651 665 666 702 703 704 713 714 715 740 741 805 806 899 900 | 551 552 560 561 594 595 620 621 629 630 650 651 665 666 702 703 713 714 715 740 741 805 806 899 900 
527 528 550 551 552 560 561 575 576 702 703 704 713 714 715 896 897 935 936 | 550 551 620 621 650 651 702 703 704 714 715 782 783 805 806 899 900 935 936 
527 528 550 551 552 575 576 608 609 620 621 650 651 665 666 702 703 704 714 715 740 741 759 760 782 783 836 837 899 900 | 527 528 551 552 560 561 575 576 594 595 608 609 620 621 650 651 665 666 702 703 714 715 740 741 759 760 782 783 836 837 899 900 
527 528 550 551 552 560 561 608 609 629 630 703 704 714 715 740 741 896 897 935 936 | 550 551 608 609 629 630 703 704 713 714 715 740 741 782 783 896 897 899 900 935 936 
527 528 550 551 552 560 561 608 609 620 621 629 630 665 666 714 715 759 760 | 550 551 608 609 620 621 629 630 665 666 713 714 715 759 760 782 783 899 900 
550 551 552 608 609 629 630 650 651 665 666 702 703 704 713 714 715 782 783 836 837 896 897 935 936 | 551 552 560 561 594 595 608 609 629 630 650 651 665 666 702 703 713 714 715 782 783 836 837 896 897 935 936 
550 551 552 575 576 629 630 702 703 704 714 715 740 741 805 806 836 837 896 897 | 551 552 560 561 575 576 594 595 629 630 702 703 714 715 740 741 805 806 836 837 896 897 
527 528 550 551 552 608 609 620 621 629 630 650 651 665 666 702 703 704 714 715 740 741 759 760 782 783 836 837 899 900 | 527 528 551 552 560 561 594 595 608 609 620 621 629 630 650 651 665 666 702 703 714 715 740 741 759 760 782 783 836 837 899 900 
527 528 550 551 552 608 609 629 630 650 651 702 703 704 713 714 759 760 805 806 836 837 896 897 899 900 | 527 528 551 552 560 561 594 595 608 609 629 630 650 651 702 703 713 714 759 760 805 806 836 837 896 897 899 900 
527 528 550 551 552 620 621 629 630 650 651 665 666 702 703 704 714 715 782 783 836 837 | 527 528 551 552 560 561 594 595 620 621 629 630 650 651 665 666 702 703 714 715 782 783 836 837 
550 551 552 575 576 620 621 650 651 665 666 702 703 704 740 741 836 837 896 897 | 551 552 560 561 575 576 594 595 620 621 650 651 665 666 702 703 740 741 836 837 896 897 
527 528 550 551 552 620 621 650 651 665 666 702 703 704 740 741 782 783 836 837 896 897 935 936 | 527 528 551 552 560 561 594 595 620 621 650 651 665 666 702 703 740 741 782 783 836 837 896 897 935 936 
527 528 550 551 552 560 561 575 576 620 621 629 630 665 666 702 703 704 714 715 740 741 896 897 | 550 551 575 576 620 621 629 630 665 666 702 703 704 713 714 715 740 741 782 783 896 897 899 900 
527 528 550 551 552 702 703 704 713 714 715 740 741 782 783 | 527 528 551 552 560 561 594 595 702 703 713 714 715 740 741 782 783 
527 528 550 551 608 609 629 630 665 666 702 703 713 714 715 782 783 805 806 836 837 896 897 899 900 | 527 528 551 552 560 561 575 576 594 595 608 609 629 630 665 666 703 704 713 714 782 783 805 806 836 837 899 900 
527 528 550 551 552 575 576 608 609 629 630 702 703 704 740 741 759 760 896 897 935 936 | 527 528 551 552 560 561 575 576 594 595 608 609 629 630 702 703 740 741 759 760 896 897 935 936 
550 551 552 575 576 608 609 629 630 665 666 702 703 704 713 714 715 740 741 782 783 805 806 836 837 | 551 552 560 561 575 576 594 595 608 609 629 630 665 666 702 703 713 714 715 740 741 782 783 805 806 836 837 
527 528 550 551 552 560 561 594 595 620 621 650 651 703 704 714 715 759 760 836 837 | 550 551 594 595 620 621 650 651 703 704 713 714 715 759 760 782 783 836 837 899 900 
527 528 550 551 608 609 629 630 665 666 702 703 713 714 715 759 760 836 837 896 897 899 900 935 936 | 527 528 551 552 560 561 575 576 594 595 608 609 629 630 665 666 703 704 713 714 759 760 836 837 899 900 935 936 
550 551 552 575 576 608 609 620 621 629 630 665 666 702 703 704 714 715 782 783 836 837 899 900 935 936 | 551 552 560 561 575 576 594 595 608 609 620 621 629 630 665 666 702 703 714 715 782 783 836 837 899 900 935 936 
550 551 552 575 576 608 609 620 621 629 630 702 703 704 759 760 782 783 805 806 836 837 896 897 935 936 | 551 552 560 561 575 576 594 595 608 609 620 621 629 630 702 703 759 760 782 783 805 806 836 837 896 897 935 936 
550 551 552 608 609 620 621 629 630 702 703 704 714 715 759 760 782 783 836 837 899 900 | 551 552 560 561 594 595 608 609 620 621 629 630 702 703 714 715 759 760 782 783 836 837 899 900 
550 551 552 629 630 665 666 702 703 704 713 714 759 760 805 806 899 900 | 551 552 560 561 594 595 629 630 665 666 702 703 713 714 759 760 805 806 899 900 
550 551 552 575 576 629 630 702 703 704 714 715 759 760 805 806 836 837 | 551 552 560 561 575 576 594 595 629 630 702 703 714 715 759 760 805 806 836 837 
527 528 550 551 552 620 621 650 651 702 703 704 714 715 759 760 836 837 | 527 528 551 552 560 561 594 595 620 621 650 651 702 703 714 715 759 760 836 837 
527 528 550 551 608 609 629 630 650 651 702 703 713 714 715 740 741 805 806 836 837 896 897 899 900 935 936 | 527 528 551 552 560 561 575 576 594 595 608 609 629 630 650 651 703 704 713 714 740 741 805 806 836 837 899 900 935 936 
550 551 552 575 576 629 630 650 651 702 703 704 713 714 715 759 760 782 783 805 806 899 900 | 551 552 560 561 575 576 594 595 629 630 650 651 702 703 713 714 715 759 760 782 783 805 806 899 900 
527 528 550 551 552 575 576 608 609 629 630 702 703 704 713 714 715 740 741 896 897 899 900 935 936 | 527 528 551 552 560 561 575 576 594 595 608 609 629 630 702 703 713 714 715 740 741 896 897 899 900 935 936 
527 528 550 551 552 560 561 650 651 714 715 740 741 805 806 | 550 551 650 651 713 714 715 740 741 782 783 805 806 899 900 
527 528 550 551 552 560 561 594 595 608 609 650 651 714 715 759 760 836 837 896 897 | 550 551 594 595 608 609 650 651 713 714 715 759 760 782 783 836 837 896 897 899 900 
550 551 552 575 576 665 666 702 703 704 713 714 836 837 896 897 | 551 552 560 561 575 576 594 595 665 666 702 703 713 714 836 837 896 897 
550 551 552 575 576 665 666 702 703 704 713 714 715 759 760 836 837 896 897 899 900 | 551 552 560 561 575 576 594 595 665 666 702 703 713 714 715 759 760 836 837 896 897 899 900 
527 528 550 551 552 620 621 650 651 702 703 704 740 741 805 806 836 837 896 897 935 936 | 527 528 551 552 560 561 594 595 620 621 650 651 702 703 740 741 805 806 836 837 896 897 935 936 
527 528 550 551 552 560 561 575 576 608 609 620 621 650 651 665 666 702 703 704 713 714 715 740 741 896 897 | 550 551 575 576 608 609 650 651 665 666 703 704 714 715 740 741 782 783 805 806 899 900 
550 551 552 620 621 629 630 650 651 665 666 702 703 704 713 714 759 760 782 783 805 806 836 837 896 897 | 551 552 560 561 594 595 620 621 629 630 650 651 665 666 702 703 713 714 759 760 782 783 805 806 836 837 896 897 
550 551 552 575 576 608 609 629 630 702 703 704 740 741 759 760 896 897 | 551 552 560 561 575 576 594 595 608 609 629 630 702 703 740 741 759 760 896 897 
527 528 550 551 552 560 561 575 576 594 595 629 630 650 651 665 666 714 715 740 741 896 897 935 936 | 550 551 575 576 594 595 629 630 650 651 665 666 713 714 715 740 741 782 783 896 897 899 900 935 936 
527 528 550 551 552 702 703 704 714 715 740 741 759 760 805 806 836 837 935 936 | 527 528 551 552 560 561 594 595 702 703 714 715 740 741 759 760 805 806 836 837 935 936 
550 551 552 608 609 629 630 665 666 702 703 704 714 715 782 783 805 806 896 897 899 900 | 551 552 560 561 594 595 608 609 629 630 665 666 702 703 714 715 782 783 805 806 896 897 899 900 
527 528 550 551 552 608 609 620 621 665 666 702 703 704 713 714 715 740 741 896 897 | 527 528 551 552 560 561 594 595 608 609 620 621 665 666 702 703 713 714 715 740 741 896 897 
550 551 552 575 576 620 621 665 666 702 703 704 713 714 782 783 805 806 896 897 935 936 | 551 552 560 561 575 576 594 595 620 621 665 666 702 703 713 714 782 783 805 806 896 897 935 936 
527 528 550 551 552 608 609 629 630 650 651 665 666 702 703 704 714 715 740 741 782 783 805 806 896 897 935 936 | 527 528 551 552 560 561 594 595 608 609 629 630 650 651 665 666 702 703 714 715 740 741 782 783 805 806 896 897 935 936 
527 528 550 551 552 575 576 629 630 650 651 702 703 704 713 714 805 806 836 837 899 900 | 527 528 551 552 560 561 575 576 594 595 629 630 650 651 702 703 713 714 805 806 836 837 899 900 
550 551 552 608 609 620 621 702 703 704 713 714 759 760 896 897 899 900 935 936 | 551 552 560 561 594 595 608 609 620 621 702 703 713 714 759 760 896 897 899 900 935 936 
550 551 552 629 630 702 703 704 713 714 805 806 935 936 | 551 552 560 561 594 595 629 630 702 703 713 714 805 806 935 936 
550 551 552 575 576 665 666 702 703 704 713 714 715 759 760 782 783 836 837 896 897 935 936 | 551 552 560 561 575 576 594 595 665 666 702 703 713 714 715 759 760 782 783 836 837 896 897 935 936 
527 528 550 551 552 620 621 629 630 702 703 704 713 714 715 740 741 782 783 836 837 896 897 935 936 | 527 528 551 552 560 561 594 595 620 621 629 630 702 703 713 714 715 740 741 782 783 836 837 896 897 935 936 
550 551 552 608 609 620 621 650 651 702 703 704 740 741 805 806 | 551 552 560 561 594 595 608 609 620 621 650 651 702 703 740 741 805 806 
527 528 550 551 552 575 576 620 621 650 651 702 703 704 714 715 740 741 759 760 782 783 805 806 836 837 935 936 | 527 528 551 552 560 561 575 576 594 595 620 621 650 651 702 703 714 715 740 741 759 760 782 783 805 806 836 837 935 936 
527 528 550 551 552 608 609 620 621 650 651 665 666 702 703 704 713 714 715 759 760 836 837 | 527 528 551 552 560 561 594 595 608 609 620 621 650 651 665 666 702 703 713 714 715 759 760 836 837 
527 528 550 551 552 575 576 629 630 650 651 702 703 704 713 714 715 740 741 836 837 896 897 899 900 | 527 528 551 552 560 561 575 576 594 595 629 630 650 651 702 703 713 714 715 740 741 836 837 896 897 899 900 
527 528 550 551 552 575 576 650 651 702 703 704 713 714 715 759 760 782 783 896 897 899 900 | 527 528 551 552 560 561 575 576 594 595 650 651 702 703 713 714 715 759 760 782 783 896 897 899 900 
550 551 552 608 609 620 621 665 666 702 703 704 713 714 715 740 741 759 760 836 837 896 897 | 551 552 560 561 594 595 608 609 620 621 665 666 702 703 713 714 715 740 741 759 760 836 837 896 897 
527 528 550 551 552 629 630 665 666 702 703 704 740 741 759 760 805 806 | 527 528 551 552 560 561 594 595 629 630 665 666 702 703 740 741 759 760 805 806 
527 528 551 552 575 576 594 595 702 703 713 714 836 837 896 897 935 936 | 550 551 620 621 650 651 702 703 782 783 805 806 836 837 899 900 935 936 
527 528 550 551 552 629 630 650 651 702 703 704 740 741 759 760 805 806 836 837 896 897 935 936 | 527 528 551 552 560 561 594 595 629 630 650 651 702 703 740 741 759 760 805 806 836 837 896 897 935 936 
527 528 550 551 552 575 576 620 621 629 630 665 666 702 703 704 782 783 805 806 836 837 896 897 899 900 935 936 | 527 528 551 552 560 561 575 576 594 595 620 621 629 630 665 666 702 703 782 783 805 806 836 837 896 897 899 900 935 936 
550 551 552 575 576 650 651 702 703 704 759 760 805 806 899 900 935 936 | 551 552 560 561 575 576 594 595 650 651 702 703 759 760 805 806 899 900 935 936 
527 528 550 551 552 560 561 575 576 594 595 608 609 629 630 650 651 702 703 704 714 715 836 837 935 936 | 550 551 575 576 594 595 608 609 629 630 650 651 702 703 704 713 714 715 782 783 836 837 899 900 935 936 
550 551 552 608 609 620 621 665 666 702 703 704 713 714 715 782 783 836 837 896 897 | 551 552 560 561 594 595 608 609 620 621 665 666 702 703 713 714 715 782 783 836 837 896 897 
527 528 550 551 552 575 576 620 621 650 651 665 666 702 703 704 713 714 740 741 759 760 805 806 899 900 | 527 528 551 552 560 561 575 576 594 595 620 621 650 651 665 666 702 703 713 714 740 741 759 760 805 806 899 900 
550 551 552 608 609 650 651 702 703 704 740 741 759 760 805 806 836 837 896 897 | 551 552 560 561 594 595 608 609 650 651 702 703 740 741 759 760 805 806 836 837 896 897 
550 551 552 620 621 629 630 650 651 702 703 704 713 714 715 740 741 805 806 836 837 935 936 | 551 552 560 561 594 595 620 621 629 630 650 651 702 703 713 714 715 740 741 805 806 836 837 935 936 
527 528 550 551 552 575 576 650 651 702 703 704 805 806 836 837 | 527 528 551 552 560 561 575 576 594 595 650 651 702 703 805 806 836 837 
527 528 550 551 552 560 561 575 576 665 666 702 703 704 714 715 740 741 759 760 836 837 896 897 935 936 | 550 551 575 576 665 666 702 703 704 713 714 715 740 741 759 760 782 783 836 837 896 897 899 900 935 936 
550 551 552 575 576 608 609 629 630 650 651 665 666 702 703 704 713 714 715 782 783 896 897 935 936 | 551 552 560 561 575 576 594 595 608 609 629 630 650 651 665 666 702 703 713 714 715 782 783 896 897 935 936 
527 528 550 551 552 620 621 650 651 702 703 704 713 714 715 759 760 782 783 896 897 899 900 935 936 | 527 528 551 552 560 561 594 595 620 621 650 651 702 703 713 714 715 759 760 782 783 896 897 899 900 935 936 
527 528 551 552 560 561 575 576 608 609 629 630 665 666 703 704 713 714 715 740 741 782 783 805 806 899 900 935 936 | 560 561 620 621 629 630 650 651 713 714 715 740 741 759 760 899 900 
527 528 550 551 552 560 561 575 576 594 595 608 609 629 630 650 651 702 703 714 715 759 760 805 806 896 897 935 936 | 550 551 575 576 594 595 608 609 629 630 650 651 702 703 713 714 715 759 760 782 783 805 806 896 897 899 900 935 936 
527 528 550 551 608 609 629 630 702 703 713 714 715 759 760 782 783 896 897 | 527 528 551 552 560 561 575 576 594 595 608 609 629 630 703 704 713 714 759 760 782 783 
527 528 550 551 552 620 621 650 651 665 666 702 703 704 740 741 782 783 899 900 935 936 | 527 528 551 552 560 561 594 595 620 621 650 651 665 666 702 703 740 741 782 783 899 900 935 936 
527 528 550 551 608 609 702 703 713 714 715 805 806 836 837 896 897 899 900 935 936 | 527 528 551 552 560 561 575 576 594 595 608 609 703 704 713 714 805 806 836 837 899 900 935 936 
550 551 552 629 630 665 666 702 703 704 713 714 740 741 759 760 805 806 836 837 896 897 899 900 | 551 552 560 561 594 595 629 630 665 666 702 703 713 714 740 741 759 760 805 806 836 837 896 897 899 900 
527 528 551 552 560 561 575 576 608 609 620 621 650 651 665 666 702 703 704 713 714 740 741 782 783 805 806 896 897 935 936 | 560 561 575 576 650 651 713 714 740 741 759 760 896 897 
527 528 550 551 552 608 609 702 703 704 740 741 759 760 805 806 899 900 | 527 528 551 552 560 561 594 595 608 609 702 703 740 741 759 760 805 806 899 900 
527 528 550 551 552 620 621 650 651 665 666 702 703 714 715 759 760 836 837 896 897 | 551 552 575 576 594 595 620 621 650 651 665 666 703 704 713 714 759 760 782 783 836 837 899 900 
527 528 550 551 552 575 576 608 609 620 621 702 703 704 713 714 715 740 741 782 783 935 936 | 527 528 551 552 560 561 575 576 594 595 608 609 620 621 702 703 713 714 715 740 741 782 783 935 936 
527 528 550 551 552 560 561 575 576 608 609 620 621 629 630 650 651 665 666 703 704 714 715 740 741 759 760 805 806 896 897 935 936 | 550 551 575 576 608 609 620 621 629 630 650 651 665 666 703 704 713 714 715 740 741 759 760 782 783 805 806 896 897 899 900 935 936 
527 528 550 551 552 575 576 620 621 702 703 704 740 741 782 783 836 837 896 897 899 900 | 527 528 551 552 560 561 575 576 594 595 620 621 702 703 740 741 782 783 836 837 896 897 899 900 
550 551 552 575 576 608 609 620 621 629 630 702 703 704 713 714 740 741 759 760 782 783 805 806 | 551 552 560 561 575 576 594 595 608 609 620 621 629 630 702 703 713 714 740 741 759 760 782 783 805 806 
550 551 552 608 609 620 621 650 651 702 703 704 713 714 782 783 805 806 896 897 935 936 | 551 552 560 561 594 595 608 609 620 621 650 651 702 703 713 714 782 783 805 806 896 897 935 936 
527 528 550 551 552 575 576 620 621 650 651 665 666 702 703 704 713 714 715 740 741 782 783 836 837 | 527 528 551 552 560 561 575 576 594 595 620 621 650 651 665 666 702 703 713 714 715 740 741 782 783 836 837 
550 551 552 575 576 608 609 650 651 702 703 704 713 714 715 740 741 759 760 935 936 | 551 552 560 561 575 576 594 595 608 609 650 651 702 703 713 714 715 740 741 759 760 935 936 
527 528 550 551 552 575 576 620 621 629 630 650 651 665 666 702 703 704 713 714 740 741 759 760 836 837 896 897 899 900 | 527 528 551 552 560 561 575 576 594 595 620 621 629 630 650 651 665 666 702 703 713 714 740 741 759 760 836 837 896 897 899 900 
550 551 552 608 609 629 630 702 703 704 713 714 759 760 836 837 896 897 935 936 | 551 552 560 561 594 595 608 609 629 630 702 703 713 714 759 760 836 837 896 897 935 936 
550 551 552 575 576 608 609 620 621 650 651 665 666 702 703 704 713 714 715 740 741 935 936 | 551 552 560 561 575 576 594 595 608 609 620 621 650 651 665 666 702 703 713 714 715 740 741 935 936 
527 528 550 551 552 560 561 620 621 714 715 740 741 805 806 | 550 551 620 621 713 714 715 740 741 782 783 805 806 899 900 
527 528 550 551 552 575 576 608 609 620 621 665 666 702 703 704 713 714 715 740 741 759 760 782 783 805 806 899 900 | 527 528 551 552 560 561 575 576 594 595 608 609 620 621 665 666 702 703 713 714 715 740 741 759 760 782 783 805 806 899 900 
550 551 552 575 576 608 609 620 621 629 630 650 651 665 666 702 703 704 713 714 715 740 741 782 783 805 806 935 936 | 551 552 560 561 575 576 594 595 608 609 620 621 629 630 650 651 665 666 702 703 713 714 715 740 741 782 783 805 806 935 936 
527 528 550 551 552 575 576 620 621 629 630 665 666 702 703 704 782 783 896 897 935 936 | 527 528 551 552 560 561 575 576 594 595 620 621 629 630 665 666 702 703 782 783 896 897 935 936 
527 528 550 551 552 665 666 702 703 704 713 714 715 740 741 759 760 899 900 | 527 528 551 552 560 561 594 595 665 666 702 703 713 714 715 740 741 759 760 899 900 
527 528 550 551 552 560 561 620 621 629 630 665 666 702 703 704 714 715 740 741 805 806 836 837 | 550 551 620 621 629 630 665 666 702 703 704 713 714 715 740 741 782 783 805 806 836 837 899 900 
527 528 550 551 552 620 621 629 630 650 651 665 666 702 703 714 715 740 741 759 760 805 806 836 837 896 897 | 551 552 575 576 594 595 620 621 629 630 650 651 665 666 703 704 713 714 740 741 759 760 782 783 805 806 836 837 899 900 
527 528 550 551 552 608 609 665 666 702 703 704 713 714 715 740 741 805 806 899 900 935 936 | 527 528 551 552 560 561 594 595 608 609 665 666 702 703 713 714 715 740 741 805 806 899 900 935 936 
527 528 550 551 552 560 561 650 651 714 715 759 760 836 837 | 550 551 650 651 713 714 715 759 760 782 783 836 837 899 900 
527 528 550 551 560 561 608 609 650 651 702 703 704 713 714 740 741 782 783 805 806 836 837 899 900 935 936 | 550 551 552 560 561 575 576 608 609 703 704 714 715 740 741 836 837 896 897 
550 551 552 575 576 650 651 702 703 704 713 714 715 740 741 782 783 805 806 836 837 896 897 935 936 | 551 552 560 561 575 576 594 595 650 651 702 703 713 714 715 740 741 782 783 805 806 836 837 896 897 935 936 
527 528 550 551 552 608 609 665 666 702 703 704 713 714 715 740 741 759 760 805 806 899 900 935 936 | 527 528 551 552 560 561 594 595 608 609 665 666 702 703 713 714 715 740 741 759 760 805 806 899 900 935 936 
527 528 550 551 552 575 576 629 630 650 651 665 666 702 703 704 759 760 782 783 805 806 836 837 899 900 935 936 | 527 528 551 552 560 561 575 576 594 595 629 630 650 651 665 666 702 703 759 760 782 783 805 806 836 837 899 900 935 936 
527 528 550 551 552 560 561 594 595 650 651 665 666 714 715 740 741 759 760 805 806 836 837 935 936 | 550 551 594 595 650 651 665 666 713 714 715 740 741 759 760 782 783 805 806 836 837 899 900 935 936 
550 551 552 608 609 620 621 629 630 650 651 702 703 704 714 715 782 783 836 837 896 897 935 936 | 551 552 560 561 594 595 608 609 620 621 629 630 650 651 702 703 714 715 782 783 836 837 896 897 935 936 
527 528 550 551 575 576 608 609 650 651 702 703 714 715 805 806 836 837 896 897 935 936 | 551 552 594 595 608 609 650 651 703 704 713 714 782 783 805 806 836 837 899 900 935 936 
550 551 552 575 576 608 609 702 703 704 713 714 715 782 783 805 806 896 897 899 900 | 551 552 560 561 575 576 594 595 608 609 702 703 713 714 715 782 783 805 806 896 897 899 900 
527 528 550 551 552 575 576 650 651 665 666 702 703 704 714 715 740 741 782 783 896 897 | 527 528 551 552 560 561 575 576 594 595 650 651 665 666 702 703 714 715 740 741 782 783 896 897 
550 551 608 609 620 621 702 703 713 714 715 740 741 759 760 805 806 836 837 896 897 899 900 935 936 | 551 552 560 561 575 576 594 595 608 609 620 621 703 704 713 714 740 741 759 760 805 806 836 837 899 900 935 936 
527 528 550 551 552 560 561 575 576 594 595 608 609 620 621 629 630 650 651 665 666 714 715 759 760 896 897 935 936 | 550 551 575 576 594 595 608 609 620 621 629 630 650 651 665 666 713 714 715 759 760 782 783 896 897 899 900 935 936 
527 528 550 551 552 560 561 575 576 594 595 608 609 620 621 665 666 702 703 714 715 896 897 | 550 551 575 576 594 595 608 609 620 621 665 666 702 703 713 714 715 782 783 896 897 899 900 
527 528 560 561 594 595 629 630 650 651 713 714 740 741 759 760 836 837 935 936 | 551 552 575 576 594 595 608 609 620 621 629 630 665 666 703 704 713 714 715 740 741 782 783 836 837 896 897 935 936 
527 528 550 551 552 608 609 620 621 665 666 702 703 704 713 714 805 806 | 527 528 551 552 560 561 594 595 608 609 620 621 665 666 702 703 713 714 805 806 
550 551 552 702 703 704 713 714 715 759 760 805 806 896 897 899 900 | 551 552 560 561 594 595 702 703 713 714 715 759 760 805 806 896 897 899 900 
527 528 550 551 552 560 561 575 576 629 630 650 651 714 715 740 741 759 760 | 550 551 575 576 629 630 650 651 713 714 715 740 741 759 760 782 783 899 900 
527 528 620 621 713 714 715 782 783 805 806 836 837 899 900 | 560 561 575 576 594 595 629 630 650 651 665 666 703 704 740 741 759 760 896 897 935 936 
527 528 551 552 575 576 594 595 608 609 620 621 665 666 702 703 704 713 714 740 741 782 783 805 806 836 837 896 897 899 900 935 936 | 575 576 594 595 713 714 740 741 759 760 836 837 896 897 899 900 
527 528 550 551 552 575 576 665 666 702 703 704 714 715 740 741 782 783 836 837 896 897 | 527 528 551 552 560 561 575 576 594 595 665 666 702 703 714 715 740 741 782 783 836 837 896 897 
550 551 552 608 609 620 621 650 651 665 666 702 703 704 714 715 | 551 552 560 561 594 595 608 609 620 621 650 651 665 666 702 703 714 715 
527 528 550 551 552 650 651 702 703 714 715 740 741 759 760 805 806 896 897 | 551 552 575 576 594 595 650 651 703 704 713 714 740 741 759 760 782 783 805 806 899 900 
550 551 620 621 702 703 713 714 715 782 783 805 806 896 897 | 551 552 560 561 575 576 594 595 620 621 703 704 713 714 782 783 805 806 
527 528 550 551 552 560 561 594 595 620 621 650 651 703 704 714 715 759 760 805 806 836 837 896 897 935 936 | 550 551 594 595 620 621 650 651 703 704 713 714 715 759 760 782 783 805 806 836 837 896 897 899 900 935 936 
527 528 550 551 552 629 630 650 651 702 703 704 714 715 759 760 805 806 836 837 896 897 899 900 | 527 528 551 552 560 561 594 595 629 630 650 651 702 703 714 715 759 760 805 806 836 837 896 897 899 900 
550 551 552 608 609 620 621 665 666 702 703 704 713 714 805 806 836 837 899 900 | 551 552 560 561 594 595 608 609 620 621 665 666 702 703 713 714 805 806 836 837 899 900 
527 528 550 551 552 608 609 702 703 704 740 741 759 760 782 783 896 897 899 900 | 527 528 551 552 560 561 594 595 608 609 702 703 740 741 759 760 782 783 896 897 899 900 
527 528 550 551 552 575 576 620 621 702 703 704 713 714 740 741 759 760 805 806 | 527 528 551 552 560 561 575 576 594 595 620 621 702 703 713 714 740 741 759 760 805 806 
527 528 550 551 552 560 561 594 595 608 609 620 621 629 630 650 651 665 666 702 703 714 715 740 741 759 760 805 806 836 837 896 897 | 550 551 594 595 608 609 620 621 629 630 650 651 665 666 702 703 713 714 715 740 741 759 760 782 783 805 806 836 837 896 897 899 900 
550 551 552 608 609 629 630 650 651 665 666 702 703 704 713 714 715 759 760 805 806 899 900 | 551 552 560 561 594 595 608 609 629 630 650 651 665 666 702 703 713 714 715 759 760 805 806 899 900 
550 551 552 575 576 608 609 620 621 665 666 702 703 704 714 715 740 741 836 837 896 897 | 551 552 560 561 575 576 594 595 608 609 620 621 665 666 702 703 714 715 740 741 836 837 896 897 
527 528 550 551 552 620 621 665 666 702 703 704 714 715 740 741 782 783 805 806 899 900 | 527 528 551 552 560 561 594 595 620 621 665 666 702 703 714 715 740 741 782 783 805 806 899 900 
550 551 552 608 609 620 621 629 630 650 651 665 666 702 703 704 713 714 759 760 899 900 | 551 552 560 561 594 595 608 609 620 621 629 630 650 651 665 666 702 703 713 714 759 760 899 900 
550 551 552 702 703 704 713 714 740 741 759 760 805 806 836 837 | 551 552 560 561 594 595 702 703 713 714 740 741 759 760 805 806 836 837 
550 551 552 620 621 629 630 650 651 665 666 702 703 704 713 714 715 740 741 759 760 805 806 899 900 935 936 | 551 552 560 561 594 595 620 621 629 630 650 651 665 666 702 703 713 714 715 740 741 759 760 805 806 899 900 935 936 
527 528 550 551 552 575 576 608 609 665 666 702 703 704 714 715 740 741 805 806 836 837 899 900 935 936 | 527 528 551 552 560 561 575 576 594 595 608 609 665 666 702 703 714 715 740 741 805 806 836 837 899 900 935 936 
527 528 550 551 552 560 561 629 630 665 666 714 715 805 806 836 837 | 550 551 629 630 665 666 713 714 715 782 783 805 806 836 837 899 900 
550 551 552 702 703 704 759 760 782 783 805 806 836 837 896 897 935 936 | 551 552 560 561 594 595 702 703 759 760 782 783 805 806 836 837 896 897 935 936 
550 551 552 608 609 620 621 665 666 702 703 704 713 714 715 759 760 782 783 836 837 896 897 899 900 935 936 | 551 552 560 561 594 595 608 609 620 621 665 666 702 703 713 714 715 759 760 782 783 836 837 896 897 899 900 935 936 
527 528 550 551 552 560 561 575 576 620 621 629 630 665 666 702 703 704 714 715 740 741 836 837 935 936 | 550 551 575 576 620 621 629 630 665 666 702 703 704 713 714 715 740 741 782 783 836 837 899 900 935 936 
527 528 550 551 552 608 609 620 621 702 703 704 714 715 759 760 836 837 899 900 | 527 528 551 552 560 561 594 595 608 609 620 621 702 703 714 715 759 760 836 837 899 900 
527 528 550 551 552 560 561 575 576 594 595 665 666 702 703 714 715 759 760 805 806 935 936 | 550 551 575 576 594 595 665 666 702 703 713 714 715 759 760 782 783 805 806 899 900 935 936 
527 528 550 551 552 650 651 702 703 704 713 714 715 759 760 836 837 | 527 528 551 552 560 561 594 595 650 651 702 703 713 714 715 759 760 836 837 
527 528 550 551 552 620 621 650 651 665 666 702 703 704 782 783 805 806 836 837 896 897 | 527 528 551 552 560 561 594 595 620 621 650 651 665 666 702 703 782 783 805 806 836 837 896 897 
527 528 550 551 552 608 609 620 621 629 630 702 703 704 713 714 715 740 741 759 760 805 806 836 837 899 900 | 527 528 551 552 560 561 594 595 608 609 620 621 629 630 702 703 713 714 715 740 741 759 760 805 806 836 837 899 900 
527 528 550 551 552 575 576 702 703 704 713 714 715 759 760 805 806 836 837 899 900 | 527 528 551 552 560 561 575 576 594 595 702 703 713 714 715 759 760 805 806 836 837 899 900 
550 551 552 575 576 608 609 620 621 702 703 704 714 715 740 741 759 760 836 837 935 936 | 551 552 560 561 575 576 594 595 608 609 620 621 702 703 714 715 740 741 759 760 836 837 935 936 
527 528 551 552 560 561 575 576 594 595 608 609 629 630 665 666 703 704 714 715 740 741 782 783 805 806 935 936 | 560 561 594 595 620 621 629 630 650 651 714 715 740 741 759 760 
527 528 550 551 552 560 561 620 621 629 630 650 651 703 704 714 715 740 741 805 806 836 837 | 550 551 620 621 629 630 650 651 703 704 713 714 715 740 741 782 783 805 806 836 837 899 900 
527 528 550 551 552 608 609 620 621 629 630 665 666 702 703 714 715 740 741 759 760 836 837 896 897 935 936 | 551 552 575 576 594 595 608 609 620 621 629 630 665 666 703 704 713 714 740 741 759 760 782 783 836 837 899 900 935 936 
527 528 550 551 552 575 576 629 630 702 703 704 759 760 782 783 805 806 896 897 | 527 528 551 552 560 561 575 576 594 595 629 630 702 703 759 760 782 783 805 806 896 897 
550 551 552 575 576 608 609 620 621 650 651 702 703 704 714 715 782 783 805 806 | 551 552 560 561 575 576 594 595 608 609 620 621 650 651 702 703 714 715 782 783 805 806 
550 551 552 575 576 608 609 629 630 702 703 704 740 741 805 806 836 837 896 897 899 900 935 936 | 551 552 560 561 575 576 594 595 608 609 629 630 702 703 740 741 805 806 836 837 896 897 899 900 935 936 
550 551 552 608 609 629 630 702 703 704 713 714 715 740 741 759 760 782 783 805 806 899 900 935 936 | 551 552 560 561 594 595 608 609 629 630 702 703 713 714 715 740 741 759 760 782 783 805 806 899 900 935 936 
527 528 550 551 552 575 576 608 609 620 621 665 666 702 703 704 713 714 740 741 759 760 782 783 805 806 935 936 | 527 528 551 552 560 561 575 576 594 595 608 609 620 621 665 666 702 703 713 714 740 741 759 760 782 783 805 806 935 936 
550 551 552 575 576 608 609 620 621 665 666 702 703 704 714 715 740 741 759 760 805 806 896 897 899 900 | 551 552 560 561 575 576 594 595 608 609 620 621 665 666 702 703 714 715 740 741 759 760 805 806 896 897 899 900 
550 551 552 575 576 608 609 620 621 650 651 665 666 702 703 704 759 760 896 897 899 900 | 551 552 560 561 575 576 594 595 608 609 620 621 650 651 665 666 702 703 759 760 896 897 899 900 
550 551 552 608 609 620 621 629 630 650 651 665 666 702 703 704 714 715 759 760 805 806 836 837 | 551 552 560 561 594 595 608 609 620 621 629 630 650 651 665 666 702 703 714 715 759 760 805 806 836 837 
550 551 552 575 576 608 609 629 630 650 651 702 703 704 740 741 805 806 896 897 899 900 935 936 | 551 552 560 561 575 576 594 595 608 609 629 630 650 651 702 703 740 741 805 806 896 897 899 900 935 936 
527 528 550 551 552 608 609 620 621 650 651 665 666 702 703 704 713 714 740 741 782 783 896 897 899 900 935 936 | 527 528 551 552 560 561 594 595 608 609 620 621 650 651 665 666 702 703 713 714 740 741 782 783 896 897 899 900 935 936 
550 551 552 608 609 650 651 665 666 702 703 704 836 837 896 897 899 900 | 551 552 560 561 594 595 608 609 650 651 665 666 702 703 836 837 896 897 899 900 
550 551 552 575 576 620 621 650 651 702 703 704 713 714 740 741 836 837 935 936 | 551 552 560 561 575 576 594 595 620 621 650 651 702 703 713 714 740 741 836 837 935 936 
550 551 552 620 621 702 703 704 713 714 715 740 741 759 760 836 837 899 900 935 936 | 551 552 560 561 594 595 620 621 702 703 713 714 715 740 741 759 760 836 837 899 900 935 936 
550 551 552 608 609 629 630 650 651 702 703 704 713 714 782 783 805 806 896 897 | 551 552 560 561 594 595 608 609 629 630 650 651 702 703 713 714 782 783 805 806 896 897 
527 528 550 551 552 560 561 594 595 608 609 629 630 650 651 665 666 714 715 759 760 805 806 935 936 | 550 551 594 595 608 609 629 630 650 651 665 666 713 714 715 759 760 782 783 805 806 899 900 935 936 
527 528 550 551 552 575 576 650 651 702 703 704 740 741 759 760 782 783 896 897 899 900 935 936 | 527 528 551 552 560 561 575 576 594 595 650 651 702 703 740 741 759 760 782 783 896 897 899 900 935 936 
527 528 550 551 552 560 561 594 595 608 609 714 715 740 741 759 760 805 806 896 897 | 550 551 594 595 608 609 713 714 715 740 741 759 760 782 783 805 806 896 897 899 900 
527 528 550 551 552 608 609 620 621 629 630 650 651 665 666 702 703 704 714 715 740 741 759 760 896 897 935 936 | 527 528 551 552 560 561 594 595 608 609 620 621 629 630 650 651 665 666 702 703 714 715 740 741 759 760 896 897 935 936 
550 551 552 629 630 702 703 704 740 741 782 783 836 837 899 900 935 936 | 551 552 560 561 594 595 629 630 702 703 740 741 782 783 836 837 899 900 935 936 
550 551 552 575 576 608 609 620 621 665 666 702 703 704 713 714 782 783 836 837 899 900 | 551 552 560 561 575 576 594 595 608 609 620 621 665 666 702 703 713 714 782 783 836 837 899 900 
527 528 550 551 552 560 561 620 621 702 703 714 715 740 741 836 837 935 936 | 550 551 620 621 702 703 713 714 715 740 741 782 783 836 837 899 900 935 936 
527 528 550 551 552 575 576 620 621 665 666 702 703 704 782 783 805 806 896 897 | 527 528 551 552 560 561 575 576 594 595 620 621 665 666 702 703 782 783 805 806 896 897 
527 528 550 551 552 575 576 608 609 620 621 629 630 650 651 665 666 702 703 704 713 714 805 806 896 897 935 936 | 527 528 551 552 560 561 575 576 594 595 608 609 620 621 629 630 650 651 665 666 702 703 713 714 805 806 896 897 935 936 
550 551 552 608 609 702 703 704 805 806 | 551 552 560 561 594 595 608 609 702 703 805 806 
527 528 550 551 608 609 620 621 665 666 702 703 713 714 715 740 741 805 806 896 897 899 900 | 527 528 551 552 560 561 575 576 594 595 608 609 620 621 665 666 703 704 713 714 740 741 805 806 899 900 
527 528 550 551 552 575 576 608 609 620 621 629 630 702 703 704 714 715 759 760 805 806 836 837 896 897 899 900 935 936 | 527 528 551 552 560 561 575 576 594 595 608 609 620 621 629 630 702 703 714 715 759 760 805 806 836 837 896 897 899 900 935 936 
527 528 550 551 552 620 621 650 651 665 666 702 703 704 713 714 715 740 741 759 760 782 783 805 806 836 837 896 897 899 900 | 527 528 551 552 560 561 594 595 620 621 650 651 665 666 702 703 713 714 715 740 741 759 760 782 783 805 806 836 837 896 897 899 900 
550 551 552 575 576 608 609 620 621 629 630 665 666 702 703 704 713 714 715 782 783 896 897 935 936 | 551 552 560 561 575 576 594 595 608 609 620 621 629 630 665 666 702 703 713 714 715 782 783 896 897 935 936 
550 551 552 620 621 629 630 665 666 702 703 704 713 714 715 836 837 896 897 935 936 | 551 552 560 561 594 595 620 621 629 630 665 666 702 703 713 714 715 836 837 896 897 935 936 
527 528 550 551 552 620 621 629 630 702 703 704 713 714 715 782 783 836 837 896 897 899 900 935 936 | 527 528 551 552 560 561 594 595 620 621 629 630 702 703 713 714 715 782 783 836 837 896 897 899 900 935 936 
550 551 552 575 576 608 609 629 630 650 651 665 666 702 703 704 713 714 836 837 896 897 899 900 935 936 | 551 552 560 561 575 576 594 595 608 609 629 630 650 651 665 666 702 703 713 714 836 837 896 897 899 900 935 936 
550 551 552 608 609 620 621 629 630 702 703 704 713 714 740 741 759 760 935 936 | 551 552 560 561 594 595 608 609 620 621 629 630 702 703 713 714 740 741 759 760 935 936 
527 528 550 551 575 576 629 630 650 651 665 666 702 703 714 715 896 897 935 936 | 551 552 594 595 629 630 650 651 665 666 703 704 713 714 782 783 899 900 935 936 
550 551 552 608 609 629 630 665 666 702 703 704 713 714 715 759 760 836 837 899 900 935 936 | 551 552 560 561 594 595 608 609 629 630 665 666 702 703 713 714 715 759 760 836 837 899 900 935 936 
527 528 550 551 552 575 576 620 621 629 630 650 651 702 703 704 782 783 836 837 896 897 899 900 | 527 528 551 552 560 561 575 576 594 595 620 621 629 630 650 651 702 703 782 783 836 837 896 897 899 900 
527 528 550 551 552 560 561 575 576 594 595 703 704 714 715 935 936 | 550 551 575 576 594 595 703 704 713 714 715 782 783 899 900 935 936 
550 551 552 575 576 608 609 629 630 702 703 704 713 714 715 759 760 782 783 | 551 552 560 561 575 576 594 595 608 609 629 630 702 703 713 714 715 759 760 782 783 
550 551 552 575 576 608 609 650 651 665 666 702 703 704 713 714 759 760 782 783 805 806 896 897 899 900 | 551 552 560 561 575 576 594 595 608 609 650 651 665 666 702 703 713 714 759 760 782 783 805 806 896 897 899 900 
527 528 550 551 552 560 561 575 576 594 595 608 609 665 666 702 703 714 715 759 760 836 837 896 897 | 550 551 575 576 594 595 608 609 665 666 702 703 713 714 715 759 760 782 783 836 837 896 897 899 900 
527 528 550 551 552 575 576 620 621 665 666 702 703 704 713 714 715 759 760 805 806 836 837 | 527 528 551 552 560 561 575 576 594 595 620 621 665 666 702 703 713 714 715 759 760 805 806 836 837 
550 551 552 575 576 608 609 620 621 650 651 702 703 704 713 714 715 740 741 805 806 899 900 | 551 552 560 561 575 576 594 595 608 609 620 621 650 651 702 703 713 714 715 740 741 805 806 899 900 
550 551 702 703 713 714 715 740 741 896 897 | 551 552 560 561 575 576 594 595 703 704 713 714 740 741 
550 551 552 575 576 608 609 629 630 650 651 702 703 704 713 714 759 760 782 783 805 806 836 837 935 936 | 551 552 560 561 575 576 594 595 608 609 629 630 650 651 702 703 713 714 759 760 782 783 805 806 836 837 935 936 
527 528 550 551 552 575 576 608 609 620 621 629 630 665 666 702 703 704 714 715 740 741 759 760 782 783 836 837 896 897 | 527 528 551 552 560 561 575 576 594 595 608 609 620 621 629 630 665 666 702 703 714 715 740 741 759 760 782 783 836 837 896 897 
527 528 550 551 552 608 609 620 621 702 703 704 714 715 759 760 836 837 899 900 935 936 | 527 528 551 552 560 561 594 595 608 609 620 621 702 703 714 715 759 760 836 837 899 900 935 936 
527 528 550 551 552 620 621 650 651 702 703 704 713 714 715 740 741 805 806 836 837 896 897 899 900 935 936 | 527 528 551 552 560 561 594 595 620 621 650 651 702 703 713 714 715 740 741 805 806 836 837 896 897 899 900 935 936 
550 551 552 608 609 620 621 629 630 665 666 702 703 704 713 714 740 741 759 760 782 783 805 806 935 936 | 551 552 560 561 594 595 608 609 620 621 629 630 665 666 702 703 713 714 740 741 759 760 782 783 805 806 935 936 
550 551 552 575 576 608 609 620 621 629 630 650 651 665 666 702 703 704 713 714 782 783 836 837 896 897 899 900 | 551 552 560 561 575 576 594 595 608 609 620 621 629 630 650 651 665 666 702 703 713 714 782 783 836 837 896 897 899 900 
550 551 552 608 609 629 630 702 703 704 713 714 740 741 759 760 782 783 805 806 896 897 | 551 552 560 561 594 595 608 609 629 630 702 703 713 714 740 741 759 760 782 783 805 806 896 897 
527 528 550 551 552 560 561 620 621 629 630 650 651 714 715 740 741 805 806 | 550 551 620 621 629 630 650 651 713 714 715 740 741 782 783 805 806 899 900 
527 528 550 551 552 560 561 594 595 608 609 629 630 665 666 703 704 714 715 740 741 759 760 836 837 896 897 | 550 551 594 595 608 609 629 630 665 666 703 704 713 714 715 740 741 759 760 782 783 836 837 896 897 899 900 
527 528 550 551 552 560 561 575 576 629 630 650 651 665 666 702 703 704 714 715 | 550 551 575 576 629 630 650 651 665 666 702 703 704 713 714 715 782 783 899 900 
550 551 552 620 621 629 630 650 651 665 666 702 703 704 714 715 759 760 782 783 805 806 836 837 | 551 552 560 561 594 595 620 621 629 630 650 651 665 666 702 703 714 715 759 760 782 783 805 806 836 837 
527 528 550 551 552 560 561 608 609 629 630 702 703 704 714 715 759 760 | 550 551 608 609 629 630 702 703 704 713 714 715 759 760 782 783 899 900 
550 551 552 608 609 620 621 629 630 650 651 702 703 704 740 741 759 760 836 837 896 897 899 900 935 936 | 551 552 560 561 594 595 608 609 620 621 629 630 650 651 702 703 740 741 759 760 836 837 896 897 899 900 935 936 
527 528 550 551 552 620 621 629 630 702 703 704 740 741 805 806 836 837 896 897 899 900 | 527 528 551 552 560 561 594 595 620 621 629 630 702 703 740 741 805 806 836 837 896 897 899 900 
527 528 550 551 552 620 621 629 630 650 651 702 703 704 805 806 896 897 | 527 528 551 552 560 561 594 595 620 621 629 630 650 651 702 703 805 806 896 897 
527 528 550 551 620 621 629 630 702 703 713 714 715 782 783 836 837 896 897 899 900 935 936 | 527 528 551 552 560 561 575 576 594 595 620 621 629 630 703 704 713 714 782 783 836 837 899 900 935 936 
527 528 550 551 552 575 576 620 621 629 630 650 651 702 703 704 740 741 805 806 836 837 896 897 899 900 935 936 | 527 528 551 552 560 561 575 576 594 595 620 621 629 630 650 651 702 703 740 741 805 806 836 837 896 897 899 900 935 936 
527 528 550 551 552 560 561 608 609 620 621 629 630 650 651 665 666 702 703 704 714 715 740 741 805 806 896 897 935 936 | 550 551 608 609 620 621 629 630 650 651 665 666 702 703 704 713 714 715 740 741 782 783 805 806 896 897 899 900 935 936 
550 551 552 575 576 650 651 702 703 704 740 741 759 760 805 806 836 837 896 897 935 936 | 551 552 560 561 575 576 594 595 650 651 702 703 740 741 759 760 805 806 836 837 896 897 935 936 
527 528 550 551 552 560 561 575 576 629 630 702 703 714 715 740 741 836 837 896 897 935 936 | 550 551 575 576 629 630 702 703 713 714 715 740 741 782 783 836 837 896 897 899 900 935 936 
550 551 552 620 621 629 630 650 651 665 666 702 703 704 714 715 759 760 782 783 896 897 935 936 | 551 552 560 561 594 595 620 621 629 630 650 651 665 666 702 703 714 715 759 760 782 783 896 897 935 936 
550 551 552 608 609 629 630 665 666 702 703 704 759 760 782 783 805 806 899 900 935 936 | 551 552 560 561 594 595 608 609 629 630 665 666 702 703 759 760 782 783 805 806 899 900 935 936 
550 551 552 608 609 665 666 702 703 704 713 714 715 740 741 836 837 896 897 | 551 552 560 561 594 595 608 609 665 666 702 703 713 714 715 740 741 836 837 896 897 
527 528 550 551 552 575 576 608 609 629 630 665 666 702 703 704 714 715 740 741 759 760 782 783 805 806 896 897 | 527 528 551 552 560 561 575 576 594 595 608 609 629 630 665 666 702 703 714 715 740 741 759 760 782 783 805 806 896 897 
527 528 550 551 552 560 561 575 576 594 595 620 621 650 651 665 666 703 704 714 715 836 837 896 897 | 550 551 575 576 594 595 620 621 650 651 665 666 703 704 713 714 715 782 783 836 837 896 897 899 900 
527 528 550 551 560 561 608 609 620 621 629 630 665 666 702 703 713 714 715 740 741 759 760 805 806 935 936 | 550 551 575 576 608 609 620 621 782 783 805 806 836 837 899 900 
550 551 552 629 630 650 651 702 703 704 713 714 759 760 836 837 899 900 935 936 | 551 552 560 561 594 595 629 630 650 651 702 703 713 714 759 760 836 837 899 900 935 936 
550 551 629 630 650 651 702 703 713 714 715 759 760 782 783 836 837 896 897 | 551 552 560 561 575 576 594 595 629 630 650 651 703 704 713 714 759 760 782 783 836 837 
527 528 550 551 552 575 576 608 609 620 621 650 651 702 703 704 759 760 782 783 899 900 | 527 528 551 552 560 561 575 576 594 595 608 609 620 621 650 651 702 703 759 760 782 783 899 900 
550 551 552 575 576 620 621 650 651 665 666 702 703 704 714 715 740 741 759 760 836 837 | 551 552 560 561 575 576 594 595 620 621 650 651 665 666 702 703 714 715 740 741 759 760 836 837 
527 528 550 551 552 560 561 608 609 620 621 650 651 665 666 702 703 704 713 714 715 740 741 759 760 896 897 935 936 | 550 551 608 609 650 651 665 666 703 704 714 715 740 741 759 760 782 783 805 806 899 900 935 936 
527 528 550 551 552 560 561 575 576 594 595 629 630 714 715 740 741 759 760 836 837 935 936 | 550 551 575 576 594 595 629 630 713 714 715 740 741 759 760 782 783 836 837 899 900 935 936 
527 528 550 551 608 609 620 621 629 630 650 651 702 703 713 714 715 782 783 805 806 836 837 896 897 | 527 528 551 552 560 561 575 576 594 595 608 609 620 621 629 630 650 651 703 704 713 714 782 783 805 806 836 837 
550 551 552 575 576 665 666 702 703 704 713 714 759 760 899 900 935 936 | 551 552 560 561 575 576 594 595 665 666 702 703 713 714 759 760 899 900 935 936 
550 551 552 608 609 650 651 665 666 702 703 704 759 760 805 806 836 837 935 936 | 551 552 560 561 594 595 608 609 650 651 665 666 702 703 759 760 805 806 836 837 935 936 
550 551 552 620 621 665 666 702 703 704 713 714 759 760 805 806 836 837 896 897 899 900 935 936 | 551 552 560 561 594 595 620 621 665 666 702 703 713 714 759 760 805 806 836 837 896 897 899 900 935 936 
527 528 550 551 552 575 576 608 609 620 621 650 651 665 666 702 703 704 740 741 782 783 805 806 836 837 935 936 | 527 528 551 552 560 561 575 576 594 595 608 609 620 621 650 651 665 666 702 703 740 741 782 783 805 806 836 837 935 936 
527 528 551 552 560 561 575 576 608 609 665 666 703 704 714 715 782 783 805 806 896 897 935 936 | 560 561 620 621 650 651 714 715 759 760 896 897 
527 528 550 551 552 560 561 575 576 608 609 629 630 665 666 702 703 714 715 740 741 759 760 805 806 896 897 | 550 551 575 576 608 609 629 630 665 666 702 703 713 714 715 740 741 759 760 782 783 805 806 896 897 899 900 
550 551 552 575 576 608 609 702 703 704 714 715 805 806 836 837 896 897 | 551 552 560 561 575 576 594 595 608 609 702 703 714 715 805 806 836 837 896 897 
527 528 551 552 608 609 620 621 629 630 665 666 702 703 704 714 715 782 783 805 806 896 897 899 900 935 936 | 629 630 714 715 759 760 896 897 899 900 
527 528 551 552 560 561 575 576 608 609 620 621 650 651 665 666 702 703 704 713 714 782 783 805 806 899 900 935 936 | 560 561 575 576 650 651 713 714 759 760 899 900 
527 528 550 551 552 608 609 620 621 629 630 650 651 702 703 714 715 896 897 | 551 552 575 576 594 595 608 609 620 621 629 630 650 651 703 704 713 714 782 783 899 900 
527 528 550 551 552 608 609 620 621 650 651 702 703 704 714 715 759 760 805 806 836 837 896 897 935 936 | 527 528 551 552 560 561 594 595 608 609 620 621 650 651 702 703 714 715 759 760 805 806 836 837 896 897 935 936 
527 528 550 551 552 560 561 594 595 620 621 650 651 665 666 702 703 704 714 715 836 837 | 550 551 594 595 620 621 650 651 665 666 702 703 704 713 714 715 782 783 836 837 899 900 
527 528 550 551 552 560 561 575 576 608 609 650 651 702 703 714 715 740 741 759 760 836 837 896 897 935 936 | 550 551 575 576 608 609 650 651 702 703 713 714 715 740 741 759 760 782 783 836 837 896 897 899 900 935 936 
550 551 552 575 576 608 609 620 621 650 651 665 666 702 703 704 713 714 740 741 759 760 782 783 805 806 836 837 896 897 899 900 | 551 552 560 561 575 576 594 595 608 609 620 621 650 651 665 666 702 703 713 714 740 741 759 760 782 783 805 806 836 837 896 897 899 900 
527 528 550 551 552 575 576 608 609 629 630 650 651 702 703 704 713 714 782 783 805 806 836 837 896 897 935 936 | 527 528 551 552 560 561 575 576 594 595 608 609 629 630 650 651 702 703 713 714 782 783 805 806 836 837 896 897 935 936 
550 551 552 575 576 608 609 620 621 629 630 650 651 702 703 704 713 714 836 837 935 936 | 551 552 560 561 575 576 594 595 608 609 620 621 629 630 650 651 702 703 713 714 836 837 935 936 
550 551 552 575 576 608 609 629 630 650 651 665 666 702 703 704 740 741 759 760 782 783 805 806 836 837 896 897 935 936 | 551 552 560 561 575 576 594 595 608 609 629 630 650 651 665 666 702 703 740 741 759 760 782 783 805 806 836 837 896 897 935 936 
527 528 550 551 552 560 561 575 576 629 630 702 703 704 714 715 759 760 805 806 935 936 | 550 551 575 576 629 630 702 703 704 713 714 715 759 760 782 783 805 806 899 900 935 936 
527 528 550 551 552 560 561 575 576 594 595 608 609 629 630 702 703 704 713 714 715 740 741 759 760 836 837 896 897 | 550 551 594 595 608 609 620 621 629 630 650 651 702 703 704 714 715 740 741 759 760 782 783 805 806 836 837 899 900 
527 528 550 551 552 608 609 620 621 702 703 704 713 714 715 740 741 896 897 899 900 | 527 528 551 552 560 561 594 595 608 609 620 621 702 703 713 714 715 740 741 896 897 899 900 
527 528 550 551 552 575 576 620 621 702 703 704 713 714 715 896 897 899 900 | 527 528 551 552 560 561 575 576 594 595 620 621 702 703 713 714 715 896 897 899 900 
527 528 550 551 552 575 576 620 621 665 666 702 703 704 713 714 715 740 741 759 760 | 527 528 551 552 560 561 575 576 594 595 620 621 665 666 702 703 713 714 715 740 741 759 760 
550 551 552 608 609 620 621 629 630 702 703 704 714 715 740 741 782 783 836 837 896 897 899 900 | 551 552 560 561 594 595 608 609 620 621 629 630 702 703 714 715 740 741 782 783 836 837 896 897 899 900 
527 528 550 551 552 560 561 620 621 629 630 702 703 704 714 715 805 806 896 897 935 936 | 550 551 620 621 629 630 702 703 704 713 714 715 782 783 805 806 896 897 899 900 935 936 
527 528 551 552 560 561 575 576 594 595 608 609 620 621 629 630 650 651 702 703 704 713 714 740 741 759 760 896 897 | 550 551 560 561 575 576 608 609 629 630 650 651 703 704 740 741 759 760 782 783 805 806 899 900 
527 528 550 551 552 575 576 608 609 620 621 629 630 665 666 702 703 704 713 714 899 900 935 936 | 527 528 551 552 560 561 575 576 594 595 608 609 620 621 629 630 665 666 702 703 713 714 899 900 935 936 
527 528 550 551 552 608 609 629 630 650 651 702 703 704 714 715 740 741 759 760 782 783 805 806 836 837 | 527 528 551 552 560 561 594 595 608 609 629 630 650 651 702 703 714 715 740 741 759 760 782 783 805 806 836 837 
527 528 550 551 552 575 576 608 609 620 621 629 630 650 651 665 666 702 703 704 713 714 899 900 | 527 528 551 552 560 561 575 576 594 595 608 609 620 621 629 630 650 651 665 666 702 703 713 714 899 900 
527 528 550 551 552 608 609 620 621 650 651 665 666 702 703 704 714 715 896 897 899 900 935 936 | 527 528 551 552 560 561 594 595 608 609 620 621 650 651 665 666 702 703 714 715 896 897 899 900 935 936 
550 551 552 575 576 702 703 704 759 760 782 783 896 897 | 551 552 560 561 575 576 594 595 702 703 759 760 782 783 896 897 
550 551 552 575 576 620 621 650 651 665 666 702 703 704 713 714 759 760 782 783 805 806 935 936 | 551 552 560 561 575 576 594 595 620 621 650 651 665 666 702 703 713 714 759 760 782 783 805 806 935 936 
527 528 550 551 552 608 609 629 630 665 666 702 703 704 713 714 740 741 782 783 805 806 899 900 935 936 | 527 528 551 552 560 561 594 595 608 609 629 630 665 666 702 703 713 714 740 741 782 783 805 806 899 900 935 936 
527 528 550 551 552 608 609 650 651 702 703 704 713 714 715 740 741 782 783 896 897 | 527 528 551 552 560 561 594 595 608 609 650 651 702 703 713 714 715 740 741 782 783 896 897 
527 528 550 551 552 575 576 608 609 620 621 702 703 704 713 714 | 527 528 551 552 560 561 575 576 594 595 608 609 620 621 702 703 713 714 
527 528 550 551 552 608 609 620 621 629 630 650 651 665 666 702 703 704 713 714 836 837 | 527 528 551 552 560 561 594 595 608 609 620 621 629 630 650 651 665 666 702 703 713 714 836 837 
550 551 552 608 609 620 621 629 630 665 666 702 703 704 713 714 740 741 782 783 | 551 552 560 561 594 595 608 609 620 621 629 630 665 666 702 703 713 714 740 741 782 783 
550 551 552 629 630 702 703 704 713 714 715 759 760 805 806 935 936 | 551 552 560 561 594 595 629 630 702 703 713 714 715 759 760 805 806 935 936 
550 551 575 576 594 595 608 609 629 630 702 703 704 713 714 740 741 759 760 782 783 805 806 899 900 935 936 | 560 561 594 595 620 621 703 704 713 714 715 836 837 896 897 899 900 935 936 
550 551 552 575 576 650 651 665 666 702 703 704 714 715 782 783 896 897 899 900 935 936 | 551 552 560 561 575 576 594 595 650 651 665 666 702 703 714 715 782 783 896 897 899 900 935 936 
550 551 552 575 576 629 630 702 703 704 759 760 896 897 899 900 935 936 | 551 552 560 561 575 576 594 595 629 630 702 703 759 760 896 897 899 900 935 936 
527 528 550 551 552 560 561 575 576 594 595 608 609 620 621 650 651 665 666 702 703 704 713 714 715 740 741 759 760 836 837 896 897 | 550 551 575 576 594 595 608 609 650 651 665 666 703 704 714 715 740 741 759 760 782 783 805 806 836 837 899 900 
527 528 550 551 552 575 576 608 609 629 630 665 666 702 703 704 714 715 759 760 899 900 935 936 | 527 528 551 552 560 561 575 576 594 595 608 609 629 630 665 666 702 703 714 715 759 760 899 900 935 936 
550 551 552 575 576 629 630 665 666 702 703 704 713 714 782 783 899 900 | 551 552 560 561 575 576 594 595 629 630 665 666 702 703 713 714 782 783 899 900 
550 551 552 575 576 608 609 629 630 650 651 702 703 704 713 714 759 760 805 806 935 936 | 551 552 560 561 575 576 594 595 608 609 629 630 650 651 702 703 713 714 759 760 805 806 935 936 
550 551 552 575 576 608 609 702 703 704 713 714 715 759 760 805 806 896 897 935 936 | 551 552 560 561 575 576 594 595 608 609 702 703 713 714 715 759 760 805 806 896 897 935 936 
527 528 550 551 552 575 576 608 609 620 621 629 630 650 651 665 666 702 703 704 713 714 805 806 836 837 896 897 899 900 935 936 | 527 528 551 552 560 561 575 576 594 595 608 609 620 621 629 630 650 651 665 666 702 703 713 714 805 806 836 837 896 897 899 900 935 936 
527 528 550 551 552 608 609 620 621 665 666 702 703 704 713 714 836 837 | 527 528 551 552 560 561 594 595 608 609 620 621 665 666 702 703 713 714 836 837 
527 528 550 551 552 608 609 629 630 650 651 665 666 702 703 704 759 760 782 783 805 806 896 897 899 900 | 527 528 551 552 560 561 594 595 608 609 629 630 650 651 665 666 702 703 759 760 782 783 805 806 896 897 899 900 
527 528 550 551 552 620 621 650 651 702 703 704 740 741 782 783 836 837 896 897 935 936 | 527 528 551 552 560 561 594 595 620 621 650 651 702 703 740 741 782 783 836 837 896 897 935 936 
527 528 550 551 552 575 576 608 609 650 651 702 703 704 759 760 782 783 805 806 836 837 896 897 899 900 935 936 | 527 528 551 552 560 561 575 576 594 595 608 609 650 651 702 703 759 760 782 783 805 806 836 837 896 897 899 900 935 936 
527 528 550 551 552 560 561 575 576 608 609 620 621 650 651 703 704 714 715 740 741 935 936 | 550 551 575 576 608 609 620 621 650 651 703 704 713 714 715 740 741 782 783 899 900 935 936 
527 528 550 551 552 575 576 629 630 650 651 702 703 704 713 714 715 740 741 782 783 805 806 836 837 896 897 899 900 | 527 528 551 552 560 561 575 576 594 595 629 630 650 651 702 703 713 714 715 740 741 782 783 805 806 836 837 896 897 899 900 
550 551 552 575 576 608 609 620 621 629 630 650 651 702 703 704 714 715 759 760 782 783 805 806 899 900 | 551 552 560 561 575 576 594 595 608 609 620 621 629 630 650 651 702 703 714 715 759 760 782 783 805 806 899 900 
527 528 550 551 552 560 561 575 576 620 621 650 651 665 666 714 715 740 741 759 760 | 550 551 575 576 620 621 650 651 665 666 713 714 715 740 741 759 760 782 783 899 900 
550 551 552 608 609 620 621 702 703 704 713 714 715 740 741 759 760 782 783 805 806 896 897 | 551 552 560 561 594 595 608 609 620 621 702 703 713 714 715 740 741 759 760 782 783 805 806 896 897 
527 528 550 551 552 620 621 650 651 665 666 702 703 704 713 714 715 740 741 805 806 836 837 899 900 935 936 | 527 528 551 552 560 561 594 595 620 621 650 651 665 666 702 703 713 714 715 740 741 805 806 836 837 899 900 935 936 
527 528 550 551 552 560 561 575 576 650 651 702 703 714 715 836 837 935 936 | 550 551 575 576 650 651 702 703 713 714 715 782 783 836 837 899 900 935 936 
550 551 552 650 651 665 666 702 703 704 714 715 759 760 782 783 805 806 896 897 | 551 552 560 561 594 595 650 651 665 666 702 703 714 715 759 760 782 783 805 806 896 897 
550 551 552 575 576 650 651 665 666 702 703 704 714 715 805 806 836 837 935 936 | 551 552 560 561 575 576 594 595 650 651 665 666 702 703 714 715 805 806 836 837 935 936 
527 528 550 551 552 620 621 629 630 650 651 702 703 704 713 714 740 741 759 760 782 783 805 806 899 900 935 936 | 527 528 551 552 560 561 594 595 620 621 629 630 650 651 702 703 713 714 740 741 759 760 782 783 805 806 899 900 935 936 
550 551 650 651 702 703 713 714 715 740 741 782 783 805 806 896 897 | 551 552 560 561 575 576 594 595 650 651 703 704 713 714 740 741 782 783 805 806 
550 551 552 575 576 665 666 702 703 704 713 714 759 760 782 783 805 806 896 897 935 936 | 551 552 560 561 575 576 594 595 665 666 702 703 713 714 759 760 782 783 805 806 896 897 935 936 
550 551 552 620 621 650 651 702 703 704 713 714 740 741 759 760 836 837 935 936 | 551 552 560 561 594 595 620 621 650 651 702 703 713 714 740 741 759 760 836 837 935 936 
527 528 550 551 552 620 621 650 651 702 703 704 713 714 715 759 760 805 806 836 837 899 900 935 936 | 527 528 551 552 560 561 594 595 620 621 650 651 702 703 713 714 715 759 760 805 806 836 837 899 900 935 936 
550 551 552 575 576 620 621 665 666 702 703 704 714 715 740 741 782 783 | 551 552 560 561 575 576 594 595 620 621 665 666 702 703 714 715 740 741 782 783 
550 551 552 575 576 650 651 702 703 704 713 714 740 741 759 760 782 783 899 900 935 936 | 551 552 560 561 575 576 594 595 650 651 702 703 713 714 740 741 759 760 782 783 899 900 935 936 
527 528 550 551 552 560 561 608 609 665 666 702 703 714 715 759 760 805 806 896 897 | 550 551 608 609 665 666 702 703 713 714 715 759 760 782 783 805 806 896 897 899 900 
550 551 608 609 665 666 702 703 713 714 715 759 760 782 783 805 806 896 897 899 900 | 551 552 560 561 575 576 594 595 608 609 665 666 703 704 713 714 759 760 782 783 805 806 899 900 
550 551 552 608 609 629 630 650 651 702 703 704 713 714 715 899 900 | 551 552 560 561 594 595 608 609 629 630 650 651 702 703 713 714 715 899 900 
550 551 608 609 629 630 702 703 713 714 715 740 741 896 897 | 551 552 560 561 575 576 594 595 608 609 629 630 703 704 713 714 740 741 
550 551 552 608 609 629 630 650 651 702 703 704 714 715 740 741 805 806 899 900 935 936 | 551 552 560 561 594 595 608 609 629 630 650 651 702 703 714 715 740 741 805 806 899 900 935 936 
527 528 550 551 552 608 609 650 651 702 703 704 714 715 782 783 805 806 896 897 899 900 935 936 | 527 528 551 552 560 561 594 595 608 609 650 651 702 703 714 715 782 783 805 806 896 897 899 900 935 936 
550 551 552 608 609 650 651 702 703 704 713 714 715 836 837 | 551 552 560 561 594 595 608 609 650 651 702 703 713 714 715 836 837 
550 551 665 666 702 703 713 714 715 740 741 805 806 836 837 896 897 899 900 | 551 552 560 561 575 576 594 595 665 666 703 704 713 714 740 741 805 806 836 837 899 900 
527 528 550 551 552 575 576 608 609 650 651 665 666 702 703 704 713 714 740 741 805 806 836 837 896 897 935 936 | 527 528 551 552 560 561 575 576 594 595 608 609 650 651 665 666 702 703 713 714 740 741 805 806 836 837 896 897 935 936 
550 551 552 620 621 629 630 650 651 702 703 704 714 715 740 741 759 760 782 783 805 806 896 897 | 551 552 560 561 594 595 620 621 629 630 650 651 702 703 714 715 740 741 759 760 782 783 805 806 896 897 
550 551 552 608 609 620 621 629 630 650 651 665 666 702 703 704 713 714 715 759 760 805 806 | 551 552 560 561 594 595 608 609 620 621 629 630 650 651 665 666 702 703 713 714 715 759 760 805 806 
550 551 552 608 609 650 651 702 703 704 713 714 782 783 805 806 836 837 899 900 | 551 552 560 561 594 595 608 609 650 651 702 703 713 714 782 783 805 806 836 837 899 900 
527 528 550 551 552 575 576 702 703 704 713 714 740 741 759 760 896 897 899 900 935 936 | 527 528 551 552 560 561 575 576 594 595 702 703 713 714 740 741 759 760 896 897 899 900 935 936 
550 551 552 620 621 629 630 650 651 665 666 702 703 704 740 741 759 760 782 783 805 806 836 837 899 900 935 936 | 551 552 560 561 594 595 620 621 629 630 650 651 665 666 702 703 740 741 759 760 782 783 805 806 836 837 899 900 935 936 
550 551 629 630 702 703 713 714 715 782 783 836 837 896 897 935 936 | 551 552 560 561 575 576 594 595 629 630 703 704 713 714 782 783 836 837 935 936 
527 528 550 551 552 575 576 608 609 665 666 702 703 704 782 783 805 806 836 837 896 897 | 527 528 551 552 560 561 575 576 594 595 608 609 665 666 702 703 782 783 805 806 836 837 896 897 
527 528 550 551 552 560 561 575 576 608 609 629 630 650 651 665 666 702 703 704 714 715 740 741 896 897 | 550 551 575 576 608 609 629 630 650 651 665 666 702 703 704 713 714 715 740 741 782 783 896 897 899 900 
527 528 550 551 552 560 561 620 621 702 703 714 715 740 741 759 760 805 806 | 550 551 620 621 702 703 713 714 715 740 741 759 760 782 783 805 806 899 900 
527 528 550 551 552 620 621 650 651 665 666 702 703 704 713 714 715 759 760 782 783 805 806 896 897 899 900 | 527 528 551 552 560 561 594 595 620 621 650 651 665 666 702 703 713 714 715 759 760 782 783 805 806 896 897 899 900 
527 528 550 551 552 560 561 608 609 620 621 665 666 702 703 714 715 740 741 759 760 836 837 | 550 551 608 609 620 621 665 666 702 703 713 714 715 740 741 759 760 782 783 836 837 899 900 
527 528 560 561 650 651 713 714 759 760 805 806 899 900 935 936 | 551 552 575 576 608 609 620 621 665 666 703 704 713 714 715 782 783 805 806 896 897 899 900 935 936 
527 528 550 551 552 560 561 620 621 650 651 665 666 703 704 714 715 805 806 | 550 551 620 621 650 651 665 666 703 704 713 714 715 782 783 805 806 899 900 
527 528 550 551 552 575 576 608 609 702 703 704 713 714 715 740 741 782 783 805 806 896 897 899 900 935 936 | 527 528 551 552 560 561 575 576 594 595 608 609 702 703 713 714 715 740 741 782 783 805 806 896 897 899 900 935 936 
550 551 552 575 576 608 609 620 621 702 703 704 714 715 740 741 805 806 836 837 896 897 899 900 | 551 552 560 561 575 576 594 595 608 609 620 621 702 703 714 715 740 741 805 806 836 837 896 897 899 900 
550 551 552 575 576 665 666 702 703 704 713 714 740 741 759 760 782 783 805 806 899 900 935 936 | 551 552 560 561 575 576 594 595 665 666 702 703 713 714 740 741 759 760 782 783 805 806 899 900 935 936 
527 528 550 551 552 629 630 650 651 702 703 704 713 714 740 741 759 760 782 783 836 837 | 527 528 551 552 560 561 594 595 629 630 650 651 702 703 713 714 740 741 759 760 782 783 836 837 
550 551 552 575 576 608 609 620 621 665 666 702 703 704 713 714 715 740 741 759 760 836 837 896 897 899 900 | 551 552 560 561 575 576 594 595 608 609 620 621 665 666 702 703 713 714 715 740 741 759 760 836 837 896 897 899 900 
527 528 550 551 650 651 702 703 713 714 715 759 760 782 783 896 897 899 900 935 936 | 527 528 551 552 560 561 575 576 594 595 650 651 703 704 713 714 759 760 782 783 899 900 935 936 
527 528 550 551 552 575 576 608 609 620 621 629 630 702 703 704 714 715 740 741 782 783 805 806 935 936 | 527 528 551 552 560 561 575 576 594 595 608 609 620 621 629 630 702 703 714 715 740 741 782 783 805 806 935 936 
550 551 552 575 576 620 621 665 666 702 703 704 713 714 715 740 741 782 783 836 837 896 897 935 936 | 551 552 560 561 575 576 594 595 620 621 665 666 702 703 713 714 715 740 741 782 783 836 837 896 897 935 936 
527 528 550 551 552 560 561 575 576 608 609 620 621 629 630 702 703 714 715 740 741 759 760 805 806 896 897 | 550 551 575 576 608 609 620 621 629 630 702 703 713 714 715 740 741 759 760 782 783 805 806 896 897 899 900 
527 528 550 551 552 560 561 575 576 608 609 620 621 702 703 704 714 715 805 806 836 837 896 897 935 936 | 550 551 575 576 608 609 620 621 702 703 704 713 714 715 782 783 805 806 836 837 896 897 899 900 935 936 
527 528 550 551 552 575 576 620 621 629 630 665 666 702 703 704 713 714 715 740 741 836 837 896 897 | 527 528 551 552 560 561 575 576 594 595 620 621 629 630 665 666 702 703 713 714 715 740 741 836 837 896 897 
527 528 551 552 560 561 575 576 594 595 713 714 836 837 896 897 | 550 551 560 561 620 621 650 651 782 783 805 806 836 837 899 900 
527 528 551 552 594 595 608 609 620 621 665 666 702 703 704 713 714 782 783 805 806 896 897 899 900 935 936 | 594 595 713 714 759 760 896 897 899 900 
550 551 552 575 576 629 630 702 703 704 713 714 782 783 899 900 | 551 552 560 561 575 576 594 595 629 630 702 703 713 714 782 783 899 900 
550 551 552 575 576 608 609 629 630 702 703 704 713 714 740 741 759 760 782 783 805 806 836 837 896 897 899 900 | 551 552 560 561 575 576 594 595 608 609 629 630 702 703 713 714 740 741 759 760 782 783 805 806 836 837 896 897 899 900 
527 528 550 551 552 608 609 620 621 629 630 702 703 714 715 740 741 805 806 896 897 | 551 552 575 576 594 595 608 609 620 621 629 630 703 704 713 714 740 741 782 783 805 806 899 900 
550 551 552 575 576 608 609 620 621 665 666 702 703 704 713 714 715 740 741 782 783 836 837 | 551 552 560 561 575 576 594 595 608 609 620 621 665 666 702 703 713 714 715 740 741 782 783 836 837 
550 551 552 575 576 608 609 620 621 629 630 650 651 702 703 704 713 714 740 741 759 760 782 783 805 806 896 897 899 900 935 936 | 551 552 560 561 575 576 594 595 608 609 620 621 629 630 650 651 702 703 713 714 740 741 759 760 782 783 805 806 896 897 899 900 935 936 
550 551 552 629 630 702 703 704 713 714 715 740 741 759 760 805 806 899 900 935 936 | 551 552 560 561 594 595 629 630 702 703 713 714 715 740 741 759 760 805 806 899 900 935 936 
550 551 552 608 609 629 630 650 651 702 703 704 714 715 759 760 805 806 899 900 935 936 | 551 552 560 561 594 595 608 609 629 630 650 651 702 703 714 715 759 760 805 806 899 900 935 936 
527 528 550 551 552 629 630 665 666 702 703 704 782 783 805 806 836 837 899 900 935 936 | 527 528 551 552 560 561 594 595 629 630 665 666 702 703 782 783 805 806 836 837 899 900 935 936 
527 528 550 551 552 620 621 702 703 704 782 783 | 527 528 551 552 560 561 594 595 620 621 702 703 782 783 
527 528 550 551 552 575 576 620 621 665 666 702 703 704 713 714 759 760 836 837 896 897 899 900 935 936 | 527 528 551 552 560 561 575 576 594 595 620 621 665 666 702 703 713 714 759 760 836 837 896 897 899 900 935 936 
527 528 550 551 552 575 576 629 630 650 651 665 666 702 703 704 713 714 715 740 741 759 760 896 897 | 527 528 551 552 560 561 575 576 594 595 629 630 650 651 665 666 702 703 713 714 715 740 741 759 760 896 897 
550 551 552 650 651 702 703 704 713 714 715 836 837 896 897 899 900 | 551 552 560 561 594 595 650 651 702 703 713 714 715 836 837 896 897 899 900 
527 528 550 551 552 560 561 575 576 594 595 629 630 702 703 713 714 715 740 741 759 760 896 897 | 550 551 594 595 620 621 629 630 650 651 702 703 714 715 740 741 759 760 782 783 805 806 899 900 
527 528 550 551 552 575 576 650 651 665 666 702 703 704 713 714 782 783 836 837 896 897 | 527 528 551 552 560 561 575 576 594 595 650 651 665 666 702 703 713 714 782 783 836 837 896 897 
550 551 552 575 576 608 609 629 630 650 651 702 703 704 713 714 715 759 760 782 783 805 806 899 900 935 936 | 551 552 560 561 575 576 594 595 608 609 629 630 650 651 702 703 713 714 715 759 760 782 783 805 806 899 900 935 936 
527 528 550 551 552 560 561 594 595 608 609 629 630 650 651 665 666 702 703 714 715 896 897 | 550 551 594 595 608 609 629 630 650 651 665 666 702 703 713 714 715 782 783 896 897 899 900 
527 528 550 551 552 575 576 620 621 702 703 704 714 715 759 760 782 783 836 837 899 900 935 936 | 527 528 551 552 560 561 575 576 594 595 620 621 702 703 714 715 759 760 782 783 836 837 899 900 935 936 
550 551 552 650 651 665 666 702 703 704 713 714 740 741 759 760 782 783 805 806 896 897 899 900 | 551 552 560 561 594 595 650 651 665 666 702 703 713 714 740 741 759 760 782 783 805 806 896 897 899 900 
527 528 550 551 620 621 629 630 665 666 702 703 713 714 715 740 741 782 783 836 837 896 897 | 527 528 551 552 560 561 575 576 594 595 620 621 629 630 665 666 703 704 713 714 740 741 782 783 836 837 
550 551 552 575 576 608 609 702 703 704 713 714 715 740 741 782 783 836 837 896 897 899 900 935 936 | 551 552 560 561 575 576 594 595 608 609 702 703 713 714 715 740 741 782 783 836 837 896 897 899 900 935 936 
550 551 552 575 576 608 609 629 630 665 666 702 703 704 713 714 759 760 782 783 805 806 899 900 | 551 552 560 561 575 576 594 595 608 609 629 630 665 666 702 703 713 714 759 760 782 783 805 806 899 900 
527 528 550 551 552 629 630 702 703 704 714 715 740 741 782 783 896 897 935 936 | 527 528 551 552 560 561 594 595 629 630 702 703 714 715 740 741 782 783 896 897 935 936 
527 528 550 551 552 608 609 620 621 629 630 702 703 704 713 714 715 759 760 805 806 896 897 | 527 528 551 552 560 561 594 595 608 609 620 621 629 630 702 703 713 714 715 759 760 805 806 896 897 
527 528 550 551 552 560 561 594 595 650 651 665 666 702 703 704 714 715 740 741 896 897 935 936 | 550 551 594 595 650 651 665 666 702 703 704 713 714 715 740 741 782 783 896 897 899 900 935 936 
527 528 550 551 552 575 576 620 621 702 703 704 713 714 759 760 836 837 | 527 528 551 552 560 561 575 576 594 595 620 621 702 703 713 714 759 760 836 837 
527 528 550 551 552 575 576 665 666 702 703 704 713 714 740 741 759 760 805 806 836 837 896 897 899 900 935 936 | 527 528 551 552 560 561 575 576 594 595 665 666 702 703 713 714 740 741 759 760 805 806 836 837 896 897 899 900 935 936 
527 528 550 551 552 560 561 575 576 594 595 608 609 620 621 629 630 650 651 665 666 714 715 740 741 759 760 935 936 | 550 551 575 576 594 595 608 609 620 621 629 630 650 651 665 666 713 714 715 740 741 759 760 782 783 899 900 935 936 
550 551 552 608 609 665 666 702 703 704 714 715 740 741 759 760 935 936 | 551 552 560 561 594 595 608 609 665 666 702 703 714 715 740 741 759 760 935 936 
550 551 552 575 576 620 621 629 630 665 666 702 703 704 713 714 715 759 760 782 783 805 806 836 837 | 551 552 560 561 575 576 594 595 620 621 629 630 665 666 702 703 713 714 715 759 760 782 783 805 806 836 837 
527 528 550 551 552 575 576 608 609 665 666 702 703 704 740 741 805 806 836 837 899 900 | 527 528 551 552 560 561 575 576 594 595 608 609 665 666 702 703 740 741 805 806 836 837 899 900 
550 551 552 629 630 650 651 665 666 702 703 704 740 741 759 760 782 783 805 806 836 837 935 936 | 551 552 560 561 594 595 629 630 650 651 665 666 702 703 740 741 759 760 782 783 805 806 836 837 935 936 
550 551 552 608 609 629 630 650 651 665 666 702 703 704 713 714 715 759 760 | 551 552 560 561 594 595 608 609 629 630 650 651 665 666 702 703 713 714 715 759 760 
527 528 550 551 552 608 609 650 651 665 666 702 703 704 713 714 715 899 900 | 527 528 551 552 560 561 594 595 608 609 650 651 665 666 702 703 713 714 715 899 900 
550 551 552 575 576 620 621 629 630 665 666 702 703 704 714 715 740 741 759 760 836 837 | 551 552 560 561 575 576 594 595 620 621 629 630 665 666 702 703 714 715 740 741 759 760 836 837 
550 551 552 575 576 608 609 620 621 629 630 702 703 704 740 741 782 783 836 837 896 897 899 900 | 551 552 560 561 575 576 594 595 608 609 620 621 629 630 702 703 740 741 782 783 836 837 896 897 899 900 
527 528 550 551 560 561 575 576 620 621 629 630 665 666 702 703 713 714 715 740 741 759 760 935 936 | 550 551 552 620 621 782 783 836 837 899 900 
550 551 552 608 609 620 621 629 630 665 666 702 703 704 714 715 740 741 782 783 805 806 836 837 899 900 | 551 552 560 561 594 595 608 609 620 621 629 630 665 666 702 703 714 715 740 741 782 783 805 806 836 837 899 900 
550 551 552 608 609 665 666 702 703 704 713 714 715 836 837 896 897 899 900 | 551 552 560 561 594 595 608 609 665 666 702 703 713 714 715 836 837 896 897 899 900 
550 551 620 621 702 703 713 714 715 805 806 896 897 899 900 935 936 | 551 552 560 561 575 576 594 595 620 621 703 704 713 714 805 806 899 900 935 936 
550 551 552 620 621 650 651 665 666 702 703 704 759 760 836 837 899 900 | 551 552 560 561 594 595 620 621 650 651 665 666 702 703 759 760 836 837 899 900 
550 551 552 575 576 702 703 704 740 741 805 806 896 897 899 900 935 936 | 551 552 560 561 575 576 594 595 702 703 740 741 805 806 896 897 899 900 935 936 
550 551 552 575 576 629 630 650 651 702 703 704 713 714 759 760 782 783 836 837 899 900 935 936 | 551 552 560 561 575 576 594 595 629 630 650 651 702 703 713 714 759 760 782 783 836 837 899 900 935 936 
550 551 552 575 576 620 621 665 666 702 703 704 713 714 715 740 741 805 806 836 837 899 900 | 551 552 560 561 575 576 594 595 620 621 665 666 702 703 713 714 715 740 741 805 806 836 837 899 900 
550 551 552 702 703 704 714 715 759 760 836 837 | 551 552 560 561 594 595 702 703 714 715 759 760 836 837 
527 528 550 551 552 629 630 650 651 702 703 704 713 714 715 740 741 782 783 805 806 836 837 899 900 | 527 528 551 552 560 561 594 595 629 630 650 651 702 703 713 714 715 740 741 782 783 805 806 836 837 899 900 
527 528 550 551 575 576 620 621 650 651 702 703 714 715 740 741 759 760 896 897 | 551 552 594 595 620 621 650 651 703 704 713 714 740 741 759 760 782 783 899 900 
550 551 552 575 576 608 609 629 630 665 666 702 703 704 714 715 782 783 836 837 896 897 935 936 | 551 552 560 561 575 576 594 595 608 609 629 630 665 666 702 703 714 715 782 783 836 837 896 897 935 936 
527 528 550 551 552 620 621 650 651 702 703 704 713 714 759 760 805 806 836 837 896 897 899 900 935 936 | 527 528 551 552 560 561 594 595 620 621 650 651 702 703 713 714 759 760 805 806 836 837 896 897 899 900 935 936 
527 528 550 551 552 620 621 629 630 650 651 665 666 702 703 704 714 715 759 760 782 783 836 837 | 527 528 551 552 560 561 594 595 620 621 629 630 650 651 665 666 702 703 714 715 759 760 782 783 836 837 
527 528 550 551 552 608 609 665 666 702 703 704 740 741 782 783 836 837 935 936 | 527 528 551 552 560 561 594 595 608 609 665 666 702 703 740 741 782 783 836 837 935 936 
550 551 552 629 630 702 703 704 714 715 740 741 782 783 836 837 896 897 | 551 552 560 561 594 595 629 630 702 703 714 715 740 741 782 783 836 837 896 897 
527 528 550 551 552 575 576 608 609 620 621 629 630 650 651 665 666 702 703 704 714 715 759 760 782 783 836 837 | 527 528 551 552 560 561 575 576 594 595 608 609 620 621 629 630 650 651 665 666 702 703 714 715 759 760 782 783 836 837 
527 528 550 551 552 575 576 650 651 702 703 704 713 714 740 741 759 760 836 837 899 900 935 936 | 527 528 551 552 560 561 575 576 594 595 650 651 702 703 713 714 740 741 759 760 836 837 899 900 935 936 
550 551 552 575 576 608 609 629 630 665 666 702 703 704 782 783 805 806 899 900 | 551 552 560 561 575 576 594 595 608 609 629 630 665 666 702 703 782 783 805 806 899 900 
550 551 702 703 713 714 715 740 741 805 806 896 897 935 936 | 551 552 560 561 575 576 594 595 703 704 713 714 740 741 805 806 935 936 
550 551 552 575 576 620 621 629 630 650 651 665 666 702 703 704 713 714 805 806 899 900 935 936 | 551 552 560 561 575 576 594 595 620 621 629 630 650 651 665 666 702 703 713 714 805 806 899 900 935 936 
527 528 551 552 594 595 608 609 620 621 650 651 665 666 702 703 704 740 741 782 783 805 806 896 897 899 900 935 936 | 594 595 650 651 740 741 759 760 896 897 899 900 
527 528 550 551 552 665 666 702 703 704 713 714 740 741 782 783 805 806 896 897 899 900 | 527 528 551 552 560 561 594 595 665 666 702 703 713 714 740 741 782 783 805 806 896 897 899 900 
527 528 550 551 552 575 576 620 621 629 630 665 666 702 703 704 713 714 759 760 896 897 935 936 | 527 528 551 552 560 561 575 576 594 595 620 621 629 630 665 666 702 703 713 714 759 760 896 897 935 936 
550 551 552 575 576 608 609 650 651 702 703 704 714 715 759 760 782 783 805 806 899 900 935 936 | 551 552 560 561 575 576 594 595 608 609 650 651 702 703 714 715 759 760 782 783 805 806 899 900 935 936 
527 528 550 551 552 650 651 702 703 704 713 714 740 741 782 783 805 806 836 837 899 900 935 936 | 527 528 551 552 560 561 594 595 650 651 702 703 713 714 740 741 782 783 805 806 836 837 899 900 935 936 
550 551 552 608 609 620 621 629 630 650 651 665 666 702 703 704 759 760 805 806 896 897 899 900 | 551 552 560 561 594 595 608 609 620 621 629 630 650 651 665 666 702 703 759 760 805 806 896 897 899 900 
527 528 550 551 552 575 576 650 651 702 703 704 713 714 782 783 836 837 899 900 | 527 528 551 552 560 561 575 576 594 595 650 651 702 703 713 714 782 783 836 837 899 900 
527 528 550 551 552 575 576 608 609 650 651 665 666 702 703 704 713 714 740 741 759 760 782 783 805 806 896 897 899 900 | 527 528 551 552 560 561 575 576 594 595 608 609 650 651 665 666 702 703 713 714 740 741 759 760 782 783 805 806 896 897 899 900 
527 528 550 551 552 575 576 608 609 620 621 629 630 702 703 704 713 714 715 740 741 759 760 782 783 935 936 | 527 528 551 552 560 561 575 576 594 595 608 609 620 621 629 630 702 703 713 714 715 740 741 759 760 782 783 935 936 
550 551 552 575 576 608 609 620 621 629 630 665 666 702 703 704 714 715 740 741 759 760 896 897 899 900 | 551 552 560 561 575 576 594 595 608 609 620 621 629 630 665 666 702 703 714 715 740 741 759 760 896 897 899 900 
527 528 550 551 552 560 561 594 595 620 621 629 630 702 703 714 715 740 741 805 806 935 936 | 550 551 594 595 620 621 629 630 702 703 713 714 715 740 741 782 783 805 806 899 900 935 936 
527 528 550 551 629 630 650 651 665 666 702 703 713 714 715 740 741 759 760 782 783 805 806 896 897 899 900 935 936 | 527 528 551 552 560 561 575 576 594 595 629 630 650 651 665 666 703 704 713 714 740 741 759 760 782 783 805 806 899 900 935 936 
550 551 552 650 651 665 666 702 703 704 713 714 782 783 805 806 899 900 935 936 | 551 552 560 561 594 595 650 651 665 666 702 703 713 714 782 783 805 806 899 900 935 936 
527 528 550 551 552 560 561 575 576 594 595 629 630 702 703 704 714 715 740 741 759 760 805 806 935 936 | 550 551 575 576 594 595 629 630 702 703 704 713 714 715 740 741 759 760 782 783 805 806 899 900 935 936 
550 551 552 575 576 608 609 620 621 650 651 665 666 702 703 704 740 741 759 760 805 806 899 900 935 936 | 551 552 560 561 575 576 594 595 608 609 620 621 650 651 665 666 702 703 740 741 759 760 805 806 899 900 935 936 
527 528 550 551 552 560 561 620 621 650 651 714 715 740 741 759 760 836 837 935 936 | 550 551 620 621 650 651 713 714 715 740 741 759 760 782 783 836 837 899 900 935 936 
527 528 550 551 552 608 609 629 630 702 703 704 713 714 759 760 836 837 896 897 899 900 935 936 | 527 528 551 552 560 561 594 595 608 609 629 630 702 703 713 714 759 760 836 837 896 897 899 900 935 936 
550 551 552 650 651 665 666 702 703 704 782 783 805 806 896 897 899 900 | 551 552 560 561 594 595 650 651 665 666 702 703 782 783 805 806 896 897 899 900 
527 528 550 551 552 560 561 608 609 629 630 665 666 702 703 714 715 759 760 | 550 551 608 609 629 630 665 666 702 703 713 714 715 759 760 782 783 899 900 
550 551 552 629 630 665 666 702 703 704 714 715 805 806 836 837 896 897 899 900 | 551 552 560 561 594 595 629 630 665 666 702 703 714 715 805 806 836 837 896 897 899 900 
527 528 550 551 552 575 576 608 609 620 621 665 666 702 703 704 713 714 759 760 782 783 836 837 896 897 899 900 935 936 | 527 528 551 552 560 561 575 576 594 595 608 609 620 621 665 666 702 703 713 714 759 760 782 783 836 837 896 897 899 900 935 936 
527 528 550 551 552 650 651 702 703 704 713 714 715 759 760 896 897 | 527 528 551 552 560 561 594 595 650 651 702 703 713 714 715 759 760 896 897 
527 528 550 551 552 560 561 665 666 702 703 704 714 715 740 741 759 760 805 806 896 897 | 550 551 665 666 702 703 704 713 714 715 740 741 759 760 782 783 805 806 896 897 899 900 
527 528 550 551 552 575 576 608 609 650 651 665 666 702 703 704 714 715 740 741 782 783 836 837 896 897 899 900 935 936 | 527 528 551 552 560 561 575 576 594 595 608 609 650 651 665 666 702 703 714 715 740 741 782 783 836 837 896 897 899 900 935 936 
527 528 550 551 552 608 609 620 621 629 630 650 651 665 666 702 703 704 740 741 782 783 805 806 | 527 528 551 552 560 561 594 595 608 609 620 621 629 630 650 651 665 666 702 703 740 741 782 783 805 806 
550 551 552 575 576 608 609 629 630 650 651 702 703 704 714 715 740 741 759 760 782 783 836 837 899 900 935 936 | 551 552 560 561 575 576 594 595 608 609 629 630 650 651 702 703 714 715 740 741 759 760 782 783 836 837 899 900 935 936 
527 528 550 551 552 560 561 594 595 608 609 650 651 665 666 702 703 704 714 715 740 741 759 760 836 837 | 550 551 594 595 608 609 650 651 665 666 702 703 704 713 714 715 740 741 759 760 782 783 836 837 899 900 
527 528 550 551 552 575 576 608 609 650 651 665 666 702 703 704 713 714 715 740 741 759 760 805 806 836 837 899 900 | 527 528 551 552 560 561 575 576 594 595 608 609 650 651 665 666 702 703 713 714 715 740 741 759 760 805 806 836 837 899 900 
550 551 552 575 576 608 609 620 621 702 703 704 740 741 805 806 836 837 | 551 552 560 561 575 576 594 595 608 609 620 621 702 703 740 741 805 806 836 837 
527 528 550 551 552 560 561 575 576 594 595 608 609 620 621 629 630 702 703 704 714 715 759 760 896 897 | 550 551 575 576 594 595 608 609 620 621 629 630 702 703 704 713 714 715 759 760 782 783 896 897 899 900 
527 528 550 551 608 609 702 703 713 714 715 740 741 759 760 896 897 899 900 | 527 528 551 552 560 561 575 576 594 595 608 609 703 704 713 714 740 741 759 760 899 900 
527 528 550 551 552 560 561 575 576 594 595 620 621 629 630 665 666 702 703 714 715 896 897 | 550 551 575 576 594 595 620 621 629 630 665 666 702 703 713 714 715 782 783 896 897 899 900 
527 528 550 551 552 560 561 608 609 650 651 703 704 714 715 759 760 | 550 551 608 609 650 651 703 704 713 714 715 759 760 782 783 899 900 
550 551 552 575 576 702 703 704 713 714 899 900 935 936 | 551 552 560 561 575 576 594 595 702 703 713 714 899 900 935 936 
550 551 552 575 576 650 651 702 703 704 740 741 759 760 896 897 | 551 552 560 561 575 576 594 595 650 651 702 703 740 741 759 760 896 897 
550 551 552 575 576 608 609 650 651 665 666 702 703 704 713 714 715 740 741 896 897 899 900 935 936 | 551 552 560 561 575 576 594 595 608 609 650 651 665 666 702 703 713 714 715 740 741 896 897 899 900 935 936 
550 551 552 608 609 620 621 629 630 702 703 704 713 714 715 740 741 782 783 836 837 899 900 935 936 | 551 552 560 561 594 595 608 609 620 621 629 630 702 703 713 714 715 740 741 782 783 836 837 899 900 935 936 
550 551 552 575 576 650 651 702 703 704 713 714 715 782 783 935 936 | 551 552 560 561 575 576 594 595 650 651 702 703 713 714 715 782 783 935 936 
527 528 550 551 552 665 666 702 703 704 740 741 836 837 935 936 | 527 528 551 552 560 561 594 595 665 666 702 703 740 741 836 837 935 936 
550 551 552 575 576 629 630 665 666 702 703 704 713 714 715 782 783 899 900 935 936 | 551 552 560 561 575 576 594 595 629 630 665 666 702 703 713 714 715 782 783 899 900 935 936 
527 528 551 552 560 561 608 609 620 621 665 666 702 703 704 713 714 715 782 783 805 806 896 897 899 900 935 936 | 560 561 713 714 715 759 760 896 897 899 900 
550 551 552 608 609 620 621 629 630 702 703 704 | 551 552 560 561 594 595 608 609 620 621 629 630 702 703 
527 528 550 551 552 560 561 594 595 608 609 620 621 629 630 650 651 665 666 702 703 714 715 759 760 805 806 836 837 896 897 | 550 551 594 595 608 609 620 621 629 630 650 651 665 666 702 703 713 714 715 759 760 782 783 805 806 836 837 896 897 899 900 
527 528 550 551 552 560 561 650 651 702 703 714 715 740 741 759 760 805 806 | 550 551 650 651 702 703 713 714 715 740 741 759 760 782 783 805 806 899 900 
550 551 552 575 576 608 609 620 621 650 651 665 666 702 703 704 713 714 715 759 760 782 783 805 806 836 837 896 897 935 936 | 551 552 560 561 575 576 594 595 608 609 620 621 650 651 665 666 702 703 713 714 715 759 760 782 783 805 806 836 837 896 897 935 936 
550 551 552 620 621 665 666 702 703 704 713 714 715 740 741 759 760 896 897 899 900 935 936 | 551 552 560 561 594 595 620 621 665 666 702 703 713 714 715 740 741 759 760 896 897 899 900 935 936 
550 551 552 575 576 608 609 665 666 702 703 704 759 760 782 783 805 806 836 837 935 936 | 551 552 560 561 575 576 594 595 608 609 665 666 702 703 759 760 782 783 805 806 836 837 935 936 
527 528 550 551 552 560 561 620 621 650 651 703 704 714 715 759 760 805 806 836 837 935 936 | 550 551 620 621 650 651 703 704 713 714 715 759 760 782 783 805 806 836 837 899 900 935 936 
527 528 550 551 552 560 561 575 576 594 595 608 609 629 630 665 666 702 703 714 715 759 760 836 837 896 897 935 936 | 550 551 575 576 594 595 608 609 629 630 665 666 702 703 713 714 715 759 760 782 783 836 837 896 897 899 900 935 936 
527 528 550 551 608 609 629 630 702 703 713 714 715 740 741 759 760 805 806 836 837 896 897 899 900 | 527 528 551 552 560 561 575 576 594 595 608 609 629 630 703 704 713 714 740 741 759 760 805 806 836 837 899 900 
527 528 550 551 552 560 561 575 576 620 621 703 704 714 715 759 760 805 806 836 837 896 897 935 936 | 550 551 575 576 620 621 703 704 713 714 715 759 760 782 783 805 806 836 837 896 897 899 900 935 936 
550 551 552 575 576 608 609 620 621 629 630 650 651 702 703 704 713 714 740 741 836 837 899 900 | 551 552 560 561 575 576 594 595 608 609 620 621 629 630 650 651 702 703 713 714 740 741 836 837 899 900 
527 528 550 551 552 575 576 594 595 608 609 620 621 665 666 702 703 714 715 759 760 | 527 528 560 561 629 630 650 651 713 714 740 741 899 900 935 936 
527 528 550 551 552 620 621 629 630 665 666 702 703 704 713 714 805 806 836 837 899 900 935 936 | 527 528 551 552 560 561 594 595 620 621 629 630 665 666 702 703 713 714 805 806 836 837 899 900 935 936 
527 528 550 551 629 630 665 666 702 703 713 714 715 782 783 805 806 896 897 | 527 528 551 552 560 561 575 576 594 595 629 630 665 666 703 704 713 714 782 783 805 806 
527 528 550 551 552 560 561 575 576 608 609 620 621 650 651 714 715 759 760 805 806 896 897 | 550 551 575 576 608 609 620 621 650 651 713 714 715 759 760 782 783 805 806 896 897 899 900 
527 528 550 551 552 575 576 608 609 620 621 629 630 650 651 702 703 704 713 714 715 782 783 836 837 | 527 528 551 552 560 561 575 576 594 595 608 609 620 621 629 630 650 651 702 703 713 714 715 782 783 836 837 
527 528 550 551 552 608 609 620 621 650 651 702 703 704 713 714 759 760 805 806 836 837 899 900 | 527 528 551 552 560 561 594 595 608 609 620 621 650 651 702 703 713 714 759 760 805 806 836 837 899 900 
550 551 552 620 621 629 630 650 651 665 666 702 703 704 714 715 740 741 759 760 805 806 836 837 899 900 935 936 | 551 552 560 561 594 595 620 621 629 630 650 651 665 666 702 703 714 715 740 741 759 760 805 806 836 837 899 900 935 936 
527 528 550 551 552 560 561 608 609 629 630 665 666 702 703 714 715 805 806 836 837 935 936 | 550 551 608 609 629 630 665 666 702 703 713 714 715 782 783 805 806 836 837 899 900 935 936 
527 528 550 551 552 620 621 629 630 650 651 665 666 702 703 704 713 714 782 783 805 806 899 900 935 936 | 527 528 551 552 560 561 594 595 620 621 629 630 650 651 665 666 702 703 713 714 782 783 805 806 899 900 935 936 
527 528 550 551 552 560 561 575 576 594 595 608 609 665 666 703 704 714 715 740 741 759 760 | 550 551 575 576 594 595 608 609 665 666 703 704 713 714 715 740 741 759 760 782 783 899 900 
527 528 550 551 552 560 561 594 595 620 621 650 651 665 666 714 715 740 741 759 760 935 936 | 550 551 594 595 620 621 650 651 665 666 713 714 715 740 741 759 760 782 783 899 900 935 936 
550 551 552 575 576 620 621 629 630 665 666 702 703 704 713 714 740 741 782 783 899 900 | 551 552 560 561 575 576 594 595 620 621 629 630 665 666 702 703 713 714 740 741 782 783 899 900 
527 528 550 551 552 560 561 620 621 629 630 650 651 703 704 714 715 740 741 836 837 935 936 | 550 551 620 621 629 630 650 651 703 704 713 714 715 740 741 782 783 836 837 899 900 935 936 
527 528 550 551 552 575 576 629 630 665 666 702 703 704 713 714 740 741 805 806 836 837 896 897 899 900 | 527 528 551 552 560 561 575 576 594 595 629 630 665 666 702 703 713 714 740 741 805 806 836 837 896 897 899 900 
550 551 552 575 576 608 609 620 621 629 630 650 651 665 666 702 703 704 759 760 805 806 836 837 896 897 899 900 935 936 | 551 552 560 561 575 576 594 595 608 609 620 621 629 630 650 651 665 666 702 703 759 760 805 806 836 837 896 897 899 900 935 936 
527 528 550 551 552 608 609 702 703 704 740 741 805 806 899 900 | 527 528 551 552 560 561 594 595 608 609 702 703 740 741 805 806 899 900 
527 528 550 551 552 560 561 594 595 620 621 650 651 702 703 704 714 715 740 741 805 806 836 837 | 550 551 594 595 620 621 650 651 702 703 704 713 714 715 740 741 782 783 805 806 836 837 899 900 
527 528 550 551 552 575 576 608 609 665 666 702 703 704 740 741 759 760 896 897 899 900 935 936 | 527 528 551 552 560 561 575 576 594 595 608 609 665 666 702 703 740 741 759 760 896 897 899 900 935 936 
527 528 550 551 552 608 609 650 651 665 666 702 703 704 713 714 715 740 741 759 760 782 783 896 897 899 900 935 936 | 527 528 551 552 560 561 594 595 608 609 650 651 665 666 702 703 713 714 715 740 741 759 760 782 783 896 897 899 900 935 936 
527 528 550 551 552 629 630 665 666 702 703 704 759 760 836 837 | 527 528 551 552 560 561 594 595 629 630 665 666 702 703 759 760 836 837 
527 528 550 551 552 702 703 704 713 714 715 805 806 896 897 899 900 | 527 528 551 552 560 561 594 595 702 703 713 714 715 805 806 896 897 899 900 
527 528 550 551 552 575 576 620 621 629 630 702 703 704 714 715 740 741 782 783 805 806 836 837 899 900 935 936 | 527 528 551 552 560 561 575 576 594 595 620 621 629 630 702 703 714 715 740 741 782 783 805 806 836 837 899 900 935 936 
550 551 552 629 630 650 651 702 703 704 759 760 782 783 836 837 896 897 935 936 | 551 552 560 561 594 595 629 630 650 651 702 703 759 760 782 783 836 837 896 897 935 936 
527 528 550 551 552 620 621 665 666 702 703 704 759 760 836 837 935 936 | 527 528 551 552 560 561 594 595 620 621 665 666 702 703 759 760 836 837 935 936 
550 551 552 575 576 608 609 620 621 629 630 650 651 702 703 704 713 714 715 740 741 896 897 899 900 | 551 552 560 561 575 576 594 595 608 609 620 621 629 630 650 651 702 703 713 714 715 740 741 896 897 899 900 
527 528 550 551 552 650 651 665 666 702 703 704 740 741 782 783 805 806 896 897 899 900 935 936 | 527 528 551 552 560 561 594 595 650 651 665 666 702 703 740 741 782 783 805 806 896 897 899 900 935 936 
527 528 550 551 552 560 561 608 609 650 651 665 666 702 703 704 714 715 740 741 805 806 836 837 | 550 551 608 609 650 651 665 666 702 703 704 713 714 715 740 741 782 783 805 806 836 837 899 900 
527 528 550 551 552 560 561 575 576 594 595 608 609 629 630 665 666 702 703 714 715 836 837 | 550 551 575 576 594 595 608 609 629 630 665 666 702 703 713 714 715 782 783 836 837 899 900 
550 551 552 575 576 629 630 702 703 704 713 714 759 760 805 806 836 837 899 900 935 936 | 551 552 560 561 575 576 594 595 629 630 702 703 713 714 759 760 805 806 836 837 899 900 935 936 
527 528 550 551 560 561 575 576 608 609 620 621 702 703 714 715 740 741 759 760 836 837 896 897 | 551 552 560 561 594 595 608 609 620 621 703 704 713 714 740 741 759 760 782 783 836 837 899 900 
550 551 552 650 651 665 666 702 703 704 713 714 715 759 760 782 783 836 837 899 900 935 936 | 551 552 560 561 594 595 650 651 665 666 702 703 713 714 715 759 760 782 783 836 837 899 900 935 936 
550 551 552 629 630 665 666 702 703 704 713 714 715 759 760 782 783 805 806 | 551 552 560 561 594 595 629 630 665 666 702 703 713 714 715 759 760 782 783 805 806 
550 551 552 575 576 608 609 629 630 650 651 702 703 704 714 715 740 741 759 760 899 900 935 936 | 551 552 560 561 575 576 594 595 608 609 629 630 650 651 702 703 714 715 740 741 759 760 899 900 935 936 
527 528 550 551 552 575 576 608 609 629 630 702 703 704 713 714 715 836 837 935 936 | 527 528 551 552 560 561 575 576 594 595 608 609 629 630 702 703 713 714 715 836 837 935 936 
527 528 550 551 552 575 576 608 609 650 651 665 666 702 703 704 714 715 740 741 805 806 899 900 | 527 528 551 552 560 561 575 576 594 595 608 609 650 651 665 666 702 703 714 715 740 741 805 806 899 900 
527 528 550 551 552 575 576 620 621 629 630 702 703 704 714 715 740 741 759 760 836 837 896 897 899 900 | 527 528 551 552 560 561 575 576 594 595 620 621 629 630 702 703 714 715 740 741 759 760 836 837 896 897 899 900 
527 528 550 551 552 629 630 665 666 702 703 704 740 741 759 760 782 783 805 806 899 900 935 936 | 527 528 551 552 560 561 594 595 629 630 665 666 702 703 740 741 759 760 782 783 805 806 899 900 935 936 
527 528 550 551 560 561 575 576 620 621 629 630 650 651 702 703 714 715 759 760 896 897 | 551 552 560 561 594 595 620 621 629 630 650 651 703 704 713 714 759 760 782 783 899 900 
527 528 550 551 552 620 621 665 666 702 703 704 714 715 740 741 782 783 836 837 896 897 899 900 | 527 528 551 552 560 561 594 595 620 621 665 666 702 703 714 715 740 741 782 783 836 837 896 897 899 900 
550 551 552 620 621 665 666 702 703 704 713 714 715 740 741 759 760 782 783 899 900 935 936 | 551 552 560 561 594 595 620 621 665 666 702 703 713 714 715 740 741 759 760 782 783 899 900 935 936 
550 551 552 608 609 620 621 629 630 650 651 665 666 702 703 704 713 714 715 740 741 782 783 836 837 | 551 552 560 561 594 595 608 609 620 621 629 630 650 651 665 666 702 703 713 714 715 740 741 782 783 836 837 
527 528 550 551 552 560 561 575 576 594 595 608 609 620 621 629 630 650 651 665 666 703 704 714 715 740 741 805 806 836 837 | 550 551 575 576 594 595 608 609 620 621 629 630 650 651 665 666 703 704 713 714 715 740 741 782 783 805 806 836 837 899 900 
527 528 550 551 552 575 576 620 621 702 703 704 713 714 782 783 836 837 935 936 | 527 528 551 552 560 561 575 576 594 595 620 621 702 703 713 714 782 783 836 837 935 936 
550 551 552 575 576 620 621 629 630 702 703 704 713 714 740 741 759 760 836 837 899 900 | 551 552 560 561 575 576 594 595 620 621 629 630 702 703 713 714 740 741 759 760 836 837 899 900 
550 551 552 575 576 629 630 702 703 704 714 715 740 741 759 760 896 897 899 900 935 936 | 551 552 560 561 575 576 594 595 629 630 702 703 714 715 740 741 759 760 896 897 899 900 935 936 
527 528 550 551 552 575 576 650 651 665 666 702 703 704 714 715 740 741 782 783 805 806 899 900 935 936 | 527 528 551 552 560 561 575 576 594 595 650 651 665 666 702 703 714 715 740 741 782 783 805 806 899 900 935 936 
527 528 550 551 552 608 609 620 621 629 630 665 666 702 703 704 714 715 740 741 899 900 935 936 | 527 528 551 552 560 561 594 595 608 609 620 621 629 630 665 666 702 703 714 715 740 741 899 900 935 936 
527 528 550 551 552 560 561 575 576 594 595 620 621 629 630 650 651 665 666 702 703 714 715 740 741 896 897 | 550 551 575 576 594 595 620 621 629 630 650 651 665 666 702 703 713 714 715 740 741 782 783 896 897 899 900 
550 551 552 575 576 629 630 702 703 704 713 714 715 782 783 899 900 935 936 | 551 552 560 561 575 576 594 595 629 630 702 703 713 714 715 782 783 899 900 935 936 
527 528 550 551 552 620 621 702 703 704 713 714 715 782 783 836 837 | 527 528 551 552 560 561 594 595 620 621 702 703 713 714 715 782 783 836 837 
527 528 550 551 552 608 609 665 666 702 703 704 714 715 740 741 759 760 836 837 896 897 935 936 | 527 528 551 552 560 561 594 595 608 609 665 666 702 703 714 715 740 741 759 760 836 837 896 897 935 936 
550 551 552 575 576 620 621 629 630 665 666 702 703 704 713 714 782 783 805 806 | 551 552 560 561 575 576 594 595 620 621 629 630 665 666 702 703 713 714 782 783 805 806 
527 528 550 551 552 575 576 608 609 620 621 629 630 650 651 665 666 702 703 704 713 714 740 741 759 760 782 783 896 897 899 900 935 936 | 527 528 551 552 560 561 575 576 594 595 608 609 620 621 629 630 650 651 665 666 702 703 713 714 740 741 759 760 782 783 896 897 899 900 935 936 
527 528 551 552 594 595 620 621 650 651 665 666 702 703 704 713 714 896 897 935 936 | 550 551 650 651 665 666 703 704 782 783 805 806 899 900 935 936 
550 551 552 608 609 650 651 702 703 704 713 714 715 836 837 899 900 935 936 | 551 552 560 561 594 595 608 609 650 651 702 703 713 714 715 836 837 899 900 935 936 
527 528 550 551 552 560 561 575 576 608 609 629 630 665 666 714 715 805 806 836 837 | 550 551 575 576 608 609 629 630 665 666 713 714 715 782 783 805 806 836 837 899 900 
527 528 550 551 552 560 561 594 595 629 630 650 651 702 703 714 715 836 837 896 897 935 936 | 550 551 594 595 629 630 650 651 702 703 713 714 715 782 783 836 837 896 897 899 900 935 936 
527 528 550 551 552 629 630 650 651 665 666 702 703 704 714 715 782 783 899 900 935 936 | 527 528 551 552 560 561 594 595 629 630 650 651 665 666 702 703 714 715 782 783 899 900 935 936 
527 528 550 551 552 560 561 575 576 608 609 620 621 629 630 650 651 665 666 714 715 740 741 836 837 935 936 | 550 551 575 576 608 609 620 621 629 630 650 651 665 666 713 714 715 740 741 782 783 836 837 899 900 935 936 
527 528 550 551 552 608 609 620 621 629 630 702 703 704 759 760 782 783 899 900 | 527 528 551 552 560 561 594 595 608 609 620 621 629 630 702 703 759 760 782 783 899 900 
550 551 552 575 576 608 609 650 651 665 666 702 703 704 713 714 782 783 805 806 836 837 | 551 552 560 561 575 576 594 595 608 609 650 651 665 666 702 703 713 714 782 783 805 806 836 837 
527 528 550 551 552 575 576 608 609 620 621 629 630 650 651 702 703 704 713 714 715 740 741 759 760 836 837 | 527 528 551 552 560 561 575 576 594 595 608 609 620 621 629 630 650 651 702 703 713 714 715 740 741 759 760 836 837 
527 528 550 551 552 575 576 608 609 629 630 702 703 704 714 715 740 741 759 760 | 527 528 551 552 560 561 575 576 594 595 608 609 629 630 702 703 714 715 740 741 759 760 
550 551 608 609 620 621 629 630 650 651 702 703 713 714 715 740 741 759 760 805 806 836 837 896 897 899 900 935 936 | 551 552 560 561 575 576 594 595 608 609 620 621 629 630 650 651 703 704 713 714 740 741 759 760 805 806 836 837 899 900 935 936 
527 528 550 551 552 608 609 629 630 650 651 665 666 702 703 704 714 715 782 783 896 897 899 900 | 527 528 551 552 560 561 594 595 608 609 629 630 650 651 665 666 702 703 714 715 782 783 896 897 899 900 
550 551 552 620 621 650 651 702 703 704 713 714 740 741 759 760 782 783 805 806 896 897 899 900 | 551 552 560 561 594 595 620 621 650 651 702 703 713 714 740 741 759 760 782 783 805 806 896 897 899 900 
527 528 550 551 552 620 621 629 630 650 651 665 666 702 703 704 713 714 715 740 741 836 837 896 897 899 900 | 527 528 551 552 560 561 594 595 620 621 629 630 650 651 665 666 702 703 713 714 715 740 741 836 837 896 897 899 900 
527 528 550 551 552 575 576 629 630 665 666 702 703 704 740 741 759 760 805 806 836 837 896 897 935 936 | 527 528 551 552 560 561 575 576 594 595 629 630 665 666 702 703 740 741 759 760 805 806 836 837 896 897 935 936 
527 528 550 551 552 575 576 608 609 650 651 665 666 702 703 704 713 714 740 741 759 760 782 783 896 897 899 900 935 936 | 527 528 551 552 560 561 575 576 594 595 608 609 650 651 665 666 702 703 713 714 740 741 759 760 782 783 896 897 899 900 935 936 
550 551 552 575 576 608 609 629 630 650 651 702 703 704 714 715 759 760 782 783 896 897 899 900 | 551 552 560 561 575 576 594 595 608 609 629 630 650 651 702 703 714 715 759 760 782 783 896 897 899 900 
550 551 552 575 576 665 666 702 703 704 713 714 715 740 741 896 897 | 551 552 560 561 575 576 594 595 665 666 702 703 713 714 715 740 741 896 897 
527 528 550 551 552 575 576 608 609 650 651 702 703 704 714 715 759 760 782 783 899 900 | 527 528 551 552 560 561 575 576 594 595 608 609 650 651 702 703 714 715 759 760 782 783 899 900 
550 551 552 620 621 629 630 702 703 704 714 715 782 783 836 837 896 897 | 551 552 560 561 594 595 620 621 629 630 702 703 714 715 782 783 836 837 896 897 
550 551 552 575 576 665 666 702 703 704 740 741 805 806 836 837 899 900 935 936 | 551 552 560 561 575 576 594 595 665 666 702 703 740 741 805 806 836 837 899 900 935 936 
527 528 550 551 552 620 621 629 630 665 666 702 703 704 713 714 715 759 760 805 806 896 897 899 900 | 527 528 551 552 560 561 594 595 620 621 629 630 665 666 702 703 713 714 715 759 760 805 806 896 897 899 900 
550 551 552 608 609 650 651 702 703 704 713 714 759 760 805 806 896 897 899 900 935 936 | 551 552 560 561 594 595 608 609 650 651 702 703 713 714 759 760 805 806 896 897 899 900 935 936 
550 551 552 575 576 608 609 629 630 702 703 704 714 715 782 783 | 551 552 560 561 575 576 594 595 608 609 629 630 702 703 714 715 782 783 
527 528 550 551 608 609 620 621 629 630 665 666 702 703 713 714 715 740 741 836 837 896 897 | 527 528 551 552 560 561 575 576 594 595 608 609 620 621 629 630 665 666 703 704 713 714 740 741 836 837 
527 528 550 551 552 620 621 629 630 650 651 665 666 702 703 704 713 714 836 837 896 897 899 900 935 936 | 527 528 551 552 560 561 594 595 620 621 629 630 650 651 665 666 702 703 713 714 836 837 896 897 899 900 935 936 
527 528 550 551 552 575 576 702 703 704 713 714 715 740 741 759 760 782 783 805 806 896 897 899 900 935 936 | 527 528 551 552 560 561 575 576 594 595 702 703 713 714 715 740 741 759 760 782 783 805 806 896 897 899 900 935 936 
550 551 552 629 630 702 703 704 713 714 715 740 741 759 760 805 806 836 837 899 900 | 551 552 560 561 594 595 629 630 702 703 713 714 715 740 741 759 760 805 806 836 837 899 900 
527 528 550 551 552 560 561 608 609 620 621 629 630 702 703 704 714 715 759 760 896 897 | 550 551 608 609 620 621 629 630 702 703 704 713 714 715 759 760 782 783 896 897 899 900 
550 551 552 575 576 608 609 702 703 704 713 714 715 759 760 836 837 896 897 935 936 | 551 552 560 561 575 576 594 595 608 609 702 703 713 714 715 759 760 836 837 896 897 935 936 
527 528 550 551 552 575 576 702 703 704 714 715 740 741 759 760 896 897 | 527 528 551 552 560 561 575 576 594 595 702 703 714 715 740 741 759 760 896 897 
527 528 550 551 552 560 561 608 609 665 666 703 704 714 715 740 741 759 760 | 550 551 608 609 665 666 703 704 713 714 715 740 741 759 760 782 783 899 900 
527 528 550 551 552 560 561 608 609 620 621 629 630 665 666 702 703 704 714 715 740 741 759 760 | 550 551 608 609 620 621 629 630 665 666 702 703 704 713 714 715 740 741 759 760 782 783 899 900 
527 528 550 551 552 629 630 665 666 702 703 704 713 714 782 783 805 806 836 837 | 527 528 551 552 560 561 594 595 629 630 665 666 702 703 713 714 782 783 805 806 836 837 
550 551 552 629 630 650 651 665 666 702 703 704 782 783 805 806 836 837 896 897 899 900 935 936 | 551 552 560 561 594 595 629 630 650 651 665 666 702 703 782 783 805 806 836 837 896 897 899 900 935 936 
550 551 552 575 576 629 630 650 651 702 703 704 782 783 836 837 | 551 552 560 561 575 576 594 595 629 630 650 651 702 703 782 783 836 837 
527 528 550 551 552 560 561 575 576 594 595 608 609 665 666 703 704 714 715 836 837 896 897 935 936 | 550 551 575 576 594 595 608 609 665 666 703 704 713 714 715 782 783 836 837 896 897 899 900 935 936 
527 528 550 551 552 560 561 575 576 665 666 714 715 740 741 805 806 896 897 | 550 551 575 576 665 666 713 714 715 740 741 782 783 805 806 896 897 899 900 
527 528 550 551 552 560 561 620 621 650 651 665 666 702 703 714 715 805 806 836 837 | 550 551 620 621 650 651 665 666 702 703 713 714 715 782 783 805 806 836 837 899 900 
527 528 550 551 552 620 621 650 651 665 666 702 703 704 713 714 740 741 836 837 899 900 | 527 528 551 552 560 561 594 595 620 621 650 651 665 666 702 703 713 714 740 741 836 837 899 900 
527 528 550 551 552 629 630 665 666 702 703 704 714 715 740 741 759 760 782 783 836 837 896 897 935 936 | 527 528 551 552 560 561 594 595 629 630 665 666 702 703 714 715 740 741 759 760 782 783 836 837 896 897 935 936 
527 528 550 551 552 560 561 702 703 714 715 740 741 | 550 551 702 703 713 714 715 740 741 782 783 899 900 
527 528 550 551 552 560 561 594 595 608 609 629 630 650 651 703 704 714 715 740 741 759 760 805 806 836 837 | 550 551 594 595 608 609 629 630 650 651 703 704 713 714 715 740 741 759 760 782 783 805 806 836 837 899 900 
527 528 550 551 629 630 650 651 665 666 702 703 713 714 715 759 760 782 783 805 806 896 897 935 936 | 527 528 551 552 560 561 575 576 594 595 629 630 650 651 665 666 703 704 713 714 759 760 782 783 805 806 935 936 
550 551 552 608 609 620 621 650 651 665 666 702 703 704 713 714 715 782 783 836 837 899 900 | 551 552 560 561 594 595 608 609 620 621 650 651 665 666 702 703 713 714 715 782 783 836 837 899 900 
550 551 552 575 576 620 621 629 630 665 666 702 703 704 713 714 715 740 741 836 837 | 551 552 560 561 575 576 594 595 620 621 629 630 665 666 702 703 713 714 715 740 741 836 837 
527 528 550 551 552 575 576 608 609 620 621 650 651 665 666 702 703 704 713 714 715 782 783 805 806 896 897 899 900 | 527 528 551 552 560 561 575 576 594 595 608 609 620 621 650 651 665 666 702 703 713 714 715 782 783 805 806 896 897 899 900 
527 528 550 551 552 620 621 650 651 665 666 702 703 704 714 715 740 741 759 760 836 837 | 527 528 551 552 560 561 594 595 620 621 650 651 665 666 702 703 714 715 740 741 759 760 836 837 
527 528 550 551 552 608 609 629 630 702 703 704 713 714 715 740 741 805 806 899 900 935 936 | 527 528 551 552 560 561 594 595 608 609 629 630 702 703 713 714 715 740 741 805 806 899 900 935 936 
550 551 552 620 621 650 651 665 666 702 703 704 713 714 740 741 759 760 782 783 805 806 896 897 899 900 | 551 552 560 561 594 595 620 621 650 651 665 666 702 703 713 714 740 741 759 760 782 783 805 806 896 897 899 900 
550 551 552 650 651 665 666 702 703 704 713 714 740 741 759 760 782 783 | 551 552 560 561 594 595 650 651 665 666 702 703 713 714 740 741 759 760 782 783 
527 528 550 551 552 560 561 594 595 608 609 620 621 629 630 665 666 702 703 704 714 715 759 760 836 837 | 550 551 594 595 608 609 620 621 629 630 665 666 702 703 704 713 714 715 759 760 782 783 836 837 899 900 
527 528 550 551 552 575 576 608 609 620 621 629 630 665 666 702 703 704 782 783 836 837 | 527 528 551 552 560 561 575 576 594 595 608 609 620 621 629 630 665 666 702 703 782 783 836 837 
527 528 550 551 552 560 561 594 595 608 609 620 621 702 703 704 713 714 715 740 741 759 760 836 837 896 897 | 550 551 594 595 608 609 703 704 714 715 740 741 759 760 782 783 805 806 836 837 899 900 
527 528 550 551 552 560 561 575 576 608 609 620 621 650 651 665 666 714 715 759 760 805 806 836 837 896 897 935 936 | 550 551 575 576 608 609 620 621 650 651 665 666 713 714 715 759 760 782 783 805 806 836 837 896 897 899 900 935 936 
527 528 550 551 608 609 620 621 702 703 713 714 715 740 741 759 760 805 806 896 897 899 900 | 527 528 551 552 560 561 575 576 594 595 608 609 620 621 703 704 713 714 740 741 759 760 805 806 899 900 
527 528 550 551 552 608 609 620 621 629 630 650 651 665 666 702 703 704 714 715 759 760 805 806 896 897 935 936 | 527 528 551 552 560 561 594 595 608 609 620 621 629 630 650 651 665 666 702 703 714 715 759 760 805 806 896 897 935 936 
550 551 552 608 609 620 621 702 703 704 713 714 715 740 741 759 760 836 837 899 900 | 551 552 560 561 594 595 608 609 620 621 702 703 713 714 715 740 741 759 760 836 837 899 900 
550 551 552 575 576 702 703 704 713 714 805 806 836 837 | 551 552 560 561 575 576 594 595 702 703 713 714 805 806 836 837 
550 551 552 575 576 608 609 629 630 665 666 702 703 704 714 715 740 741 782 783 805 806 899 900 935 936 | 551 552 560 561 575 576 594 595 608 609 629 630 665 666 702 703 714 715 740 741 782 783 805 806 899 900 935 936 
527 528 550 551 552 608 609 650 651 665 666 702 703 704 740 741 759 760 935 936 | 527 528 551 552 560 561 594 595 608 609 650 651 665 666 702 703 740 741 759 760 935 936 
527 528 550 551 552 560 561 575 576 594 595 703 704 714 715 740 741 896 897 | 550 551 575 576 594 595 703 704 713 714 715 740 741 782 783 896 897 899 900 
550 551 552 575 576 650 651 665 666 702 703 704 782 783 896 897 | 551 552 560 561 575 576 594 595 650 651 665 666 702 703 782 783 896 897 
527 528 550 551 552 560 561 575 576 608 609 629 630 703 704 714 715 740 741 759 760 805 806 836 837 | 550 551 575 576 608 609 629 630 703 704 713 714 715 740 741 759 760 782 783 805 806 836 837 899 900 
550 551 552 608 609 620 621 650 651 665 666 702 703 704 713 714 740 741 805 806 836 837 896 897 899 900 935 936 | 551 552 560 561 594 595 608 609 620 621 650 651 665 666 702 703 713 714 740 741 805 806 836 837 896 897 899 900 935 936 
550 551 552 575 576 650 651 665 666 702 703 704 714 715 759 760 782 783 896 897 899 900 | 551 552 560 561 575 576 594 595 650 651 665 666 702 703 714 715 759 760 782 783 896 897 899 900 
550 551 552 575 576 608 609 629 630 665 666 702 703 704 713 714 715 759 760 782 783 805 806 | 551 552 560 561 575 576 594 595 608 609 629 630 665 666 702 703 713 714 715 759 760 782 783 805 806 
527 528 550 551 552 560 561 575 576 620 621 629 630 650 651 702 703 704 713 714 715 740 741 759 760 836 837 896 897 935 936 | 550 551 575 576 629 630 650 651 703 704 714 715 740 741 759 760 782 783 805 806 836 837 899 900 935 936 
550 551 552 575 576 650 651 702 703 704 713 714 740 741 759 760 805 806 896 897 935 936 | 551 552 560 561 575 576 594 595 650 651 702 703 713 714 740 741 759 760 805 806 896 897 935 936 
527 528 550 551 552 575 576 608 609 620 621 665 666 702 703 704 713 714 715 759 760 896 897 935 936 | 527 528 551 552 560 561 575 576 594 595 608 609 620 621 665 666 702 703 713 714 715 759 760 896 897 935 936 
527 528 550 551 552 560 561 575 576 608 609 620 621 629 630 665 666 714 715 805 806 | 550 551 575 576 608 609 620 621 629 630 665 666 713 714 715 782 783 805 806 899 900 
550 551 552 620 621 629 630 665 666 702 703 704 740 741 759 760 782 783 836 837 896 897 | 551 552 560 561 594 595 620 621 629 630 665 666 702 703 740 741 759 760 782 783 836 837 896 897 
527 528 550 551 552 560 561 575 576 608 609 629 630 650 651 703 704 714 715 759 760 805 806 836 837 896 897 935 936 | 550 551 575 576 608 609 629 630 650 651 703 704 713 714 715 759 760 782 783 805 806 836 837 896 897 899 900 935 936 
527 528 550 551 552 575 576 608 609 620 621 650 651 665 666 702 703 704 740 741 759 760 805 806 899 900 935 936 | 527 528 551 552 560 561 575 576 594 595 608 609 620 621 650 651 665 666 702 703 740 741 759 760 805 806 899 900 935 936 
550 551 552 575 576 629 630 650 651 702 703 704 713 714 715 740 741 759 760 896 897 | 551 552 560 561 575 576 594 595 629 630 650 651 702 703 713 714 715 740 741 759 760 896 897 
527 528 550 551 552 575 576 608 609 665 666 702 703 704 713 714 715 740 741 782 783 805 806 896 897 899 900 935 936 | 527 528 551 552 560 561 575 576 594 595 608 609 665 666 702 703 713 714 715 740 741 782 783 805 806 896 897 899 900 935 936 
550 551 552 575 576 620 621 629 630 702 703 704 713 714 715 740 741 759 760 782 783 | 551 552 560 561 575 576 594 595 620 621 629 630 702 703 713 714 715 740 741 759 760 782 783 
527 528 550 551 552 575 576 608 609 620 621 629 630 702 703 704 714 715 740 741 836 837 | 527 528 551 552 560 561 575 576 594 595 608 609 620 621 629 630 702 703 714 715 740 741 836 837 
527 528 550 551 552 620 621 629 630 665 666 702 703 714 715 805 806 896 897 | 551 552 575 576 594 595 620 621 629 630 665 666 703 704 713 714 782 783 805 806 899 900 
550 551 552 575 576 620 621 629 630 665 666 702 703 704 759 760 782 783 805 806 896 897 935 936 | 551 552 560 561 575 576 594 595 620 621 629 630 665 666 702 703 759 760 782 783 805 806 896 897 935 936 
550 551 552 608 609 629 630 665 666 702 703 704 740 741 805 806 | 551 552 560 561 594 595 608 609 629 630 665 666 702 703 740 741 805 806 
550 551 552 575 576 702 703 704 714 715 782 783 836 837 899 900 | 551 552 560 561 575 576 594 595 702 703 714 715 782 783 836 837 899 900 
527 528 550 551 552 560 561 608 609 629 630 650 651 702 703 704 714 715 836 837 935 936 | 550 551 608 609 629 630 650 651 702 703 704 713 714 715 782 783 836 837 899 900 935 936 
527 528 550 551 552 560 561 575 576 608 609 629 630 713 714 715 759 760 836 837 896 897 | 550 551 608 609 620 621 629 630 650 651 714 715 759 760 782 783 805 806 836 837 899 900 
550 551 552 608 609 665 666 702 703 704 713 714 715 740 741 759 760 836 837 896 897 | 551 552 560 561 594 595 608 609 665 666 702 703 713 714 715 740 741 759 760 836 837 896 897 
550 551 552 575 576 608 609 629 630 702 703 704 713 714 740 741 836 837 896 897 899 900 | 551 552 560 561 575 576 594 595 608 609 629 630 702 703 713 714 740 741 836 837 896 897 899 900 
550 551 552 575 576 608 609 620 621 650 651 665 666 702 703 704 713 714 740 741 896 897 899 900 935 936 | 551 552 560 561 575 576 594 595 608 609 620 621 650 651 665 666 702 703 713 714 740 741 896 897 899 900 935 936 
527 528 550 551 552 575 576 608 609 629 630 650 651 665 666 702 703 704 714 715 740 741 896 897 | 527 528 551 552 560 561 575 576 594 595 608 609 629 630 650 651 665 666 702 703 714 715 740 741 896 897 
527 528 575 576 594 595 665 666 702 703 713 714 715 782 783 805 806 836 837 899 900 935 936 | 550 551 560 561 575 576 594 595 608 609 620 621 629 630 665 666 703 704 740 741 759 760 782 783 805 806 896 897 
550 551 552 575 576 608 609 620 621 629 630 702 703 704 805 806 836 837 896 897 899 900 | 551 552 560 561 575 576 594 595 608 609 620 621 629 630 702 703 805 806 836 837 896 897 899 900 
550 551 552 575 576 608 609 620 621 702 703 704 759 760 782 783 805 806 836 837 896 897 899 900 935 936 | 551 552 560 561 575 576 594 595 608 609 620 621 702 703 759 760 782 783 805 806 836 837 896 897 899 900 935 936 
550 551 552 608 609 629 630 650 651 702 703 704 714 715 740 741 759 760 782 783 836 837 896 897 935 936 | 551 552 560 561 594 595 608 609 629 630 650 651 702 703 714 715 740 741 759 760 782 783 836 837 896 897 935 936 
527 528 550 551 552 575 576 650 651 665 666 702 703 704 713 714 715 782 783 896 897 | 527 528 551 552 560 561 575 576 594 595 650 651 665 666 702 703 713 714 715 782 783 896 897 
550 551 552 575 576 608 609 620 621 665 666 702 703 704 713 714 715 782 783 836 837 899 900 935 936 | 551 552 560 561 575 576 594 595 608 609 620 621 665 666 702 703 713 714 715 782 783 836 837 899 900 935 936 
527 528 550 551 552 608 609 620 621 629 630 665 666 702 703 704 759 760 782 783 | 527 528 551 552 560 561 594 595 608 609 620 621 629 630 665 666 702 703 759 760 782 783 
550 551 552 575 576 608 609 620 621 629 630 702 703 704 713 714 715 740 741 782 783 896 897 935 936 | 551 552 560 561 575 576 594 595 608 609 620 621 629 630 702 703 713 714 715 740 741 782 783 896 897 935 936 
550 551 552 608 609 620 621 629 630 702 703 704 714 715 740 741 759 760 805 806 836 837 896 897 | 551 552 560 561 594 595 608 609 620 621 629 630 702 703 714 715 740 741 759 760 805 806 836 837 896 897 
527 528 550 551 575 576 620 621 629 630 650 651 665 666 702 703 704 713 714 715 740 741 759 760 805 806 935 936 | 551 552 594 595 620 621 650 651 782 783 805 806 836 837 899 900 
527 528 550 551 552 560 561 594 595 620 621 665 666 702 703 714 715 759 760 935 936 | 550 551 594 595 620 621 665 666 702 703 713 714 715 759 760 782 783 899 900 935 936 
527 528 550 551 552 575 576 620 621 665 666 702 703 704 713 714 740 741 782 783 836 837 896 897 | 527 528 551 552 560 561 575 576 594 595 620 621 665 666 702 703 713 714 740 741 782 783 836 837 896 897 
527 528 550 551 552 608 609 629 630 665 666 702 703 704 714 715 759 760 782 783 805 806 899 900 | 527 528 551 552 560 561 594 595 608 609 629 630 665 666 702 703 714 715 759 760 782 783 805 806 899 900 
550 551 552 575 576 629 630 650 651 665 666 702 703 704 713 714 782 783 896 897 899 900 935 936 | 551 552 560 561 575 576 594 595 629 630 650 651 665 666 702 703 713 714 782 783 896 897 899 900 935 936 
527 528 550 551 552 575 576 608 609 620 621 650 651 665 666 702 703 704 713 714 715 740 741 759 760 782 783 805 806 836 837 896 897 899 900 | 527 528 551 552 560 561 575 576 594 595 608 609 620 621 650 651 665 666 702 703 713 714 715 740 741 759 760 782 783 805 806 836 837 896 897 899 900 
527 528 550 551 552 575 576 620 621 702 703 704 713 714 740 741 836 837 896 897 | 527 528 551 552 560 561 575 576 594 595 620 621 702 703 713 714 740 741 836 837 896 897 
550 551 552 620 621 629 630 650 651 665 666 702 703 704 714 715 805 806 836 837 896 897 899 900 | 551 552 560 561 594 595 620 621 629 630 650 651 665 666 702 703 714 715 805 806 836 837 896 897 899 900 
550 551 552 575 576 608 609 629 630 650 651 702 703 704 713 714 715 759 760 782 783 805 806 836 837 896 897 935 936 | 551 552 560 561 575 576 594 595 608 609 629 630 650 651 702 703 713 714 715 759 760 782 783 805 806 836 837 896 897 935 936 
550 551 552 575 576 620 621 629 630 650 651 702 703 704 713 714 759 760 805 806 896 897 | 551 552 560 561 575 576 594 595 620 621 629 630 650 651 702 703 713 714 759 760 805 806 896 897 
527 528 550 551 552 560 561 575 576 608 609 629 630 714 715 740 741 759 760 836 837 896 897 935 936 | 550 551 575 576 608 609 629 630 713 714 715 740 741 759 760 782 783 836 837 896 897 899 900 935 936 
527 528 550 551 552 629 630 702 703 704 713 714 782 783 935 936 | 527 528 551 552 560 561 594 595 629 630 702 703 713 714 782 783 935 936 
527 528 550 551 552 608 609 620 621 629 630 702 703 704 713 714 740 741 782 783 805 806 896 897 935 936 | 527 528 551 552 560 561 594 595 608 609 620 621 629 630 702 703 713 714 740 741 782 783 805 806 896 897 935 936 
527 528 550 551 608 609 620 621 650 651 702 703 713 714 715 740 741 782 783 805 806 896 897 | 527 528 551 552 560 561 575 576 594 595 608 609 620 621 650 651 703 704 713 714 740 741 782 783 805 806 
550 551 552 575 576 620 621 650 651 665 666 702 703 704 713 714 715 805 806 836 837 896 897 935 936 | 551 552 560 561 575 576 594 595 620 621 650 651 665 666 702 703 713 714 715 805 806 836 837 896 897 935 936 
527 528 550 551 552 608 609 620 621 629 630 650 651 702 703 704 713 714 759 760 805 806 836 837 899 900 935 936 | 527 528 551 552 560 561 594 595 608 609 620 621 629 630 650 651 702 703 713 714 759 760 805 806 836 837 899 900 935 936 
527 528 550 551 552 560 561 575 576 665 666 714 715 805 806 896 897 935 936 | 550 551 575 576 665 666 713 714 715 782 783 805 806 896 897 899 900 935 936 
550 551 552 608 609 629 630 650 651 665 666 702 703 704 740 741 759 760 782 783 836 837 899 900 | 551 552 560 561 594 595 608 609 629 630 650 651 665 666 702 703 740 741 759 760 782 783 836 837 899 900 
550 551 552 608 609 629 630 665 666 702 703 704 713 714 715 759 760 782 783 805 806 899 900 935 936 | 551 552 560 561 594 595 608 609 629 630 665 666 702 703 713 714 715 759 760 782 783 805 806 899 900 935 936 
527 528 550 551 552 560 561 575 576 608 609 665 666 714 715 759 760 896 897 | 550 551 575 576 608 609 665 666 713 714 715 759 760 782 783 896 897 899 900 
527 528 550 551 552 575 576 608 609 650 651 702 703 704 759 760 782 783 836 837 896 897 899 900 935 936 | 527 528 551 552 560 561 575 576 594 595 608 609 650 651 702 703 759 760 782 783 836 837 896 897 899 900 935 936 
550 551 552 620 621 629 630 702 703 704 714 715 782 783 805 806 896 897 935 936 | 551 552 560 561 594 595 620 621 629 630 702 703 714 715 782 783 805 806 896 897 935 936 
527 528 550 551 552 629 630 650 651 665 666 702 703 704 896 897 | 527 528 551 552 560 561 594 595 629 630 650 651 665 666 702 703 896 897 
527 528 550 551 552 560 561 594 595 629 630 650 651 665 666 702 703 714 715 740 741 759 760 805 806 836 837 | 550 551 594 595 629 630 650 651 665 666 702 703 713 714 715 740 741 759 760 782 783 805 806 836 837 899 900 
527 528 550 551 552 575 576 629 630 665 666 702 703 704 782 783 805 806 836 837 896 897 935 936 | 527 528 551 552 560 561 575 576 594 595 629 630 665 666 702 703 782 783 805 806 836 837 896 897 935 936 
527 528 550 551 552 560 561 575 576 594 595 608 609 650 651 703 704 714 715 935 936 | 550 551 575 576 594 595 608 609 650 651 703 704 713 714 715 782 783 899 900 935 936 
550 551 552 608 609 650 651 665 666 702 703 704 713 714 740 741 759 760 805 806 836 837 896 897 935 936 | 551 552 560 561 594 595 608 609 650 651 665 666 702 703 713 714 740 741 759 760 805 806 836 837 896 897 935 936 
527 528 550 551 552 620 621 629 630 665 666 702 703 704 740 741 782 783 805 806 896 897 899 900 | 527 528 551 552 560 561 594 595 620 621 629 630 665 666 702 703 740 741 782 783 805 806 896 897 899 900 
527 528 550 551 552 575 576 608 609 665 666 702 703 704 759 760 896 897 | 527 528 551 552 560 561 575 576 594 595 608 609 665 666 702 703 759 760 896 897 
550 551 552 575 576 608 609 620 621 629 630 650 651 702 703 704 759 760 805 806 899 900 935 936 | 551 552 560 561 575 576 594 595 608 609 620 621 629 630 650 651 702 703 759 760 805 806 899 900 935 936 
550 551 552 620 621 629 630 665 666 702 703 704 713 714 740 741 759 760 805 806 896 897 | 551 552 560 561 594 595 620 621 629 630 665 666 702 703 713 714 740 741 759 760 805 806 896 897 
527 528 550 551 552 575 576 608 609 620 621 650 651 665 666 702 703 704 899 900 | 527 528 551 552 560 561 575 576 594 595 608 609 620 621 650 651 665 666 702 703 899 900 
527 528 550 551 560 561 620 621 629 630 650 651 665 666 702 703 704 713 714 782 783 805 806 899 900 935 936 | 550 551 552 560 561 575 576 620 621 629 630 665 666 703 704 714 715 896 897 
527 528 550 551 552 575 576 650 651 665 666 702 703 704 713 714 740 741 759 760 805 806 896 897 935 936 | 527 528 551 552 560 561 575 576 594 595 650 651 665 666 702 703 713 714 740 741 759 760 805 806 896 897 935 936 
550 551 552 608 609 620 621 665 666 702 703 704 740 741 759 760 896 897 899 900 935 936 | 551 552 560 561 594 595 608 609 620 621 665 666 702 703 740 741 759 760 896 897 899 900 935 936 
527 528 550 551 552 560 561 575 576 620 621 629 630 702 703 704 714 715 896 897 935 936 | 550 551 575 576 620 621 629 630 702 703 704 713 714 715 782 783 896 897 899 900 935 936 
550 551 552 665 666 702 703 704 714 715 782 783 836 837 896 897 899 900 935 936 | 551 552 560 561 594 595 665 666 702 703 714 715 782 783 836 837 896 897 899 900 935 936 
527 528 550 551 552 560 561 575 576 608 609 620 621 650 651 714 715 740 741 759 760 836 837 896 897 935 936 | 550 551 575 576 608 609 620 621 650 651 713 714 715 740 741 759 760 782 783 836 837 896 897 899 900 935 936 
527 528 550 551 552 575 576 620 621 702 703 704 713 714 759 760 805 806 836 837 896 897 899 900 935 936 | 527 528 551 552 560 561 575 576 594 595 620 621 702 703 713 714 759 760 805 806 836 837 896 897 899 900 935 936 
527 528 550 551 552 575 576 620 621 650 651 702 703 704 740 741 759 760 782 783 836 837 896 897 899 900 | 527 528 551 552 560 561 575 576 594 595 620 621 650 651 702 703 740 741 759 760 782 783 836 837 896 897 899 900 
550 551 552 629 630 702 703 704 714 715 782 783 805 806 836 837 899 900 935 936 | 551 552 560 561 594 595 629 630 702 703 714 715 782 783 805 806 836 837 899 900 935 936 
527 528 550 551 552 575 576 608 609 620 621 629 630 665 666 702 703 704 713 714 782 783 836 837 896 897 899 900 | 527 528 551 552 560 561 575 576 594 595 608 609 620 621 629 630 665 666 702 703 713 714 782 783 836 837 896 897 899 900 
550 551 552 575 576 620 621 629 630 665 666 702 703 704 713 714 740 741 782 783 805 806 836 837 899 900 935 936 | 551 552 560 561 575 576 594 595 620 621 629 630 665 666 702 703 713 714 740 741 782 783 805 806 836 837 899 900 935 936 
527 528 550 551 552 608 609 620 621 629 630 650 651 702 703 704 714 715 740 741 759 760 782 783 836 837 899 900 935 936 | 527 528 551 552 560 561 594 595 608 609 620 621 629 630 650 651 702 703 714 715 740 741 759 760 782 783 836 837 899 900 935 936 
550 551 552 575 576 620 621 702 703 704 714 715 740 741 759 760 805 806 836 837 896 897 | 551 552 560 561 575 576 594 595 620 621 702 703 714 715 740 741 759 760 805 806 836 837 896 897 
527 528 550 551 552 608 609 629 630 665 666 702 703 704 713 714 759 760 782 783 836 837 896 897 899 900 935 936 | 527 528 551 552 560 561 594 595 608 609 629 630 665 666 702 703 713 714 759 760 782 783 836 837 896 897 899 900 935 936 
550 551 552 575 576 608 609 665 666 702 703 704 714 715 740 741 759 760 782 783 805 806 896 897 899 900 935 936 | 551 552 560 561 575 576 594 595 608 609 665 666 702 703 714 715 740 741 759 760 782 783 805 806 896 897 899 900 935 936 
527 528 550 551 552 575 576 608 609 650 651 702 703 704 740 741 759 760 782 783 805 806 836 837 899 900 | 527 528 551 552 560 561 575 576 594 595 608 609 650 651 702 703 740 741 759 760 782 783 805 806 836 837 899 900 
527 528 550 551 552 560 561 575 576 629 630 665 666 702 703 714 715 759 760 805 806 836 837 896 897 | 550 551 575 576 629 630 665 666 702 703 713 714 715 759 760 782 783 805 806 836 837 896 897 899 900 
550 551 552 608 609 620 621 702 703 704 740 741 782 783 805 806 836 837 899 900 | 551 552 560 561 594 595 608 609 620 621 702 703 740 741 782 783 805 806 836 837 899 900 
550 551 552 575 576 650 651 702 703 704 713 714 740 741 782 783 805 806 836 837 935 936 | 551 552 560 561 575 576 594 595 650 651 702 703 713 714 740 741 782 783 805 806 836 837 935 936 
527 528 550 551 552 575 576 608 609 620 621 629 630 665 666 702 703 704 713 714 782 783 805 806 836 837 935 936 | 527 528 551 552 560 561 575 576 594 595 608 609 620 621 629 630 665 666 702 703 713 714 782 783 805 806 836 837 935 936 
527 528 551 552 560 561 575 576 608 609 629 630 665 666 703 704 713 714 782 783 805 806 836 837 896 897 899 900 935 936 | 560 561 620 621 629 630 650 651 713 714 759 760 836 837 896 897 899 900 
527 528 550 551 552 702 703 704 714 715 740 741 805 806 836 837 896 897 | 527 528 551 552 560 561 594 595 702 703 714 715 740 741 805 806 836 837 896 897 
527 528 550 551 552 575 576 608 609 620 621 702 703 704 713 714 759 760 | 527 528 551 552 560 561 575 576 594 595 608 609 620 621 702 703 713 714 759 760 
527 528 550 551 608 609 650 651 702 703 713 714 715 740 741 782 783 805 806 896 897 935 936 | 527 528 551 552 560 561 575 576 594 595 608 609 650 651 703 704 713 714 740 741 782 783 805 806 935 936 
527 528 550 551 552 620 621 629 630 650 651 665 666 702 703 704 740 741 896 897 899 900 | 527 528 551 552 560 561 594 595 620 621 629 630 650 651 665 666 702 703 740 741 896 897 899 900 
550 551 552 620 621 650 651 665 666 702 703 704 713 714 715 759 760 782 783 805 806 836 837 899 900 | 551 552 560 561 594 595 620 621 650 651 665 666 702 703 713 714 715 759 760 782 783 805 806 836 837 899 900 
527 528 550 551 552 575 576 620 621 629 630 665 666 702 703 704 740 741 759 760 782 783 805 806 899 900 935 936 | 527 528 551 552 560 561 575 576 594 595 620 621 629 630 665 666 702 703 740 741 759 760 782 783 805 806 899 900 935 936 
550 551 552 575 576 620 621 650 651 665 666 702 703 704 759 760 782 783 836 837 899 900 935 936 | 551 552 560 561 575 576 594 595 620 621 650 651 665 666 702 703 759 760 782 783 836 837 899 900 935 936 
527 528 550 551 552 702 703 704 713 714 715 805 806 896 897 899 900 935 936 | 527 528 551 552 560 561 594 595 702 703 713 714 715 805 806 896 897 899 900 935 936 
527 528 550 551 552 608 609 650 651 702 703 704 713 714 740 741 782 783 836 837 | 527 528 551 552 560 561 594 595 608 609 650 651 702 703 713 714 740 741 782 783 836 837 
527 528 550 551 552 608 609 620 621 629 630 665 666 702 703 704 713 714 715 740 741 782 783 896 897 899 900 | 527 528 551 552 560 561 594 595 608 609 620 621 629 630 665 666 702 703 713 714 715 740 741 782 783 896 897 899 900 
550 551 552 575 576 629 630 650 651 665 666 702 703 704 759 760 | 551 552 560 561 575 576 594 595 629 630 650 651 665 666 702 703 759 760 
550 551 552 575 576 620 621 665 666 702 703 704 713 714 740 741 805 806 836 837 896 897 935 936 | 551 552 560 561 575 576 594 595 620 621 665 666 702 703 713 714 740 741 805 806 836 837 896 897 935 936 
550 551 552 620 621 629 630 650 651 702 703 704 713 714 715 805 806 899 900 | 551 552 560 561 594 595 620 621 629 630 650 651 702 703 713 714 715 805 806 899 900 
527 528 550 551 552 560 561 608 609 650 651 714 715 740 741 896 897 | 550 551 608 609 650 651 713 714 715 740 741 782 783 896 897 899 900 
527 528 550 551 552 620 621 629 630 650 651 665 666 702 703 704 714 715 759 760 836 837 935 936 | 527 528 551 552 560 561 594 595 620 621 629 630 650 651 665 666 702 703 714 715 759 760 836 837 935 936 
550 551 552 620 621 629 630 650 651 702 703 704 713 714 715 782 783 836 837 899 900 935 936 | 551 552 560 561 594 595 620 621 629 630 650 651 702 703 713 714 715 782 783 836 837 899 900 935 936 
527 528 550 551 552 560 561 575 576 594 595 620 621 629 630 650 651 665 666 714 715 935 936 | 550 551 575 576 594 595 620 621 629 630 650 651 665 666 713 714 715 782 783 899 900 935 936 
527 528 550 551 560 561 575 576 608 609 650 651 665 666 702 703 714 715 740 741 759 760 805 806 896 897 | 551 552 560 561 594 595 608 609 650 651 665 666 703 704 713 714 740 741 759 760 782 783 805 806 899 900 
527 528 550 551 552 608 609 620 621 665 666 702 703 704 713 714 715 740 741 896 897 935 936 | 527 528 551 552 560 561 594 595 608 609 620 621 665 666 702 703 713 714 715 740 741 896 897 935 936 
550 551 552 620 621 629 630 665 666 702 703 704 714 715 740 741 759 760 805 806 896 897 899 900 | 551 552 560 561 594 595 620 621 629 630 665 666 702 703 714 715 740 741 759 760 805 806 896 897 899 900 
527 528 550 551 552 702 703 704 805 806 836 837 896 897 899 900 935 936 | 527 528 551 552 560 561 594 595 702 703 805 806 836 837 896 897 899 900 935 936 
527 528 550 551 552 560 561 575 576 594 595 608 609 665 666 703 704 714 715 836 837 935 936 | 550 551 575 576 594 595 608 609 665 666 703 704 713 714 715 782 783 836 837 899 900 935 936 
527 528 550 551 552 560 561 575 576 620 621 629 630 703 704 714 715 740 741 759 760 896 897 935 936 | 550 551 575 576 620 621 629 630 703 704 713 714 715 740 741 759 760 782 783 896 897 899 900 935 936 
527 528 550 551 552 629 630 665 666 702 703 704 713 714 715 740 741 759 760 935 936 | 527 528 551 552 560 561 594 595 629 630 665 666 702 703 713 714 715 740 741 759 760 935 936 
527 528 551 552 560 561 594 595 629 630 665 666 702 703 713 714 715 740 741 759 760 935 936 | 551 552 575 576 594 595 782 783 836 837 899 900 
550 551 552 594 595 608 609 620 621 650 651 935 936 | 560 561 575 576 665 666 702 703 713 714 805 806 896 897 899 900 
550 551 552 575 576 620 621 629 630 665 666 702 703 704 714 715 740 741 759 760 805 806 896 897 935 936 | 551 552 560 561 575 576 594 595 620 621 629 630 665 666 702 703 714 715 740 741 759 760 805 806 896 897 935 936 
527 528 550 551 552 560 561 575 576 594 595 608 609 650 651 665 666 703 704 714 715 740 741 | 550 551 575 576 594 595 608 609 650 651 665 666 703 704 713 714 715 740 741 782 783 899 900 
527 528 550 551 552 629 630 665 666 702 703 704 713 714 782 783 805 806 899 900 935 936 | 527 528 551 552 560 561 594 595 629 630 665 666 702 703 713 714 782 783 805 806 899 900 935 936 
527 528 550 551 552 575 576 620 621 629 630 702 703 704 714 715 740 741 759 760 782 783 899 900 935 936 | 527 528 551 552 560 561 575 576 594 595 620 621 629 630 702 703 714 715 740 741 759 760 782 783 899 900 935 936 
550 551 552 608 609 629 630 650 651 665 666 702 703 704 714 715 759 760 805 806 836 837 896 897 935 936 | 551 552 560 561 594 595 608 609 629 630 650 651 665 666 702 703 714 715 759 760 805 806 836 837 896 897 935 936 
550 551 552 575 576 608 609 620 621 665 666 702 703 704 714 715 759 760 782 783 836 837 896 897 935 936 | 551 552 560 561 575 576 594 595 608 609 620 621 665 666 702 703 714 715 759 760 782 783 836 837 896 897 935 936 
550 551 552 575 576 620 621 629 630 650 651 702 703 704 713 714 715 759 760 836 837 935 936 | 551 552 560 561 575 576 594 595 620 621 629 630 650 651 702 703 713 714 715 759 760 836 837 935 936 
550 551 552 629 630 650 651 702 703 704 805 806 | 551 552 560 561 594 595 629 630 650 651 702 703 805 806 
527 528 550 551 552 560 561 629 630 702 703 704 714 715 740 741 759 760 836 837 935 936 | 550 551 629 630 702 703 704 713 714 715 740 741 759 760 782 783 836 837 899 900 935 936 
550 551 552 575 576 608 609 629 630 665 666 702 703 704 713 714 715 782 783 805 806 | 551 552 560 561 575 576 594 595 608 609 629 630 665 666 702 703 713 714 715 782 783 805 806 
550 551 552 629 630 702 703 704 714 715 805 806 836 837 896 897 899 900 935 936 | 551 552 560 561 594 595 629 630 702 703 714 715 805 806 836 837 896 897 899 900 935 936 
527 528 550 551 552 608 609 629 630 702 703 704 713 714 759 760 805 806 836 837 | 527 528 551 552 560 561 594 595 608 609 629 630 702 703 713 714 759 760 805 806 836 837 
527 528 550 551 552 560 561 594 595 620 621 629 630 702 703 704 714 715 759 760 836 837 896 897 | 550 551 594 595 620 621 629 630 702 703 704 713 714 715 759 760 782 783 836 837 896 897 899 900 
527 528 550 551 552 560 561 594 595 608 609 620 621 650 651 702 703 714 715 759 760 805 806 836 837 | 550 551 594 595 608 609 620 621 650 651 702 703 713 714 715 759 760 782 783 805 806 836 837 899 900 
527 528 550 551 552 608 609 650 651 702 703 704 805 806 896 897 899 900 | 527 528 551 552 560 561 594 595 608 609 650 651 702 703 805 806 896 897 899 900 
527 528 550 551 552 575 576 608 609 629 630 650 651 702 703 704 713 714 715 759 760 805 806 836 837 | 527 528 551 552 560 561 575 576 594 595 608 609 629 630 650 651 702 703 713 714 715 759 760 805 806 836 837 
527 528 550 551 552 620 621 629 630 702 703 704 782 783 805 806 836 837 935 936 | 527 528 551 552 560 561 594 595 620 621 629 630 702 703 782 783 805 806 836 837 935 936 
527 528 550 551 552 575 576 608 609 620 621 665 666 702 703 704 740 741 759 760 782 783 836 837 896 897 935 936 | 527 528 551 552 560 561 575 576 594 595 608 609 620 621 665 666 702 703 740 741 759 760 782 783 836 837 896 897 935 936 
527 528 550 551 552 620 621 650 651 702 703 704 714 715 759 760 805 806 836 837 896 897 899 900 | 527 528 551 552 560 561 594 595 620 621 650 651 702 703 714 715 759 760 805 806 836 837 896 897 899 900 
550 551 552 575 576 608 609 650 651 665 666 702 703 704 713 714 759 760 805 806 836 837 896 897 935 936 | 551 552 560 561 575 576 594 595 608 609 650 651 665 666 702 703 713 714 759 760 805 806 836 837 896 897 935 936 
550 551 552 575 576 608 609 665 666 702 703 704 714 715 740 741 896 897 899 900 | 551 552 560 561 575 576 594 595 608 609 665 666 702 703 714 715 740 741 896 897 899 900 
527 528 550 551 552 575 576 650 651 702 703 704 713 714 715 782 783 805 806 836 837 896 897 | 527 528 551 552 560 561 575 576 594 595 650 651 702 703 713 714 715 782 783 805 806 836 837 896 897 
527 528 550 551 552 560 561 575 576 620 621 629 630 650 651 665 666 702 703 714 715 740 741 805 806 836 837 896 897 | 550 551 575 576 620 621 629 630 650 651 665 666 702 703 713 714 715 740 741 782 783 805 806 836 837 896 897 899 900 
527 528 550 551 552 575 576 608 609 650 651 665 666 702 703 704 713 714 715 740 741 782 783 836 837 896 897 | 527 528 551 552 560 561 575 576 594 595 608 609 650 651 665 666 702 703 713 714 715 740 741 782 783 836 837 896 897 
550 551 552 575 576 620 621 650 651 665 666 702 703 704 805 806 836 837 899 900 935 936 | 551 552 560 561 575 576 594 595 620 621 650 651 665 666 702 703 805 806 836 837 899 900 935 936 
527 528 550 551 552 575 576 702 703 704 713 714 740 741 782 783 899 900 935 936 | 527 528 551 552 560 561 575 576 594 595 702 703 713 714 740 741 782 783 899 900 935 936 
550 551 552 575 576 608 609 620 621 650 651 665 666 702 703 704 714 715 740 741 836 837 896 897 | 551 552 560 561 575 576 594 595 608 609 620 621 650 651 665 666 702 703 714 715 740 741 836 837 896 897 
527 528 550 551 552 560 561 575 576 608 609 650 651 714 715 740 741 805 806 935 936 | 550 551 575 576 608 609 650 651 713 714 715 740 741 782 783 805 806 899 900 935 936 
550 551 552 575 576 608 609 620 621 665 666 702 703 704 740 741 782 783 836 837 935 936 | 551 552 560 561 575 576 594 595 608 609 620 621 665 666 702 703 740 741 782 783 836 837 935 936 
527 528 550 551 552 560 561 575 576 594 595 608 609 620 621 650 651 665 666 702 703 704 714 715 740 741 805 806 | 550 551 575 576 594 595 608 609 620 621 650 651 665 666 702 703 704 713 714 715 740 741 782 783 805 806 899 900 
527 528 550 551 552 608 609 665 666 702 703 704 713 714 740 741 759 760 782 783 836 837 896 897 899 900 | 527 528 551 552 560 561 594 595 608 609 665 666 702 703 713 714 740 741 759 760 782 783 836 837 896 897 899 900 
550 551 552 575 576 608 609 620 621 629 630 650 651 665 666 702 703 704 713 714 715 740 741 759 760 805 806 935 936 | 551 552 560 561 575 576 594 595 608 609 620 621 629 630 650 651 665 666 702 703 713 714 715 740 741 759 760 805 806 935 936 
550 551 552 608 609 620 621 665 666 702 703 704 713 714 740 741 759 760 782 783 805 806 836 837 896 897 899 900 935 936 | 551 552 560 561 594 595 608 609 620 621 665 666 702 703 713 714 740 741 759 760 782 783 805 806 836 837 896 897 899 900 935 936 
550 551 552 575 576 620 621 650 651 665 666 702 703 704 714 715 759 760 836 837 | 551 552 560 561 575 576 594 595 620 621 650 651 665 666 702 703 714 715 759 760 836 837 
550 551 552 575 576 620 621 650 651 702 703 704 713 714 715 782 783 805 806 836 837 896 897 935 936 | 551 552 560 561 575 576 594 595 620 621 650 651 702 703 713 714 715 782 783 805 806 836 837 896 897 935 936 
550 551 552 575 576 629 630 650 651 665 666 702 703 704 713 714 715 759 760 836 837 935 936 | 551 552 560 561 575 576 594 595 629 630 650 651 665 666 702 703 713 714 715 759 760 836 837 935 936 
527 528 551 552 560 561 575 576 594 595 608 609 620 621 665 666 702 703 704 713 714 715 782 783 805 806 836 837 896 897 935 936 | 560 561 575 576 594 595 713 714 715 759 760 836 837 896 897 
527 528 550 551 552 560 561 575 576 608 609 620 621 629 630 650 651 714 715 759 760 836 837 896 897 935 936 | 550 551 575 576 608 609 620 621 629 630 650 651 713 714 715 759 760 782 783 836 837 896 897 899 900 935 936 
527 528 550 551 552 608 609 629 630 702 703 704 759 760 782 783 | 527 528 551 552 560 561 594 595 608 609 629 630 702 703 759 760 782 783 
527 528 550 551 552 560 561 575 576 594 595 620 621 629 630 714 715 759 760 805 806 836 837 896 897 | 550 551 575 576 594 595 620 621 629 630 713 714 715 759 760 782 783 805 806 836 837 896 897 899 900 
527 528 550 551 552 560 561 575 576 594 595 620 621 629 630 665 666 702 703 714 715 740 741 759 760 836 837 896 897 935 936 | 550 551 575 576 594 595 620 621 629 630 665 666 702 703 713 714 715 740 741 759 760 782 783 836 837 896 897 899 900 935 936 
527 528 550 551 552 560 561 575 576 594 595 620 621 650 651 665 666 703 704 714 715 740 741 759 760 935 936 | 550 551 575 576 594 595 620 621 650 651 665 666 703 704 713 714 715 740 741 759 760 782 783 899 900 935 936 
527 528 550 551 552 608 609 620 621 629 630 665 666 702 703 704 759 760 805 806 896 897 899 900 935 936 | 527 528 551 552 560 561 594 595 608 609 620 621 629 630 665 666 702 703 759 760 805 806 896 897 899 900 935 936 
550 551 552 608 609 629 630 665 666 702 703 704 713 714 759 760 782 783 805 806 836 837 896 897 899 900 935 936 | 551 552 560 561 594 595 608 609 629 630 665 666 702 703 713 714 759 760 782 783 805 806 836 837 896 897 899 900 935 936 
527 528 550 551 552 650 651 702 703 704 782 783 935 936 | 527 528 551 552 560 561 594 595 650 651 702 703 782 783 935 936 
527 528 550 551 552 608 609 629 630 665 666 702 703 704 714 715 740 741 782 783 836 837 899 900 935 936 | 527 528 551 552 560 561 594 595 608 609 629 630 665 666 702 703 714 715 740 741 782 783 836 837 899 900 935 936 
527 528 550 551 552 560 561 575 576 620 621 665 666 703 704 714 715 759 760 896 897 935 936 | 550 551 575 576 620 621 665 666 703 704 713 714 715 759 760 782 783 896 897 899 900 935 936 
550 551 552 608 609 620 621 665 666 702 703 704 714 715 805 806 836 837 896 897 899 900 | 551 552 560 561 594 595 608 609 620 621 665 666 702 703 714 715 805 806 836 837 896 897 899 900 
550 551 552 608 609 620 621 629 630 650 651 665 666 702 703 704 713 714 740 741 805 806 836 837 896 897 899 900 935 936 | 551 552 560 561 594 595 608 609 620 621 629 630 650 651 665 666 702 703 713 714 740 741 805 806 836 837 896 897 899 900 935 936 
550 551 552 575 576 620 621 629 630 665 666 702 703 704 782 783 805 806 836 837 | 551 552 560 561 575 576 594 595 620 621 629 630 665 666 702 703 782 783 805 806 836 837 
527 528 550 551 552 560 561 620 621 665 666 702 703 714 715 836 837 935 936 | 550 551 620 621 665 666 702 703 713 714 715 782 783 836 837 899 900 935 936 
527 528 550 551 552 560 561 575 576 650 651 714 715 740 741 805 806 836 837 935 936 | 550 551 575 576 650 651 713 714 715 740 741 782 783 805 806 836 837 899 900 935 936 
527 528 550 551 552 608 609 629 630 665 666 702 703 704 713 714 715 740 741 759 760 782 783 805 806 836 837 896 897 899 900 | 527 528 551 552 560 561 594 595 608 609 629 630 665 666 702 703 713 714 715 740 741 759 760 782 783 805 806 836 837 896 897 899 900 
527 528 550 551 552 608 609 620 621 629 630 665 666 702 703 704 713 714 715 740 741 836 837 935 936 | 527 528 551 552 560 561 594 595 608 609 620 621 629 630 665 666 702 703 713 714 715 740 741 836 837 935 936 
527 528 551 552 560 561 594 595 608 609 620 621 629 630 650 651 702 703 704 713 714 836 837 896 897 935 936 | 550 551 560 561 608 609 629 630 650 651 703 704 782 783 805 806 836 837 899 900 935 936 
527 528 550 551 552 575 576 620 621 702 703 704 713 714 715 836 837 896 897 899 900 | 527 528 551 552 560 561 575 576 594 595 620 621 702 703 713 714 715 836 837 896 897 899 900 
527 528 550 551 552 560 561 594 595 650 651 665 666 703 704 714 715 805 806 836 837 896 897 | 550 551 594 595 650 651 665 666 703 704 713 714 715 782 783 805 806 836 837 896 897 899 900 
550 551 552 608 609 620 621 702 703 704 713 714 759 760 805 806 836 837 935 936 | 551 552 560 561 594 595 608 609 620 621 702 703 713 714 759 760 805 806 836 837 935 936 
527 528 550 551 552 560 561 594 595 665 666 702 703 714 715 740 741 805 806 896 897 935 936 | 550 551 594 595 665 666 702 703 713 714 715 740 741 782 783 805 806 896 897 899 900 935 936 
527 528 550 551 560 561 575 576 665 666 702 703 714 715 740 741 896 897 | 551 552 560 561 594 595 665 666 703 704 713 714 740 741 782 783 899 900 
527 528 550 551 552 575 576 594 595 608 609 629 630 665 666 702 703 704 713 714 740 741 759 760 896 897 | 550 551 560 561 594 595 608 609 620 621 629 630 650 651 665 666 702 703 740 741 759 760 782 783 805 806 899 900 
527 528 560 561 594 595 703 704 713 714 715 836 837 899 900 935 936 | 550 551 552 575 576 594 595 608 609 620 621 629 630 702 703 704 714 715 740 741 759 760 
550 551 552 608 609 620 621 702 703 704 714 715 759 760 805 806 896 897 935 936 | 551 552 560 561 594 595 608 609 620 621 702 703 714 715 759 760 805 806 896 897 935 936 
550 551 552 620 621 629 630 702 703 704 713 714 740 741 759 760 805 806 | 551 552 560 561 594 595 620 621 629 630 702 703 713 714 740 741 759 760 805 806 
550 551 552 608 609 629 630 665 666 702 703 704 896 897 899 900 935 936 | 551 552 560 561 594 595 608 609 629 630 665 666 702 703 896 897 899 900 935 936 
527 528 550 551 552 575 576 608 609 629 630 650 651 702 703 704 713 714 715 759 760 805 806 836 837 935 936 | 527 528 551 552 560 561 575 576 594 595 608 609 629 630 650 651 702 703 713 714 715 759 760 805 806 836 837 935 936 
527 528 550 551 552 575 576 620 621 665 666 702 703 704 782 783 805 806 836 837 896 897 | 527 528 551 552 560 561 575 576 594 595 620 621 665 666 702 703 782 783 805 806 836 837 896 897 
527 528 550 551 552 650 651 665 666 702 703 704 714 715 740 741 759 760 782 783 805 806 899 900 | 527 528 551 552 560 561 594 595 650 651 665 666 702 703 714 715 740 741 759 760 782 783 805 806 899 900 
527 528 550 551 552 560 561 594 595 608 609 650 651 665 666 703 704 714 715 935 936 | 550 551 594 595 608 609 650 651 665 666 703 704 713 714 715 782 783 899 900 935 936 
550 551 552 575 576 620 621 665 666 702 703 704 714 715 740 741 782 783 805 806 836 837 896 897 | 551 552 560 561 575 576 594 595 620 621 665 666 702 703 714 715 740 741 782 783 805 806 836 837 896 897 
527 528 550 551 552 608 609 650 651 665 666 702 703 704 714 715 740 741 759 760 782 783 896 897 935 936 | 527 528 551 552 560 561 594 595 608 609 650 651 665 666 702 703 714 715 740 741 759 760 782 783 896 897 935 936 
550 551 552 608 609 629 630 665 666 702 703 704 | 551 552 560 561 594 595 608 609 629 630 665 666 702 703 
550 551 552 620 621 702 703 704 713 714 759 760 782 783 896 897 935 936 | 551 552 560 561 594 595 620 621 702 703 713 714 759 760 782 783 896 897 935 936 
527 528 550 551 552 560 561 575 576 594 595 620 621 665 666 702 703 704 713 714 715 759 760 896 897 935 936 | 550 551 575 576 594 595 665 666 703 704 714 715 759 760 782 783 805 806 899 900 935 936 
550 551 552 650 651 665 666 702 703 704 713 714 740 741 759 760 782 783 805 806 836 837 | 551 552 560 561 594 595 650 651 665 666 702 703 713 714 740 741 759 760 782 783 805 806 836 837 
527 528 550 551 552 620 621 629 630 665 666 702 703 704 713 714 715 759 760 782 783 805 806 836 837 896 897 899 900 935 936 | 527 528 551 552 560 561 594 595 620 621 629 630 665 666 702 703 713 714 715 759 760 782 783 805 806 836 837 896 897 899 900 935 936 
527 528 550 551 620 621 665 666 702 703 713 714 715 740 741 782 783 896 897 899 900 935 936 | 527 528 551 552 560 561 575 576 594 595 620 621 665 666 703 704 713 714 740 741 782 783 899 900 935 936 
527 528 550 551 552 575 576 620 621 629 630 650 651 702 703 704 713 714 715 740 741 759 760 805 806 896 897 899 900 | 527 528 551 552 560 561 575 576 594 595 620 621 629 630 650 651 702 703 713 714 715 740 741 759 760 805 806 896 897 899 900 
527 528 550 551 552 608 609 620 621 629 630 702 703 704 713 714 740 741 759 760 805 806 935 936 | 527 528 551 552 560 561 594 595 608 609 620 621 629 630 702 703 713 714 740 741 759 760 805 806 935 936 
527 528 550 551 552 575 576 702 703 704 713 714 740 741 782 783 896 897 899 900 | 527 528 551 552 560 561 575 576 594 595 702 703 713 714 740 741 782 783 896 897 899 900 
527 528 550 551 552 608 609 620 621 629 630 650 651 665 666 702 703 704 740 741 759 760 836 837 899 900 | 527 528 551 552 560 561 594 595 608 609 620 621 629 630 650 651 665 666 702 703 740 741 759 760 836 837 899 900 
527 528 550 551 552 575 576 620 621 702 703 704 713 714 805 806 896 897 899 900 | 527 528 551 552 560 561 575 576 594 595 620 621 702 703 713 714 805 806 896 897 899 900 
527 528 550 551 552 575 576 650 651 702 703 704 740 741 759 760 805 806 899 900 | 527 528 551 552 560 561 575 576 594 595 650 651 702 703 740 741 759 760 805 806 899 900 
527 528 550 551 552 608 609 665 666 702 703 704 713 714 715 740 741 782 783 805 806 896 897 | 527 528 551 552 560 561 594 595 608 609 665 666 702 703 713 714 715 740 741 782 783 805 806 896 897 
527 528 550 551 552 575 576 608 609 620 621 629 630 650 651 702 703 704 713 714 715 759 760 782 783 805 806 836 837 896 897 899 900 | 527 528 551 552 560 561 575 576 594 595 608 609 620 621 629 630 650 651 702 703 713 714 715 759 760 782 783 805 806 836 837 896 897 899 900 
527 528 550 551 552 575 576 608 609 620 621 629 630 650 651 665 666 702 703 704 713 714 759 760 836 837 935 936 | 527 528 551 552 560 561 575 576 594 595 608 609 620 621 629 630 650 651 665 666 702 703 713 714 759 760 836 837 935 936 
550 551 552 575 576 608 609 702 703 704 714 715 759 760 782 783 896 897 899 900 | 551 552 560 561 575 576 594 595 608 609 702 703 714 715 759 760 782 783 896 897 899 900 
527 528 550 551 552 575 576 620 621 650 651 665 666 702 703 704 713 714 715 896 897 899 900 | 527 528 551 552 560 561 575 576 594 595 620 621 650 651 665 666 702 703 713 714 715 896 897 899 900 
527 528 550 551 552 575 576 620 621 629 630 702 703 704 714 715 740 741 805 806 836 837 | 527 528 551 552 560 561 575 576 594 595 620 621 629 630 702 703 714 715 740 741 805 806 836 837 
527 528 550 551 552 575 576 608 609 665 666 702 703 704 713 714 740 741 782 783 836 837 899 900 935 936 | 527 528 551 552 560 561 575 576 594 595 608 609 665 666 702 703 713 714 740 741 782 783 836 837 899 900 935 936 
527 528 550 551 608 609 620 621 665 666 702 703 713 714 715 782 783 805 806 896 897 | 527 528 551 552 560 561 575 576 594 595 608 609 620 621 665 666 703 704 713 714 782 783 805 806 
550 551 552 575 576 608 609 629 630 665 666 702 703 704 714 715 740 741 836 837 896 897 | 551 552 560 561 575 576 594 595 608 609 629 630 665 666 702 703 714 715 740 741 836 837 896 897 
550 551 552 575 576 620 621 629 630 650 651 702 703 704 740 741 759 760 836 837 | 551 552 560 561 575 576 594 595 620 621 629 630 650 651 702 703 740 741 759 760 836 837 
527 528 550 551 552 575 576 620 621 650 651 665 666 702 703 704 713 714 715 782 783 805 806 836 837 | 527 528 551 552 560 561 575 576 594 595 620 621 650 651 665 666 702 703 713 714 715 782 783 805 806 836 837 
527 528 550 551 552 650 651 665 666 702 703 704 713 714 782 783 836 837 899 900 | 527 528 551 552 560 561 594 595 650 651 665 666 702 703 713 714 782 783 836 837 899 900 
527 528 550 551 552 608 609 620 621 629 630 702 703 704 714 715 740 741 759 760 805 806 935 936 | 527 528 551 552 560 561 594 595 608 609 620 621 629 630 702 703 714 715 740 741 759 760 805 806 935 936 
550 551 552 608 609 629 630 650 651 665 666 702 703 704 713 714 759 760 836 837 896 897 935 936 | 551 552 560 561 594 595 608 609 629 630 650 651 665 666 702 703 713 714 759 760 836 837 896 897 935 936 
550 551 552 608 609 620 621 665 666 702 703 704 713 714 759 760 836 837 899 900 935 936 | 551 552 560 561 594 595 608 609 620 621 665 666 702 703 713 714 759 760 836 837 899 900 935 936 
550 551 552 665 666 702 703 704 713 714 715 740 741 759 760 836 837 896 897 899 900 935 936 | 551 552 560 561 594 595 665 666 702 703 713 714 715 740 741 759 760 836 837 896 897 899 900 935 936 
527 528 550 551 552 560 561 594 595 608 609 629 630 650 651 703 704 714 715 740 741 759 760 805 806 935 936 | 550 551 594 595 608 609 629 630 650 651 703 704 713 714 715 740 741 759 760 782 783 805 806 899 900 935 936 
527 528 550 551 552 575 576 620 621 629 630 665 666 702 703 704 713 714 740 741 782 783 836 837 899 900 | 527 528 551 552 560 561 575 576 594 595 620 621 629 630 665 666 702 703 713 714 740 741 782 783 836 837 899 900 
550 551 552 575 576 608 609 650 651 702 703 704 740 741 836 837 | 551 552 560 561 575 576 594 595 608 609 650 651 702 703 740 741 836 837 
527 528 550 551 552 620 621 629 630 650 651 702 703 704 759 760 782 783 896 897 935 936 | 527 528 551 552 560 561 594 595 620 621 629 630 650 651 702 703 759 760 782 783 896 897 935 936 
527 528 550 551 552 620 621 629 630 650 651 665 666 702 703 704 713 714 715 740 741 782 783 805 806 896 897 899 900 935 936 | 527 528 551 552 560 561 594 595 620 621 629 630 650 651 665 666 702 703 713 714 715 740 741 782 783 805 806 896 897 899 900 935 936 
550 551 552 575 576 620 621 702 703 704 759 760 782 783 896 897 899 900 | 551 552 560 561 575 576 594 595 620 621 702 703 759 760 782 783 896 897 899 900 
550 551 552 575 576 702 703 704 713 714 740 741 759 760 782 783 836 837 899 900 935 936 | 551 552 560 561 575 576 594 595 702 703 713 714 740 741 759 760 782 783 836 837 899 900 935 936 
550 551 552 575 576 620 621 629 630 650 651 702 703 704 714 715 740 741 759 760 896 897 899 900 | 551 552 560 561 575 576 594 595 620 621 629 630 650 651 702 703 714 715 740 741 759 760 896 897 899 900 
550 551 552 629 630 650 651 665 666 702 703 704 713 714 715 740 741 759 760 805 806 896 897 | 551 552 560 561 594 595 629 630 650 651 665 666 702 703 713 714 715 740 741 759 760 805 806 896 897 
550 551 552 620 621 702 703 704 713 714 715 759 760 805 806 836 837 899 900 | 551 552 560 561 594 595 620 621 702 703 713 714 715 759 760 805 806 836 837 899 900 
550 551 552 575 576 608 609 629 630 702 703 704 713 714 715 759 760 782 783 805 806 896 897 899 900 935 936 | 551 552 560 561 575 576 594 595 608 609 629 630 702 703 713 714 715 759 760 782 783 805 806 896 897 899 900 935 936 
550 551 552 575 576 608 609 629 630 665 666 702 703 704 714 715 759 760 782 783 896 897 899 900 935 936 | 551 552 560 561 575 576 594 595 608 609 629 630 665 666 702 703 714 715 759 760 782 783 896 897 899 900 935 936 
550 551 552 608 609 629 630 702 703 704 714 715 759 760 782 783 | 551 552 560 561 594 595 608 609 629 630 702 703 714 715 759 760 782 783 
550 551 552 650 651 665 666 702 703 704 714 715 740 741 782 783 805 806 836 837 896 897 | 551 552 560 561 594 595 650 651 665 666 702 703 714 715 740 741 782 783 805 806 836 837 896 897 
550 551 552 575 576 608 609 629 630 665 666 702 703 704 740 741 759 760 782 783 805 806 935 936 | 551 552 560 561 575 576 594 595 608 609 629 630 665 666 702 703 740 741 759 760 782 783 805 806 935 936 
527 528 550 551 552 560 561 575 576 594 595 608 609 620 621 703 704 714 715 805 806 896 897 935 936 | 550 551 575 576 594 595 608 609 620 621 703 704 713 714 715 782 783 805 806 896 897 899 900 935 936 
527 528 550 551 552 575 576 620 621 650 651 665 666 702 703 704 713 714 740 741 759 760 896 897 899 900 | 527 528 551 552 560 561 575 576 594 595 620 621 650 651 665 666 702 703 713 714 740 741 759 760 896 897 899 900 
527 528 550 551 552 575 576 608 609 620 621 629 630 650 651 702 703 704 740 741 759 760 805 806 836 837 896 897 899 900 | 527 528 551 552 560 561 575 576 594 595 608 609 620 621 629 630 650 651 702 703 740 741 759 760 805 806 836 837 896 897 899 900 
527 528 550 551 552 560 561 575 576 594 595 608 609 650 651 703 704 714 715 | 550 551 575 576 594 595 608 609 650 651 703 704 713 714 715 782 783 899 900 
550 551 552 608 609 629 630 650 651 702 703 704 713 714 715 805 806 899 900 935 936 | 551 552 560 561 594 595 608 609 629 630 650 651 702 703 713 714 715 805 806 899 900 935 936 
550 551 552 575 576 608 609 702 703 704 740 741 782 783 836 837 899 900 935 936 | 551 552 560 561 575 576 594 595 608 609 702 703 740 741 782 783 836 837 899 900 935 936 
550 551 552 608 609 620 621 665 666 702 703 704 713 714 759 760 805 806 836 837 896 897 935 936 | 551 552 560 561 594 595 608 609 620 621 665 666 702 703 713 714 759 760 805 806 836 837 896 897 935 936 
550 551 552 620 621 650 651 702 703 704 714 715 740 741 782 783 805 806 836 837 | 551 552 560 561 594 595 620 621 650 651 702 703 714 715 740 741 782 783 805 806 836 837 
527 528 550 551 552 575 576 608 609 620 621 629 630 650 651 702 703 704 713 714 715 740 741 836 837 896 897 | 527 528 551 552 560 561 575 576 594 595 608 609 620 621 629 630 650 651 702 703 713 714 715 740 741 836 837 896 897 
527 528 550 551 552 608 609 629 630 702 703 704 836 837 935 936 | 527 528 551 552 560 561 594 595 608 609 629 630 702 703 836 837 935 936 
527 528 550 551 552 608 609 629 630 665 666 702 703 704 713 714 740 741 896 897 | 527 528 551 552 560 561 594 595 608 609 629 630 665 666 702 703 713 714 740 741 896 897 
527 528 550 551 552 608 609 629 630 702 703 704 782 783 896 897 935 936 | 527 528 551 552 560 561 594 595 608 609 629 630 702 703 782 783 896 897 935 936 
527 528 550 551 552 620 621 629 630 650 651 702 703 704 713 714 715 740 741 759 760 896 897 899 900 | 527 528 551 552 560 561 594 595 620 621 629 630 650 651 702 703 713 714 715 740 741 759 760 896 897 899 900 
550 551 552 575 576 665 666 702 703 704 740 741 782 783 836 837 896 897 899 900 | 551 552 560 561 575 576 594 595 665 666 702 703 740 741 782 783 836 837 896 897 899 900 
550 551 552 575 576 650 651 702 703 704 713 714 740 741 759 760 805 806 836 837 896 897 | 551 552 560 561 575 576 594 595 650 651 702 703 713 714 740 741 759 760 805 806 836 837 896 897 
550 551 552 575 576 665 666 702 703 704 714 715 740 741 805 806 899 900 935 936 | 551 552 560 561 575 576 594 595 665 666 702 703 714 715 740 741 805 806 899 900 935 936 
550 551 552 608 609 620 621 650 651 702 703 704 713 714 740 741 759 760 782 783 805 806 899 900 | 551 552 560 561 594 595 608 609 620 621 650 651 702 703 713 714 740 741 759 760 782 783 805 806 899 900 
527 528 550 551 552 560 561 575 576 702 703 704 714 715 759 760 805 806 836 837 | 550 551 575 576 702 703 704 713 714 715 759 760 782 783 805 806 836 837 899 900 
527 528 550 551 608 609 650 651 665 666 702 703 713 714 715 740 741 759 760 805 806 836 837 896 897 935 936 | 527 528 551 552 560 561 575 576 594 595 608 609 650 651 665 666 703 704 713 714 740 741 759 760 805 806 836 837 935 936 
527 528 550 551 552 560 561 575 576 594 595 665 666 702 703 713 714 715 896 897 | 550 551 594 595 620 621 650 651 665 666 702 703 714 715 782 783 805 806 899 900 
550 551 552 629 630 650 651 665 666 702 703 704 740 741 759 760 782 783 836 837 896 897 899 900 935 936 | 551 552 560 561 594 595 629 630 650 651 665 666 702 703 740 741 759 760 782 783 836 837 896 897 899 900 935 936 
550 551 552 575 576 608 609 620 621 650 651 665 666 702 703 704 713 714 759 760 805 806 896 897 899 900 | 551 552 560 561 575 576 594 595 608 609 620 621 650 651 665 666 702 703 713 714 759 760 805 806 896 897 899 900 
527 528 550 551 552 608 609 620 621 650 651 665 666 702 703 704 714 715 740 741 759 760 782 783 805 806 836 837 896 897 935 936 | 527 528 551 552 560 561 594 595 608 609 620 621 650 651 665 666 702 703 714 715 740 741 759 760 782 783 805 806 836 837 896 897 935 936 
527 528 550 551 552 560 561 575 576 650 651 665 666 714 715 896 897 | 550 551 575 576 650 651 665 666 713 714 715 782 783 896 897 899 900 
527 528 550 551 552 560 561 575 576 608 609 665 666 702 703 704 714 715 805 806 836 837 | 550 551 575 576 608 609 665 666 702 703 704 713 714 715 782 783 805 806 836 837 899 900 
527 528 550 551 552 560 561 575 576 620 621 629 630 702 703 714 715 740 741 759 760 935 936 | 550 551 575 576 620 621 629 630 702 703 713 714 715 740 741 759 760 782 783 899 900 935 936 
550 551 552 608 609 629 630 702 703 704 836 837 896 897 899 900 | 551 552 560 561 594 595 608 609 629 630 702 703 836 837 896 897 899 900 
527 528 550 551 552 560 561 575 576 594 595 608 609 620 621 629 630 702 703 704 713 714 715 740 741 896 897 935 936 | 550 551 575 576 594 595 608 609 629 630 703 704 714 715 740 741 782 783 805 806 899 900 935 936 
550 551 552 575 576 620 621 629 630 665 666 702 703 704 714 715 740 741 759 760 782 783 836 837 | 551 552 560 561 575 576 594 595 620 621 629 630 665 666 702 703 714 715 740 741 759 760 782 783 836 837 
527 528 550 551 608 609 629 630 650 651 665 666 702 703 713 714 715 836 837 896 897 | 527 528 551 552 560 561 575 576 594 595 608 609 629 630 650 651 665 666 703 704 713 714 836 837 
527 528 550 551 552 575 576 650 651 665 666 702 703 704 713 714 715 740 741 935 936 | 527 528 551 552 560 561 575 576 594 595 650 651 665 666 702 703 713 714 715 740 741 935 936 
527 528 550 551 552 629 630 650 651 702 703 704 714 715 740 741 759 760 782 783 805 806 896 897 899 900 935 936 | 527 528 551 552 560 561 594 595 629 630 650 651 702 703 714 715 740 741 759 760 782 783 805 806 896 897 899 900 935 936 
550 551 552 575 576 608 609 620 621 665 666 702 703 704 740 741 759 760 782 783 805 806 896 897 935 936 | 551 552 560 561 575 576 594 595 608 609 620 621 665 666 702 703 740 741 759 760 782 783 805 806 896 897 935 936 
550 551 552 629 630 650 651 702 703 704 740 741 899 900 935 936 | 551 552 560 561 594 595 629 630 650 651 702 703 740 741 899 900 935 936 
550 551 552 608 609 620 621 650 651 665 666 702 703 704 714 715 740 741 805 806 899 900 935 936 | 551 552 560 561 594 595 608 609 620 621 650 651 665 666 702 703 714 715 740 741 805 806 899 900 935 936 
527 528 550 551 552 560 561 594 595 608 609 620 621 629 630 665 666 702 703 704 714 715 740 741 759 760 805 806 836 837 896 897 | 550 551 594 595 608 609 620 621 629 630 665 666 702 703 704 713 714 715 740 741 759 760 782 783 805 806 836 837 896 897 899 900 
550 551 552 575 576 608 609 629 630 702 703 704 782 783 836 837 899 900 935 936 | 551 552 560 561 575 576 594 595 608 609 629 630 702 703 782 783 836 837 899 900 935 936 
550 551 552 665 666 702 703 704 713 714 782 783 836 837 896 897 935 936 | 551 552 560 561 594 595 665 666 702 703 713 714 782 783 836 837 896 897 935 936 
527 528 550 551 552 665 666 702 703 704 713 714 740 741 759 760 899 900 | 527 528 551 552 560 561 594 595 665 666 702 703 713 714 740 741 759 760 899 900 
527 528 550 551 552 560 561 575 576 594 595 608 609 620 621 665 666 702 703 704 714 715 805 806 896 897 935 936 | 550 551 575 576 594 595 608 609 620 621 665 666 702 703 704 713 714 715 782 783 805 806 896 897 899 900 935 936 
550 551 552 608 609 650 651 665 666 702 703 704 714 715 740 741 899 900 | 551 552 560 561 594 595 608 609 650 651 665 666 702 703 714 715 740 741 899 900 
527 528 550 551 552 575 576 629 630 650 651 665 666 702 703 704 740 741 759 760 782 783 896 897 935 936 | 527 528 551 552 560 561 575 576 594 595 629 630 650 651 665 666 702 703 740 741 759 760 782 783 896 897 935 936 
550 551 552 575 576 608 609 665 666 702 703 704 714 715 759 760 805 806 935 936 | 551 552 560 561 575 576 594 595 608 609 665 666 702 703 714 715 759 760 805 806 935 936 
527 528 550 551 552 575 576 608 609 620 621 650 651 702 703 704 714 715 740 741 836 837 899 900 | 527 528 551 552 560 561 575 576 594 595 608 609 620 621 650 651 702 703 714 715 740 741 836 837 899 900 
527 528 550 551 552 575 576 665 666 702 703 704 782 783 896 897 899 900 | 527 528 551 552 560 561 575 576 594 595 665 666 702 703 782 783 896 897 899 900 
550 551 552 629 630 665 666 702 703 704 740 741 759 760 805 806 899 900 935 936 | 551 552 560 561 594 595 629 630 665 666 702 703 740 741 759 760 805 806 899 900 935 936 
550 551 620 621 629 630 665 666 702 703 713 714 715 740 741 782 783 805 806 896 897 | 551 552 560 561 575 576 594 595 620 621 629 630 665 666 703 704 713 714 740 741 782 783 805 806 
550 551 552 575 576 608 609 620 621 629 630 665 666 702 703 704 713 714 740 741 759 760 836 837 896 897 899 900 | 551 552 560 561 575 576 594 595 608 609 620 621 629 630 665 666 702 703 713 714 740 741 759 760 836 837 896 897 899 900 
527 528 550 551 552 575 576 629 630 650 651 665 666 702 703 704 714 715 759 760 782 783 899 900 935 936 | 527 528 551 552 560 561 575 576 594 595 629 630 650 651 665 666 702 703 714 715 759 760 782 783 899 900 935 936 
527 528 550 551 552 575 576 702 703 704 740 741 759 760 836 837 899 900 935 936 | 527 528 551 552 560 561 575 576 594 595 702 703 740 741 759 760 836 837 899 900 935 936 
527 528 550 551 552 575 576 620 621 629 630 650 651 702 703 704 740 741 782 783 899 900 | 527 528 551 552 560 561 575 576 594 595 620 621 629 630 650 651 702 703 740 741 782 783 899 900 
527 528 550 551 552 575 576 608 609 702 703 704 714 715 805 806 836 837 899 900 935 936 | 527 528 551 552 560 561 575 576 594 595 608 609 702 703 714 715 805 806 836 837 899 900 935 936 
527 528 550 551 552 575 576 608 609 629 630 702 703 704 713 714 805 806 899 900 | 527 528 551 552 560 561 575 576 594 595 608 609 629 630 702 703 713 714 805 806 899 900 
550 551 552 575 576 608 609 620 621 629 630 665 666 702 703 704 713 714 805 806 896 897 899 900 | 551 552 560 561 575 576 594 595 608 609 620 621 629 630 665 666 702 703 713 714 805 806 896 897 899 900 
550 551 552 575 576 608 609 629 630 650 651 702 703 704 759 760 805 806 899 900 935 936 | 551 552 560 561 575 576 594 595 608 609 629 630 650 651 702 703 759 760 805 806 899 900 935 936 
550 551 552 575 576 650 651 665 666 702 703 704 740 741 805 806 896 897 899 900 | 551 552 560 561 575 576 594 595 650 651 665 666 702 703 740 741 805 806 896 897 899 900 
527 528 550 551 552 560 561 575 576 594 595 650 651 703 704 714 715 759 760 836 837 896 897 | 550 551 575 576 594 595 650 651 703 704 713 714 715 759 760 782 783 836 837 896 897 899 900 
527 528 550 551 552 560 561 575 576 620 621 665 666 702 703 714 715 836 837 896 897 935 936 | 550 551 575 576 620 621 665 666 702 703 713 714 715 782 783 836 837 896 897 899 900 935 936 
527 528 550 551 552 575 576 620 621 665 666 702 703 704 836 837 935 936 | 527 528 551 552 560 561 575 576 594 595 620 621 665 666 702 703 836 837 935 936 
527 528 550 551 552 560 561 594 595 703 704 714 715 805 806 836 837 | 550 551 594 595 703 704 713 714 715 782 783 805 806 836 837 899 900 
550 551 552 575 576 608 609 702 703 704 714 715 740 741 759 760 782 783 805 806 | 551 552 560 561 575 576 594 595 608 609 702 703 714 715 740 741 759 760 782 783 805 806 
527 528 550 551 552 575 576 629 630 650 651 702 703 704 713 714 740 741 759 760 782 783 805 806 | 527 528 551 552 560 561 575 576 594 595 629 630 650 651 702 703 713 714 740 741 759 760 782 783 805 806 
527 528 550 551 552 560 561 575 576 594 595 629 630 713 714 715 836 837 896 897 | 550 551 594 595 620 621 629 630 650 651 714 715 782 783 805 806 836 837 899 900 
527 528 550 551 552 608 609 629 630 702 703 704 713 714 715 740 741 896 897 935 936 | 527 528 551 552 560 561 594 595 608 609 629 630 702 703 713 714 715 740 741 896 897 935 936 
550 551 552 575 576 629 630 665 666 702 703 704 714 715 759 760 836 837 896 897 | 551 552 560 561 575 576 594 595 629 630 665 666 702 703 714 715 759 760 836 837 896 897 
527 528 550 551 552 575 576 650 651 665 666 702 703 704 713 714 715 740 741 782 783 899 900 | 527 528 551 552 560 561 575 576 594 595 650 651 665 666 702 703 713 714 715 740 741 782 783 899 900 
527 528 550 551 552 575 576 629 630 650 651 702 703 704 714 715 740 741 805 806 896 897 | 527 528 551 552 560 561 575 576 594 595 629 630 650 651 702 703 714 715 740 741 805 806 896 897 
550 551 552 665 666 702 703 704 714 715 740 741 759 760 782 783 805 806 896 897 | 551 552 560 561 594 595 665 666 702 703 714 715 740 741 759 760 782 783 805 806 896 897 
527 528 550 551 552 560 561 594 595 608 609 650 651 665 666 702 703 714 715 805 806 836 837 896 897 935 936 | 550 551 594 595 608 609 650 651 665 666 702 703 713 714 715 782 783 805 806 836 837 896 897 899 900 935 936 
527 528 550 551 552 620 621 629 630 650 651 702 703 704 714 715 740 741 782 783 805 806 836 837 896 897 935 936 | 527 528 551 552 560 561 594 595 620 621 629 630 650 651 702 703 714 715 740 741 782 783 805 806 836 837 896 897 935 936 
527 528 550 551 552 608 609 620 621 629 630 650 651 702 703 704 713 714 715 759 760 836 837 896 897 899 900 935 936 | 527 528 551 552 560 561 594 595 608 609 620 621 629 630 650 651 702 703 713 714 715 759 760 836 837 896 897 899 900 935 936 
527 528 550 551 552 560 561 575 576 594 595 608 609 620 621 629 630 702 703 704 713 714 715 759 760 896 897 935 936 | 550 551 575 576 594 595 608 609 629 630 703 704 714 715 759 760 782 783 805 806 899 900 935 936 
550 551 552 608 609 629 630 665 666 702 703 704 714 715 740 741 759 760 782 783 836 837 896 897 899 900 | 551 552 560 561 594 595 608 609 629 630 665 666 702 703 714 715 740 741 759 760 782 783 836 837 896 897 899 900 
550 551 552 608 609 665 666 702 703 704 714 715 740 741 836 837 935 936 | 551 552 560 561 594 595 608 609 665 666 702 703 714 715 740 741 836 837 935 936 
527 528 550 551 552 560 561 594 595 702 703 714 715 740 741 805 806 836 837 935 936 | 550 551 594 595 702 703 713 714 715 740 741 782 783 805 806 836 837 899 900 935 936 
527 528 550 551 552 560 561 575 576 608 609 714 715 740 741 759 760 836 837 896 897 935 936 | 550 551 575 576 608 609 713 714 715 740 741 759 760 782 783 836 837 896 897 899 900 935 936 
527 528 550 551 552 560 561 594 595 629 630 650 651 665 666 714 715 740 741 759 760 805 806 836 837 935 936 | 550 551 594 595 629 630 650 651 665 666 713 714 715 740 741 759 760 782 783 805 806 836 837 899 900 935 936 
527 528 550 551 552 560 561 575 576 594 595 629 630 702 703 704 714 715 759 760 805 806 836 837 | 550 551 575 576 594 595 629 630 702 703 704 713 714 715 759 760 782 783 805 806 836 837 899 900 
527 528 551 552 575 576 594 595 608 609 665 666 703 704 740 741 782 783 805 806 836 837 896 897 935 936 | 594 595 620 621 650 651 740 741 759 760 836 837 896 897 
550 551 552 650 651 702 703 704 714 715 805 806 836 837 896 897 899 900 | 551 552 560 561 594 595 650 651 702 703 714 715 805 806 836 837 896 897 899 900 
527 528 550 551 552 575 576 608 609 629 630 650 651 702 703 704 713 714 740 741 759 760 782 783 935 936 | 527 528 551 552 560 561 575 576 594 595 608 609 629 630 650 651 702 703 713 714 740 741 759 760 782 783 935 936 
527 528 550 551 552 608 609 629 630 650 651 665 666 702 703 704 713 714 759 760 805 806 | 527 528 551 552 560 561 594 595 608 609 629 630 650 651 665 666 702 703 713 714 759 760 805 806 
550 551 552 575 576 608 609 620 621 665 666 702 703 704 714 715 759 760 836 837 | 551 552 560 561 575 576 594 595 608 609 620 621 665 666 702 703 714 715 759 760 836 837 
527 528 550 551 552 665 666 702 703 704 714 715 740 741 782 783 805 806 836 837 896 897 899 900 | 527 528 551 552 560 561 594 595 665 666 702 703 714 715 740 741 782 783 805 806 836 837 896 897 899 900 
550 551 552 575 576 608 609 650 651 665 666 702 703 704 759 760 782 783 805 806 836 837 935 936 | 551 552 560 561 575 576 594 595 608 609 650 651 665 666 702 703 759 760 782 783 805 806 836 837 935 936 
550 551 552 608 609 620 621 629 630 650 651 665 666 702 703 704 713 714 759 760 782 783 805 806 896 897 935 936 | 551 552 560 561 594 595 608 609 620 621 629 630 650 651 665 666 702 703 713 714 759 760 782 783 805 806 896 897 935 936 
527 528 550 551 560 561 575 576 608 609 620 621 650 651 702 703 714 715 740 741 836 837 896 897 935 936 | 551 552 560 561 594 595 608 609 620 621 650 651 703 704 713 714 740 741 782 783 836 837 899 900 935 936 
527 528 550 551 608 609 650 651 702 703 713 714 715 740 741 782 783 805 806 896 897 | 527 528 551 552 560 561 575 576 594 595 608 609 650 651 703 704 713 714 740 741 782 783 805 806 
527 528 550 551 552 608 609 629 630 650 651 665 666 702 703 704 713 714 740 741 836 837 896 897 | 527 528 551 552 560 561 594 595 608 609 629 630 650 651 665 666 702 703 713 714 740 741 836 837 896 897 
527 528 550 551 552 575 576 608 609 620 621 629 630 650 651 665 666 702 703 704 714 715 782 783 935 936 | 527 528 551 552 560 561 575 576 594 595 608 609 620 621 629 630 650 651 665 666 702 703 714 715 782 783 935 936 
527 528 550 551 702 703 713 714 715 759 760 782 783 836 837 896 897 935 936 | 527 528 551 552 560 561 575 576 594 595 703 704 713 714 759 760 782 783 836 837 935 936 
527 528 550 551 552 620 621 665 666 702 703 704 759 760 782 783 836 837 896 897 935 936 | 527 528 551 552 560 561 594 595 620 621 665 666 702 703 759 760 782 783 836 837 896 897 935 936 
527 528 550 551 629 630 702 703 713 714 715 740 741 896 897 935 936 | 527 528 551 552 560 561 575 576 594 595 629 630 703 704 713 714 740 741 935 936 
527 528 550 551 552 560 561 575 576 629 630 665 666 702 703 704 714 715 759 760 805 806 896 897 935 936 | 550 551 575 576 629 630 665 666 702 703 704 713 714 715 759 760 782 783 805 806 896 897 899 900 935 936 
527 528 550 551 552 575 576 608 609 702 703 704 713 714 740 741 782 783 805 806 836 837 896 897 899 900 935 936 | 527 528 551 552 560 561 575 576 594 595 608 609 702 703 713 714 740 741 782 783 805 806 836 837 896 897 899 900 935 936 
550 551 552 575 576 608 609 665 666 702 703 704 714 715 896 897 899 900 | 551 552 560 561 575 576 594 595 608 609 665 666 702 703 714 715 896 897 899 900 
550 551 552 620 621 629 630 665 666 702 703 704 740 741 759 760 782 783 | 551 552 560 561 594 595 620 621 629 630 665 666 702 703 740 741 759 760 782 783 
527 528 550 551 552 575 576 608 609 620 621 629 630 650 651 702 703 704 713 714 715 805 806 899 900 935 936 | 527 528 551 552 560 561 575 576 594 595 608 609 620 621 629 630 650 651 702 703 713 714 715 805 806 899 900 935 936 
527 528 550 551 552 575 576 608 609 665 666 702 703 704 713 714 715 759 760 782 783 805 806 896 897 935 936 | 527 528 551 552 560 561 575 576 594 595 608 609 665 666 702 703 713 714 715 759 760 782 783 805 806 896 897 935 936 
527 528 550 551 552 608 609 629 630 702 703 704 714 715 782 783 896 897 899 900 | 527 528 551 552 560 561 594 595 608 609 629 630 702 703 714 715 782 783 896 897 899 900 
527 528 550 551 552 575 576 608 609 702 703 704 713 714 759 760 782 783 805 806 899 900 | 527 528 551 552 560 561 575 576 594 595 608 609 702 703 713 714 759 760 782 783 805 806 899 900 
527 528 550 551 552 608 609 702 703 704 713 714 740 741 782 783 805 806 836 837 899 900 | 527 528 551 552 560 561 594 595 608 609 702 703 713 714 740 741 782 783 805 806 836 837 899 900 
527 528 551 552 575 576 608 609 629 630 665 666 703 704 740 741 782 783 805 806 836 837 935 936 | 620 621 629 630 650 651 740 741 759 760 836 837 
527 528 550 551 552 650 651 702 703 704 714 715 782 783 805 806 896 897 899 900 935 936 | 527 528 551 552 560 561 594 595 650 651 702 703 714 715 782 783 805 806 896 897 899 900 935 936 
527 528 550 551 552 575 576 620 621 665 666 702 703 704 713 714 740 741 805 806 836 837 935 936 | 527 528 551 552 560 561 575 576 594 595 620 621 665 666 702 703 713 714 740 741 805 806 836 837 935 936 
550 551 552 575 576 620 621 650 651 665 666 702 703 704 740 741 782 783 935 936 | 551 552 560 561 575 576 594 595 620 621 650 651 665 666 702 703 740 741 782 783 935 936 
550 551 552 575 576 620 621 702 703 704 713 714 715 740 741 782 783 935 936 | 551 552 560 561 575 576 594 595 620 621 702 703 713 714 715 740 741 782 783 935 936 
550 551 552 575 576 702 703 704 713 714 715 782 783 899 900 | 551 552 560 561 575 576 594 595 702 703 713 714 715 782 783 899 900 
527 528 550 551 552 575 576 620 621 629 630 665 666 702 703 704 713 714 715 | 527 528 551 552 560 561 575 576 594 595 620 621 629 630 665 666 702 703 713 714 715 
527 528 550 551 560 561 575 576 608 609 629 630 650 651 665 666 702 703 714 715 740 741 759 760 836 837 896 897 935 936 | 551 552 560 561 594 595 608 609 629 630 650 651 665 666 703 704 713 714 740 741 759 760 782 783 836 837 899 900 935 936 
527 528 550 551 552 575 576 608 609 629 630 650 651 665 666 702 703 704 714 715 782 783 805 806 836 837 896 897 935 936 | 527 528 551 552 560 561 575 576 594 595 608 609 629 630 650 651 665 666 702 703 714 715 782 783 805 806 836 837 896 897 935 936 
550 551 552 575 576 650 651 702 703 704 740 741 759 760 782 783 | 551 552 560 561 575 576 594 595 650 651 702 703 740 741 759 760 782 783 
550 551 552 608 609 665 666 702 703 704 759 760 782 783 836 837 896 897 899 900 | 551 552 560 561 594 595 608 609 665 666 702 703 759 760 782 783 836 837 896 897 899 900 
550 551 552 575 576 608 609 629 630 650 651 665 666 702 703 704 713 714 759 760 782 783 896 897 899 900 | 551 552 560 561 575 576 594 595 608 609 629 630 650 651 665 666 702 703 713 714 759 760 782 783 896 897 899 900 
550 551 552 629 630 702 703 704 714 715 805 806 899 900 935 936 | 551 552 560 561 594 595 629 630 702 703 714 715 805 806 899 900 935 936 
527 528 550 551 552 560 561 594 595 608 609 620 621 629 630 650 651 665 666 714 715 896 897 935 936 | 550 551 594 595 608 609 620 621 629 630 650 651 665 666 713 714 715 782 783 896 897 899 900 935 936 
527 528 550 551 552 629 630 650 651 702 703 704 714 715 740 741 805 806 896 897 899 900 935 936 | 527 528 551 552 560 561 594 595 629 630 650 651 702 703 714 715 740 741 805 806 896 897 899 900 935 936 
527 528 550 551 552 575 576 629 630 665 666 702 703 704 713 714 715 782 783 836 837 896 897 899 900 | 527 528 551 552 560 561 575 576 594 595 629 630 665 666 702 703 713 714 715 782 783 836 837 896 897 899 900 
550 551 552 608 609 629 630 702 703 704 740 741 759 760 782 783 805 806 896 897 899 900 | 551 552 560 561 594 595 608 609 629 630 702 703 740 741 759 760 782 783 805 806 896 897 899 900 
527 528 550 551 552 650 651 702 703 704 713 714 715 782 783 805 806 836 837 896 897 935 936 | 527 528 551 552 560 561 594 595 650 651 702 703 713 714 715 782 783 805 806 836 837 896 897 935 936 
550 551 552 575 576 665 666 702 703 704 713 714 740 741 805 806 935 936 | 551 552 560 561 575 576 594 595 665 666 702 703 713 714 740 741 805 806 935 936 
550 551 552 575 576 608 609 629 630 650 651 665 666 702 703 704 782 783 805 806 836 837 899 900 | 551 552 560 561 575 576 594 595 608 609 629 630 650 651 665 666 702 703 782 783 805 806 836 837 899 900 
527 528 550 551 552 608 609 620 621 650 651 702 703 704 714 715 740 741 759 760 782 783 805 806 896 897 899 900 935 936 | 527 528 551 552 560 561 594 595 608 609 620 621 650 651 702 703 714 715 740 741 759 760 782 783 805 806 896 897 899 900 935 936 
550 551 552 620 621 629 630 650 651 702 703 704 713 714 740 741 782 783 805 806 836 837 896 897 935 936 | 551 552 560 561 594 595 620 621 629 630 650 651 702 703 713 714 740 741 782 783 805 806 836 837 896 897 935 936 
527 528 550 551 608 609 629 630 650 651 665 666 702 703 713 714 715 740 741 836 837 896 897 935 936 | 527 528 551 552 560 561 575 576 594 595 608 609 629 630 650 651 665 666 703 704 713 714 740 741 836 837 935 936 
550 551 552 575 576 620 621 702 703 704 740 741 782 783 896 897 899 900 935 936 | 551 552 560 561 575 576 594 595 620 621 702 703 740 741 782 783 896 897 899 900 935 936 
550 551 552 575 576 608 609 620 621 629 630 650 651 702 703 704 714 715 782 783 805 806 899 900 | 551 552 560 561 575 576 594 595 608 609 620 621 629 630 650 651 702 703 714 715 782 783 805 806 899 900 
550 551 552 620 621 629 630 650 651 702 703 704 759 760 899 900 935 936 | 551 552 560 561 594 595 620 621 629 630 650 651 702 703 759 760 899 900 935 936 
527 528 550 551 552 575 576 608 609 620 621 665 666 702 703 704 740 741 782 783 935 936 | 527 528 551 552 560 561 575 576 594 595 608 609 620 621 665 666 702 703 740 741 782 783 935 936 
527 528 550 551 552 560 561 575 576 594 595 608 609 620 621 665 666 702 703 714 715 805 806 836 837 896 897 935 936 | 550 551 575 576 594 595 608 609 620 621 665 666 702 703 713 714 715 782 783 805 806 836 837 896 897 899 900 935 936 
527 528 550 551 575 576 608 609 620 621 629 630 702 703 714 715 759 760 836 837 896 897 935 936 | 551 552 594 595 608 609 620 621 629 630 703 704 713 714 759 760 782 783 836 837 899 900 935 936 
527 528 551 552 560 561 608 609 620 621 629 630 665 666 702 703 704 740 741 782 783 805 806 935 936 | 560 561 629 630 740 741 759 760 
527 528 550 551 552 575 576 620 621 629 630 650 651 665 666 702 703 704 713 714 782 783 805 806 836 837 899 900 935 936 | 527 528 551 552 560 561 575 576 594 595 620 621 629 630 650 651 665 666 702 703 713 714 782 783 805 806 836 837 899 900 935 936 
550 551 552 575 576 620 621 650 651 665 666 702 703 704 714 715 740 741 759 760 836 837 896 897 | 551 552 560 561 575 576 594 595 620 621 650 651 665 666 702 703 714 715 740 741 759 760 836 837 896 897 
527 528 550 551 552 575 576 608 609 629 630 650 651 665 666 702 703 704 759 760 782 783 836 837 896 897 935 936 | 527 528 551 552 560 561 575 576 594 595 608 609 629 630 650 651 665 666 702 703 759 760 782 783 836 837 896 897 935 936 
527 528 550 551 552 560 561 575 576 608 609 650 651 665 666 703 704 714 715 740 741 | 550 551 575 576 608 609 650 651 665 666 703 704 713 714 715 740 741 782 783 899 900 
550 551 552 575 576 629 630 702 703 704 759 760 899 900 935 936 | 551 552 560 561 575 576 594 595 629 630 702 703 759 760 899 900 935 936 
527 528 550 551 552 575 576 608 609 629 630 650 651 665 666 702 703 704 713 714 759 760 805 806 836 837 | 527 528 551 552 560 561 575 576 594 595 608 609 629 630 650 651 665 666 702 703 713 714 759 760 805 806 836 837 
550 551 552 608 609 620 621 629 630 702 703 704 714 715 759 760 836 837 935 936 | 551 552 560 561 594 595 608 609 620 621 629 630 702 703 714 715 759 760 836 837 935 936 
527 528 550 551 552 608 609 650 651 665 666 702 703 704 713 714 715 740 741 805 806 896 897 935 936 | 527 528 551 552 560 561 594 595 608 609 650 651 665 666 702 703 713 714 715 740 741 805 806 896 897 935 936 
527 528 550 551 552 560 561 620 621 629 630 714 715 759 760 836 837 935 936 | 550 551 620 621 629 630 713 714 715 759 760 782 783 836 837 899 900 935 936 
527 528 550 551 552 560 561 665 666 714 715 759 760 896 897 935 936 | 550 551 665 666 713 714 715 759 760 782 783 896 897 899 900 935 936 
527 528 550 551 552 608 609 620 621 650 651 665 666 702 703 704 714 715 782 783 836 837 896 897 899 900 | 527 528 551 552 560 561 594 595 608 609 620 621 650 651 665 666 702 703 714 715 782 783 836 837 896 897 899 900 
527 528 550 551 552 608 609 629 630 665 666 702 703 704 713 714 715 759 760 805 806 836 837 896 897 935 936 | 527 528 551 552 560 561 594 595 608 609 629 630 665 666 702 703 713 714 715 759 760 805 806 836 837 896 897 935 936 
527 528 550 551 560 561 575 576 608 609 629 630 665 666 702 703 714 715 740 741 836 837 896 897 | 551 552 560 561 594 595 608 609 629 630 665 666 703 704 713 714 740 741 782 783 836 837 899 900 
550 551 552 608 609 620 621 629 630 665 666 702 703 704 713 714 740 741 836 837 896 897 899 900 | 551 552 560 561 594 595 608 609 620 621 629 630 665 666 702 703 713 714 740 741 836 837 896 897 899 900 
527 528 550 551 552 702 703 704 713 714 759 760 782 783 896 897 935 936 | 527 528 551 552 560 561 594 595 702 703 713 714 759 760 782 783 896 897 935 936 
550 551 552 575 576 608 609 620 621 629 630 665 666 702 703 704 713 714 715 | 551 552 560 561 575 576 594 595 608 609 620 621 629 630 665 666 702 703 713 714 715 
550 551 552 575 576 608 609 620 621 702 703 704 713 714 715 759 760 782 783 805 806 836 837 896 897 935 936 | 551 552 560 561 575 576 594 595 608 609 620 621 702 703 713 714 715 759 760 782 783 805 806 836 837 896 897 935 936 
550 551 552 608 609 620 621 650 651 665 666 702 703 704 740 741 782 783 896 897 | 551 552 560 561 594 595 608 609 620 621 650 651 665 666 702 703 740 741 782 783 896 897 
527 528 550 551 552 575 576 629 630 702 703 704 713 714 740 741 782 783 896 897 899 900 935 936 | 527 528 551 552 560 561 575 576 594 595 629 630 702 703 713 714 740 741 782 783 896 897 899 900 935 936 
550 551 552 629 630 665 666 702 703 704 713 714 715 740 741 759 760 | 551 552 560 561 594 595 629 630 665 666 702 703 713 714 715 740 741 759 760 
527 528 550 551 552 560 561 575 576 594 595 650 651 702 703 704 714 715 740 741 759 760 896 897 935 936 | 550 551 575 576 594 595 650 651 702 703 704 713 714 715 740 741 759 760 782 783 896 897 899 900 935 936 
550 551 552 629 630 665 666 702 703 704 714 715 805 806 935 936 | 551 552 560 561 594 595 629 630 665 666 702 703 714 715 805 806 935 936 
550 551 552 620 621 650 651 702 703 704 713 714 759 760 782 783 805 806 896 897 | 551 552 560 561 594 595 620 621 650 651 702 703 713 714 759 760 782 783 805 806 896 897 
527 528 550 551 552 629 630 665 666 702 703 704 713 714 740 741 759 760 836 837 935 936 | 527 528 551 552 560 561 594 595 629 630 665 666 702 703 713 714 740 741 759 760 836 837 935 936 
550 551 552 665 666 702 703 704 713 714 759 760 782 783 896 897 | 551 552 560 561 594 595 665 666 702 703 713 714 759 760 782 783 896 897 
527 528 550 551 552 560 561 629 630 650 651 665 666 702 703 714 715 740 741 836 837 935 936 | 550 551 629 630 650 651 665 666 702 703 713 714 715 740 741 782 783 836 837 899 900 935 936 
550 551 552 620 621 629 630 702 703 704 713 714 715 740 741 836 837 896 897 899 900 935 936 | 551 552 560 561 594 595 620 621 629 630 702 703 713 714 715 740 741 836 837 896 897 899 900 935 936 
550 551 552 620 621 629 630 665 666 702 703 704 713 714 740 741 759 760 782 783 836 837 896 897 | 551 552 560 561 594 595 620 621 629 630 665 666 702 703 713 714 740 741 759 760 782 783 836 837 896 897 
550 551 552 575 576 620 621 629 630 650 651 702 703 704 782 783 899 900 935 936 | 551 552 560 561 575 576 594 595 620 621 629 630 650 651 702 703 782 783 899 900 935 936 
527 528 550 551 552 560 561 665 666 702 703 704 714 715 759 760 805 806 935 936 | 550 551 665 666 702 703 704 713 714 715 759 760 782 783 805 806 899 900 935 936 
527 528 550 551 552 620 621 629 630 702 703 704 713 714 740 741 896 897 899 900 935 936 | 527 528 551 552 560 561 594 595 620 621 629 630 702 703 713 714 740 741 896 897 899 900 935 936 
527 528 550 551 552 575 576 608 609 629 630 650 651 665 666 702 703 704 714 715 740 741 836 837 935 936 | 527 528 551 552 560 561 575 576 594 595 608 609 629 630 650 651 665 666 702 703 714 715 740 741 836 837 935 936 
527 528 550 551 552 575 576 608 609 620 621 629 630 650 651 702 703 704 714 715 759 760 805 806 836 837 896 897 935 936 | 527 528 551 552 560 561 575 576 594 595 608 609 620 621 629 630 650 651 702 703 714 715 759 760 805 806 836 837 896 897 935 936 
550 551 552 620 621 629 630 650 651 665 666 702 703 704 740 741 759 760 782 783 896 897 899 900 | 551 552 560 561 594 595 620 621 629 630 650 651 665 666 702 703 740 741 759 760 782 783 896 897 899 900 
550 551 608 609 620 621 650 651 702 703 713 714 715 759 760 836 837 896 897 | 551 552 560 561 575 576 594 595 608 609 620 621 650 651 703 704 713 714 759 760 836 837 
527 528 550 551 552 575 576 608 609 620 621 665 666 702 703 704 713 714 759 760 782 783 896 897 935 936 | 527 528 551 552 560 561 575 576 594 595 608 609 620 621 665 666 702 703 713 714 759 760 782 783 896 897 935 936 
527 528 550 551 552 608 609 702 703 704 713 714 715 740 741 836 837 899 900 935 936 | 527 528 551 552 560 561 594 595 608 609 702 703 713 714 715 740 741 836 837 899 900 935 936 
550 551 552 575 576 620 621 650 651 702 703 704 713 714 759 760 782 783 896 897 935 936 | 551 552 560 561 575 576 594 595 620 621 650 651 702 703 713 714 759 760 782 783 896 897 935 936 
527 528 550 551 552 560 561 575 576 608 609 665 666 702 703 704 714 715 759 760 836 837 | 550 551 575 576 608 609 665 666 702 703 704 713 714 715 759 760 782 783 836 837 899 900 
550 551 552 608 609 629 630 702 703 704 713 714 740 741 759 760 782 783 805 806 | 551 552 560 561 594 595 608 609 629 630 702 703 713 714 740 741 759 760 782 783 805 806 
551 552 560 561 594 595 608 609 629 630 702 703 713 714 740 741 759 760 782 783 805 806 | 560 561 575 576 620 621 703 704 713 714 715 836 837 896 897 
550 551 552 575 576 620 621 702 703 704 713 714 740 741 | 551 552 560 561 575 576 594 595 620 621 702 703 713 714 740 741 
550 551 552 608 609 629 630 650 651 702 703 704 714 715 740 741 759 760 782 783 899 900 | 551 552 560 561 594 595 608 609 629 630 650 651 702 703 714 715 740 741 759 760 782 783 899 900 
527 528 550 551 560 561 608 609 650 651 665 666 702 703 704 713 714 782 783 805 806 899 900 935 936 | 550 551 552 560 561 575 576 608 609 665 666 703 704 714 715 896 897 
527 528 550 551 665 666 702 703 713 714 715 782 783 836 837 896 897 899 900 935 936 | 527 528 551 552 560 561 575 576 594 595 665 666 703 704 713 714 782 783 836 837 899 900 935 936 
550 551 552 608 609 629 630 665 666 702 703 704 713 714 740 741 759 760 805 806 896 897 899 900 935 936 | 551 552 560 561 594 595 608 609 629 630 665 666 702 703 713 714 740 741 759 760 805 806 896 897 899 900 935 936 
550 551 552 575 576 650 651 702 703 704 714 715 740 741 759 760 782 783 805 806 896 897 | 551 552 560 561 575 576 594 595 650 651 702 703 714 715 740 741 759 760 782 783 805 806 896 897 
550 551 552 629 630 650 651 702 703 704 740 741 782 783 836 837 896 897 899 900 935 936 | 551 552 560 561 594 595 629 630 650 651 702 703 740 741 782 783 836 837 896 897 899 900 935 936 
527 528 550 551 552 620 621 665 666 702 703 704 782 783 836 837 | 527 528 551 552 560 561 594 595 620 621 665 666 702 703 782 783 836 837 
527 528 550 551 552 560 561 594 595 620 621 629 630 665 666 714 715 805 806 836 837 | 550 551 594 595 620 621 629 630 665 666 713 714 715 782 783 805 806 836 837 899 900 
550 551 552 575 576 620 621 702 703 704 713 714 740 741 759 760 782 783 805 806 896 897 935 936 | 551 552 560 561 575 576 594 595 620 621 702 703 713 714 740 741 759 760 782 783 805 806 896 897 935 936 
550 551 552 575 576 629 630 650 651 665 666 702 703 704 714 715 740 741 836 837 896 897 | 551 552 560 561 575 576 594 595 629 630 650 651 665 666 702 703 714 715 740 741 836 837 896 897 
550 551 552 575 576 608 609 620 621 629 630 650 651 665 666 702 703 704 713 714 715 836 837 | 551 552 560 561 575 576 594 595 608 609 620 621 629 630 650 651 665 666 702 703 713 714 715 836 837 
527 528 550 551 552 629 630 702 703 704 759 760 899 900 935 936 | 527 528 551 552 560 561 594 595 629 630 702 703 759 760 899 900 935 936 
550 551 608 609 650 651 702 703 713 714 715 805 806 896 897 935 936 | 551 552 560 561 575 576 594 595 608 609 650 651 703 704 713 714 805 806 935 936 
527 528 551 552 608 609 620 621 650 651 665 666 702 703 704 713 714 782 783 805 806 896 897 899 900 935 936 | 650 651 713 714 759 760 896 897 899 900 
527 528 550 551 552 608 609 650 651 665 666 702 703 704 714 715 759 760 782 783 805 806 836 837 896 897 935 936 | 527 528 551 552 560 561 594 595 608 609 650 651 665 666 702 703 714 715 759 760 782 783 805 806 836 837 896 897 935 936 
550 551 552 608 609 629 630 650 651 665 666 702 703 704 740 741 782 783 805 806 896 897 899 900 935 936 | 551 552 560 561 594 595 608 609 629 630 650 651 665 666 702 703 740 741 782 783 805 806 896 897 899 900 935 936 
527 528 550 551 608 609 620 621 629 630 650 651 702 703 713 714 715 740 741 782 783 805 806 896 897 935 936 | 527 528 551 552 560 561 575 576 594 595 608 609 620 621 629 630 650 651 703 704 713 714 740 741 782 783 805 806 935 936 
527 528 550 551 552 560 561 594 595 620 621 650 651 665 666 714 715 740 741 759 760 836 837 896 897 935 936 | 550 551 594 595 620 621 650 651 665 666 713 714 715 740 741 759 760 782 783 836 837 896 897 899 900 935 936 
550 551 552 575 576 629 630 665 666 702 703 704 713 714 759 760 782 783 896 897 899 900 935 936 | 551 552 560 561 575 576 594 595 629 630 665 666 702 703 713 714 759 760 782 783 896 897 899 900 935 936 
527 528 550 551 552 560 561 608 609 620 621 629 630 650 651 665 666 714 715 759 760 805 806 836 837 896 897 935 936 | 550 551 608 609 620 621 629 630 650 651 665 666 713 714 715 759 760 782 783 805 806 836 837 896 897 899 900 935 936 
527 528 550 551 552 575 576 702 703 704 713 714 715 759 760 896 897 | 527 528 551 552 560 561 575 576 594 595 702 703 713 714 715 759 760 896 897 
527 528 550 551 552 560 561 575 576 620 621 650 651 703 704 714 715 740 741 805 806 896 897 | 550 551 575 576 620 621 650 651 703 704 713 714 715 740 741 782 783 805 806 896 897 899 900 
550 551 552 575 576 608 609 620 621 629 630 650 651 665 666 702 703 704 714 715 899 900 935 936 | 551 552 560 561 575 576 594 595 608 609 620 621 629 630 650 651 665 666 702 703 714 715 899 900 935 936 
527 528 550 551 552 575 576 608 609 620 621 665 666 702 703 704 714 715 740 741 805 806 836 837 | 527 528 551 552 560 561 575 576 594 595 608 609 620 621 665 666 702 703 714 715 740 741 805 806 836 837 
527 528 550 551 552 629 630 650 651 702 703 704 714 715 740 741 759 760 836 837 899 900 | 527 528 551 552 560 561 594 595 629 630 650 651 702 703 714 715 740 741 759 760 836 837 899 900 
527 528 550 551 552 575 576 650 651 702 703 704 713 714 715 740 741 782 783 935 936 | 527 528 551 552 560 561 575 576 594 595 650 651 702 703 713 714 715 740 741 782 783 935 936 
527 528 550 551 552 575 576 620 621 702 703 704 713 714 715 740 741 836 837 899 900 | 527 528 551 552 560 561 575 576 594 595 620 621 702 703 713 714 715 740 741 836 837 899 900 
550 551 552 620 621 629 630 702 703 704 740 741 896 897 935 936 | 551 552 560 561 594 595 620 621 629 630 702 703 740 741 896 897 935 936 
527 528 550 551 552 608 609 665 666 702 703 704 | 527 528 551 552 560 561 594 595 608 609 665 666 702 703 
527 528 550 551 552 560 561 608 609 620 621 629 630 650 651 703 704 714 715 759 760 836 837 | 550 551 608 609 620 621 629 630 650 651 703 704 713 714 715 759 760 782 783 836 837 899 900 
550 551 552 575 576 702 703 704 713 714 715 740 741 836 837 896 897 899 900 | 551 552 560 561 575 576 594 595 702 703 713 714 715 740 741 836 837 896 897 899 900 
527 528 550 551 552 575 576 620 621 629 630 702 703 704 782 783 896 897 935 936 | 527 528 551 552 560 561 575 576 594 595 620 621 629 630 702 703 782 783 896 897 935 936 
527 528 550 551 552 560 561 575 576 594 595 608 609 714 715 759 760 805 806 836 837 935 936 | 550 551 575 576 594 595 608 609 713 714 715 759 760 782 783 805 806 836 837 899 900 935 936 
527 528 550 551 552 575 576 608 609 629 630 665 666 702 703 704 713 714 715 782 783 896 897 899 900 | 527 528 551 552 560 561 575 576 594 595 608 609 629 630 665 666 702 703 713 714 715 782 783 896 897 899 900 
527 528 550 551 552 575 576 650 651 702 703 704 713 714 740 741 782 783 836 837 896 897 935 936 | 527 528 551 552 560 561 575 576 594 595 650 651 702 703 713 714 740 741 782 783 836 837 896 897 935 936 
550 551 552 608 609 620 621 629 630 665 666 702 703 704 713 714 715 935 936 | 551 552 560 561 594 595 608 609 620 621 629 630 665 666 702 703 713 714 715 935 936 
527 528 550 551 552 702 703 704 713 714 715 740 741 759 760 935 936 | 527 528 551 552 560 561 594 595 702 703 713 714 715 740 741 759 760 935 936 
527 528 550 551 552 608 609 620 621 629 630 665 666 702 703 704 740 741 782 783 836 837 896 897 935 936 | 527 528 551 552 560 561 594 595 608 609 620 621 629 630 665 666 702 703 740 741 782 783 836 837 896 897 935 936 
527 528 550 551 552 560 561 608 609 629 630 665 666 703 704 714 715 740 741 759 760 836 837 | 550 551 608 609 629 630 665 666 703 704 713 714 715 740 741 759 760 782 783 836 837 899 900 
527 528 550 551 552 608 609 620 621 650 651 702 703 704 713 714 740 741 782 783 836 837 935 936 | 527 528 551 552 560 561 594 595 608 609 620 621 650 651 702 703 713 714 740 741 782 783 836 837 935 936 
527 528 550 551 552 560 561 575 576 620 621 629 630 702 703 714 715 740 741 836 837 | 550 551 575 576 620 621 629 630 702 703 713 714 715 740 741 782 783 836 837 899 900 
527 528 550 551 552 560 561 594 595 608 609 620 621 629 630 665 666 703 704 714 715 740 741 805 806 836 837 | 550 551 594 595 608 609 620 621 629 630 665 666 703 704 713 714 715 740 741 782 783 805 806 836 837 899 900 
527 528 550 551 552 560 561 575 576 594 595 650 651 714 715 896 897 | 550 551 575 576 594 595 650 651 713 714 715 782 783 896 897 899 900 
527 528 550 551 552 560 561 594 595 608 609 650 651 665 666 703 704 714 715 759 760 896 897 | 550 551 594 595 608 609 650 651 665 666 703 704 713 714 715 759 760 782 783 896 897 899 900 
550 551 552 608 609 620 621 629 630 665 666 702 703 704 714 715 759 760 782 783 805 806 896 897 899 900 935 936 | 551 552 560 561 594 595 608 609 620 621 629 630 665 666 702 703 714 715 759 760 782 783 805 806 896 897 899 900 935 936 
550 551 552 575 576 620 621 629 630 650 651 665 666 702 703 704 896 897 899 900 935 936 | 551 552 560 561 575 576 594 595 620 621 629 630 650 651 665 666 702 703 896 897 899 900 935 936 
527 528 550 551 552 650 651 702 703 704 714 715 782 783 836 837 | 527 528 551 552 560 561 594 595 650 651 702 703 714 715 782 783 836 837 
527 528 550 551 608 609 702 703 713 714 715 740 741 836 837 896 897 935 936 | 527 528 551 552 560 561 575 576 594 595 608 609 703 704 713 714 740 741 836 837 935 936 
527 528 550 551 552 575 576 629 630 702 703 704 740 741 759 760 782 783 805 806 896 897 899 900 935 936 | 527 528 551 552 560 561 575 576 594 595 629 630 702 703 740 741 759 760 782 783 805 806 896 897 899 900 935 936 
550 551 552 575 576 620 621 665 666 702 703 704 836 837 | 551 552 560 561 575 576 594 595 620 621 665 666 702 703 836 837 
527 528 550 551 552 620 621 629 630 650 651 702 703 704 713 714 759 760 896 897 | 527 528 551 552 560 561 594 595 620 621 629 630 650 651 702 703 713 714 759 760 896 897 
550 551 552 575 576 608 609 620 621 629 630 650 651 702 703 704 759 760 782 783 836 837 935 936 | 551 552 560 561 575 576 594 595 608 609 620 621 629 630 650 651 702 703 759 760 782 783 836 837 935 936 
550 551 552 608 609 620 621 665 666 702 703 704 713 714 715 740 741 782 783 805 806 836 837 899 900 935 936 | 551 552 560 561 594 595 608 609 620 621 665 666 702 703 713 714 715 740 741 782 783 805 806 836 837 899 900 935 936 
550 551 552 575 576 608 609 702 703 704 713 714 715 740 741 805 806 899 900 | 551 552 560 561 575 576 594 595 608 609 702 703 713 714 715 740 741 805 806 899 900 
550 551 552 575 576 650 651 665 666 702 703 704 713 714 759 760 899 900 | 551 552 560 561 575 576 594 595 650 651 665 666 702 703 713 714 759 760 899 900 
527 528 550 551 552 560 561 594 595 608 609 620 621 702 703 714 715 759 760 935 936 | 550 551 594 595 608 609 620 621 702 703 713 714 715 759 760 782 783 899 900 935 936 
527 528 550 551 552 560 561 575 576 608 609 620 621 629 630 665 666 702 703 704 713 714 715 836 837 896 897 | 550 551 575 576 608 609 629 630 665 666 703 704 714 715 782 783 805 806 836 837 899 900 
527 528 550 551 552 575 576 608 609 620 621 665 666 702 703 704 740 741 782 783 836 837 899 900 | 527 528 551 552 560 561 575 576 594 595 608 609 620 621 665 666 702 703 740 741 782 783 836 837 899 900 
527 528 550 551 552 608 609 629 630 650 651 665 666 702 703 704 759 760 805 806 896 897 935 936 | 527 528 551 552 560 561 594 595 608 609 629 630 650 651 665 666 702 703 759 760 805 806 896 897 935 936 
527 528 550 551 552 608 609 629 630 702 703 704 740 741 759 760 836 837 935 936 | 527 528 551 552 560 561 594 595 608 609 629 630 702 703 740 741 759 760 836 837 935 936 
550 551 552 608 609 629 630 650 651 665 666 702 703 704 713 714 715 740 741 759 760 836 837 899 900 935 936 | 551 552 560 561 594 595 608 609 629 630 650 651 665 666 702 703 713 714 715 740 741 759 760 836 837 899 900 935 936 
527 528 550 551 552 608 609 629 630 665 666 702 703 704 713 714 782 783 805 806 896 897 | 527 528 551 552 560 561 594 595 608 609 629 630 665 666 702 703 713 714 782 783 805 806 896 897 
527 528 550 551 552 575 576 629 630 650 651 665 666 702 703 704 713 714 715 759 760 805 806 899 900 | 527 528 551 552 560 561 575 576 594 595 629 630 650 651 665 666 702 703 713 714 715 759 760 805 806 899 900 
527 528 550 551 552 560 561 608 609 620 621 650 651 702 703 714 715 759 760 805 806 836 837 935 936 | 550 551 608 609 620 621 650 651 702 703 713 714 715 759 760 782 783 805 806 836 837 899 900 935 936 
550 551 552 620 621 629 630 665 666 702 703 704 713 714 715 740 741 759 760 782 783 805 806 836 837 896 897 | 551 552 560 561 594 595 620 621 629 630 665 666 702 703 713 714 715 740 741 759 760 782 783 805 806 836 837 896 897 
550 551 552 629 630 650 651 665 666 702 703 704 714 715 759 760 805 806 836 837 896 897 899 900 935 936 | 551 552 560 561 594 595 629 630 650 651 665 666 702 703 714 715 759 760 805 806 836 837 896 897 899 900 935 936 
527 528 550 551 552 560 561 594 595 620 621 629 630 650 651 702 703 704 713 714 715 740 741 896 897 935 936 | 550 551 594 595 629 630 650 651 703 704 714 715 740 741 782 783 805 806 899 900 935 936 
550 551 552 608 609 620 621 702 703 704 713 714 740 741 759 760 896 897 899 900 935 936 | 551 552 560 561 594 595 608 609 620 621 702 703 713 714 740 741 759 760 896 897 899 900 935 936 
550 551 608 609 620 621 629 630 665 666 702 703 713 714 715 759 760 782 783 805 806 896 897 935 936 | 551 552 560 561 575 576 594 595 608 609 620 621 629 630 665 666 703 704 713 714 759 760 782 783 805 806 935 936 
527 528 550 551 552 620 621 629 630 665 666 702 703 704 713 714 715 740 741 759 760 | 527 528 551 552 560 561 594 595 620 621 629 630 665 666 702 703 713 714 715 740 741 759 760 
527 528 550 551 552 575 576 620 621 629 630 702 703 704 714 715 782 783 805 806 896 897 935 936 | 527 528 551 552 560 561 575 576 594 595 620 621 629 630 702 703 714 715 782 783 805 806 896 897 935 936 
550 551 552 575 576 608 609 629 630 650 651 665 666 702 703 704 713 714 782 783 805 806 896 897 899 900 | 551 552 560 561 575 576 594 595 608 609 629 630 650 651 665 666 702 703 713 714 782 783 805 806 896 897 899 900 
527 528 550 551 552 560 561 594 595 608 609 629 630 650 651 703 704 714 715 896 897 935 936 | 550 551 594 595 608 609 629 630 650 651 703 704 713 714 715 782 783 896 897 899 900 935 936 
527 528 550 551 552 575 576 608 609 665 666 702 703 704 714 715 740 741 759 760 782 783 805 806 935 936 | 527 528 551 552 560 561 575 576 594 595 608 609 665 666 702 703 714 715 740 741 759 760 782 783 805 806 935 936 
527 528 550 551 560 561 575 576 608 609 650 651 665 666 702 703 714 715 740 741 896 897 | 551 552 560 561 594 595 608 609 650 651 665 666 703 704 713 714 740 741 782 783 899 900 
550 551 552 608 609 620 621 629 630 650 651 665 666 702 703 704 713 714 715 740 741 782 783 935 936 | 551 552 560 561 594 595 608 609 620 621 629 630 650 651 665 666 702 703 713 714 715 740 741 782 783 935 936 
527 528 550 551 552 560 561 594 595 620 621 629 630 702 703 704 713 714 715 836 837 896 897 | 550 551 594 595 629 630 703 704 714 715 782 783 805 806 836 837 899 900 
527 528 550 551 552 560 561 620 621 629 630 650 651 665 666 702 703 704 714 715 759 760 836 837 935 936 | 550 551 620 621 629 630 650 651 665 666 702 703 704 713 714 715 759 760 782 783 836 837 899 900 935 936 
527 528 550 551 552 575 576 608 609 629 630 702 703 704 713 714 715 740 741 759 760 782 783 896 897 935 936 | 527 528 551 552 560 561 575 576 594 595 608 609 629 630 702 703 713 714 715 740 741 759 760 782 783 896 897 935 936 
527 528 550 551 552 702 703 704 714 715 740 741 805 806 836 837 896 897 935 936 | 527 528 551 552 560 561 594 595 702 703 714 715 740 741 805 806 836 837 896 897 935 936 
527 528 550 551 552 560 561 608 609 620 621 650 651 665 666 702 703 714 715 740 741 805 806 836 837 935 936 | 550 551 608 609 620 621 650 651 665 666 702 703 713 714 715 740 741 782 783 805 806 836 837 899 900 935 936 
527 528 550 551 552 620 621 629 630 702 703 704 759 760 782 783 805 806 899 900 935 936 | 527 528 551 552 560 561 594 595 620 621 629 630 702 703 759 760 782 783 805 806 899 900 935 936 
550 551 552 575 576 629 630 702 703 704 713 714 782 783 805 806 836 837 896 897 899 900 | 551 552 560 561 575 576 594 595 629 630 702 703 713 714 782 783 805 806 836 837 896 897 899 900 
527 528 550 551 552 629 630 650 651 702 703 704 714 715 759 760 782 783 935 936 | 527 528 551 552 560 561 594 595 629 630 650 651 702 703 714 715 759 760 782 783 935 936 
550 551 552 575 576 620 621 629 630 650 651 702 703 704 740 741 782 783 805 806 836 837 899 900 | 551 552 560 561 575 576 594 595 620 621 629 630 650 651 702 703 740 741 782 783 805 806 836 837 899 900 
527 528 550 551 552 560 561 575 576 608 609 620 621 650 651 665 666 702 703 704 714 715 759 760 836 837 896 897 | 550 551 575 576 608 609 620 621 650 651 665 666 702 703 704 713 714 715 759 760 782 783 836 837 896 897 899 900 
527 528 550 551 552 575 576 629 630 650 651 665 666 702 703 704 713 714 740 741 759 760 782 783 836 837 935 936 | 527 528 551 552 560 561 575 576 594 595 629 630 650 651 665 666 702 703 713 714 740 741 759 760 782 783 836 837 935 936 
527 528 550 551 552 575 576 608 609 620 621 629 630 650 651 702 703 704 713 714 740 741 759 760 782 783 836 837 935 936 | 527 528 551 552 560 561 575 576 594 595 608 609 620 621 629 630 650 651 702 703 713 714 740 741 759 760 782 783 836 837 935 936 
527 528 550 551 552 608 609 629 630 702 703 704 713 714 715 740 741 782 783 836 837 896 897 899 900 935 936 | 527 528 551 552 560 561 594 595 608 609 629 630 702 703 713 714 715 740 741 782 783 836 837 896 897 899 900 935 936 
550 551 552 620 621 665 666 702 703 704 714 715 740 741 759 760 805 806 935 936 | 551 552 560 561 594 595 620 621 665 666 702 703 714 715 740 741 759 760 805 806 935 936 
527 528 550 551 560 561 575 576 608 609 650 651 665 666 702 703 714 715 740 741 836 837 896 897 | 551 552 560 561 594 595 608 609 650 651 665 666 703 704 713 714 740 741 782 783 836 837 899 900 
527 528 550 551 552 620 621 650 651 702 703 714 715 805 806 896 897 | 551 552 575 576 594 595 620 621 650 651 703 704 713 714 782 783 805 806 899 900 
550 551 552 575 576 608 609 629 630 665 666 702 703 704 740 741 759 760 | 551 552 560 561 575 576 594 595 608 609 629 630 665 666 702 703 740 741 759 760 
527 528 550 551 552 560 561 575 576 608 609 702 703 714 715 740 741 805 806 896 897 | 550 551 575 576 608 609 702 703 713 714 715 740 741 782 783 805 806 896 897 899 900 
550 551 552 608 609 665 666 702 703 704 740 741 759 760 782 783 805 806 836 837 935 936 | 551 552 560 561 594 595 608 609 665 666 702 703 740 741 759 760 782 783 805 806 836 837 935 936 
527 528 550 551 552 560 561 575 576 594 595 608 609 665 666 702 703 714 715 740 741 759 760 836 837 935 936 | 550 551 575 576 594 595 608 609 665 666 702 703 713 714 715 740 741 759 760 782 783 836 837 899 900 935 936 
527 528 550 551 552 608 609 629 630 665 666 702 703 704 713 714 715 740 741 759 760 805 806 896 897 935 936 | 527 528 551 552 560 561 594 595 608 609 629 630 665 666 702 703 713 714 715 740 741 759 760 805 806 896 897 935 936 
527 528 551 552 560 561 594 595 608 609 629 630 665 666 702 703 713 714 715 740 741 759 760 805 806 896 897 935 936 | 551 552 575 576 594 595 608 609 782 783 805 806 836 837 896 897 899 900 
527 528 550 551 552 575 576 629 630 665 666 702 703 704 759 760 782 783 805 806 896 897 | 527 528 551 552 560 561 575 576 594 595 629 630 665 666 702 703 759 760 782 783 805 806 896 897 
527 528 550 551 552 702 703 714 715 836 837 896 897 935 936 | 551 552 575 576 594 595 703 704 713 714 782 783 836 837 899 900 935 936 
550 551 552 575 576 702 703 704 714 715 740 741 759 760 782 783 836 837 896 897 899 900 | 551 552 560 561 575 576 594 595 702 703 714 715 740 741 759 760 782 783 836 837 896 897 899 900 
550 551 552 620 621 629 630 665 666 702 703 704 759 760 782 783 899 900 935 936 | 551 552 560 561 594 595 620 621 629 630 665 666 702 703 759 760 782 783 899 900 935 936 
527 528 550 551 560 561 575 576 608 609 629 630 650 651 665 666 702 703 714 715 740 741 896 897 935 936 | 551 552 560 561 594 595 608 609 629 630 650 651 665 666 703 704 713 714 740 741 782 783 899 900 935 936 
527 528 550 551 552 575 576 608 609 702 703 704 713 714 715 740 741 759 760 836 837 896 897 935 936 | 527 528 551 552 560 561 575 576 594 595 608 609 702 703 713 714 715 740 741 759 760 836 837 896 897 935 936 
527 528 550 551 552 620 621 629 630 665 666 702 703 704 713 714 759 760 836 837 896 897 899 900 | 527 528 551 552 560 561 594 595 620 621 629 630 665 666 702 703 713 714 759 760 836 837 896 897 899 900 
527 528 550 551 552 608 609 650 651 702 703 704 740 741 759 760 899 900 935 936 | 527 528 551 552 560 561 594 595 608 609 650 651 702 703 740 741 759 760 899 900 935 936 
527 528 550 551 552 575 576 620 621 650 651 665 666 702 703 704 759 760 782 783 805 806 836 837 | 527 528 551 552 560 561 575 576 594 595 620 621 650 651 665 666 702 703 759 760 782 783 805 806 836 837 
550 551 552 575 576 608 609 650 651 702 703 704 713 714 715 740 741 759 760 782 783 896 897 | 551 552 560 561 575 576 594 595 608 609 650 651 702 703 713 714 715 740 741 759 760 782 783 896 897 
550 551 552 575 576 608 609 620 621 650 651 702 703 704 713 714 740 741 759 760 805 806 836 837 896 897 899 900 935 936 | 551 552 560 561 575 576 594 595 608 609 620 621 650 651 702 703 713 714 740 741 759 760 805 806 836 837 896 897 899 900 935 936 
527 528 550 551 552 560 561 575 576 594 595 629 630 665 666 714 715 740 741 759 760 805 806 836 837 | 550 551 575 576 594 595 629 630 665 666 713 714 715 740 741 759 760 782 783 805 806 836 837 899 900 
527 528 550 551 552 560 561 594 595 629 630 650 651 665 666 714 715 740 741 805 806 896 897 | 550 551 594 595 629 630 650 651 665 666 713 714 715 740 741 782 783 805 806 896 897 899 900 
527 528 551 552 560 561 575 576 594 595 608 609 629 630 665 666 703 704 714 715 740 741 782 783 805 806 899 900 935 936 | 560 561 594 595 620 621 629 630 650 651 714 715 740 741 759 760 899 900 
550 551 552 608 609 629 630 650 651 702 703 704 713 714 759 760 782 783 805 806 836 837 896 897 899 900 | 551 552 560 561 594 595 608 609 629 630 650 651 702 703 713 714 759 760 782 783 805 806 836 837 896 897 899 900 
550 551 552 575 576 620 621 650 651 702 703 704 714 715 740 741 759 760 805 806 836 837 899 900 | 551 552 560 561 575 576 594 595 620 621 650 651 702 703 714 715 740 741 759 760 805 806 836 837 899 900 
550 551 552 575 576 629 630 665 666 702 703 704 713 714 715 782 783 836 837 896 897 899 900 | 551 552 560 561 575 576 594 595 629 630 665 666 702 703 713 714 715 782 783 836 837 896 897 899 900 
550 551 552 665 666 702 703 704 759 760 782 783 805 806 836 837 896 897 899 900 | 551 552 560 561 594 595 665 666 702 703 759 760 782 783 805 806 836 837 896 897 899 900 
527 528 550 551 552 629 630 702 703 704 713 714 715 896 897 | 527 528 551 552 560 561 594 595 629 630 702 703 713 714 715 896 897 
550 551 552 629 630 702 703 704 713 714 715 782 783 896 897 935 936 | 551 552 560 561 594 595 629 630 702 703 713 714 715 782 783 896 897 935 936 
527 528 550 551 552 575 576 608 609 629 630 665 666 702 703 704 713 714 715 782 783 805 806 836 837 935 936 | 527 528 551 552 560 561 575 576 594 595 608 609 629 630 665 666 702 703 713 714 715 782 783 805 806 836 837 935 936 
527 528 550 551 552 575 576 620 621 629 630 650 651 665 666 702 703 704 713 714 740 741 759 760 805 806 836 837 896 897 899 900 | 527 528 551 552 560 561 575 576 594 595 620 621 629 630 650 651 665 666 702 703 713 714 740 741 759 760 805 806 836 837 896 897 899 900 
527 528 550 551 552 608 609 620 621 650 651 702 703 704 713 714 715 740 741 759 760 836 837 | 527 528 551 552 560 561 594 595 608 609 620 621 650 651 702 703 713 714 715 740 741 759 760 836 837 
527 528 550 551 552 575 576 620 621 629 630 650 651 702 703 704 714 715 740 741 782 783 896 897 899 900 935 936 | 527 528 551 552 560 561 575 576 594 595 620 621 629 630 650 651 702 703 714 715 740 741 782 783 896 897 899 900 935 936 
527 528 550 551 552 560 561 594 595 650 651 702 703 704 714 715 805 806 935 936 | 550 551 594 595 650 651 702 703 704 713 714 715 782 783 805 806 899 900 935 936 
527 528 550 551 552 608 609 620 621 629 630 665 666 702 703 704 714 715 782 783 836 837 935 936 | 527 528 551 552 560 561 594 595 608 609 620 621 629 630 665 666 702 703 714 715 782 783 836 837 935 936 
527 528 550 551 552 575 576 608 609 620 621 650 651 702 703 704 713 714 740 741 759 760 782 783 805 806 836 837 899 900 | 527 528 551 552 560 561 575 576 594 595 608 609 620 621 650 651 702 703 713 714 740 741 759 760 782 783 805 806 836 837 899 900 
527 528 550 551 552 575 576 620 621 665 666 702 703 704 713 714 740 741 759 760 782 783 805 806 836 837 896 897 | 527 528 551 552 560 561 575 576 594 595 620 621 665 666 702 703 713 714 740 741 759 760 782 783 805 806 836 837 896 897 
550 551 552 665 666 702 703 704 713 714 715 759 760 782 783 896 897 935 936 | 551 552 560 561 594 595 665 666 702 703 713 714 715 759 760 782 783 896 897 935 936 
527 528 550 551 552 575 576 608 609 702 703 704 740 741 836 837 896 897 | 527 528 551 552 560 561 575 576 594 595 608 609 702 703 740 741 836 837 896 897 
527 528 550 551 552 608 609 650 651 702 703 704 740 741 759 760 896 897 935 936 | 527 528 551 552 560 561 594 595 608 609 650 651 702 703 740 741 759 760 896 897 935 936 
527 528 550 551 552 575 576 608 609 650 651 665 666 702 703 704 713 714 715 782 783 805 806 896 897 899 900 | 527 528 551 552 560 561 575 576 594 595 608 609 650 651 665 666 702 703 713 714 715 782 783 805 806 896 897 899 900 
527 528 550 551 552 575 576 608 609 620 621 629 630 650 651 702 703 704 805 806 836 837 | 527 528 551 552 560 561 575 576 594 595 608 609 620 621 629 630 650 651 702 703 805 806 836 837 
527 528 550 551 552 575 576 608 609 620 621 650 651 702 703 704 740 741 759 760 805 806 836 837 | 527 528 551 552 560 561 575 576 594 595 608 609 620 621 650 651 702 703 740 741 759 760 805 806 836 837 
527 528 550 551 552 560 561 594 595 608 609 650 651 665 666 714 715 759 760 836 837 935 936 | 550 551 594 595 608 609 650 651 665 666 713 714 715 759 760 782 783 836 837 899 900 935 936 
550 551 552 620 621 629 630 702 703 704 713 714 715 759 760 836 837 899 900 935 936 | 551 552 560 561 594 595 620 621 629 630 702 703 713 714 715 759 760 836 837 899 900 935 936 
550 551 552 629 630 650 651 702 703 704 713 714 782 783 836 837 896 897 899 900 935 936 | 551 552 560 561 594 595 629 630 650 651 702 703 713 714 782 783 836 837 896 897 899 900 935 936 
527 528 550 551 552 608 609 650 651 702 703 704 714 715 740 741 759 760 805 806 935 936 | 527 528 551 552 560 561 594 595 608 609 650 651 702 703 714 715 740 741 759 760 805 806 935 936 
550 551 552 575 576 608 609 620 621 629 630 650 651 665 666 702 703 704 713 714 715 740 741 759 760 782 783 805 806 836 837 896 897 935 936 | 551 552 560 561 575 576 594 595 608 609 620 621 629 630 650 651 665 666 702 703 713 714 715 740 741 759 760 782 783 805 806 836 837 896 897 935 936 
527 528 550 551 552 702 703 704 740 741 782 783 836 837 899 900 | 527 528 551 552 560 561 594 595 702 703 740 741 782 783 836 837 899 900 
527 528 550 551 552 575 576 608 609 702 703 704 713 714 715 740 741 759 760 782 783 805 806 896 897 935 936 | 527 528 551 552 560 561 575 576 594 595 608 609 702 703 713 714 715 740 741 759 760 782 783 805 806 896 897 935 936 
550 551 552 575 576 608 609 650 651 702 703 704 759 760 782 783 805 806 896 897 | 551 552 560 561 575 576 594 595 608 609 650 651 702 703 759 760 782 783 805 806 896 897 
550 551 552 608 609 650 651 665 666 702 703 704 713 714 715 759 760 805 806 896 897 899 900 | 551 552 560 561 594 595 608 609 650 651 665 666 702 703 713 714 715 759 760 805 806 896 897 899 900 
527 528 550 551 552 560 561 594 595 665 666 703 704 714 715 740 741 759 760 836 837 896 897 | 550 551 594 595 665 666 703 704 713 714 715 740 741 759 760 782 783 836 837 896 897 899 900 
550 551 552 620 621 629 630 650 651 665 666 702 703 704 714 715 740 741 759 760 782 783 805 806 836 837 896 897 899 900 935 936 | 551 552 560 561 594 595 620 621 629 630 650 651 665 666 702 703 714 715 740 741 759 760 782 783 805 806 836 837 896 897 899 900 935 936 
550 551 552 575 576 608 609 620 621 629 630 650 651 665 666 702 703 704 713 714 759 760 896 897 899 900 | 551 552 560 561 575 576 594 595 608 609 620 621 629 630 650 651 665 666 702 703 713 714 759 760 896 897 899 900 
550 551 552 575 576 629 630 650 651 665 666 702 703 704 713 714 715 740 741 805 806 899 900 935 936 | 551 552 560 561 575 576 594 595 629 630 650 651 665 666 702 703 713 714 715 740 741 805 806 899 900 935 936 
527 528 550 551 552 575 576 608 609 650 651 665 666 702 703 704 714 715 759 760 782 783 896 897 899 900 | 527 528 551 552 560 561 575 576 594 595 608 609 650 651 665 666 702 703 714 715 759 760 782 783 896 897 899 900 
527 528 550 551 552 575 576 629 630 650 651 702 703 704 759 760 782 783 805 806 836 837 896 897 899 900 | 527 528 551 552 560 561 575 576 594 595 629 630 650 651 702 703 759 760 782 783 805 806 836 837 896 897 899 900 
527 528 550 551 552 575 576 650 651 702 703 704 714 715 740 741 759 760 782 783 896 897 899 900 | 527 528 551 552 560 561 575 576 594 595 650 651 702 703 714 715 740 741 759 760 782 783 896 897 899 900 
527 528 550 551 552 608 609 620 621 650 651 665 666 702 703 704 713 714 759 760 782 783 | 527 528 551 552 560 561 594 595 608 609 620 621 650 651 665 666 702 703 713 714 759 760 782 783 
550 551 552 575 576 608 609 629 630 650 651 702 703 704 713 714 715 836 837 896 897 899 900 | 551 552 560 561 575 576 594 595 608 609 629 630 650 651 702 703 713 714 715 836 837 896 897 899 900 
527 528 550 551 552 620 621 650 651 702 703 704 713 714 715 805 806 836 837 896 897 935 936 | 527 528 551 552 560 561 594 595 620 621 650 651 702 703 713 714 715 805 806 836 837 896 897 935 936 
550 551 552 620 621 629 630 650 651 665 666 702 703 704 759 760 805 806 836 837 899 900 935 936 | 551 552 560 561 594 595 620 621 629 630 650 651 665 666 702 703 759 760 805 806 836 837 899 900 935 936 
550 551 552 575 576 608 609 620 621 629 630 665 666 702 703 704 896 897 | 551 552 560 561 575 576 594 595 608 609 620 621 629 630 665 666 702 703 896 897 
550 551 552 608 609 620 621 650 651 665 666 702 703 704 782 783 805 806 896 897 899 900 935 936 | 551 552 560 561 594 595 608 609 620 621 650 651 665 666 702 703 782 783 805 806 896 897 899 900 935 936 
550 551 552 620 621 665 666 702 703 704 714 715 759 760 836 837 899 900 935 936 | 551 552 560 561 594 595 620 621 665 666 702 703 714 715 759 760 836 837 899 900 935 936 
527 528 550 551 552 575 576 608 609 665 666 702 703 704 759 760 836 837 935 936 | 527 528 551 552 560 561 575 576 594 595 608 609 665 666 702 703 759 760 836 837 935 936 
527 528 550 551 552 560 561 575 576 594 595 620 621 629 630 665 666 702 703 714 715 836 837 | 550 551 575 576 594 595 620 621 629 630 665 666 702 703 713 714 715 782 783 836 837 899 900 
527 528 550 551 552 620 621 702 703 704 713 714 715 759 760 782 783 805 806 836 837 935 936 | 527 528 551 552 560 561 594 595 620 621 702 703 713 714 715 759 760 782 783 805 806 836 837 935 936 
527 528 550 551 552 575 576 608 609 620 621 629 630 702 703 704 713 714 740 741 759 760 805 806 836 837 896 897 899 900 935 936 | 527 528 551 552 560 561 575 576 594 595 608 609 620 621 629 630 702 703 713 714 740 741 759 760 805 806 836 837 896 897 899 900 935 936 
527 528 550 551 552 575 576 620 621 629 630 650 651 702 703 704 714 715 759 760 836 837 896 897 935 936 | 527 528 551 552 560 561 575 576 594 595 620 621 629 630 650 651 702 703 714 715 759 760 836 837 896 897 935 936 
550 551 552 575 576 608 609 620 621 665 666 702 703 704 713 714 740 741 836 837 896 897 | 551 552 560 561 575 576 594 595 608 609 620 621 665 666 702 703 713 714 740 741 836 837 896 897 
527 528 550 551 608 609 620 621 629 630 650 651 702 703 713 714 715 759 760 836 837 896 897 | 527 528 551 552 560 561 575 576 594 595 608 609 620 621 629 630 650 651 703 704 713 714 759 760 836 837 
527 528 551 552 575 576 594 595 665 666 713 714 896 897 | 550 551 620 621 650 651 665 666 782 783 805 806 899 900 
550 551 608 609 629 630 650 651 665 666 702 703 713 714 715 759 760 805 806 896 897 | 551 552 560 561 575 576 594 595 608 609 629 630 650 651 665 666 703 704 713 714 759 760 805 806 
527 528 550 551 552 629 630 702 703 704 713 714 805 806 836 837 935 936 | 527 528 551 552 560 561 594 595 629 630 702 703 713 714 805 806 836 837 935 936 
550 551 552 575 576 629 630 650 651 665 666 702 703 704 714 715 740 741 782 783 836 837 899 900 935 936 | 551 552 560 561 575 576 594 595 629 630 650 651 665 666 702 703 714 715 740 741 782 783 836 837 899 900 935 936 
550 551 552 650 651 665 666 702 703 704 713 714 715 782 783 805 806 836 837 896 897 899 900 | 551 552 560 561 594 595 650 651 665 666 702 703 713 714 715 782 783 805 806 836 837 896 897 899 900 
527 528 550 551 552 620 621 629 630 650 651 665 666 702 703 704 740 741 805 806 836 837 896 897 | 527 528 551 552 560 561 594 595 620 621 629 630 650 651 665 666 702 703 740 741 805 806 836 837 896 897 
527 528 550 551 552 620 621 629 630 650 651 702 703 704 713 714 759 760 782 783 805 806 836 837 935 936 | 527 528 551 552 560 561 594 595 620 621 629 630 650 651 702 703 713 714 759 760 782 783 805 806 836 837 935 936 
527 528 550 551 552 560 561 594 595 608 609 650 651 702 703 714 715 759 760 836 837 935 936 | 550 551 594 595 608 609 650 651 702 703 713 714 715 759 760 782 783 836 837 899 900 935 936 
550 551 552 620 621 629 630 702 703 704 782 783 805 806 836 837 935 936 | 551 552 560 561 594 595 620 621 629 630 702 703 782 783 805 806 836 837 935 936 
550 551 552 629 630 702 703 704 714 715 759 760 782 783 836 837 899 900 | 551 552 560 561 594 595 629 630 702 703 714 715 759 760 782 783 836 837 899 900 
527 528 550 551 552 575 576 620 621 650 651 702 703 704 740 741 759 760 896 897 935 936 | 527 528 551 552 560 561 575 576 594 595 620 621 650 651 702 703 740 741 759 760 896 897 935 936 
550 551 552 608 609 665 666 702 703 704 713 714 715 896 897 935 936 | 551 552 560 561 594 595 608 609 665 666 702 703 713 714 715 896 897 935 936 
550 551 552 608 609 620 621 629 630 650 651 665 666 702 703 704 713 714 715 782 783 896 897 | 551 552 560 561 594 595 608 609 620 621 629 630 650 651 665 666 702 703 713 714 715 782 783 896 897 
527 528 550 551 552 608 609 629 630 702 703 704 759 760 782 783 896 897 899 900 | 527 528 551 552 560 561 594 595 608 609 629 630 702 703 759 760 782 783 896 897 899 900 
527 528 550 551 552 575 576 608 609 650 651 702 703 704 713 714 836 837 896 897 | 527 528 551 552 560 561 575 576 594 595 608 609 650 651 702 703 713 714 836 837 896 897 
527 528 550 551 552 620 621 650 651 702 703 704 740 741 759 760 782 783 896 897 899 900 935 936 | 527 528 551 552 560 561 594 595 620 621 650 651 702 703 740 741 759 760 782 783 896 897 899 900 935 936 
527 528 550 551 552 560 561 575 576 608 609 629 630 714 715 740 741 759 760 805 806 836 837 | 550 551 575 576 608 609 629 630 713 714 715 740 741 759 760 782 783 805 806 836 837 899 900 
550 551 552 620 621 650 651 702 703 704 713 714 715 740 741 836 837 896 897 899 900 935 936 | 551 552 560 561 594 595 620 621 650 651 702 703 713 714 715 740 741 836 837 896 897 899 900 935 936 
527 528 551 552 575 576 594 595 608 609 629 630 665 666 703 704 713 714 740 741 836 837 896 897 935 936 | 550 551 608 609 620 621 629 630 650 651 665 666 703 704 740 741 782 783 805 806 836 837 899 900 935 936 
527 528 550 551 552 620 621 650 651 702 703 704 759 760 805 806 836 837 896 897 935 936 | 527 528 551 552 560 561 594 595 620 621 650 651 702 703 759 760 805 806 836 837 896 897 935 936 
527 528 551 552 560 561 575 576 594 595 629 630 713 714 740 741 836 837 896 897 | 550 551 560 561 620 621 629 630 650 651 740 741 782 783 805 806 836 837 899 900 
527 528 550 551 552 650 651 665 666 702 703 704 713 714 805 806 836 837 896 897 899 900 | 527 528 551 552 560 561 594 595 650 651 665 666 702 703 713 714 805 806 836 837 896 897 899 900 
527 528 550 551 552 575 576 608 609 620 621 650 651 665 666 702 703 704 714 715 759 760 782 783 805 806 836 837 899 900 935 936 | 527 528 551 552 560 561 575 576 594 595 608 609 620 621 650 651 665 666 702 703 714 715 759 760 782 783 805 806 836 837 899 900 935 936 
550 551 552 608 609 702 703 704 713 714 715 740 741 805 806 836 837 896 897 899 900 935 936 | 551 552 560 561 594 595 608 609 702 703 713 714 715 740 741 805 806 836 837 896 897 899 900 935 936 
527 528 550 551 560 561 575 576 608 609 629 630 665 666 702 703 704 713 714 715 740 741 759 760 935 936 | 551 552 560 561 594 595 608 609 782 783 836 837 899 900 
550 551 552 608 609 702 703 704 740 741 759 760 935 936 | 551 552 560 561 594 595 608 609 702 703 740 741 759 760 935 936 
527 528 550 551 552 629 630 650 651 665 666 702 703 704 740 741 759 760 782 783 836 837 935 936 | 527 528 551 552 560 561 594 595 629 630 650 651 665 666 702 703 740 741 759 760 782 783 836 837 935 936 
527 528 550 551 620 621 629 630 665 666 702 703 713 714 715 740 741 759 760 782 783 805 806 836 837 896 897 899 900 935 936 | 527 528 551 552 560 561 575 576 594 595 620 621 629 630 665 666 703 704 713 714 740 741 759 760 782 783 805 806 836 837 899 900 935 936 
527 528 550 551 575 576 608 609 629 630 702 703 714 715 740 741 759 760 805 806 836 837 896 897 | 551 552 594 595 608 609 629 630 703 704 713 714 740 741 759 760 782 783 805 806 836 837 899 900 
527 528 550 551 552 560 561 575 576 629 630 665 666 702 703 704 713 714 715 740 741 836 837 896 897 | 550 551 620 621 629 630 650 651 665 666 702 703 704 714 715 740 741 782 783 805 806 836 837 899 900 
550 551 552 575 576 629 630 702 703 704 713 714 740 741 836 837 | 551 552 560 561 575 576 594 595 629 630 702 703 713 714 740 741 836 837 
550 551 552 650 651 665 666 702 703 704 713 714 715 782 783 805 806 896 897 899 900 | 551 552 560 561 594 595 650 651 665 666 702 703 713 714 715 782 783 805 806 896 897 899 900 
527 528 550 551 552 575 576 665 666 702 703 704 713 714 715 740 741 759 760 896 897 | 527 528 551 552 560 561 575 576 594 595 665 666 702 703 713 714 715 740 741 759 760 896 897 
527 528 550 551 552 560 561 594 595 608 609 702 703 714 715 740 741 759 760 805 806 836 837 935 936 | 550 551 594 595 608 609 702 703 713 714 715 740 741 759 760 782 783 805 806 836 837 899 900 935 936 
550 551 552 575 576 608 609 629 630 650 651 665 666 702 703 704 714 715 805 806 899 900 935 936 | 551 552 560 561 575 576 594 595 608 609 629 630 650 651 665 666 702 703 714 715 805 806 899 900 935 936 
527 528 550 551 552 560 561 575 576 620 621 650 651 665 666 702 703 714 715 896 897 935 936 | 550 551 575 576 620 621 650 651 665 666 702 703 713 714 715 782 783 896 897 899 900 935 936 
527 528 550 551 552 620 621 650 651 665 666 702 703 704 740 741 759 760 782 783 805 806 836 837 896 897 | 527 528 551 552 560 561 594 595 620 621 650 651 665 666 702 703 740 741 759 760 782 783 805 806 836 837 896 897 
550 551 552 608 609 620 621 650 651 702 703 704 713 714 740 741 759 760 782 783 836 837 896 897 935 936 | 551 552 560 561 594 595 608 609 620 621 650 651 702 703 713 714 740 741 759 760 782 783 836 837 896 897 935 936 
527 528 550 551 552 560 561 608 609 620 621 665 666 702 703 704 713 714 715 740 741 759 760 896 897 | 550 551 608 609 665 666 703 704 714 715 740 741 759 760 782 783 805 806 899 900 
550 551 552 620 621 665 666 702 703 704 899 900 | 551 552 560 561 594 595 620 621 665 666 702 703 899 900 
527 528 550 551 552 620 621 650 651 702 703 704 714 715 740 741 805 806 836 837 896 897 899 900 935 936 | 527 528 551 552 560 561 594 595 620 621 650 651 702 703 714 715 740 741 805 806 836 837 896 897 899 900 935 936 
527 528 550 551 552 575 576 620 621 629 630 650 651 702 703 704 713 714 759 760 935 936 | 527 528 551 552 560 561 575 576 594 595 620 621 629 630 650 651 702 703 713 714 759 760 935 936 
550 551 552 575 576 608 609 629 630 665 666 702 703 704 740 741 759 760 896 897 899 900 | 551 552 560 561 575 576 594 595 608 609 629 630 665 666 702 703 740 741 759 760 896 897 899 900 
527 528 550 551 608 609 620 621 650 651 702 703 713 714 715 896 897 899 900 935 936 | 527 528 551 552 560 561 575 576 594 595 608 609 620 621 650 651 703 704 713 714 899 900 935 936 
527 528 550 551 552 575 576 608 609 650 651 665 666 702 703 704 713 714 715 836 837 899 900 935 936 | 527 528 551 552 560 561 575 576 594 595 608 609 650 651 665 666 702 703 713 714 715 836 837 899 900 935 936 
550 551 552 575 576 620 621 629 630 650 651 665 666 702 703 704 713 714 715 740 741 759 760 782 783 805 806 899 900 935 936 | 551 552 560 561 575 576 594 595 620 621 629 630 650 651 665 666 702 703 713 714 715 740 741 759 760 782 783 805 806 899 900 935 936 
550 551 552 575 576 629 630 650 651 665 666 702 703 704 713 714 805 806 896 897 | 551 552 560 561 575 576 594 595 629 630 650 651 665 666 702 703 713 714 805 806 896 897 
550 551 552 608 609 629 630 650 651 665 666 702 703 704 713 714 715 782 783 805 806 836 837 896 897 935 936 | 551 552 560 561 594 595 608 609 629 630 650 651 665 666 702 703 713 714 715 782 783 805 806 836 837 896 897 935 936 
550 551 552 629 630 650 651 702 703 704 713 714 740 741 782 783 896 897 899 900 935 936 | 551 552 560 561 594 595 629 630 650 651 702 703 713 714 740 741 782 783 896 897 899 900 935 936 
550 551 552 575 576 620 621 629 630 702 703 704 713 714 896 897 899 900 | 551 552 560 561 575 576 594 595 620 621 629 630 702 703 713 714 896 897 899 900 
527 528 550 551 702 703 713 714 715 759 760 896 897 935 936 | 527 528 551 552 560 561 575 576 594 595 703 704 713 714 759 760 935 936 
527 528 550 551 552 560 561 575 576 713 714 715 759 760 836 837 896 897 935 936 | 550 551 620 621 650 651 714 715 759 760 782 783 805 806 836 837 899 900 935 936 
550 551 552 620 621 629 630 702 703 704 740 741 836 837 896 897 899 900 935 936 | 551 552 560 561 594 595 620 621 629 630 702 703 740 741 836 837 896 897 899 900 935 936 
527 528 550 551 552 620 621 665 666 702 703 704 714 715 740 741 759 760 782 783 836 837 896 897 | 527 528 551 552 560 561 594 595 620 621 665 666 702 703 714 715 740 741 759 760 782 783 836 837 896 897 
550 551 552 575 576 608 609 702 703 704 740 741 782 783 836 837 | 551 552 560 561 575 576 594 595 608 609 702 703 740 741 782 783 836 837 
550 551 552 575 576 608 609 702 703 704 714 715 740 741 759 760 899 900 935 936 | 551 552 560 561 575 576 594 595 608 609 702 703 714 715 740 741 759 760 899 900 935 936 
527 528 550 551 552 560 561 575 576 594 595 608 609 620 621 702 703 714 715 740 741 759 760 805 806 896 897 | 550 551 575 576 594 595 608 609 620 621 702 703 713 714 715 740 741 759 760 782 783 805 806 896 897 899 900 
527 528 550 551 552 575 576 608 609 620 621 665 666 702 703 704 759 760 805 806 896 897 899 900 935 936 | 527 528 551 552 560 561 575 576 594 595 608 609 620 621 665 666 702 703 759 760 805 806 896 897 899 900 935 936 
527 528 550 551 552 620 621 629 630 650 651 702 703 704 714 715 740 741 759 760 836 837 896 897 899 900 935 936 | 527 528 551 552 560 561 594 595 620 621 629 630 650 651 702 703 714 715 740 741 759 760 836 837 896 897 899 900 935 936 
527 528 550 551 629 630 665 666 702 703 713 714 715 805 806 836 837 896 897 899 900 935 936 | 527 528 551 552 560 561 575 576 594 595 629 630 665 666 703 704 713 714 805 806 836 837 899 900 935 936 
527 528 550 551 552 608 609 629 630 650 651 702 703 704 714 715 740 741 782 783 805 806 896 897 935 936 | 527 528 551 552 560 561 594 595 608 609 629 630 650 651 702 703 714 715 740 741 782 783 805 806 896 897 935 936 
550 551 552 575 576 608 609 620 621 650 651 665 666 702 703 704 713 714 759 760 805 806 836 837 896 897 899 900 935 936 | 551 552 560 561 575 576 594 595 608 609 620 621 650 651 665 666 702 703 713 714 759 760 805 806 836 837 896 897 899 900 935 936 
550 551 552 620 621 650 651 702 703 704 713 714 759 760 896 897 899 900 | 551 552 560 561 594 595 620 621 650 651 702 703 713 714 759 760 896 897 899 900 
527 528 550 551 620 621 650 651 665 666 702 703 713 714 715 782 783 896 897 899 900 935 936 | 527 528 551 552 560 561 575 576 594 595 620 621 650 651 665 666 703 704 713 714 782 783 899 900 935 936 
527 528 550 551 552 560 561 620 621 665 666 702 703 704 714 715 740 741 759 760 836 837 935 936 | 550 551 620 621 665 666 702 703 704 713 714 715 740 741 759 760 782 783 836 837 899 900 935 936 
527 528 550 551 552 575 576 608 609 650 651 702 703 704 714 715 740 741 782 783 896 897 899 900 935 936 | 527 528 551 552 560 561 575 576 594 595 608 609 650 651 702 703 714 715 740 741 782 783 896 897 899 900 935 936 
527 528 550 551 552 629 630 650 651 702 703 704 714 715 740 741 782 783 836 837 896 897 899 900 | 527 528 551 552 560 561 594 595 629 630 650 651 702 703 714 715 740 741 782 783 836 837 896 897 899 900 
527 528 550 551 552 560 561 594 595 620 621 665 666 702 703 714 715 740 741 759 760 805 806 836 837 935 936 | 550 551 594 595 620 621 665 666 702 703 713 714 715 740 741 759 760 782 783 805 806 836 837 899 900 935 936 
527 528 550 551 552 608 609 629 630 702 703 704 713 714 782 783 805 806 836 837 896 897 | 527 528 551 552 560 561 594 595 608 609 629 630 702 703 713 714 782 783 805 806 836 837 896 897 
527 528 550 551 552 560 561 575 576 620 621 629 630 650 651 665 666 702 703 714 715 740 741 935 936 | 550 551 575 576 620 621 629 630 650 651 665 666 702 703 713 714 715 740 741 782 783 899 900 935 936 
550 551 552 608 609 620 621 629 630 650 651 702 703 704 713 714 759 760 782 783 805 806 899 900 | 551 552 560 561 594 595 608 609 620 621 629 630 650 651 702 703 713 714 759 760 782 783 805 806 899 900 
550 551 552 575 576 608 609 620 621 629 630 650 651 702 703 704 714 715 759 760 805 806 896 897 899 900 | 551 552 560 561 575 576 594 595 608 609 620 621 629 630 650 651 702 703 714 715 759 760 805 806 896 897 899 900 
527 528 550 551 552 560 561 594 595 620 621 629 630 650 651 703 704 714 715 759 760 | 550 551 594 595 620 621 629 630 650 651 703 704 713 714 715 759 760 782 783 899 900 
550 551 552 575 576 620 621 629 630 650 651 665 666 702 703 704 713 714 740 741 836 837 896 897 935 936 | 551 552 560 561 575 576 594 595 620 621 629 630 650 651 665 666 702 703 713 714 740 741 836 837 896 897 935 936 
527 528 551 552 560 561 594 595 608 609 620 621 629 630 650 651 665 666 702 703 704 782 783 805 806 836 837 896 897 935 936 | 560 561 594 595 629 630 650 651 759 760 836 837 896 897 
550 551 552 620 621 629 630 665 666 702 703 704 713 714 759 760 805 806 896 897 899 900 | 551 552 560 561 594 595 620 621 629 630 665 666 702 703 713 714 759 760 805 806 896 897 899 900 
527 528 550 551 552 560 561 575 576 594 595 608 609 620 621 629 630 650 651 665 666 702 703 714 715 740 741 805 806 935 936 | 550 551 575 576 594 595 608 609 620 621 629 630 650 651 665 666 702 703 713 714 715 740 741 782 783 805 806 899 900 935 936 
527 528 550 551 552 560 561 594 595 620 621 650 651 665 666 714 715 740 741 836 837 935 936 | 550 551 594 595 620 621 650 651 665 666 713 714 715 740 741 782 783 836 837 899 900 935 936 
527 528 550 551 552 575 576 608 609 620 621 665 666 702 703 704 836 837 896 897 899 900 935 936 | 527 528 551 552 560 561 575 576 594 595 608 609 620 621 665 666 702 703 836 837 896 897 899 900 935 936 
550 551 552 629 630 665 666 702 703 704 714 715 759 760 805 806 836 837 | 551 552 560 561 594 595 629 630 665 666 702 703 714 715 759 760 805 806 836 837 
550 551 552 620 621 629 630 702 703 704 714 715 759 760 896 897 935 936 | 551 552 560 561 594 595 620 621 629 630 702 703 714 715 759 760 896 897 935 936 
527 528 550 551 552 560 561 594 595 608 609 620 621 629 630 650 651 702 703 704 714 715 740 741 | 550 551 594 595 608 609 620 621 629 630 650 651 702 703 704 713 714 715 740 741 782 783 899 900 
527 528 550 551 552 560 561 575 576 594 595 608 609 620 621 629 630 665 666 702 703 704 714 715 740 741 836 837 | 550 551 575 576 594 595 608 609 620 621 629 630 665 666 702 703 704 713 714 715 740 741 782 783 836 837 899 900 
550 551 552 608 609 665 666 702 703 704 713 714 715 759 760 782 783 836 837 899 900 | 551 552 560 561 594 595 608 609 665 666 702 703 713 714 715 759 760 782 783 836 837 899 900 
550 551 552 575 576 608 609 620 621 665 666 702 703 704 714 715 896 897 935 936 | 551 552 560 561 575 576 594 595 608 609 620 621 665 666 702 703 714 715 896 897 935 936 
550 551 552 608 609 629 630 702 703 704 713 714 740 741 782 783 805 806 896 897 935 936 | 551 552 560 561 594 595 608 609 629 630 702 703 713 714 740 741 782 783 805 806 896 897 935 936 
550 551 552 608 609 665 666 702 703 704 714 715 805 806 836 837 896 897 | 551 552 560 561 594 595 608 609 665 666 702 703 714 715 805 806 836 837 896 897 
550 551 552 575 576 608 609 650 651 665 666 702 703 704 713 714 715 740 741 759 760 836 837 896 897 935 936 | 551 552 560 561 575 576 594 595 608 609 650 651 665 666 702 703 713 714 715 740 741 759 760 836 837 896 897 935 936 
550 551 552 665 666 702 703 704 713 714 740 741 759 760 782 783 805 806 935 936 | 551 552 560 561 594 595 665 666 702 703 713 714 740 741 759 760 782 783 805 806 935 936 
550 551 552 650 651 665 666 702 703 704 714 715 836 837 896 897 | 551 552 560 561 594 595 650 651 665 666 702 703 714 715 836 837 896 897 
550 551 650 651 702 703 713 714 715 740 741 759 760 805 806 836 837 896 897 899 900 | 551 552 560 561 575 576 594 595 650 651 703 704 713 714 740 741 759 760 805 806 836 837 899 900 
550 551 552 620 621 650 651 702 703 704 713 714 715 759 760 896 897 935 936 | 551 552 560 561 594 595 620 621 650 651 702 703 713 714 715 759 760 896 897 935 936 
527 528 550 551 552 575 576 608 609 629 630 650 651 702 703 704 714 715 740 741 759 760 | 527 528 551 552 560 561 575 576 594 595 608 609 629 630 650 651 702 703 714 715 740 741 759 760 
527 528 550 551 552 560 561 575 576 665 666 702 703 714 715 740 741 759 760 836 837 | 550 551 575 576 665 666 702 703 713 714 715 740 741 759 760 782 783 836 837 899 900 
527 528 550 551 552 608 609 620 621 629 630 650 651 665 666 702 703 704 713 714 759 760 782 783 899 900 935 936 | 527 528 551 552 560 561 594 595 608 609 620 621 629 630 650 651 665 666 702 703 713 714 759 760 782 783 899 900 935 936 
550 551 552 620 621 629 630 650 651 702 703 704 713 714 715 782 783 805 806 896 897 935 936 | 551 552 560 561 594 595 620 621 629 630 650 651 702 703 713 714 715 782 783 805 806 896 897 935 936 
527 528 550 551 629 630 650 651 665 666 703 704 714 715 740 741 759 760 782 783 805 806 899 900 935 936 | 527 528 551 552 560 561 575 576 594 595 620 621 650 651 782 783 836 837 896 897 899 900 
527 528 550 551 552 560 561 575 576 594 595 608 609 665 666 714 715 805 806 836 837 935 936 | 550 551 575 576 594 595 608 609 665 666 713 714 715 782 783 805 806 836 837 899 900 935 936 
527 528 550 551 552 629 630 665 666 702 703 704 740 741 759 760 805 806 896 897 899 900 935 936 | 527 528 551 552 560 561 594 595 629 630 665 666 702 703 740 741 759 760 805 806 896 897 899 900 935 936 
550 551 552 608 609 650 651 702 703 704 713 714 740 741 759 760 805 806 836 837 896 897 899 900 | 551 552 560 561 594 595 608 609 650 651 702 703 713 714 740 741 759 760 805 806 836 837 896 897 899 900 
527 528 550 551 552 575 576 620 621 665 666 702 703 704 740 741 782 783 805 806 896 897 899 900 935 936 | 527 528 551 552 560 561 575 576 594 595 620 621 665 666 702 703 740 741 782 783 805 806 896 897 899 900 935 936 
527 528 550 551 552 608 609 650 651 665 666 702 703 704 714 715 759 760 782 783 805 806 899 900 935 936 | 527 528 551 552 560 561 594 595 608 609 650 651 665 666 702 703 714 715 759 760 782 783 805 806 899 900 935 936 
527 528 550 551 552 560 561 575 576 594 595 665 666 702 703 713 714 715 896 897 935 936 | 550 551 594 595 620 621 650 651 665 666 702 703 714 715 782 783 805 806 899 900 935 936 
527 528 551 552 560 561 575 576 608 609 665 666 703 704 713 714 782 783 805 806 896 897 899 900 935 936 | 560 561 620 621 650 651 713 714 759 760 896 897 899 900 
550 551 552 575 576 608 609 620 621 702 703 704 713 714 740 741 782 783 896 897 899 900 935 936 | 551 552 560 561 575 576 594 595 608 609 620 621 702 703 713 714 740 741 782 783 896 897 899 900 935 936 
527 528 550 551 552 560 561 594 595 608 609 629 630 665 666 702 703 704 714 715 759 760 805 806 836 837 | 550 551 594 595 608 609 629 630 665 666 702 703 704 713 714 715 759 760 782 783 805 806 836 837 899 900 
550 551 552 608 609 650 651 702 703 704 740 741 759 760 782 783 896 897 | 551 552 560 561 594 595 608 609 650 651 702 703 740 741 759 760 782 783 896 897 
550 551 665 666 702 703 713 714 715 759 760 782 783 896 897 935 936 | 551 552 560 561 575 576 594 595 665 666 703 704 713 714 759 760 782 783 935 936 
527 528 550 551 552 629 630 702 703 704 713 714 715 782 783 805 806 896 897 | 527 528 551 552 560 561 594 595 629 630 702 703 713 714 715 782 783 805 806 896 897 
527 528 551 552 560 561 575 576 594 595 608 609 620 621 629 630 665 666 702 703 704 713 714 782 783 805 806 836 837 896 897 899 900 935 936 | 560 561 575 576 594 595 629 630 713 714 759 760 836 837 896 897 899 900 
550 551 552 608 609 629 630 665 666 702 703 704 713 714 740 741 759 760 805 806 836 837 896 897 899 900 | 551 552 560 561 594 595 608 609 629 630 665 666 702 703 713 714 740 741 759 760 805 806 836 837 896 897 899 900 
527 528 550 551 552 560 561 575 576 594 595 608 609 702 703 704 714 715 740 741 759 760 935 936 | 550 551 575 576 594 595 608 609 702 703 704 713 714 715 740 741 759 760 782 783 899 900 935 936 
527 528 550 551 552 560 561 575 576 594 595 608 609 620 621 714 715 740 741 759 760 805 806 935 936 | 550 551 575 576 594 595 608 609 620 621 713 714 715 740 741 759 760 782 783 805 806 899 900 935 936 
550 551 552 702 703 704 713 714 740 741 759 760 805 806 836 837 896 897 | 551 552 560 561 594 595 702 703 713 714 740 741 759 760 805 806 836 837 896 897 
550 551 552 575 576 608 609 629 630 650 651 702 703 704 714 715 740 741 759 760 805 806 836 837 899 900 935 936 | 551 552 560 561 575 576 594 595 608 609 629 630 650 651 702 703 714 715 740 741 759 760 805 806 836 837 899 900 935 936 
550 551 552 620 621 665 666 702 703 704 714 715 782 783 805 806 | 551 552 560 561 594 595 620 621 665 666 702 703 714 715 782 783 805 806 
527 528 550 551 552 608 609 629 630 702 703 704 713 714 759 760 805 806 836 837 896 897 899 900 935 936 | 527 528 551 552 560 561 594 595 608 609 629 630 702 703 713 714 759 760 805 806 836 837 896 897 899 900 935 936 
527 528 550 551 552 608 609 620 621 629 630 650 651 702 703 704 714 715 782 783 805 806 | 527 528 551 552 560 561 594 595 608 609 620 621 629 630 650 651 702 703 714 715 782 783 805 806 
527 528 550 551 552 560 561 608 609 650 651 714 715 896 897 935 936 | 550 551 608 609 650 651 713 714 715 782 783 896 897 899 900 935 936 
527 528 550 551 552 575 576 608 609 620 621 650 651 702 703 704 713 714 715 759 760 782 783 805 806 896 897 899 900 | 527 528 551 552 560 561 575 576 594 595 608 609 620 621 650 651 702 703 713 714 715 759 760 782 783 805 806 896 897 899 900 
527 528 550 551 552 575 576 608 609 620 621 629 630 702 703 704 713 714 805 806 836 837 899 900 935 936 | 527 528 551 552 560 561 575 576 594 595 608 609 620 621 629 630 702 703 713 714 805 806 836 837 899 900 935 936 
527 528 550 551 552 575 576 608 609 620 621 702 703 704 713 714 715 759 760 782 783 805 806 836 837 896 897 | 527 528 551 552 560 561 575 576 594 595 608 609 620 621 702 703 713 714 715 759 760 782 783 805 806 836 837 896 897 
527 528 550 551 552 560 561 575 576 594 595 608 609 629 630 702 703 713 714 715 759 760 896 897 935 936 | 550 551 594 595 608 609 620 621 629 630 650 651 702 703 714 715 759 760 782 783 805 806 899 900 935 936 
527 528 550 551 552 608 609 650 651 702 703 714 715 740 741 836 837 896 897 | 551 552 575 576 594 595 608 609 650 651 703 704 713 714 740 741 782 783 836 837 899 900 
527 528 551 552 575 576 594 595 608 609 665 666 703 704 714 715 782 783 805 806 836 837 935 936 | 594 595 620 621 650 651 714 715 759 760 836 837 
527 528 550 551 552 629 630 665 666 702 703 704 714 715 740 741 782 783 836 837 896 897 935 936 | 527 528 551 552 560 561 594 595 629 630 665 666 702 703 714 715 740 741 782 783 836 837 896 897 935 936 
550 551 552 620 621 702 703 704 740 741 | 551 552 560 561 594 595 620 621 702 703 740 741 
550 551 552 575 576 629 630 665 666 702 703 704 713 714 715 935 936 | 551 552 560 561 575 576 594 595 629 630 665 666 702 703 713 714 715 935 936 
527 528 550 551 552 575 576 620 621 629 630 665 666 702 703 704 740 741 759 760 836 837 | 527 528 551 552 560 561 575 576 594 595 620 621 629 630 665 666 702 703 740 741 759 760 836 837 
550 551 552 608 609 620 621 629 630 650 651 665 666 702 703 704 713 714 740 741 759 760 | 551 552 560 561 594 595 608 609 620 621 629 630 650 651 665 666 702 703 713 714 740 741 759 760 
527 528 550 551 552 560 561 594 595 620 621 665 666 702 703 704 714 715 836 837 896 897 | 550 551 594 595 620 621 665 666 702 703 704 713 714 715 782 783 836 837 896 897 899 900 
527 528 550 551 552 560 561 620 621 703 704 714 715 759 760 805 806 836 837 | 550 551 620 621 703 704 713 714 715 759 760 782 783 805 806 836 837 899 900 
527 528 550 551 552 629 630 650 651 702 703 704 714 715 836 837 896 897 899 900 | 527 528 551 552 560 561 594 595 629 630 650 651 702 703 714 715 836 837 896 897 899 900 
550 551 552 575 576 608 609 620 621 629 630 702 703 704 713 714 740 741 759 760 836 837 896 897 | 551 552 560 561 575 576 594 595 608 609 620 621 629 630 702 703 713 714 740 741 759 760 836 837 896 897 
527 528 550 551 552 575 576 608 609 620 621 665 666 702 703 704 714 715 740 741 805 806 836 837 935 936 | 527 528 551 552 560 561 575 576 594 595 608 609 620 621 665 666 702 703 714 715 740 741 805 806 836 837 935 936 
527 528 550 551 552 560 561 575 576 594 595 608 609 620 621 650 651 665 666 702 703 714 715 896 897 935 936 | 550 551 575 576 594 595 608 609 620 621 650 651 665 666 702 703 713 714 715 782 783 896 897 899 900 935 936 
550 551 552 575 576 608 609 620 621 629 630 702 703 704 714 715 740 741 805 806 836 837 896 897 899 900 935 936 | 551 552 560 561 575 576 594 595 608 609 620 621 629 630 702 703 714 715 740 741 805 806 836 837 896 897 899 900 935 936 
527 528 550 551 552 575 576 608 609 629 630 650 651 665 666 702 703 704 713 714 740 741 759 760 782 783 836 837 896 897 935 936 | 527 528 551 552 560 561 575 576 594 595 608 609 629 630 650 651 665 666 702 703 713 714 740 741 759 760 782 783 836 837 896 897 935 936 
527 528 550 551 552 560 561 594 595 608 609 650 651 665 666 714 715 740 741 759 760 896 897 | 550 551 594 595 608 609 650 651 665 666 713 714 715 740 741 759 760 782 783 896 897 899 900 
527 528 550 551 552 575 576 608 609 629 630 665 666 702 703 704 713 714 836 837 935 936 | 527 528 551 552 560 561 575 576 594 595 608 609 629 630 665 666 702 703 713 714 836 837 935 936 
527 528 550 551 552 629 630 665 666 702 703 704 714 715 782 783 836 837 896 897 | 527 528 551 552 560 561 594 595 629 630 665 666 702 703 714 715 782 783 836 837 896 897 
527 528 550 551 552 560 561 594 595 703 704 714 715 896 897 935 936 | 550 551 594 595 703 704 713 714 715 782 783 896 897 899 900 935 936 
527 528 550 551 552 575 576 608 609 620 621 702 703 704 714 715 740 741 782 783 805 806 836 837 896 897 935 936 | 527 528 551 552 560 561 575 576 594 595 608 609 620 621 702 703 714 715 740 741 782 783 805 806 836 837 896 897 935 936 
550 551 608 609 650 651 665 666 702 703 713 714 715 740 741 782 783 805 806 896 897 935 936 | 551 552 560 561 575 576 594 595 608 609 650 651 665 666 703 704 713 714 740 741 782 783 805 806 935 936 
527 528 550 551 552 560 561 594 595 608 609 620 621 650 651 714 715 759 760 896 897 935 936 | 550 551 594 595 608 609 620 621 650 651 713 714 715 759 760 782 783 896 897 899 900 935 936 
527 528 551 552 560 561 594 595 620 621 629 630 665 666 702 703 704 713 714 759 760 836 837 896 897 935 936 | 550 551 560 561 629 630 665 666 703 704 759 760 782 783 805 806 836 837 899 900 935 936 
550 551 552 575 576 608 609 650 651 665 666 702 703 704 713 714 759 760 782 783 836 837 | 551 552 560 561 575 576 594 595 608 609 650 651 665 666 702 703 713 714 759 760 782 783 836 837 
527 528 550 551 552 665 666 702 703 704 713 714 782 783 836 837 | 527 528 551 552 560 561 594 595 665 666 702 703 713 714 782 783 836 837 
527 528 550 551 552 560 561 594 595 608 609 620 621 629 630 650 651 703 704 714 715 805 806 836 837 896 897 935 936 | 550 551 594 595 608 609 620 621 629 630 650 651 703 704 713 714 715 782 783 805 806 836 837 896 897 899 900 935 936 
527 528 550 551 552 560 561 575 576 608 609 629 630 702 703 704 714 715 836 837 896 897 | 550 551 575 576 608 609 629 630 702 703 704 713 714 715 782 783 836 837 896 897 899 900 
527 528 550 551 552 575 576 620 621 629 630 650 651 702 703 704 759 760 782 783 805 806 896 897 935 936 | 527 528 551 552 560 561 575 576 594 595 620 621 629 630 650 651 702 703 759 760 782 783 805 806 896 897 935 936 
527 528 550 551 552 560 561 608 609 650 651 665 666 703 704 714 715 740 741 759 760 836 837 896 897 935 936 | 550 551 608 609 650 651 665 666 703 704 713 714 715 740 741 759 760 782 783 836 837 896 897 899 900 935 936 
550 551 552 620 621 629 630 702 703 704 713 714 715 759 760 805 806 896 897 | 551 552 560 561 594 595 620 621 629 630 702 703 713 714 715 759 760 805 806 896 897 
527 528 550 551 552 560 561 594 595 650 651 665 666 714 715 740 741 759 760 935 936 | 550 551 594 595 650 651 665 666 713 714 715 740 741 759 760 782 783 899 900 935 936 
550 551 552 620 621 665 666 702 703 704 713 714 715 740 741 782 783 836 837 899 900 | 551 552 560 561 594 595 620 621 665 666 702 703 713 714 715 740 741 782 783 836 837 899 900 
527 528 550 551 552 620 621 629 630 665 666 702 703 704 713 714 782 783 896 897 | 527 528 551 552 560 561 594 595 620 621 629 630 665 666 702 703 713 714 782 783 896 897 
527 528 550 551 552 575 576 650 651 702 703 704 713 714 740 741 805 806 896 897 899 900 935 936 | 527 528 551 552 560 561 575 576 594 595 650 651 702 703 713 714 740 741 805 806 896 897 899 900 935 936 
527 528 550 551 560 561 575 576 608 609 650 651 665 666 702 703 714 715 759 760 896 897 | 551 552 560 561 594 595 608 609 650 651 665 666 703 704 713 714 759 760 782 783 899 900 
527 528 550 551 552 665 666 702 703 704 714 715 740 741 782 783 805 806 836 837 935 936 | 527 528 551 552 560 561 594 595 665 666 702 703 714 715 740 741 782 783 805 806 836 837 935 936 
550 551 552 575 576 650 651 665 666 702 703 704 740 741 759 760 782 783 836 837 896 897 899 900 | 551 552 560 561 575 576 594 595 650 651 665 666 702 703 740 741 759 760 782 783 836 837 896 897 899 900 
527 528 551 552 575 576 594 595 608 609 620 621 629 630 665 666 702 703 704 740 741 782 783 805 806 836 837 899 900 935 936 | 575 576 594 595 629 630 740 741 759 760 836 837 899 900 
527 528 550 551 552 560 561 575 576 608 609 650 651 702 703 704 714 715 740 741 759 760 805 806 896 897 935 936 | 550 551 575 576 608 609 650 651 702 703 704 713 714 715 740 741 759 760 782 783 805 806 896 897 899 900 935 936 
550 551 552 575 576 608 609 620 621 702 703 704 782 783 836 837 896 897 | 551 552 560 561 575 576 594 595 608 609 620 621 702 703 782 783 836 837 896 897 
527 528 550 551 552 575 576 608 609 629 630 650 651 665 666 702 703 704 714 715 759 760 836 837 935 936 | 527 528 551 552 560 561 575 576 594 595 608 609 629 630 650 651 665 666 702 703 714 715 759 760 836 837 935 936 
527 528 550 551 552 702 703 714 715 740 741 759 760 805 806 836 837 896 897 | 551 552 575 576 594 595 703 704 713 714 740 741 759 760 782 783 805 806 836 837 899 900 
527 528 550 551 552 560 561 575 576 608 609 620 621 650 651 702 703 714 715 740 741 759 760 805 806 836 837 935 936 | 550 551 575 576 608 609 620 621 650 651 702 703 713 714 715 740 741 759 760 782 783 805 806 836 837 899 900 935 936 
550 551 552 620 621 629 630 702 703 704 713 714 715 740 741 759 760 782 783 896 897 | 551 552 560 561 594 595 620 621 629 630 702 703 713 714 715 740 741 759 760 782 783 896 897 
527 528 550 551 552 575 576 665 666 702 703 704 740 741 759 760 836 837 899 900 935 936 | 527 528 551 552 560 561 575 576 594 595 665 666 702 703 740 741 759 760 836 837 899 900 935 936 
527 528 550 551 629 630 702 703 713 714 715 740 741 759 760 805 806 836 837 896 897 899 900 935 936 | 527 528 551 552 560 561 575 576 594 595 629 630 703 704 713 714 740 741 759 760 805 806 836 837 899 900 935 936 
527 528 550 551 552 608 609 665 666 702 703 704 713 714 759 760 782 783 805 806 836 837 896 897 899 900 935 936 | 527 528 551 552 560 561 594 595 608 609 665 666 702 703 713 714 759 760 782 783 805 806 836 837 896 897 899 900 935 936 
527 528 550 551 552 575 576 620 621 650 651 665 666 702 703 704 713 714 805 806 836 837 896 897 935 936 | 527 528 551 552 560 561 575 576 594 595 620 621 650 651 665 666 702 703 713 714 805 806 836 837 896 897 935 936 
527 528 550 551 552 629 630 702 703 704 713 714 715 740 741 759 760 805 806 836 837 | 527 528 551 552 560 561 594 595 629 630 702 703 713 714 715 740 741 759 760 805 806 836 837 
527 528 550 551 552 560 561 575 576 594 595 608 609 629 630 650 651 702 703 704 714 715 759 760 805 806 896 897 | 550 551 575 576 594 595 608 609 629 630 650 651 702 703 704 713 714 715 759 760 782 783 805 806 896 897 899 900 
550 551 552 575 576 608 609 650 651 665 666 702 703 704 713 714 715 740 741 759 760 782 783 899 900 935 936 | 551 552 560 561 575 576 594 595 608 609 650 651 665 666 702 703 713 714 715 740 741 759 760 782 783 899 900 935 936 
527 528 550 551 552 560 561 575 576 594 595 665 666 703 704 714 715 759 760 935 936 | 550 551 575 576 594 595 665 666 703 704 713 714 715 759 760 782 783 899 900 935 936 
527 528 550 551 552 560 561 575 576 620 621 629 630 702 703 704 714 715 740 741 759 760 805 806 836 837 | 550 551 575 576 620 621 629 630 702 703 704 713 714 715 740 741 759 760 782 783 805 806 836 837 899 900 
527 528 550 551 552 560 561 575 576 608 609 650 651 702 703 714 715 935 936 | 550 551 575 576 608 609 650 651 702 703 713 714 715 782 783 899 900 935 936 
527 528 550 551 552 560 561 575 576 594 595 620 621 629 630 665 666 714 715 740 741 759 760 805 806 896 897 935 936 | 550 551 575 576 594 595 620 621 629 630 665 666 713 714 715 740 741 759 760 782 783 805 806 896 897 899 900 935 936 
527 528 550 551 552 575 576 608 609 629 630 665 666 702 703 704 713 714 740 741 782 783 805 806 836 837 935 936 | 527 528 551 552 560 561 575 576 594 595 608 609 629 630 665 666 702 703 713 714 740 741 782 783 805 806 836 837 935 936 
527 528 550 551 552 620 621 629 630 650 651 702 703 714 715 740 741 759 760 836 837 896 897 | 551 552 575 576 594 595 620 621 629 630 650 651 703 704 713 714 740 741 759 760 782 783 836 837 899 900 
527 528 550 551 552 575 576 620 621 629 630 650 651 665 666 702 703 704 740 741 759 760 782 783 896 897 899 900 935 936 | 527 528 551 552 560 561 575 576 594 595 620 621 629 630 650 651 665 666 702 703 740 741 759 760 782 783 896 897 899 900 935 936 
527 528 550 551 552 575 576 620 621 650 651 702 703 704 759 760 782 783 836 837 899 900 935 936 | 527 528 551 552 560 561 575 576 594 595 620 621 650 651 702 703 759 760 782 783 836 837 899 900 935 936 
550 551 552 620 621 629 630 650 651 665 666 702 703 704 713 714 715 759 760 782 783 899 900 935 936 | 551 552 560 561 594 595 620 621 629 630 650 651 665 666 702 703 713 714 715 759 760 782 783 899 900 935 936 
527 528 550 551 552 575 576 608 609 665 666 702 703 704 713 714 715 759 760 782 783 836 837 896 897 899 900 935 936 | 527 528 551 552 560 561 575 576 594 595 608 609 665 666 702 703 713 714 715 759 760 782 783 836 837 896 897 899 900 935 936 
527 528 550 551 552 560 561 575 576 594 595 608 609 620 621 629 630 650 651 665 666 702 703 704 714 715 740 741 | 550 551 575 576 594 595 608 609 620 621 629 630 650 651 665 666 702 703 704 713 714 715 740 741 782 783 899 900 
527 528 550 551 552 620 621 629 630 650 651 702 703 704 714 715 740 741 805 806 836 837 899 900 935 936 | 527 528 551 552 560 561 594 595 620 621 629 630 650 651 702 703 714 715 740 741 805 806 836 837 899 900 935 936 
527 528 550 551 608 609 620 621 650 651 665 666 702 703 713 714 715 805 806 836 837 896 897 899 900 | 527 528 551 552 560 561 575 576 594 595 608 609 620 621 650 651 665 666 703 704 713 714 805 806 836 837 899 900 
527 528 550 551 552 608 609 650 651 702 703 704 740 741 782 783 836 837 896 897 899 900 935 936 | 527 528 551 552 560 561 594 595 608 609 650 651 702 703 740 741 782 783 836 837 896 897 899 900 935 936 
527 528 550 551 552 620 621 650 651 665 666 702 703 704 713 714 715 740 741 782 783 805 806 836 837 896 897 935 936 | 527 528 551 552 560 561 594 595 620 621 650 651 665 666 702 703 713 714 715 740 741 782 783 805 806 836 837 896 897 935 936 
550 551 552 594 595 608 609 629 630 650 651 665 666 702 703 704 713 714 740 741 759 760 782 783 805 806 899 900 935 936 | 560 561 575 576 594 595 620 621 650 651 665 666 703 704 713 714 715 836 837 896 897 899 900 935 936 
527 528 550 551 552 575 576 629 630 702 703 704 805 806 836 837 935 936 | 527 528 551 552 560 561 575 576 594 595 629 630 702 703 805 806 836 837 935 936 
527 528 550 551 552 575 576 608 609 620 621 629 630 650 651 665 666 702 703 704 713 714 759 760 805 806 836 837 896 897 899 900 935 936 | 527 528 551 552 560 561 575 576 594 595 608 609 620 621 629 630 650 651 665 666 702 703 713 714 759 760 805 806 836 837 896 897 899 900 935 936 
550 551 552 575 576 608 609 620 621 629 630 650 651 702 703 704 782 783 899 900 | 551 552 560 561 575 576 594 595 608 609 620 621 629 630 650 651 702 703 782 783 899 900 
527 528 551 552 560 561 608 609 620 621 629 630 650 651 665 666 702 703 704 714 715 782 783 805 806 836 837 896 897 935 936 | 560 561 629 630 650 651 714 715 759 760 836 837 896 897 
550 551 552 608 609 650 651 702 703 704 714 715 740 741 759 760 | 551 552 560 561 594 595 608 609 650 651 702 703 714 715 740 741 759 760 
550 551 552 608 609 702 703 704 713 714 896 897 | 551 552 560 561 594 595 608 609 702 703 713 714 896 897 
550 551 552 702 703 704 713 714 782 783 836 837 896 897 899 900 935 936 | 551 552 560 561 594 595 702 703 713 714 782 783 836 837 896 897 899 900 935 936 
527 528 550 551 552 575 576 650 651 665 666 702 703 704 714 715 740 741 782 783 805 806 836 837 899 900 | 527 528 551 552 560 561 575 576 594 595 650 651 665 666 702 703 714 715 740 741 782 783 805 806 836 837 899 900 
527 528 550 551 552 560 561 575 576 608 609 620 621 665 666 714 715 740 741 759 760 896 897 | 550 551 575 576 608 609 620 621 665 666 713 714 715 740 741 759 760 782 783 896 897 899 900 
527 528 550 551 552 560 561 620 621 650 651 665 666 714 715 759 760 935 936 | 550 551 620 621 650 651 665 666 713 714 715 759 760 782 783 899 900 935 936 
550 551 552 608 609 620 621 629 630 650 651 665 666 702 703 704 714 715 759 760 805 806 896 897 | 551 552 560 561 594 595 608 609 620 621 629 630 650 651 665 666 702 703 714 715 759 760 805 806 896 897 
550 551 552 575 576 620 621 665 666 702 703 704 714 715 759 760 782 783 836 837 899 900 935 936 | 551 552 560 561 575 576 594 595 620 621 665 666 702 703 714 715 759 760 782 783 836 837 899 900 935 936 
527 528 550 551 552 629 630 665 666 702 703 704 713 714 715 836 837 896 897 | 527 528 551 552 560 561 594 595 629 630 665 666 702 703 713 714 715 836 837 896 897 
550 551 552 575 576 608 609 620 621 650 651 702 703 704 759 760 782 783 836 837 896 897 899 900 935 936 | 551 552 560 561 575 576 594 595 608 609 620 621 650 651 702 703 759 760 782 783 836 837 896 897 899 900 935 936 
527 528 550 551 552 560 561 575 576 665 666 703 704 714 715 740 741 836 837 935 936 | 550 551 575 576 665 666 703 704 713 714 715 740 741 782 783 836 837 899 900 935 936 
527 528 550 551 552 620 621 665 666 702 703 704 713 714 715 740 741 805 806 899 900 | 527 528 551 552 560 561 594 595 620 621 665 666 702 703 713 714 715 740 741 805 806 899 900 
527 528 550 551 552 575 576 629 630 650 651 702 703 704 713 714 715 759 760 805 806 836 837 896 897 899 900 935 936 | 527 528 551 552 560 561 575 576 594 595 629 630 650 651 702 703 713 714 715 759 760 805 806 836 837 896 897 899 900 935 936 
550 551 552 620 621 665 666 702 703 704 713 714 715 740 741 759 760 805 806 836 837 899 900 935 936 | 551 552 560 561 594 595 620 621 665 666 702 703 713 714 715 740 741 759 760 805 806 836 837 899 900 935 936 
550 551 552 629 630 702 703 704 713 714 715 759 760 805 806 836 837 899 900 | 551 552 560 561 594 595 629 630 702 703 713 714 715 759 760 805 806 836 837 899 900 
550 551 552 608 609 650 651 665 666 702 703 704 713 714 740 741 759 760 782 783 805 806 836 837 896 897 899 900 935 936 | 551 552 560 561 594 595 608 609 650 651 665 666 702 703 713 714 740 741 759 760 782 783 805 806 836 837 896 897 899 900 935 936 
527 528 550 551 552 560 561 575 576 620 621 650 651 702 703 704 714 715 896 897 935 936 | 550 551 575 576 620 621 650 651 702 703 704 713 714 715 782 783 896 897 899 900 935 936 
527 528 550 551 552 575 576 608 609 620 621 629 630 650 651 665 666 702 703 704 759 760 805 806 896 897 899 900 935 936 | 527 528 551 552 560 561 575 576 594 595 608 609 620 621 629 630 650 651 665 666 702 703 759 760 805 806 896 897 899 900 935 936 
527 528 550 551 552 575 576 608 609 629 630 702 703 704 740 741 836 837 896 897 | 527 528 551 552 560 561 575 576 594 595 608 609 629 630 702 703 740 741 836 837 896 897 
527 528 550 551 552 560 561 575 576 629 630 713 714 715 896 897 | 550 551 620 621 629 630 650 651 714 715 782 783 805 806 899 900 
527 528 550 551 552 560 561 575 576 594 595 608 609 620 621 629 630 703 704 714 715 740 741 805 806 896 897 935 936 | 550 551 575 576 594 595 608 609 620 621 629 630 703 704 713 714 715 740 741 782 783 805 806 896 897 899 900 935 936 
527 528 550 551 552 560 561 629 630 650 651 665 666 702 703 704 714 715 805 806 896 897 935 936 | 550 551 629 630 650 651 665 666 702 703 704 713 714 715 782 783 805 806 896 897 899 900 935 936 
527 528 550 551 552 608 609 620 621 650 651 665 666 702 703 704 713 714 715 740 741 | 527 528 551 552 560 561 594 595 608 609 620 621 650 651 665 666 702 703 713 714 715 740 741 
527 528 560 561 629 630 665 666 702 703 713 714 715 740 741 759 760 935 936 | 575 576 782 783 836 837 899 900 
527 528 550 551 552 620 621 650 651 702 703 704 713 714 740 741 782 783 805 806 836 837 899 900 935 936 | 527 528 551 552 560 561 594 595 620 621 650 651 702 703 713 714 740 741 782 783 805 806 836 837 899 900 935 936 
550 551 552 629 630 650 651 702 703 704 714 715 759 760 805 806 896 897 | 551 552 560 561 594 595 629 630 650 651 702 703 714 715 759 760 805 806 896 897 
527 528 550 551 552 560 561 629 630 665 666 702 703 704 714 715 740 741 759 760 836 837 935 936 | 550 551 629 630 665 666 702 703 704 713 714 715 740 741 759 760 782 783 836 837 899 900 935 936 
550 551 552 575 576 608 609 629 630 702 703 704 713 714 782 783 805 806 899 900 | 551 552 560 561 575 576 594 595 608 609 629 630 702 703 713 714 782 783 805 806 899 900 
550 551 552 575 576 608 609 620 621 629 630 650 651 665 666 702 703 704 713 714 715 740 741 759 760 782 783 805 806 836 837 896 897 | 551 552 560 561 575 576 594 595 608 609 620 621 629 630 650 651 665 666 702 703 713 714 715 740 741 759 760 782 783 805 806 836 837 896 897 
527 528 550 551 552 608 609 650 651 665 666 702 703 704 714 715 740 741 759 760 782 783 805 806 836 837 896 897 899 900 | 527 528 551 552 560 561 594 595 608 609 650 651 665 666 702 703 714 715 740 741 759 760 782 783 805 806 836 837 896 897 899 900 
527 528 550 551 552 575 576 608 609 665 666 702 703 704 740 741 782 783 836 837 | 527 528 551 552 560 561 575 576 594 595 608 609 665 666 702 703 740 741 782 783 836 837 
550 551 552 575 576 608 609 620 621 665 666 702 703 704 713 714 782 783 836 837 896 897 | 551 552 560 561 575 576 594 595 608 609 620 621 665 666 702 703 713 714 782 783 836 837 896 897 
527 528 550 551 552 650 651 702 703 704 713 714 | 527 528 551 552 560 561 594 595 650 651 702 703 713 714 
550 551 552 608 609 629 630 650 651 665 666 702 703 704 759 760 805 806 836 837 899 900 935 936 | 551 552 560 561 594 595 608 609 629 630 650 651 665 666 702 703 759 760 805 806 836 837 899 900 935 936 
550 551 552 575 576 629 630 665 666 702 703 704 740 741 805 806 896 897 899 900 | 551 552 560 561 575 576 594 595 629 630 665 666 702 703 740 741 805 806 896 897 899 900 
550 551 552 575 576 608 609 620 621 629 630 702 703 704 759 760 782 783 836 837 896 897 899 900 | 551 552 560 561 575 576 594 595 608 609 620 621 629 630 702 703 759 760 782 783 836 837 896 897 899 900 
550 551 552 575 576 620 621 629 630 650 651 702 703 704 713 714 759 760 782 783 836 837 899 900 935 936 | 551 552 560 561 575 576 594 595 620 621 629 630 650 651 702 703 713 714 759 760 782 783 836 837 899 900 935 936 
527 528 550 551 608 609 620 621 702 703 713 714 715 805 806 836 837 896 897 | 527 528 551 552 560 561 575 576 594 595 608 609 620 621 703 704 713 714 805 806 836 837 
550 551 552 575 576 608 609 620 621 665 666 702 703 704 740 741 896 897 | 551 552 560 561 575 576 594 595 608 609 620 621 665 666 702 703 740 741 896 897 
527 528 550 551 552 608 609 665 666 702 703 704 740 741 805 806 836 837 896 897 899 900 | 527 528 551 552 560 561 594 595 608 609 665 666 702 703 740 741 805 806 836 837 896 897 899 900 
550 551 552 608 609 702 703 704 740 741 782 783 805 806 899 900 935 936 | 551 552 560 561 594 595 608 609 702 703 740 741 782 783 805 806 899 900 935 936 
527 528 550 551 552 560 561 575 576 608 609 629 630 665 666 703 704 714 715 935 936 | 550 551 575 576 608 609 629 630 665 666 703 704 713 714 715 782 783 899 900 935 936 
527 528 551 552 560 561 575 576 594 595 620 621 650 651 702 703 704 713 714 740 741 896 897 | 550 551 560 561 575 576 650 651 703 704 740 741 782 783 805 806 899 900 
527 528 550 551 552 560 561 575 576 608 609 650 651 714 715 759 760 836 837 896 897 935 936 | 550 551 575 576 608 609 650 651 713 714 715 759 760 782 783 836 837 896 897 899 900 935 936 
527 528 550 551 552 560 561 575 576 650 651 702 703 714 715 759 760 805 806 836 837 896 897 935 936 | 550 551 575 576 650 651 702 703 713 714 715 759 760 782 783 805 806 836 837 896 897 899 900 935 936 
527 528 550 551 650 651 702 703 713 714 715 805 806 896 897 899 900 935 936 | 527 528 551 552 560 561 575 576 594 595 650 651 703 704 713 714 805 806 899 900 935 936 
527 528 550 551 552 608 609 629 630 702 703 704 713 714 896 897 899 900 935 936 | 527 528 551 552 560 561 594 595 608 609 629 630 702 703 713 714 896 897 899 900 935 936 
527 528 550 551 552 560 561 608 609 629 630 665 666 702 703 704 714 715 740 741 759 760 836 837 896 897 | 550 551 608 609 629 630 665 666 702 703 704 713 714 715 740 741 759 760 782 783 836 837 896 897 899 900 
550 551 552 629 630 665 666 702 703 704 740 741 805 806 899 900 935 936 | 551 552 560 561 594 595 629 630 665 666 702 703 740 741 805 806 899 900 935 936 
527 528 550 551 552 560 561 575 576 608 609 629 630 665 666 702 703 704 714 715 740 741 759 760 805 806 836 837 896 897 | 550 551 575 576 608 609 629 630 665 666 702 703 704 713 714 715 740 741 759 760 782 783 805 806 836 837 896 897 899 900 
550 551 552 608 609 629 630 650 651 665 666 702 703 704 759 760 805 806 896 897 899 900 | 551 552 560 561 594 595 608 609 629 630 650 651 665 666 702 703 759 760 805 806 896 897 899 900 
527 528 550 551 552 560 561 575 576 608 609 620 621 629 630 650 651 702 703 704 713 714 715 740 741 896 897 935 936 | 550 551 575 576 608 609 629 630 650 651 703 704 714 715 740 741 782 783 805 806 899 900 935 936 
527 528 550 551 552 575 576 608 609 620 621 629 630 665 666 702 703 704 713 714 759 760 805 806 896 897 899 900 935 936 | 527 528 551 552 560 561 575 576 594 595 608 609 620 621 629 630 665 666 702 703 713 714 759 760 805 806 896 897 899 900 935 936 
550 551 552 608 609 620 621 650 651 665 666 702 703 704 713 714 715 740 741 759 760 782 783 836 837 899 900 935 936 | 551 552 560 561 594 595 608 609 620 621 650 651 665 666 702 703 713 714 715 740 741 759 760 782 783 836 837 899 900 935 936 
527 528 550 551 552 575 576 608 609 620 621 650 651 702 703 704 714 715 759 760 782 783 805 806 836 837 896 897 | 527 528 551 552 560 561 575 576 594 595 608 609 620 621 650 651 702 703 714 715 759 760 782 783 805 806 836 837 896 897 
527 528 550 551 620 621 629 630 650 651 702 703 713 714 715 759 760 805 806 896 897 935 936 | 527 528 551 552 560 561 575 576 594 595 620 621 629 630 650 651 703 704 713 714 759 760 805 806 935 936 
527 528 550 551 552 650 651 702 703 704 713 714 896 897 935 936 | 527 528 551 552 560 561 594 595 650 651 702 703 713 714 896 897 935 936 
550 551 608 609 620 621 702 703 713 714 715 740 741 759 760 896 897 935 936 | 551 552 560 561 575 576 594 595 608 609 620 621 703 704 713 714 740 741 759 760 935 936 
527 528 550 551 552 575 576 629 630 665 666 702 703 704 713 714 715 740 741 759 760 836 837 896 897 899 900 935 936 | 527 528 551 552 560 561 575 576 594 595 629 630 665 666 702 703 713 714 715 740 741 759 760 836 837 896 897 899 900 935 936 
527 528 550 551 552 560 561 608 609 620 621 629 630 665 666 703 704 714 715 740 741 | 550 551 608 609 620 621 629 630 665 666 703 704 713 714 715 740 741 782 783 899 900 
550 551 552 608 609 620 621 650 651 702 703 704 740 741 759 760 782 783 935 936 | 551 552 560 561 594 595 608 609 620 621 650 651 702 703 740 741 759 760 782 783 935 936 
527 528 550 551 552 560 561 594 595 629 630 665 666 702 703 714 715 759 760 836 837 935 936 | 550 551 594 595 629 630 665 666 702 703 713 714 715 759 760 782 783 836 837 899 900 935 936 
550 551 552 620 621 702 703 704 740 741 782 783 805 806 836 837 896 897 935 936 | 551 552 560 561 594 595 620 621 702 703 740 741 782 783 805 806 836 837 896 897 935 936 
527 528 550 551 552 575 576 608 609 629 630 650 651 702 703 704 782 783 836 837 896 897 | 527 528 551 552 560 561 575 576 594 595 608 609 629 630 650 651 702 703 782 783 836 837 896 897 
527 528 550 551 552 560 561 594 595 608 609 620 621 629 630 650 651 702 703 714 715 740 741 836 837 935 936 | 550 551 594 595 608 609 620 621 629 630 650 651 702 703 713 714 715 740 741 782 783 836 837 899 900 935 936 
527 528 550 551 552 594 595 608 609 620 621 629 630 650 651 782 783 836 837 935 936 | 527 528 560 561 575 576 629 630 665 666 702 703 713 714 782 783 805 806 836 837 896 897 899 900 
527 528 550 551 552 650 651 702 703 704 714 715 782 783 805 806 836 837 | 527 528 551 552 560 561 594 595 650 651 702 703 714 715 782 783 805 806 836 837 
550 551 552 575 576 620 621 650 651 665 666 702 703 704 782 783 805 806 935 936 | 551 552 560 561 575 576 594 595 620 621 650 651 665 666 702 703 782 783 805 806 935 936 
527 528 550 551 608 609 650 651 665 666 702 703 713 714 715 740 741 759 760 805 806 896 897 935 936 | 527 528 551 552 560 561 575 576 594 595 608 609 650 651 665 666 703 704 713 714 740 741 759 760 805 806 935 936 
550 551 552 575 576 608 609 629 630 650 651 665 666 702 703 704 713 714 740 741 782 783 896 897 899 900 935 936 | 551 552 560 561 575 576 594 595 608 609 629 630 650 651 665 666 702 703 713 714 740 741 782 783 896 897 899 900 935 936 
527 528 550 551 552 575 576 620 621 650 651 702 703 704 713 714 715 759 760 782 783 805 806 | 527 528 551 552 560 561 575 576 594 595 620 621 650 651 702 703 713 714 715 759 760 782 783 805 806 
527 528 550 551 552 575 576 608 609 629 630 665 666 702 703 704 713 714 759 760 836 837 | 527 528 551 552 560 561 575 576 594 595 608 609 629 630 665 666 702 703 713 714 759 760 836 837 
550 551 552 608 609 620 621 629 630 665 666 702 703 704 714 715 740 741 759 760 782 783 896 897 899 900 | 551 552 560 561 594 595 608 609 620 621 629 630 665 666 702 703 714 715 740 741 759 760 782 783 896 897 899 900 
527 528 550 551 552 629 630 650 651 665 666 702 703 704 714 715 782 783 805 806 836 837 896 897 935 936 | 527 528 551 552 560 561 594 595 629 630 650 651 665 666 702 703 714 715 782 783 805 806 836 837 896 897 935 936 
527 528 550 551 552 608 609 629 630 650 651 702 703 704 759 760 782 783 836 837 | 527 528 551 552 560 561 594 595 608 609 629 630 650 651 702 703 759 760 782 783 836 837 
527 528 550 551 552 575 576 620 621 650 651 665 666 702 703 704 740 741 805 806 836 837 899 900 935 936 | 527 528 551 552 560 561 575 576 594 595 620 621 650 651 665 666 702 703 740 741 805 806 836 837 899 900 935 936 
527 528 550 551 552 560 561 608 609 620 621 703 704 714 715 759 760 | 550 551 608 609 620 621 703 704 713 714 715 759 760 782 783 899 900 
527 528 551 552 594 595 608 609 620 621 629 630 665 666 702 703 704 713 714 759 760 896 897 | 550 551 608 609 629 630 665 666 703 704 759 760 782 783 805 806 899 900 
550 551 552 575 576 620 621 629 630 650 651 665 666 702 703 704 740 741 759 760 | 551 552 560 561 575 576 594 595 620 621 629 630 650 651 665 666 702 703 740 741 759 760 
527 528 550 551 552 629 630 650 651 665 666 702 703 704 713 714 805 806 836 837 935 936 | 527 528 551 552 560 561 594 595 629 630 650 651 665 666 702 703 713 714 805 806 836 837 935 936 
550 551 552 665 666 702 703 704 714 715 740 741 759 760 782 783 805 806 836 837 | 551 552 560 561 594 595 665 666 702 703 714 715 740 741 759 760 782 783 805 806 836 837 
527 528 550 551 552 560 561 608 609 650 651 702 703 714 715 | 550 551 608 609 650 651 702 703 713 714 715 782 783 899 900 
550 551 552 575 576 620 621 650 651 665 666 702 703 704 740 741 782 783 836 837 896 897 899 900 | 551 552 560 561 575 576 594 595 620 621 650 651 665 666 702 703 740 741 782 783 836 837 896 897 899 900 
550 551 552 575 576 608 609 702 703 704 713 714 715 740 741 836 837 896 897 899 900 | 551 552 560 561 575 576 594 595 608 609 702 703 713 714 715 740 741 836 837 896 897 899 900 
527 528 550 551 552 620 621 702 703 704 714 715 740 741 759 760 782 783 805 806 899 900 | 527 528 551 552 560 561 594 595 620 621 702 703 714 715 740 741 759 760 782 783 805 806 899 900 
527 528 550 551 552 560 561 608 609 620 621 665 666 702 703 704 714 715 740 741 759 760 896 897 935 936 | 550 551 608 609 620 621 665 666 702 703 704 713 714 715 740 741 759 760 782 783 896 897 899 900 935 936 
550 551 552 620 621 629 630 702 703 704 713 714 740 741 782 783 805 806 836 837 896 897 | 551 552 560 561 594 595 620 621 629 630 702 703 713 714 740 741 782 783 805 806 836 837 896 897 
527 528 550 551 552 608 609 620 621 629 630 702 703 704 713 714 782 783 805 806 836 837 896 897 899 900 935 936 | 527 528 551 552 560 561 594 595 608 609 620 621 629 630 702 703 713 714 782 783 805 806 836 837 896 897 899 900 935 936 
550 551 552 575 576 620 621 650 651 702 703 704 782 783 | 551 552 560 561 575 576 594 595 620 621 650 651 702 703 782 783 
550 551 552 620 621 650 651 665 666 702 703 704 714 715 759 760 805 806 836 837 896 897 899 900 935 936 | 551 552 560 561 594 595 620 621 650 651 665 666 702 703 714 715 759 760 805 806 836 837 896 897 899 900 935 936 
527 528 550 551 552 560 561 608 609 629 630 650 651 703 704 714 715 740 741 805 806 836 837 896 897 935 936 | 550 551 608 609 629 630 650 651 703 704 713 714 715 740 741 782 783 805 806 836 837 896 897 899 900 935 936 
550 551 552 608 609 629 630 650 651 665 666 702 703 704 740 741 805 806 836 837 896 897 899 900 935 936 | 551 552 560 561 594 595 608 609 629 630 650 651 665 666 702 703 740 741 805 806 836 837 896 897 899 900 935 936 
550 551 552 629 630 650 651 665 666 702 703 704 759 760 836 837 899 900 935 936 | 551 552 560 561 594 595 629 630 650 651 665 666 702 703 759 760 836 837 899 900 935 936 
527 528 550 551 552 560 561 575 576 594 595 620 621 665 666 714 715 805 806 935 936 | 550 551 575 576 594 595 620 621 665 666 713 714 715 782 783 805 806 899 900 935 936 
527 528 550 551 552 620 621 629 630 665 666 702 703 704 782 783 805 806 935 936 | 527 528 551 552 560 561 594 595 620 621 629 630 665 666 702 703 782 783 805 806 935 936 
550 551 552 575 576 608 609 629 630 665 666 702 703 704 759 760 782 783 899 900 935 936 | 551 552 560 561 575 576 594 595 608 609 629 630 665 666 702 703 759 760 782 783 899 900 935 936 
550 551 702 703 713 714 715 759 760 896 897 935 936 | 551 552 560 561 575 576 594 595 703 704 713 714 759 760 935 936 
527 528 550 551 552 575 576 702 703 704 740 741 759 760 782 783 896 897 899 900 935 936 | 527 528 551 552 560 561 575 576 594 595 702 703 740 741 759 760 782 783 896 897 899 900 935 936 
550 551 629 630 650 651 702 703 713 714 715 805 806 896 897 899 900 935 936 | 551 552 560 561 575 576 594 595 629 630 650 651 703 704 713 714 805 806 899 900 935 936 
527 528 550 551 552 560 561 620 621 629 630 665 666 702 703 704 714 715 740 741 805 806 836 837 896 897 935 936 | 550 551 620 621 629 630 665 666 702 703 704 713 714 715 740 741 782 783 805 806 836 837 896 897 899 900 935 936 
527 528 550 551 552 575 576 608 609 620 621 629 630 650 651 665 666 702 703 704 713 714 740 741 759 760 805 806 899 900 935 936 | 527 528 551 552 560 561 575 576 594 595 608 609 620 621 629 630 650 651 665 666 702 703 713 714 740 741 759 760 805 806 899 900 935 936 
527 528 550 551 552 560 561 650 651 714 715 740 741 836 837 896 897 935 936 | 550 551 650 651 713 714 715 740 741 782 783 836 837 896 897 899 900 935 936 
527 528 550 551 552 608 609 620 621 629 630 702 703 704 713 714 715 740 741 759 760 782 783 805 806 836 837 935 936 | 527 528 551 552 560 561 594 595 608 609 620 621 629 630 702 703 713 714 715 740 741 759 760 782 783 805 806 836 837 935 936 
527 528 550 551 552 575 576 620 621 629 630 650 651 702 703 704 740 741 759 760 805 806 836 837 896 897 935 936 | 527 528 551 552 560 561 575 576 594 595 620 621 629 630 650 651 702 703 740 741 759 760 805 806 836 837 896 897 935 936 
527 528 550 551 552 575 576 608 609 620 621 650 651 665 666 702 703 704 713 714 715 759 760 782 783 836 837 896 897 | 527 528 551 552 560 561 575 576 594 595 608 609 620 621 650 651 665 666 702 703 713 714 715 759 760 782 783 836 837 896 897 
527 528 550 551 552 702 703 714 715 740 741 759 760 836 837 896 897 | 551 552 575 576 594 595 703 704 713 714 740 741 759 760 782 783 836 837 899 900 
527 528 550 551 552 560 561 575 576 594 595 620 621 650 651 665 666 714 715 740 741 759 760 805 806 836 837 935 936 | 550 551 575 576 594 595 620 621 650 651 665 666 713 714 715 740 741 759 760 782 783 805 806 836 837 899 900 935 936 
550 551 552 575 576 608 609 650 651 702 703 704 713 714 836 837 899 900 | 551 552 560 561 575 576 594 595 608 609 650 651 702 703 713 714 836 837 899 900 
527 528 550 551 552 560 561 575 576 608 609 620 621 650 651 714 715 740 741 836 837 896 897 935 936 | 550 551 575 576 608 609 620 621 650 651 713 714 715 740 741 782 783 836 837 896 897 899 900 935 936 
527 528 550 551 552 560 561 608 609 620 621 714 715 740 741 805 806 836 837 | 550 551 608 609 620 621 713 714 715 740 741 782 783 805 806 836 837 899 900 
527 528 551 552 575 576 594 595 629 630 665 666 702 703 704 713 714 740 741 896 897 935 936 | 550 551 620 621 629 630 650 651 665 666 702 703 704 740 741 782 783 805 806 899 900 935 936 
550 551 552 608 609 620 621 665 666 702 703 704 740 741 759 760 805 806 836 837 896 897 935 936 | 551 552 560 561 594 595 608 609 620 621 665 666 702 703 740 741 759 760 805 806 836 837 896 897 935 936 
550 551 552 575 576 620 621 650 651 665 666 702 703 704 713 714 740 741 782 783 899 900 935 936 | 551 552 560 561 575 576 594 595 620 621 650 651 665 666 702 703 713 714 740 741 782 783 899 900 935 936 
527 528 550 551 552 575 576 608 609 620 621 629 630 650 651 665 666 702 703 704 713 714 805 806 896 897 | 527 528 551 552 560 561 575 576 594 595 608 609 620 621 629 630 650 651 665 666 702 703 713 714 805 806 896 897 
550 551 552 575 576 608 609 620 621 629 630 650 651 665 666 702 703 704 713 714 715 740 741 759 760 782 783 896 897 935 936 | 551 552 560 561 575 576 594 595 608 609 620 621 629 630 650 651 665 666 702 703 713 714 715 740 741 759 760 782 783 896 897 935 936 
527 528 550 551 552 575 576 608 609 620 621 650 651 702 703 704 714 715 805 806 836 837 | 527 528 551 552 560 561 575 576 594 595 608 609 620 621 650 651 702 703 714 715 805 806 836 837 
550 551 552 620 621 702 703 704 713 714 715 782 783 805 806 836 837 896 897 935 936 | 551 552 560 561 594 595 620 621 702 703 713 714 715 782 783 805 806 836 837 896 897 935 936 
550 551 552 608 609 629 630 650 651 665 666 702 703 704 713 714 715 740 741 782 783 805 806 896 897 | 551 552 560 561 594 595 608 609 629 630 650 651 665 666 702 703 713 714 715 740 741 782 783 805 806 896 897 
527 528 550 551 560 561 594 595 608 609 620 621 629 630 650 651 665 666 702 703 713 714 715 740 741 759 760 805 806 896 897 935 936 | 550 551 575 576 594 595 608 609 620 621 650 651 782 783 805 806 836 837 896 897 899 900 
550 551 620 621 702 703 713 714 715 759 760 782 783 896 897 935 936 | 551 552 560 561 575 576 594 595 620 621 703 704 713 714 759 760 782 783 935 936 
527 528 550 551 552 608 609 650 651 702 703 704 740 741 759 760 782 783 896 897 | 527 528 551 552 560 561 594 595 608 609 650 651 702 703 740 741 759 760 782 783 896 897 
550 551 552 575 576 608 609 620 621 665 666 702 703 704 714 715 740 741 805 806 896 897 935 936 | 551 552 560 561 575 576 594 595 608 609 620 621 665 666 702 703 714 715 740 741 805 806 896 897 935 936 
550 551 552 575 576 608 609 650 651 665 666 702 703 704 713 714 715 805 806 836 837 896 897 899 900 935 936 | 551 552 560 561 575 576 594 595 608 609 650 651 665 666 702 703 713 714 715 805 806 836 837 896 897 899 900 935 936 
550 551 552 620 621 702 703 704 714 715 740 741 782 783 836 837 899 900 | 551 552 560 561 594 595 620 621 702 703 714 715 740 741 782 783 836 837 899 900 
550 551 552 575 576 608 609 620 621 702 703 704 713 714 715 782 783 805 806 896 897 | 551 552 560 561 575 576 594 595 608 609 620 621 702 703 713 714 715 782 783 805 806 896 897 
550 551 552 575 576 608 609 629 630 650 651 702 703 704 714 715 740 741 782 783 899 900 | 551 552 560 561 575 576 594 595 608 609 629 630 650 651 702 703 714 715 740 741 782 783 899 900 
527 528 550 551 552 608 609 629 630 702 703 704 713 714 715 805 806 836 837 935 936 | 527 528 551 552 560 561 594 595 608 609 629 630 702 703 713 714 715 805 806 836 837 935 936 
527 528 550 551 552 560 561 575 576 608 609 620 621 650 651 665 666 702 703 704 713 714 715 836 837 896 897 | 550 551 575 576 608 609 650 651 665 666 703 704 714 715 782 783 805 806 836 837 899 900 
550 551 552 575 576 608 609 620 621 629 630 702 703 704 740 741 759 760 805 806 896 897 935 936 | 551 552 560 561 575 576 594 595 608 609 620 621 629 630 702 703 740 741 759 760 805 806 896 897 935 936 
527 528 550 551 552 560 561 608 609 629 630 650 651 702 703 714 715 759 760 805 806 896 897 935 936 | 550 551 608 609 629 630 650 651 702 703 713 714 715 759 760 782 783 805 806 896 897 899 900 935 936 
550 551 608 609 629 630 650 651 702 703 713 714 715 759 760 782 783 805 806 896 897 899 900 935 936 | 551 552 560 561 575 576 594 595 608 609 629 630 650 651 703 704 713 714 759 760 782 783 805 806 899 900 935 936 
550 551 552 575 576 608 609 629 630 665 666 702 703 704 713 714 715 740 741 759 760 782 783 896 897 935 936 | 551 552 560 561 575 576 594 595 608 609 629 630 665 666 702 703 713 714 715 740 741 759 760 782 783 896 897 935 936 
550 551 552 575 576 629 630 650 651 702 703 704 713 714 715 782 783 805 806 | 551 552 560 561 575 576 594 595 629 630 650 651 702 703 713 714 715 782 783 805 806 
527 528 550 551 552 560 561 575 576 608 609 620 621 650 651 702 703 704 713 714 715 896 897 935 936 | 550 551 575 576 608 609 650 651 703 704 714 715 782 783 805 806 899 900 935 936 
550 551 552 575 576 608 609 665 666 702 703 704 714 715 759 760 805 806 836 837 899 900 | 551 552 560 561 575 576 594 595 608 609 665 666 702 703 714 715 759 760 805 806 836 837 899 900 
550 551 552 575 576 629 630 665 666 702 703 704 714 715 740 741 759 760 836 837 935 936 | 551 552 560 561 575 576 594 595 629 630 665 666 702 703 714 715 740 741 759 760 836 837 935 936 
550 551 552 575 576 665 666 702 703 704 714 715 896 897 899 900 | 551 552 560 561 575 576 594 595 665 666 702 703 714 715 896 897 899 900 
550 551 552 620 621 629 630 650 651 665 666 702 703 704 759 760 805 806 836 837 896 897 935 936 | 551 552 560 561 594 595 620 621 629 630 650 651 665 666 702 703 759 760 805 806 836 837 896 897 935 936 
550 551 552 608 609 629 630 665 666 702 703 704 713 714 805 806 836 837 896 897 899 900 935 936 | 551 552 560 561 594 595 608 609 629 630 665 666 702 703 713 714 805 806 836 837 896 897 899 900 935 936 
527 528 550 551 552 575 576 608 609 620 621 629 630 650 651 702 703 704 713 714 715 805 806 836 837 896 897 899 900 935 936 | 527 528 551 552 560 561 575 576 594 595 608 609 620 621 629 630 650 651 702 703 713 714 715 805 806 836 837 896 897 899 900 935 936 
527 528 550 551 560 561 575 576 620 621 629 630 650 651 665 666 702 703 704 713 714 715 740 741 759 760 805 806 896 897 935 936 | 551 552 560 561 594 595 620 621 650 651 782 783 805 806 836 837 896 897 899 900 
527 528 550 551 552 560 561 594 595 714 715 740 741 805 806 836 837 896 897 935 936 | 550 551 594 595 713 714 715 740 741 782 783 805 806 836 837 896 897 899 900 935 936 
527 528 550 551 552 608 609 629 630 650 651 665 666 702 703 704 713 714 715 805 806 836 837 935 936 | 527 528 551 552 560 561 594 595 608 609 629 630 650 651 665 666 702 703 713 714 715 805 806 836 837 935 936 
527 528 550 551 552 620 621 629 630 650 651 702 703 704 714 715 896 897 | 527 528 551 552 560 561 594 595 620 621 629 630 650 651 702 703 714 715 896 897 
527 528 550 551 552 620 621 702 703 704 714 715 740 741 782 783 836 837 896 897 | 527 528 551 552 560 561 594 595 620 621 702 703 714 715 740 741 782 783 836 837 896 897 
550 551 552 575 576 608 609 702 703 704 740 741 759 760 | 551 552 560 561 575 576 594 595 608 609 702 703 740 741 759 760 
527 528 550 551 552 575 576 620 621 650 651 665 666 702 703 704 740 741 759 760 896 897 935 936 | 527 528 551 552 560 561 575 576 594 595 620 621 650 651 665 666 702 703 740 741 759 760 896 897 935 936 
527 528 550 551 552 608 609 665 666 702 703 704 714 715 759 760 782 783 805 806 896 897 899 900 | 527 528 551 552 560 561 594 595 608 609 665 666 702 703 714 715 759 760 782 783 805 806 896 897 899 900 
527 528 550 551 552 560 561 608 609 650 651 665 666 702 703 704 714 715 935 936 | 550 551 608 609 650 651 665 666 702 703 704 713 714 715 782 783 899 900 935 936 
527 528 550 551 552 575 576 650 651 665 666 702 703 704 714 715 740 741 759 760 782 783 836 837 | 527 528 551 552 560 561 575 576 594 595 650 651 665 666 702 703 714 715 740 741 759 760 782 783 836 837 
550 551 552 620 621 665 666 702 703 704 836 837 935 936 | 551 552 560 561 594 595 620 621 665 666 702 703 836 837 935 936 
527 528 550 551 552 575 576 629 630 650 651 702 703 704 740 741 759 760 935 936 | 527 528 551 552 560 561 575 576 594 595 629 630 650 651 702 703 740 741 759 760 935 936 
550 551 552 575 576 702 703 704 714 715 759 760 805 806 | 551 552 560 561 575 576 594 595 702 703 714 715 759 760 805 806 
550 551 552 620 621 650 651 665 666 702 703 704 714 715 759 760 782 783 805 806 896 897 | 551 552 560 561 594 595 620 621 650 651 665 666 702 703 714 715 759 760 782 783 805 806 896 897 
527 528 550 551 552 560 561 575 576 608 609 620 621 665 666 702 703 714 715 | 550 551 575 576 608 609 620 621 665 666 702 703 713 714 715 782 783 899 900 
527 528 550 551 552 575 576 608 609 629 630 665 666 702 703 704 713 714 715 740 741 782 783 805 806 836 837 899 900 | 527 528 551 552 560 561 575 576 594 595 608 609 629 630 665 666 702 703 713 714 715 740 741 782 783 805 806 836 837 899 900 
527 528 550 551 552 575 576 650 651 702 703 704 713 714 740 741 759 760 805 806 935 936 | 527 528 551 552 560 561 575 576 594 595 650 651 702 703 713 714 740 741 759 760 805 806 935 936 
527 528 550 551 552 575 576 629 630 650 651 702 703 704 714 715 759 760 782 783 805 806 836 837 896 897 935 936 | 527 528 551 552 560 561 575 576 594 595 629 630 650 651 702 703 714 715 759 760 782 783 805 806 836 837 896 897 935 936 
527 528 550 551 552 650 651 665 666 702 703 704 713 714 715 935 936 | 527 528 551 552 560 561 594 595 650 651 665 666 702 703 713 714 715 935 936 
550 551 552 575 576 608 609 620 621 702 703 704 713 714 715 759 760 805 806 899 900 | 551 552 560 561 575 576 594 595 608 609 620 621 702 703 713 714 715 759 760 805 806 899 900 
527 528 550 551 552 575 576 608 609 650 651 665 666 702 703 704 713 714 715 782 783 805 806 836 837 896 897 935 936 | 527 528 551 552 560 561 575 576 594 595 608 609 650 651 665 666 702 703 713 714 715 782 783 805 806 836 837 896 897 935 936 
550 551 552 702 703 704 759 760 805 806 896 897 | 551 552 560 561 594 595 702 703 759 760 805 806 896 897 
527 528 550 551 552 575 576 608 609 702 703 704 714 715 805 806 896 897 899 900 | 527 528 551 552 560 561 575 576 594 595 608 609 702 703 714 715 805 806 896 897 899 900 
527 528 550 551 552 608 609 620 621 629 630 665 666 702 703 704 782 783 836 837 896 897 935 936 | 527 528 551 552 560 561 594 595 608 609 620 621 629 630 665 666 702 703 782 783 836 837 896 897 935 936 
527 528 550 551 552 560 561 575 576 608 609 650 651 665 666 703 704 714 715 836 837 | 550 551 575 576 608 609 650 651 665 666 703 704 713 714 715 782 783 836 837 899 900 
550 551 552 608 609 620 621 650 651 702 703 704 713 714 715 759 760 782 783 805 806 836 837 896 897 | 551 552 560 561 594 595 608 609 620 621 650 651 702 703 713 714 715 759 760 782 783 805 806 836 837 896 897 
527 528 550 551 552 575 576 650 651 665 666 702 703 704 782 783 899 900 935 936 | 527 528 551 552 560 561 575 576 594 595 650 651 665 666 702 703 782 783 899 900 935 936 
527 528 550 551 552 575 576 608 609 629 630 650 651 702 703 704 714 715 740 741 805 806 836 837 896 897 | 527 528 551 552 560 561 575 576 594 595 608 609 629 630 650 651 702 703 714 715 740 741 805 806 836 837 896 897 
527 528 550 551 552 560 561 629 630 665 666 702 703 704 714 715 759 760 836 837 896 897 935 936 | 550 551 629 630 665 666 702 703 704 713 714 715 759 760 782 783 836 837 896 897 899 900 935 936 
550 551 552 575 576 608 609 620 621 629 630 702 703 704 713 714 740 741 782 783 896 897 899 900 935 936 | 551 552 560 561 575 576 594 595 608 609 620 621 629 630 702 703 713 714 740 741 782 783 896 897 899 900 935 936 
527 528 550 551 552 560 561 608 609 620 621 629 630 665 666 702 703 704 714 715 740 741 759 760 836 837 | 550 551 608 609 620 621 629 630 665 666 702 703 704 713 714 715 740 741 759 760 782 783 836 837 899 900 
527 528 550 551 552 560 561 594 595 608 609 650 651 714 715 759 760 836 837 | 550 551 594 595 608 609 650 651 713 714 715 759 760 782 783 836 837 899 900 
550 551 552 575 576 620 621 629 630 702 703 704 782 783 836 837 896 897 935 936 | 551 552 560 561 575 576 594 595 620 621 629 630 702 703 782 783 836 837 896 897 935 936 
550 551 552 620 621 629 630 665 666 702 703 704 714 715 782 783 836 837 896 897 899 900 | 551 552 560 561 594 595 620 621 629 630 665 666 702 703 714 715 782 783 836 837 896 897 899 900 
527 528 550 551 552 560 561 620 621 629 630 650 651 714 715 759 760 805 806 896 897 | 550 551 620 621 629 630 650 651 713 714 715 759 760 782 783 805 806 896 897 899 900 
550 551 552 620 621 702 703 704 714 715 740 741 836 837 | 551 552 560 561 594 595 620 621 702 703 714 715 740 741 836 837 
527 528 550 551 552 702 703 704 713 714 782 783 896 897 935 936 | 527 528 551 552 560 561 594 595 702 703 713 714 782 783 896 897 935 936 
550 551 552 575 576 608 609 650 651 665 666 702 703 704 759 760 896 897 899 900 935 936 | 551 552 560 561 575 576 594 595 608 609 650 651 665 666 702 703 759 760 896 897 899 900 935 936 
527 528 550 551 552 575 576 608 609 629 630 650 651 665 666 702 703 704 713 714 715 759 760 782 783 836 837 896 897 899 900 935 936 | 527 528 551 552 560 561 575 576 594 595 608 609 629 630 650 651 665 666 702 703 713 714 715 759 760 782 783 836 837 896 897 899 900 935 936 
527 528 550 551 552 560 561 575 576 608 609 629 630 650 651 714 715 740 741 759 760 836 837 | 550 551 575 576 608 609 629 630 650 651 713 714 715 740 741 759 760 782 783 836 837 899 900 
527 528 550 551 552 560 561 608 609 620 621 650 651 703 704 714 715 740 741 759 760 805 806 896 897 | 550 551 608 609 620 621 650 651 703 704 713 714 715 740 741 759 760 782 783 805 806 896 897 899 900 
527 528 550 551 552 575 576 608 609 629 630 665 666 702 703 704 714 715 782 783 836 837 896 897 899 900 935 936 | 527 528 551 552 560 561 575 576 594 595 608 609 629 630 665 666 702 703 714 715 782 783 836 837 896 897 899 900 935 936 
527 528 550 551 552 560 561 575 576 608 609 620 621 665 666 703 704 714 715 759 760 | 550 551 575 576 608 609 620 621 665 666 703 704 713 714 715 759 760 782 783 899 900 
527 528 550 551 552 560 561 594 595 620 621 650 651 714 715 740 741 805 806 836 837 896 897 | 550 551 594 595 620 621 650 651 713 714 715 740 741 782 783 805 806 836 837 896 897 899 900 
550 551 552 620 621 629 630 665 666 702 703 704 714 715 805 806 836 837 | 551 552 560 561 594 595 620 621 629 630 665 666 702 703 714 715 805 806 836 837 
527 528 550 551 552 575 576 620 621 629 630 665 666 702 703 704 713 714 759 760 805 806 896 897 935 936 | 527 528 551 552 560 561 575 576 594 595 620 621 629 630 665 666 702 703 713 714 759 760 805 806 896 897 935 936 
550 551 552 608 609 629 630 650 651 702 703 704 714 715 782 783 896 897 935 936 | 551 552 560 561 594 595 608 609 629 630 650 651 702 703 714 715 782 783 896 897 935 936 
550 551 552 629 630 650 651 702 703 704 805 806 836 837 896 897 | 551 552 560 561 594 595 629 630 650 651 702 703 805 806 836 837 896 897 
550 551 552 665 666 702 703 704 740 741 759 760 782 783 836 837 896 897 899 900 | 551 552 560 561 594 595 665 666 702 703 740 741 759 760 782 783 836 837 896 897 899 900 
527 528 550 551 552 560 561 575 576 594 595 608 609 702 703 714 715 805 806 896 897 | 550 551 575 576 594 595 608 609 702 703 713 714 715 782 783 805 806 896 897 899 900 
527 528 550 551 552 575 576 608 609 620 621 702 703 704 713 714 715 805 806 935 936 | 527 528 551 552 560 561 575 576 594 595 608 609 620 621 702 703 713 714 715 805 806 935 936 
527 528 550 551 552 560 561 620 621 629 630 650 651 703 704 714 715 740 741 759 760 896 897 935 936 | 550 551 620 621 629 630 650 651 703 704 713 714 715 740 741 759 760 782 783 896 897 899 900 935 936 
527 528 550 551 552 665 666 702 703 704 714 715 782 783 805 806 836 837 896 897 899 900 935 936 | 527 528 551 552 560 561 594 595 665 666 702 703 714 715 782 783 805 806 836 837 896 897 899 900 935 936 
550 551 552 575 576 608 609 650 651 702 703 704 713 714 759 760 782 783 805 806 899 900 | 551 552 560 561 575 576 594 595 608 609 650 651 702 703 713 714 759 760 782 783 805 806 899 900 
550 551 552 575 576 608 609 620 621 629 630 650 651 702 703 704 714 715 740 741 782 783 805 806 836 837 896 897 | 551 552 560 561 575 576 594 595 608 609 620 621 629 630 650 651 702 703 714 715 740 741 782 783 805 806 836 837 896 897 
550 551 552 575 576 665 666 702 703 704 759 760 782 783 805 806 836 837 | 551 552 560 561 575 576 594 595 665 666 702 703 759 760 782 783 805 806 836 837 
550 551 552 608 609 620 621 629 630 650 651 702 703 704 713 714 715 740 741 759 760 805 806 836 837 896 897 899 900 | 551 552 560 561 594 595 608 609 620 621 629 630 650 651 702 703 713 714 715 740 741 759 760 805 806 836 837 896 897 899 900 
550 551 552 575 576 620 621 650 651 665 666 702 703 704 713 714 715 740 741 782 783 805 806 | 551 552 560 561 575 576 594 595 620 621 650 651 665 666 702 703 713 714 715 740 741 782 783 805 806 
527 528 551 552 560 561 575 576 594 595 608 609 629 630 665 666 703 704 713 714 740 741 759 760 836 837 896 897 935 936 | 550 551 560 561 608 609 620 621 629 630 650 651 665 666 703 704 740 741 759 760 782 783 805 806 836 837 899 900 935 936 
527 528 550 551 552 575 576 608 609 665 666 702 703 704 713 714 782 783 836 837 899 900 935 936 | 527 528 551 552 560 561 575 576 594 595 608 609 665 666 702 703 713 714 782 783 836 837 899 900 935 936 
550 551 552 608 609 650 651 702 703 704 713 714 715 759 760 782 783 896 897 935 936 | 551 552 560 561 594 595 608 609 650 651 702 703 713 714 715 759 760 782 783 896 897 935 936 
527 528 550 551 552 560 561 594 595 620 621 629 630 650 651 665 666 702 703 704 714 715 759 760 896 897 935 936 | 550 551 594 595 620 621 629 630 650 651 665 666 702 703 704 713 714 715 759 760 782 783 896 897 899 900 935 936 
527 528 560 561 594 595 650 651 713 714 740 741 759 760 836 837 899 900 | 551 552 575 576 594 595 608 609 620 621 665 666 703 704 713 714 715 740 741 782 783 836 837 896 897 899 900 
527 528 550 551 608 609 629 630 650 651 702 703 713 714 715 740 741 782 783 896 897 935 936 | 527 528 551 552 560 561 575 576 594 595 608 609 629 630 650 651 703 704 713 714 740 741 782 783 935 936 
550 551 552 650 651 665 666 702 703 704 713 714 740 741 896 897 | 551 552 560 561 594 595 650 651 665 666 702 703 713 714 740 741 896 897 
550 551 552 575 576 608 609 650 651 702 703 704 713 714 715 740 741 759 760 899 900 | 551 552 560 561 575 576 594 595 608 609 650 651 702 703 713 714 715 740 741 759 760 899 900 
527 528 551 552 560 561 608 609 620 621 629 630 665 666 702 703 704 713 714 782 783 805 806 896 897 899 900 935 936 | 560 561 629 630 713 714 759 760 896 897 899 900 
527 528 550 551 552 608 609 650 651 702 703 704 713 714 715 805 806 836 837 896 897 899 900 935 936 | 527 528 551 552 560 561 594 595 608 609 650 651 702 703 713 714 715 805 806 836 837 896 897 899 900 935 936 
527 528 550 551 552 575 576 620 621 629 630 650 651 702 703 704 714 715 805 806 836 837 899 900 | 527 528 551 552 560 561 575 576 594 595 620 621 629 630 650 651 702 703 714 715 805 806 836 837 899 900 
527 528 550 551 552 560 561 575 576 608 609 650 651 702 703 704 714 715 740 741 759 760 836 837 896 897 935 936 | 550 551 575 576 608 609 650 651 702 703 704 713 714 715 740 741 759 760 782 783 836 837 896 897 899 900 935 936 
527 528 550 551 552 620 621 629 630 650 651 665 666 702 703 704 713 714 740 741 759 760 805 806 836 837 896 897 935 936 | 527 528 551 552 560 561 594 595 620 621 629 630 650 651 665 666 702 703 713 714 740 741 759 760 805 806 836 837 896 897 935 936 
527 528 550 551 552 665 666 702 703 704 713 714 740 741 759 760 782 783 805 806 836 837 896 897 899 900 935 936 | 527 528 551 552 560 561 594 595 665 666 702 703 713 714 740 741 759 760 782 783 805 806 836 837 896 897 899 900 935 936 
550 551 552 620 621 650 651 702 703 704 714 715 782 783 805 806 836 837 896 897 935 936 | 551 552 560 561 594 595 620 621 650 651 702 703 714 715 782 783 805 806 836 837 896 897 935 936 
550 551 552 575 576 620 621 629 630 702 703 704 713 714 759 760 805 806 899 900 935 936 | 551 552 560 561 575 576 594 595 620 621 629 630 702 703 713 714 759 760 805 806 899 900 935 936 
550 551 552 650 651 702 703 704 740 741 759 760 896 897 899 900 935 936 | 551 552 560 561 594 595 650 651 702 703 740 741 759 760 896 897 899 900 935 936 
527 528 550 551 552 575 576 620 621 665 666 702 703 704 713 714 715 759 760 836 837 899 900 | 527 528 551 552 560 561 575 576 594 595 620 621 665 666 702 703 713 714 715 759 760 836 837 899 900 
527 528 550 551 552 608 609 665 666 702 703 704 782 783 805 806 896 897 899 900 | 527 528 551 552 560 561 594 595 608 609 665 666 702 703 782 783 805 806 896 897 899 900 
550 551 552 608 609 620 621 702 703 704 714 715 740 741 759 760 782 783 805 806 836 837 896 897 | 551 552 560 561 594 595 608 609 620 621 702 703 714 715 740 741 759 760 782 783 805 806 836 837 896 897 
527 528 550 551 608 609 629 630 650 651 702 703 713 714 715 759 760 782 783 896 897 935 936 | 527 528 551 552 560 561 575 576 594 595 608 609 629 630 650 651 703 704 713 714 759 760 782 783 935 936 
550 551 552 575 576 620 621 650 651 665 666 702 703 704 714 715 759 760 782 783 805 806 836 837 935 936 | 551 552 560 561 575 576 594 595 620 621 650 651 665 666 702 703 714 715 759 760 782 783 805 806 836 837 935 936 
550 551 552 575 576 608 609 650 651 702 703 704 740 741 782 783 836 837 899 900 | 551 552 560 561 575 576 594 595 608 609 650 651 702 703 740 741 782 783 836 837 899 900 
527 528 550 551 552 560 561 608 609 620 621 650 651 702 703 704 714 715 740 741 759 760 805 806 836 837 935 936 | 550 551 608 609 620 621 650 651 702 703 704 713 714 715 740 741 759 760 782 783 805 806 836 837 899 900 935 936 
550 551 552 608 609 620 621 629 630 665 666 702 703 704 714 715 899 900 935 936 | 551 552 560 561 594 595 608 609 620 621 629 630 665 666 702 703 714 715 899 900 935 936 
527 528 550 551 552 608 609 620 621 665 666 702 703 704 713 714 805 806 896 897 899 900 | 527 528 551 552 560 561 594 595 608 609 620 621 665 666 702 703 713 714 805 806 896 897 899 900 
527 528 550 551 552 575 576 608 609 620 621 665 666 702 703 704 782 783 805 806 899 900 935 936 | 527 528 551 552 560 561 575 576 594 595 608 609 620 621 665 666 702 703 782 783 805 806 899 900 935 936 
550 551 552 620 621 665 666 702 703 704 714 715 896 897 899 900 935 936 | 551 552 560 561 594 595 620 621 665 666 702 703 714 715 896 897 899 900 935 936 
550 551 552 608 609 620 621 665 666 702 703 704 782 783 836 837 935 936 | 551 552 560 561 594 595 608 609 620 621 665 666 702 703 782 783 836 837 935 936 
550 551 552 665 666 702 703 704 713 714 759 760 782 783 805 806 836 837 899 900 935 936 | 551 552 560 561 594 595 665 666 702 703 713 714 759 760 782 783 805 806 836 837 899 900 935 936 
527 528 550 551 552 575 576 608 609 620 621 650 651 665 666 702 703 704 713 714 740 741 759 760 836 837 896 897 899 900 935 936 | 527 528 551 552 560 561 575 576 594 595 608 609 620 621 650 651 665 666 702 703 713 714 740 741 759 760 836 837 896 897 899 900 935 936 
527 528 550 551 552 575 576 629 630 650 651 665 666 702 703 704 713 714 715 740 741 836 837 | 527 528 551 552 560 561 575 576 594 595 629 630 650 651 665 666 702 703 713 714 715 740 741 836 837 
550 551 552 620 621 665 666 702 703 704 714 715 740 741 759 760 782 783 896 897 | 551 552 560 561 594 595 620 621 665 666 702 703 714 715 740 741 759 760 782 783 896 897 
550 551 552 620 621 629 630 650 651 702 703 704 714 715 | 551 552 560 561 594 595 620 621 629 630 650 651 702 703 714 715 
527 528 550 551 552 608 609 620 621 629 630 650 651 665 666 702 703 704 714 715 782 783 896 897 | 527 528 551 552 560 561 594 595 608 609 620 621 629 630 650 651 665 666 702 703 714 715 782 783 896 897 
550 551 552 575 576 620 621 702 703 704 714 715 759 760 782 783 836 837 | 551 552 560 561 575 576 594 595 620 621 702 703 714 715 759 760 782 783 836 837 
527 528 550 551 552 575 576 629 630 650 651 702 703 704 740 741 759 760 896 897 | 527 528 551 552 560 561 575 576 594 595 629 630 650 651 702 703 740 741 759 760 896 897 
550 551 552 575 576 620 621 665 666 702 703 704 740 741 782 783 805 806 935 936 | 551 552 560 561 575 576 594 595 620 621 665 666 702 703 740 741 782 783 805 806 935 936 
527 528 550 551 552 560 561 620 621 629 630 703 704 714 715 740 741 759 760 805 806 836 837 | 550 551 620 621 629 630 703 704 713 714 715 740 741 759 760 782 783 805 806 836 837 899 900 
550 551 552 575 576 608 609 665 666 702 703 704 782 783 836 837 896 897 | 551 552 560 561 575 576 594 595 608 609 665 666 702 703 782 783 836 837 896 897 
527 528 550 551 552 575 576 608 609 620 621 629 630 650 651 702 703 704 713 714 715 759 760 782 783 805 806 836 837 | 527 528 551 552 560 561 575 576 594 595 608 609 620 621 629 630 650 651 702 703 713 714 715 759 760 782 783 805 806 836 837 
527 528 550 551 552 608 609 629 630 702 703 704 713 714 740 741 805 806 896 897 899 900 | 527 528 551 552 560 561 594 595 608 609 629 630 702 703 713 714 740 741 805 806 896 897 899 900 
550 551 552 702 703 704 713 714 740 741 759 760 899 900 935 936 | 551 552 560 561 594 595 702 703 713 714 740 741 759 760 899 900 935 936 
527 528 550 551 552 560 561 608 609 620 621 650 651 665 666 714 715 805 806 836 837 935 936 | 550 551 608 609 620 621 650 651 665 666 713 714 715 782 783 805 806 836 837 899 900 935 936 
527 528 550 551 552 575 576 629 630 702 703 704 740 741 759 760 782 783 805 806 896 897 935 936 | 527 528 551 552 560 561 575 576 594 595 629 630 702 703 740 741 759 760 782 783 805 806 896 897 935 936 
527 528 550 551 552 560 561 594 595 608 609 620 621 665 666 702 703 704 714 715 836 837 896 897 935 936 | 550 551 594 595 608 609 620 621 665 666 702 703 704 713 714 715 782 783 836 837 896 897 899 900 935 936 
527 528 550 551 552 560 561 575 576 594 595 702 703 714 715 740 741 805 806 935 936 | 550 551 575 576 594 595 702 703 713 714 715 740 741 782 783 805 806 899 900 935 936 
527 528 550 551 552 575 576 620 621 665 666 702 703 704 713 714 715 759 760 836 837 899 900 935 936 | 527 528 551 552 560 561 575 576 594 595 620 621 665 666 702 703 713 714 715 759 760 836 837 899 900 935 936 
550 551 552 575 576 608 609 629 630 650 651 702 703 704 759 760 836 837 896 897 899 900 935 936 | 551 552 560 561 575 576 594 595 608 609 629 630 650 651 702 703 759 760 836 837 896 897 899 900 935 936 
527 528 550 551 552 575 576 608 609 620 621 629 630 650 651 665 666 702 703 704 713 714 715 740 741 782 783 896 897 | 527 528 551 552 560 561 575 576 594 595 608 609 620 621 629 630 650 651 665 666 702 703 713 714 715 740 741 782 783 896 897 
527 528 550 551 552 608 609 620 621 650 651 665 666 702 703 704 713 714 740 741 782 783 836 837 | 527 528 551 552 560 561 594 595 608 609 620 621 650 651 665 666 702 703 713 714 740 741 782 783 836 837 
527 528 550 551 552 575 576 608 609 702 703 704 759 760 805 806 899 900 935 936 | 527 528 551 552 560 561 575 576 594 595 608 609 702 703 759 760 805 806 899 900 935 936 
550 551 552 620 621 629 630 650 651 665 666 702 703 704 836 837 896 897 899 900 | 551 552 560 561 594 595 620 621 629 630 650 651 665 666 702 703 836 837 896 897 899 900 
550 551 552 665 666 702 703 704 713 714 715 782 783 896 897 935 936 | 551 552 560 561 594 595 665 666 702 703 713 714 715 782 783 896 897 935 936 
527 528 550 551 552 575 576 608 609 620 621 629 630 665 666 702 703 704 759 760 805 806 896 897 899 900 | 527 528 551 552 560 561 575 576 594 595 608 609 620 621 629 630 665 666 702 703 759 760 805 806 896 897 899 900 
550 551 552 629 630 650 651 665 666 702 703 704 782 783 805 806 | 551 552 560 561 594 595 629 630 650 651 665 666 702 703 782 783 805 806 
527 528 550 551 608 609 620 621 650 651 702 703 713 714 715 740 741 782 783 896 897 935 936 | 527 528 551 552 560 561 575 576 594 595 608 609 620 621 650 651 703 704 713 714 740 741 782 783 935 936 
550 551 552 575 576 608 609 629 630 702 703 704 713 714 715 740 741 759 760 782 783 836 837 899 900 935 936 | 551 552 560 561 575 576 594 595 608 609 629 630 702 703 713 714 715 740 741 759 760 782 783 836 837 899 900 935 936 
527 528 550 551 552 575 576 620 621 665 666 702 703 704 713 714 715 896 897 935 936 | 527 528 551 552 560 561 575 576 594 595 620 621 665 666 702 703 713 714 715 896 897 935 936 
527 528 550 551 552 575 576 650 651 702 703 704 713 714 715 782 783 896 897 899 900 935 936 | 527 528 551 552 560 561 575 576 594 595 650 651 702 703 713 714 715 782 783 896 897 899 900 935 936 
527 528 550 551 552 560 561 575 576 608 609 665 666 714 715 805 806 896 897 935 936 | 550 551 575 576 608 609 665 666 713 714 715 782 783 805 806 896 897 899 900 935 936 
550 551 552 575 576 629 630 702 703 704 713 714 740 741 782 783 805 806 836 837 896 897 935 936 | 551 552 560 561 575 576 594 595 629 630 702 703 713 714 740 741 782 783 805 806 836 837 896 897 935 936 
527 528 550 551 552 620 621 650 651 665 666 702 703 704 713 714 740 741 759 760 782 783 836 837 896 897 899 900 935 936 | 527 528 551 552 560 561 594 595 620 621 650 651 665 666 702 703 713 714 740 741 759 760 782 783 836 837 896 897 899 900 935 936 
527 528 550 551 552 629 630 665 666 702 703 704 714 715 740 741 759 760 805 806 836 837 896 897 | 527 528 551 552 560 561 594 595 629 630 665 666 702 703 714 715 740 741 759 760 805 806 836 837 896 897 
527 528 550 551 552 575 576 620 621 702 703 704 740 741 782 783 896 897 935 936 | 527 528 551 552 560 561 575 576 594 595 620 621 702 703 740 741 782 783 896 897 935 936 
550 551 552 608 609 620 621 650 651 702 703 704 713 714 740 741 759 760 782 783 836 837 | 551 552 560 561 594 595 608 609 620 621 650 651 702 703 713 714 740 741 759 760 782 783 836 837 
550 551 552 629 630 650 651 702 703 704 714 715 782 783 805 806 899 900 935 936 | 551 552 560 561 594 595 629 630 650 651 702 703 714 715 782 783 805 806 899 900 935 936 
550 551 552 608 609 620 621 650 651 665 666 702 703 704 805 806 836 837 896 897 899 900 935 936 | 551 552 560 561 594 595 608 609 620 621 650 651 665 666 702 703 805 806 836 837 896 897 899 900 935 936 
527 528 550 551 552 560 561 575 576 594 595 608 609 650 651 702 703 704 714 715 805 806 | 550 551 575 576 594 595 608 609 650 651 702 703 704 713 714 715 782 783 805 806 899 900 
550 551 552 575 576 620 621 702 703 704 713 714 715 740 741 759 760 782 783 805 806 896 897 935 936 | 551 552 560 561 575 576 594 595 620 621 702 703 713 714 715 740 741 759 760 782 783 805 806 896 897 935 936 
527 528 550 551 552 560 561 594 595 608 609 620 621 629 630 702 703 704 714 715 740 741 759 760 935 936 | 550 551 594 595 608 609 620 621 629 630 702 703 704 713 714 715 740 741 759 760 782 783 899 900 935 936 
527 528 550 551 552 575 576 608 609 665 666 702 703 704 740 741 759 760 782 783 805 806 896 897 899 900 935 936 | 527 528 551 552 560 561 575 576 594 595 608 609 665 666 702 703 740 741 759 760 782 783 805 806 896 897 899 900 935 936 
527 528 550 551 552 560 561 629 630 650 651 665 666 703 704 714 715 740 741 759 760 805 806 896 897 935 936 | 550 551 629 630 650 651 665 666 703 704 713 714 715 740 741 759 760 782 783 805 806 896 897 899 900 935 936 
550 551 552 608 609 620 621 650 651 665 666 702 703 704 740 741 782 783 836 837 896 897 899 900 935 936 | 551 552 560 561 594 595 608 609 620 621 650 651 665 666 702 703 740 741 782 783 836 837 896 897 899 900 935 936 
550 551 552 608 609 629 630 650 651 665 666 702 703 704 713 714 740 741 759 760 836 837 | 551 552 560 561 594 595 608 609 629 630 650 651 665 666 702 703 713 714 740 741 759 760 836 837 
527 528 550 551 552 650 651 702 703 704 713 714 715 740 741 836 837 896 897 | 527 528 551 552 560 561 594 595 650 651 702 703 713 714 715 740 741 836 837 896 897 
527 528 550 551 552 629 630 665 666 702 703 704 713 714 715 740 741 782 783 899 900 935 936 | 527 528 551 552 560 561 594 595 629 630 665 666 702 703 713 714 715 740 741 782 783 899 900 935 936 
527 528 550 551 552 560 561 620 621 702 703 704 714 715 759 760 805 806 | 550 551 620 621 702 703 704 713 714 715 759 760 782 783 805 806 899 900 
550 551 552 575 576 629 630 702 703 704 740 741 759 760 805 806 836 837 896 897 935 936 | 551 552 560 561 575 576 594 595 629 630 702 703 740 741 759 760 805 806 836 837 896 897 935 936 
527 528 575 576 594 595 650 651 665 666 702 703 713 714 715 782 783 805 806 836 837 899 900 935 936 | 550 551 560 561 575 576 594 595 608 609 620 621 629 630 650 651 665 666 703 704 740 741 759 760 782 783 805 806 896 897 
550 551 552 608 609 620 621 665 666 702 703 704 714 715 740 741 759 760 782 783 805 806 836 837 896 897 | 551 552 560 561 594 595 608 609 620 621 665 666 702 703 714 715 740 741 759 760 782 783 805 806 836 837 896 897 
527 528 550 551 552 608 609 665 666 702 703 704 740 741 836 837 899 900 935 936 | 527 528 551 552 560 561 594 595 608 609 665 666 702 703 740 741 836 837 899 900 935 936 
527 528 550 551 552 560 561 629 630 702 703 704 714 715 740 741 935 936 | 550 551 629 630 702 703 704 713 714 715 740 741 782 783 899 900 935 936 
550 551 552 629 630 650 651 702 703 704 759 760 782 783 805 806 836 837 896 897 | 551 552 560 561 594 595 629 630 650 651 702 703 759 760 782 783 805 806 836 837 896 897 
527 528 550 551 552 560 561 650 651 665 666 703 704 714 715 759 760 805 806 | 550 551 650 651 665 666 703 704 713 714 715 759 760 782 783 805 806 899 900 
527 528 550 551 552 575 576 608 609 629 630 702 703 704 740 741 759 760 836 837 896 897 | 527 528 551 552 560 561 575 576 594 595 608 609 629 630 702 703 740 741 759 760 836 837 896 897 
527 528 551 552 560 561 575 576 608 609 620 621 665 666 702 703 704 713 714 715 782 783 805 806 899 900 935 936 | 560 561 575 576 713 714 715 759 760 899 900 
527 528 550 551 552 560 561 575 576 594 595 608 609 620 621 629 630 650 651 702 703 704 714 715 740 741 759 760 805 806 896 897 935 936 | 550 551 575 576 594 595 608 609 620 621 629 630 650 651 702 703 704 713 714 715 740 741 759 760 782 783 805 806 896 897 899 900 935 936 
527 528 550 551 552 575 576 620 621 650 651 702 703 704 713 714 759 760 896 897 899 900 | 527 528 551 552 560 561 575 576 594 595 620 621 650 651 702 703 713 714 759 760 896 897 899 900 
550 551 552 608 609 702 703 704 713 714 715 782 783 805 806 836 837 896 897 | 551 552 560 561 594 595 608 609 702 703 713 714 715 782 783 805 806 836 837 896 897 
527 528 550 551 552 650 651 702 703 704 713 714 715 740 741 759 760 805 806 896 897 935 936 | 527 528 551 552 560 561 594 595 650 651 702 703 713 714 715 740 741 759 760 805 806 896 897 935 936 
527 528 550 551 552 560 561 594 595 608 609 629 630 702 703 704 714 715 759 760 896 897 935 936 | 550 551 594 595 608 609 629 630 702 703 704 713 714 715 759 760 782 783 896 897 899 900 935 936 
550 551 552 575 576 608 609 629 630 650 651 702 703 704 713 714 715 759 760 782 783 805 806 896 897 | 551 552 560 561 575 576 594 595 608 609 629 630 650 651 702 703 713 714 715 759 760 782 783 805 806 896 897 
527 528 550 551 552 608 609 620 621 629 630 650 651 702 703 704 713 714 740 741 759 760 896 897 899 900 935 936 | 527 528 551 552 560 561 594 595 608 609 620 621 629 630 650 651 702 703 713 714 740 741 759 760 896 897 899 900 935 936 
550 551 552 575 576 620 621 629 630 650 651 665 666 702 703 704 713 714 759 760 782 783 805 806 836 837 935 936 | 551 552 560 561 575 576 594 595 620 621 629 630 650 651 665 666 702 703 713 714 759 760 782 783 805 806 836 837 935 936 
527 528 550 551 552 575 576 608 609 620 621 702 703 704 782 783 899 900 935 936 | 527 528 551 552 560 561 575 576 594 595 608 609 620 621 702 703 782 783 899 900 935 936 
550 551 552 608 609 620 621 629 630 650 651 665 666 702 703 704 759 760 782 783 836 837 935 936 | 551 552 560 561 594 595 608 609 620 621 629 630 650 651 665 666 702 703 759 760 782 783 836 837 935 936 
527 528 550 551 552 560 561 594 595 608 609 620 621 629 630 665 666 702 703 714 715 740 741 805 806 836 837 935 936 | 550 551 594 595 608 609 620 621 629 630 665 666 702 703 713 714 715 740 741 782 783 805 806 836 837 899 900 935 936 
527 528 550 551 552 560 561 575 576 594 595 629 630 665 666 703 704 714 715 740 741 896 897 | 550 551 575 576 594 595 629 630 665 666 703 704 713 714 715 740 741 782 783 896 897 899 900 
550 551 552 608 609 665 666 702 703 704 740 741 759 760 782 783 896 897 899 900 | 551 552 560 561 594 595 608 609 665 666 702 703 740 741 759 760 782 783 896 897 899 900 
527 528 550 551 552 560 561 575 576 594 595 665 666 702 703 704 714 715 740 741 759 760 896 897 935 936 | 550 551 575 576 594 595 665 666 702 703 704 713 714 715 740 741 759 760 782 783 896 897 899 900 935 936 
550 551 552 620 621 702 703 704 713 714 715 782 783 805 806 935 936 | 551 552 560 561 594 595 620 621 702 703 713 714 715 782 783 805 806 935 936 
527 528 550 551 552 608 609 620 621 629 630 665 666 702 703 704 714 715 740 741 759 760 805 806 836 837 896 897 899 900 | 527 528 551 552 560 561 594 595 608 609 620 621 629 630 665 666 702 703 714 715 740 741 759 760 805 806 836 837 896 897 899 900 
550 551 552 575 576 620 621 629 630 665 666 702 703 704 714 715 759 760 782 783 836 837 896 897 899 900 935 936 | 551 552 560 561 575 576 594 595 620 621 629 630 665 666 702 703 714 715 759 760 782 783 836 837 896 897 899 900 935 936 
527 528 550 551 552 608 609 629 630 665 666 702 703 704 759 760 782 783 836 837 896 897 | 527 528 551 552 560 561 594 595 608 609 629 630 665 666 702 703 759 760 782 783 836 837 896 897 
527 528 550 551 552 560 561 575 576 608 609 629 630 650 651 665 666 702 703 714 715 836 837 896 897 | 550 551 575 576 608 609 629 630 650 651 665 666 702 703 713 714 715 782 783 836 837 896 897 899 900 
527 528 550 551 552 629 630 665 666 702 703 704 713 714 899 900 935 936 | 527 528 551 552 560 561 594 595 629 630 665 666 702 703 713 714 899 900 935 936 
527 528 550 551 552 620 621 629 630 702 703 704 713 714 782 783 805 806 836 837 896 897 935 936 | 527 528 551 552 560 561 594 595 620 621 629 630 702 703 713 714 782 783 805 806 836 837 896 897 935 936 
550 551 552 575 576 608 609 620 621 650 651 665 666 702 703 704 714 715 740 741 759 760 782 783 805 806 836 837 899 900 935 936 | 551 552 560 561 575 576 594 595 608 609 620 621 650 651 665 666 702 703 714 715 740 741 759 760 782 783 805 806 836 837 899 900 935 936 
527 528 550 551 552 575 576 629 630 665 666 702 703 704 713 714 715 740 741 782 783 805 806 836 837 896 897 899 900 | 527 528 551 552 560 561 575 576 594 595 629 630 665 666 702 703 713 714 715 740 741 782 783 805 806 836 837 896 897 899 900 
550 551 552 629 630 650 651 702 703 704 714 715 836 837 | 551 552 560 561 594 595 629 630 650 651 702 703 714 715 836 837 
527 528 550 551 552 575 576 629 630 650 651 702 703 704 740 741 759 760 782 783 805 806 935 936 | 527 528 551 552 560 561 575 576 594 595 629 630 650 651 702 703 740 741 759 760 782 783 805 806 935 936 
527 528 550 551 608 609 629 630 650 651 702 703 713 714 715 759 760 896 897 899 900 | 527 528 551 552 560 561 575 576 594 595 608 609 629 630 650 651 703 704 713 714 759 760 899 900 
527 528 550 551 552 575 576 620 621 665 666 702 703 704 713 714 715 759 760 805 806 836 837 896 897 | 527 528 551 552 560 561 575 576 594 595 620 621 665 666 702 703 713 714 715 759 760 805 806 836 837 896 897 
550 551 552 575 576 650 651 665 666 702 703 704 713 714 715 740 741 805 806 896 897 899 900 935 936 | 551 552 560 561 575 576 594 595 650 651 665 666 702 703 713 714 715 740 741 805 806 896 897 899 900 935 936 
527 528 550 551 552 575 576 620 621 650 651 665 666 702 703 704 782 783 836 837 899 900 935 936 | 527 528 551 552 560 561 575 576 594 595 620 621 650 651 665 666 702 703 782 783 836 837 899 900 935 936 
527 528 550 551 552 560 561 594 595 620 621 629 630 650 651 703 704 714 715 836 837 896 897 935 936 | 550 551 594 595 620 621 629 630 650 651 703 704 713 714 715 782 783 836 837 896 897 899 900 935 936 
527 528 550 551 552 629 630 650 651 702 703 704 713 714 715 740 741 782 783 805 806 899 900 935 936 | 527 528 551 552 560 561 594 595 629 630 650 651 702 703 713 714 715 740 741 782 783 805 806 899 900 935 936 
550 551 552 608 609 620 621 650 651 665 666 702 703 704 713 714 759 760 805 806 899 900 | 551 552 560 561 594 595 608 609 620 621 650 651 665 666 702 703 713 714 759 760 805 806 899 900 
527 528 550 551 552 560 561 575 576 594 595 620 621 714 715 759 760 805 806 836 837 935 936 | 550 551 575 576 594 595 620 621 713 714 715 759 760 782 783 805 806 836 837 899 900 935 936 
527 528 550 551 552 560 561 575 576 594 595 608 609 620 621 629 630 650 651 665 666 703 704 714 715 740 741 759 760 836 837 896 897 | 550 551 575 576 594 595 608 609 620 621 629 630 650 651 665 666 703 704 713 714 715 740 741 759 760 782 783 836 837 896 897 899 900 
550 551 552 608 609 650 651 702 703 704 713 714 899 900 935 936 | 551 552 560 561 594 595 608 609 650 651 702 703 713 714 899 900 935 936 
550 551 552 575 576 608 609 620 621 650 651 665 666 702 703 704 713 714 715 836 837 899 900 935 936 | 551 552 560 561 575 576 594 595 608 609 620 621 650 651 665 666 702 703 713 714 715 836 837 899 900 935 936 
527 528 551 552 594 595 608 609 620 621 702 703 704 713 714 740 741 759 760 896 897 | 550 551 608 609 703 704 740 741 759 760 782 783 805 806 899 900 
527 528 550 551 552 608 609 665 666 702 703 704 713 714 836 837 896 897 935 936 | 527 528 551 552 560 561 594 595 608 609 665 666 702 703 713 714 836 837 896 897 935 936 
527 528 550 551 552 575 576 629 630 650 651 702 703 704 782 783 805 806 836 837 935 936 | 527 528 551 552 560 561 575 576 594 595 629 630 650 651 702 703 782 783 805 806 836 837 935 936 
527 528 550 551 552 575 576 620 621 629 630 665 666 702 703 704 713 714 715 836 837 896 897 899 900 | 527 528 551 552 560 561 575 576 594 595 620 621 629 630 665 666 702 703 713 714 715 836 837 896 897 899 900 
550 551 552 620 621 650 651 702 703 704 713 714 715 782 783 935 936 | 551 552 560 561 594 595 620 621 650 651 702 703 713 714 715 782 783 935 936 
527 528 550 551 552 560 561 575 576 608 609 629 630 650 651 665 666 702 703 704 714 715 759 760 836 837 935 936 | 550 551 575 576 608 609 629 630 650 651 665 666 702 703 704 713 714 715 759 760 782 783 836 837 899 900 935 936 
550 551 552 620 621 629 630 650 651 665 666 702 703 704 713 714 896 897 899 900 | 551 552 560 561 594 595 620 621 629 630 650 651 665 666 702 703 713 714 896 897 899 900 
550 551 552 608 609 629 630 650 651 702 703 704 713 714 759 760 836 837 899 900 935 936 | 551 552 560 561 594 595 608 609 629 630 650 651 702 703 713 714 759 760 836 837 899 900 935 936 
527 528 550 551 552 560 561 575 576 594 595 608 609 629 630 703 704 714 715 740 741 805 806 836 837 896 897 | 550 551 575 576 594 595 608 609 629 630 703 704 713 714 715 740 741 782 783 805 806 836 837 896 897 899 900 
550 551 552 650 651 702 703 704 713 714 740 741 782 783 805 806 836 837 896 897 899 900 935 936 | 551 552 560 561 594 595 650 651 702 703 713 714 740 741 782 783 805 806 836 837 896 897 899 900 935 936 
550 551 552 620 621 650 651 665 666 702 703 704 713 714 740 741 805 806 836 837 896 897 899 900 935 936 | 551 552 560 561 594 595 620 621 650 651 665 666 702 703 713 714 740 741 805 806 836 837 896 897 899 900 935 936 
550 551 552 629 630 702 703 704 714 715 782 783 805 806 896 897 899 900 935 936 | 551 552 560 561 594 595 629 630 702 703 714 715 782 783 805 806 896 897 899 900 935 936 
527 528 550 551 552 560 561 575 576 608 609 620 621 629 630 665 666 702 703 704 714 715 740 741 759 760 805 806 836 837 896 897 935 936 | 550 551 575 576 608 609 620 621 629 630 665 666 702 703 704 713 714 715 740 741 759 760 782 783 805 806 836 837 896 897 899 900 935 936 
527 528 550 551 552 608 609 620 621 629 630 650 651 702 703 704 713 714 715 740 741 782 783 836 837 896 897 935 936 | 527 528 551 552 560 561 594 595 608 609 620 621 629 630 650 651 702 703 713 714 715 740 741 782 783 836 837 896 897 935 936 
550 551 552 575 576 608 609 629 630 702 703 704 740 741 836 837 899 900 935 936 | 551 552 560 561 575 576 594 595 608 609 629 630 702 703 740 741 836 837 899 900 935 936 
527 528 550 551 552 575 576 620 621 650 651 702 703 704 713 714 715 899 900 935 936 | 527 528 551 552 560 561 575 576 594 595 620 621 650 651 702 703 713 714 715 899 900 935 936 
550 551 552 608 609 620 621 702 703 704 713 714 782 783 836 837 899 900 | 551 552 560 561 594 595 608 609 620 621 702 703 713 714 782 783 836 837 899 900 
550 551 552 620 621 629 630 665 666 702 703 704 714 715 740 741 782 783 805 806 896 897 899 900 | 551 552 560 561 594 595 620 621 629 630 665 666 702 703 714 715 740 741 782 783 805 806 896 897 899 900 
527 528 550 551 552 594 595 608 609 665 666 702 703 713 714 759 760 782 783 805 806 899 900 | 560 561 575 576 620 621 629 630 650 651 713 714 740 741 896 897 899 900 
550 551 552 575 576 629 630 650 651 665 666 702 703 704 714 715 740 741 805 806 836 837 899 900 | 551 552 560 561 575 576 594 595 629 630 650 651 665 666 702 703 714 715 740 741 805 806 836 837 899 900 
527 528 550 551 608 609 620 621 629 630 650 651 665 666 702 703 713 714 715 740 741 759 760 782 783 896 897 | 527 528 551 552 560 561 575 576 594 595 608 609 620 621 629 630 650 651 665 666 703 704 713 714 740 741 759 760 782 783 
527 528 550 551 552 608 609 620 621 702 703 704 713 714 740 741 782 783 896 897 | 527 528 551 552 560 561 594 595 608 609 620 621 702 703 713 714 740 741 782 783 896 897 
527 528 550 551 552 629 630 702 703 714 715 740 741 759 760 836 837 896 897 | 551 552 575 576 594 595 629 630 703 704 713 714 740 741 759 760 782 783 836 837 899 900 
527 528 550 551 552 629 630 665 666 702 703 704 714 715 740 741 759 760 805 806 896 897 899 900 935 936 | 527 528 551 552 560 561 594 595 629 630 665 666 702 703 714 715 740 741 759 760 805 806 896 897 899 900 935 936 
550 551 552 620 621 629 630 650 651 702 703 704 713 714 715 740 741 759 760 805 806 836 837 896 897 899 900 935 936 | 551 552 560 561 594 595 620 621 629 630 650 651 702 703 713 714 715 740 741 759 760 805 806 836 837 896 897 899 900 935 936 
527 528 550 551 552 575 576 608 609 620 621 702 703 704 713 714 759 760 805 806 | 527 528 551 552 560 561 575 576 594 595 608 609 620 621 702 703 713 714 759 760 805 806 
527 528 550 551 552 575 576 608 609 620 621 629 630 702 703 704 713 714 740 741 759 760 782 783 836 837 896 897 899 900 | 527 528 551 552 560 561 575 576 594 595 608 609 620 621 629 630 702 703 713 714 740 741 759 760 782 783 836 837 896 897 899 900 
550 551 552 575 576 608 609 629 630 665 666 702 703 704 713 714 715 740 741 782 783 805 806 836 837 935 936 | 551 552 560 561 575 576 594 595 608 609 629 630 665 666 702 703 713 714 715 740 741 782 783 805 806 836 837 935 936 
527 528 550 551 552 575 576 629 630 650 651 702 703 704 713 714 805 806 899 900 935 936 | 527 528 551 552 560 561 575 576 594 595 629 630 650 651 702 703 713 714 805 806 899 900 935 936 
550 551 552 608 609 702 703 704 713 714 759 760 896 897 | 551 552 560 561 594 595 608 609 702 703 713 714 759 760 896 897 
550 551 552 575 576 608 609 620 621 629 630 702 703 704 714 715 740 741 759 760 782 783 805 806 836 837 935 936 | 551 552 560 561 575 576 594 595 608 609 620 621 629 630 702 703 714 715 740 741 759 760 782 783 805 806 836 837 935 936 
550 551 552 575 576 608 609 629 630 650 651 702 703 704 714 715 740 741 782 783 805 806 836 837 896 897 899 900 935 936 | 551 552 560 561 575 576 594 595 608 609 629 630 650 651 702 703 714 715 740 741 782 783 805 806 836 837 896 897 899 900 935 936 
527 528 550 551 552 575 576 608 609 650 651 702 703 704 713 714 805 806 935 936 | 527 528 551 552 560 561 575 576 594 595 608 609 650 651 702 703 713 714 805 806 935 936 
527 528 550 551 552 608 609 620 621 665 666 702 703 704 713 714 740 741 759 760 805 806 836 837 896 897 | 527 528 551 552 560 561 594 595 608 609 620 621 665 666 702 703 713 714 740 741 759 760 805 806 836 837 896 897 
550 551 620 621 629 630 650 651 665 666 702 703 713 714 715 740 741 805 806 896 897 899 900 | 551 552 560 561 575 576 594 595 620 621 629 630 650 651 665 666 703 704 713 714 740 741 805 806 899 900 
527 528 550 551 552 560 561 575 576 594 595 608 609 620 621 629 630 650 651 714 715 836 837 | 550 551 575 576 594 595 608 609 620 621 629 630 650 651 713 714 715 782 783 836 837 899 900 
527 528 550 551 552 560 561 575 576 594 595 629 630 702 703 714 715 759 760 836 837 896 897 935 936 | 550 551 575 576 594 595 629 630 702 703 713 714 715 759 760 782 783 836 837 896 897 899 900 935 936 
527 528 550 551 552 665 666 702 703 704 713 714 759 760 805 806 836 837 935 936 | 527 528 551 552 560 561 594 595 665 666 702 703 713 714 759 760 805 806 836 837 935 936 
527 528 550 551 552 560 561 575 576 608 609 620 621 650 651 665 666 702 703 704 713 714 715 740 741 759 760 896 897 | 550 551 575 576 608 609 650 651 665 666 703 704 714 715 740 741 759 760 782 783 805 806 899 900 
550 551 552 575 576 629 630 650 651 702 703 704 740 741 759 760 782 783 805 806 899 900 | 551 552 560 561 575 576 594 595 629 630 650 651 702 703 740 741 759 760 782 783 805 806 899 900 
527 528 550 551 552 560 561 575 576 629 630 665 666 703 704 714 715 805 806 896 897 | 550 551 575 576 629 630 665 666 703 704 713 714 715 782 783 805 806 896 897 899 900 
550 551 552 575 576 608 609 620 621 629 630 665 666 702 703 704 714 715 740 741 759 760 782 783 935 936 | 551 552 560 561 575 576 594 595 608 609 620 621 629 630 665 666 702 703 714 715 740 741 759 760 782 783 935 936 
527 528 550 551 552 575 576 620 621 650 651 665 666 702 703 704 713 714 836 837 | 527 528 551 552 560 561 575 576 594 595 620 621 650 651 665 666 702 703 713 714 836 837 
527 528 550 551 552 620 621 629 630 650 651 702 703 704 713 714 740 741 759 760 782 783 836 837 899 900 | 527 528 551 552 560 561 594 595 620 621 629 630 650 651 702 703 713 714 740 741 759 760 782 783 836 837 899 900 
550 551 552 575 576 608 609 620 621 629 630 650 651 665 666 702 703 704 713 714 740 741 935 936 | 551 552 560 561 575 576 594 595 608 609 620 621 629 630 650 651 665 666 702 703 713 714 740 741 935 936 
550 551 552 608 609 650 651 702 703 704 713 714 740 741 782 783 805 806 896 897 935 936 | 551 552 560 561 594 595 608 609 650 651 702 703 713 714 740 741 782 783 805 806 896 897 935 936 
527 528 550 551 552 608 609 702 703 704 714 715 740 741 805 806 896 897 899 900 935 936 | 527 528 551 552 560 561 594 595 608 609 702 703 714 715 740 741 805 806 896 897 899 900 935 936 
550 551 552 629 630 665 666 702 703 704 713 714 715 782 783 805 806 899 900 935 936 | 551 552 560 561 594 595 629 630 665 666 702 703 713 714 715 782 783 805 806 899 900 935 936 
527 528 550 551 552 629 630 650 651 665 666 702 703 704 714 715 759 760 782 783 | 527 528 551 552 560 561 594 595 629 630 650 651 665 666 702 703 714 715 759 760 782 783 
527 528 550 551 552 620 621 629 630 665 666 702 703 704 714 715 740 741 759 760 782 783 805 806 | 527 528 551 552 560 561 594 595 620 621 629 630 665 666 702 703 714 715 740 741 759 760 782 783 805 806 
527 528 550 551 552 650 651 702 703 704 713 714 759 760 836 837 896 897 | 527 528 551 552 560 561 594 595 650 651 702 703 713 714 759 760 836 837 896 897 
527 528 575 576 594 595 665 666 702 703 713 714 715 836 837 899 900 935 936 | 550 551 560 561 575 576 594 595 608 609 620 621 629 630 665 666 703 704 740 741 759 760 896 897 
527 528 550 551 552 560 561 594 595 650 651 665 666 702 703 714 715 805 806 836 837 935 936 | 550 551 594 595 650 651 665 666 702 703 713 714 715 782 783 805 806 836 837 899 900 935 936 
527 528 550 551 552 575 576 702 703 704 713 714 715 782 783 836 837 | 527 528 551 552 560 561 575 576 594 595 702 703 713 714 715 782 783 836 837 
550 551 552 575 576 608 609 629 630 650 651 702 703 704 740 741 759 760 805 806 836 837 | 551 552 560 561 575 576 594 595 608 609 629 630 650 651 702 703 740 741 759 760 805 806 836 837 
527 528 550 551 552 575 576 650 651 665 666 702 703 704 740 741 759 760 782 783 805 806 836 837 896 897 899 900 935 936 | 527 528 551 552 560 561 575 576 594 595 650 651 665 666 702 703 740 741 759 760 782 783 805 806 836 837 896 897 899 900 935 936 
527 528 550 551 552 650 651 665 666 702 703 704 740 741 759 760 782 783 836 837 935 936 | 527 528 551 552 560 561 594 595 650 651 665 666 702 703 740 741 759 760 782 783 836 837 935 936 
527 528 550 551 552 560 561 608 609 629 630 665 666 702 703 714 715 740 741 896 897 | 550 551 608 609 629 630 665 666 702 703 713 714 715 740 741 782 783 896 897 899 900 
550 551 608 609 629 630 665 666 702 703 713 714 715 740 741 782 783 896 897 899 900 | 551 552 560 561 575 576 594 595 608 609 629 630 665 666 703 704 713 714 740 741 782 783 899 900 
527 528 550 551 552 560 561 594 595 608 609 620 621 629 630 650 651 665 666 702 703 704 714 715 759 760 896 897 935 936 | 550 551 594 595 608 609 620 621 629 630 650 651 665 666 702 703 704 713 714 715 759 760 782 783 896 897 899 900 935 936 
527 528 550 551 552 560 561 575 576 594 595 629 630 702 703 704 713 714 715 740 741 896 897 935 936 | 550 551 594 595 620 621 629 630 650 651 702 703 704 714 715 740 741 782 783 805 806 899 900 935 936 
550 551 552 575 576 620 621 665 666 702 703 704 714 715 759 760 805 806 896 897 899 900 | 551 552 560 561 575 576 594 595 620 621 665 666 702 703 714 715 759 760 805 806 896 897 899 900 
527 528 551 552 608 609 620 621 650 651 665 666 702 703 704 714 715 782 783 805 806 836 837 896 897 935 936 | 650 651 714 715 759 760 836 837 896 897 
550 551 552 575 576 620 621 650 651 665 666 702 703 704 713 714 715 740 741 759 760 782 783 805 806 | 551 552 560 561 575 576 594 595 620 621 650 651 665 666 702 703 713 714 715 740 741 759 760 782 783 805 806 
550 551 552 575 576 608 609 702 703 704 713 714 715 759 760 805 806 935 936 | 551 552 560 561 575 576 594 595 608 609 702 703 713 714 715 759 760 805 806 935 936 
527 528 550 551 552 560 561 575 576 608 609 620 621 650 651 702 703 714 715 740 741 759 760 805 806 896 897 | 550 551 575 576 608 609 620 621 650 651 702 703 713 714 715 740 741 759 760 782 783 805 806 896 897 899 900 
527 528 550 551 552 560 561 594 595 608 609 620 621 629 630 665 666 702 703 714 715 759 760 805 806 935 936 | 550 551 594 595 608 609 620 621 629 630 665 666 702 703 713 714 715 759 760 782 783 805 806 899 900 935 936 
550 551 552 620 621 650 651 702 703 704 759 760 836 837 | 551 552 560 561 594 595 620 621 650 651 702 703 759 760 836 837 
527 528 550 551 620 621 650 651 702 703 704 713 714 759 760 782 783 805 806 899 900 935 936 | 550 551 552 575 576 620 621 703 704 714 715 759 760 896 897 
550 551 552 650 651 702 703 704 713 714 759 760 836 837 | 551 552 560 561 594 595 650 651 702 703 713 714 759 760 836 837 
527 528 550 551 552 620 621 629 630 665 666 702 703 704 713 714 715 740 741 805 806 836 837 | 527 528 551 552 560 561 594 595 620 621 629 630 665 666 702 703 713 714 715 740 741 805 806 836 837 
527 528 550 551 552 575 576 620 621 702 703 704 713 714 896 897 935 936 | 527 528 551 552 560 561 575 576 594 595 620 621 702 703 713 714 896 897 935 936 
527 528 550 551 552 560 561 575 576 594 595 608 609 620 621 650 651 665 666 702 703 704 713 714 715 740 741 759 760 896 897 935 936 | 550 551 575 576 594 595 608 609 650 651 665 666 703 704 714 715 740 741 759 760 782 783 805 806 899 900 935 936 
527 528 550 551 552 608 609 650 651 665 666 702 703 704 714 715 740 741 836 837 896 897 899 900 935 936 | 527 528 551 552 560 561 594 595 608 609 650 651 665 666 702 703 714 715 740 741 836 837 896 897 899 900 935 936 
550 551 552 575 576 608 609 629 630 650 651 665 666 702 703 704 713 714 715 740 741 759 760 782 783 836 837 896 897 | 551 552 560 561 575 576 594 595 608 609 629 630 650 651 665 666 702 703 713 714 715 740 741 759 760 782 783 836 837 896 897 
527 528 550 551 552 575 576 620 621 629 630 650 651 702 703 704 714 715 782 783 805 806 836 837 896 897 899 900 | 527 528 551 552 560 561 575 576 594 595 620 621 629 630 650 651 702 703 714 715 782 783 805 806 836 837 896 897 899 900 
550 551 552 575 576 608 609 629 630 702 703 704 714 715 740 741 805 806 836 837 896 897 935 936 | 551 552 560 561 575 576 594 595 608 609 629 630 702 703 714 715 740 741 805 806 836 837 896 897 935 936 
527 528 550 551 552 620 621 702 703 704 740 741 759 760 836 837 896 897 | 527 528 551 552 560 561 594 595 620 621 702 703 740 741 759 760 836 837 896 897 
550 551 552 608 609 702 703 704 759 760 805 806 836 837 896 897 935 936 | 551 552 560 561 594 595 608 609 702 703 759 760 805 806 836 837 896 897 935 936 
527 528 550 551 552 620 621 702 703 704 740 741 836 837 899 900 | 527 528 551 552 560 561 594 595 620 621 702 703 740 741 836 837 899 900 
527 528 550 551 552 560 561 575 576 594 595 620 621 702 703 704 713 714 715 759 760 896 897 | 550 551 575 576 594 595 703 704 714 715 759 760 782 783 805 806 899 900 
527 528 550 551 552 575 576 608 609 665 666 702 703 704 713 714 740 741 759 760 899 900 | 527 528 551 552 560 561 575 576 594 595 608 609 665 666 702 703 713 714 740 741 759 760 899 900 
527 528 550 551 552 608 609 620 621 702 703 704 713 714 782 783 805 806 896 897 935 936 | 527 528 551 552 560 561 594 595 608 609 620 621 702 703 713 714 782 783 805 806 896 897 935 936 
550 551 552 629 630 665 666 702 703 704 740 741 759 760 782 783 896 897 899 900 935 936 | 551 552 560 561 594 595 629 630 665 666 702 703 740 741 759 760 782 783 896 897 899 900 935 936 
550 551 552 608 609 620 621 629 630 650 651 702 703 704 714 715 740 741 759 760 896 897 899 900 | 551 552 560 561 594 595 608 609 620 621 629 630 650 651 702 703 714 715 740 741 759 760 896 897 899 900 
527 528 550 551 552 575 576 629 630 702 703 704 713 714 715 740 741 782 783 805 806 836 837 896 897 899 900 935 936 | 527 528 551 552 560 561 575 576 594 595 629 630 702 703 713 714 715 740 741 782 783 805 806 836 837 896 897 899 900 935 936 
527 528 550 551 552 608 609 620 621 702 703 704 713 714 740 741 759 760 836 837 896 897 899 900 | 527 528 551 552 560 561 594 595 608 609 620 621 702 703 713 714 740 741 759 760 836 837 896 897 899 900 
527 528 550 551 552 560 561 620 621 714 715 836 837 896 897 | 550 551 620 621 713 714 715 782 783 836 837 896 897 899 900 
550 551 552 575 576 608 609 620 621 629 630 650 651 665 666 702 703 704 713 714 759 760 805 806 935 936 | 551 552 560 561 575 576 594 595 608 609 620 621 629 630 650 651 665 666 702 703 713 714 759 760 805 806 935 936 
550 551 552 575 576 608 609 620 621 665 666 702 703 704 713 714 740 741 759 760 782 783 836 837 896 897 | 551 552 560 561 575 576 594 595 608 609 620 621 665 666 702 703 713 714 740 741 759 760 782 783 836 837 896 897 
550 551 552 575 576 629 630 665 666 702 703 704 713 714 759 760 782 783 836 837 | 551 552 560 561 575 576 594 595 629 630 665 666 702 703 713 714 759 760 782 783 836 837 
527 528 550 551 552 560 561 575 576 650 651 702 703 714 715 836 837 896 897 | 550 551 575 576 650 651 702 703 713 714 715 782 783 836 837 896 897 899 900 
550 551 552 575 576 650 651 665 666 702 703 704 713 714 740 741 759 760 782 783 836 837 896 897 899 900 935 936 | 551 552 560 561 575 576 594 595 650 651 665 666 702 703 713 714 740 741 759 760 782 783 836 837 896 897 899 900 935 936 
527 528 550 551 552 575 576 702 703 704 740 741 836 837 899 900 | 527 528 551 552 560 561 575 576 594 595 702 703 740 741 836 837 899 900 
550 551 552 575 576 608 609 650 651 702 703 704 713 714 740 741 782 783 836 837 896 897 935 936 | 551 552 560 561 575 576 594 595 608 609 650 651 702 703 713 714 740 741 782 783 836 837 896 897 935 936 
527 528 550 551 552 575 576 620 621 702 703 704 740 741 805 806 896 897 899 900 935 936 | 527 528 551 552 560 561 575 576 594 595 620 621 702 703 740 741 805 806 896 897 899 900 935 936 
527 528 550 551 552 575 576 620 621 665 666 702 703 704 713 714 782 783 836 837 899 900 | 527 528 551 552 560 561 575 576 594 595 620 621 665 666 702 703 713 714 782 783 836 837 899 900 
527 528 560 561 594 595 650 651 713 714 759 760 836 837 935 936 | 551 552 575 576 594 595 608 609 620 621 665 666 703 704 713 714 715 782 783 836 837 896 897 935 936 
550 551 552 608 609 650 651 665 666 702 703 704 713 714 715 759 760 782 783 805 806 836 837 896 897 | 551 552 560 561 594 595 608 609 650 651 665 666 702 703 713 714 715 759 760 782 783 805 806 836 837 896 897 
527 528 550 551 552 560 561 594 595 608 609 620 621 650 651 714 715 740 741 759 760 896 897 935 936 | 550 551 594 595 608 609 620 621 650 651 713 714 715 740 741 759 760 782 783 896 897 899 900 935 936 
550 551 552 575 576 608 609 629 630 665 666 702 703 704 740 741 805 806 836 837 | 551 552 560 561 575 576 594 595 608 609 629 630 665 666 702 703 740 741 805 806 836 837 
527 528 550 551 552 575 576 620 621 629 630 665 666 702 703 704 714 715 740 741 759 760 782 783 805 806 836 837 896 897 935 936 | 527 528 551 552 560 561 575 576 594 595 620 621 629 630 665 666 702 703 714 715 740 741 759 760 782 783 805 806 836 837 896 897 935 936 
527 528 550 551 575 576 620 621 629 630 650 651 665 666 702 703 714 715 740 741 805 806 896 897 | 551 552 594 595 620 621 629 630 650 651 665 666 703 704 713 714 740 741 782 783 805 806 899 900 
527 528 550 551 552 575 576 608 609 620 621 629 630 650 651 702 703 704 713 714 715 740 741 805 806 896 897 899 900 | 527 528 551 552 560 561 575 576 594 595 608 609 620 621 629 630 650 651 702 703 713 714 715 740 741 805 806 896 897 899 900 
527 528 550 551 552 560 561 575 576 714 715 759 760 805 806 836 837 | 550 551 575 576 713 714 715 759 760 782 783 805 806 836 837 899 900 
550 551 552 575 576 608 609 702 703 704 713 714 715 740 741 782 783 805 806 896 897 899 900 | 551 552 560 561 575 576 594 595 608 609 702 703 713 714 715 740 741 782 783 805 806 896 897 899 900 
527 528 550 551 552 575 576 702 703 704 714 715 759 760 782 783 805 806 836 837 899 900 935 936 | 527 528 551 552 560 561 575 576 594 595 702 703 714 715 759 760 782 783 805 806 836 837 899 900 935 936 
527 528 550 551 552 560 561 575 576 665 666 714 715 740 741 759 760 805 806 836 837 896 897 935 936 | 550 551 575 576 665 666 713 714 715 740 741 759 760 782 783 805 806 836 837 896 897 899 900 935 936 
527 528 550 551 552 560 561 575 576 594 595 608 609 650 651 665 666 714 715 805 806 | 550 551 575 576 594 595 608 609 650 651 665 666 713 714 715 782 783 805 806 899 900 
527 528 550 551 552 575 576 608 609 620 621 702 703 704 836 837 896 897 899 900 | 527 528 551 552 560 561 575 576 594 595 608 609 620 621 702 703 836 837 896 897 899 900 
527 528 550 551 620 621 629 630 702 703 713 714 715 740 741 759 760 782 783 805 806 836 837 896 897 935 936 | 527 528 551 552 560 561 575 576 594 595 620 621 629 630 703 704 713 714 740 741 759 760 782 783 805 806 836 837 935 936 
527 528 550 551 552 575 576 608 609 650 651 702 703 704 714 715 740 741 782 783 805 806 836 837 896 897 899 900 935 936 | 527 528 551 552 560 561 575 576 594 595 608 609 650 651 702 703 714 715 740 741 782 783 805 806 836 837 896 897 899 900 935 936 
527 528 550 551 552 560 561 575 576 629 630 650 651 665 666 703 704 714 715 740 741 805 806 935 936 | 550 551 575 576 629 630 650 651 665 666 703 704 713 714 715 740 741 782 783 805 806 899 900 935 936 
527 528 550 551 552 560 561 594 595 665 666 702 703 704 714 715 740 741 759 760 805 806 896 897 | 550 551 594 595 665 666 702 703 704 713 714 715 740 741 759 760 782 783 805 806 896 897 899 900 
550 551 552 608 609 629 630 650 651 702 703 704 713 714 715 836 837 896 897 899 900 935 936 | 551 552 560 561 594 595 608 609 629 630 650 651 702 703 713 714 715 836 837 896 897 899 900 935 936 
527 528 550 551 552 629 630 702 703 704 713 714 715 759 760 836 837 | 527 528 551 552 560 561 594 595 629 630 702 703 713 714 715 759 760 836 837 
527 528 550 551 552 560 561 620 621 650 651 714 715 740 741 805 806 836 837 896 897 935 936 | 550 551 620 621 650 651 713 714 715 740 741 782 783 805 806 836 837 896 897 899 900 935 936 
527 528 550 551 552 560 561 608 609 629 630 650 651 702 703 704 714 715 805 806 836 837 | 550 551 608 609 629 630 650 651 702 703 704 713 714 715 782 783 805 806 836 837 899 900 
527 528 550 551 575 576 620 621 665 666 702 703 714 715 759 760 805 806 836 837 896 897 935 936 | 551 552 594 595 620 621 665 666 703 704 713 714 759 760 782 783 805 806 836 837 899 900 935 936 
527 528 551 552 594 595 620 621 702 703 704 713 714 896 897 935 936 | 550 551 703 704 782 783 805 806 899 900 935 936 
550 551 552 608 609 629 630 650 651 665 666 702 703 704 713 714 759 760 782 783 836 837 935 936 | 551 552 560 561 594 595 608 609 629 630 650 651 665 666 702 703 713 714 759 760 782 783 836 837 935 936 
550 551 552 629 630 650 651 702 703 704 713 714 715 740 741 782 783 836 837 896 897 899 900 935 936 | 551 552 560 561 594 595 629 630 650 651 702 703 713 714 715 740 741 782 783 836 837 896 897 899 900 935 936 
527 528 550 551 552 620 621 629 630 650 651 665 666 702 703 704 713 714 896 897 899 900 | 527 528 551 552 560 561 594 595 620 621 629 630 650 651 665 666 702 703 713 714 896 897 899 900 
527 528 550 551 552 560 561 575 576 594 595 608 609 650 651 665 666 703 704 714 715 740 741 759 760 | 550 551 575 576 594 595 608 609 650 651 665 666 703 704 713 714 715 740 741 759 760 782 783 899 900 
550 551 552 575 576 608 609 650 651 665 666 702 703 704 714 715 759 760 782 783 805 806 935 936 | 551 552 560 561 575 576 594 595 608 609 650 651 665 666 702 703 714 715 759 760 782 783 805 806 935 936 
550 551 552 575 576 608 609 650 651 665 666 702 703 704 713 714 740 741 759 760 899 900 935 936 | 551 552 560 561 575 576 594 595 608 609 650 651 665 666 702 703 713 714 740 741 759 760 899 900 935 936 
527 528 550 551 552 575 576 608 609 620 621 629 630 650 651 665 666 702 703 704 713 714 782 783 896 897 935 936 | 527 528 551 552 560 561 575 576 594 595 608 609 620 621 629 630 650 651 665 666 702 703 713 714 782 783 896 897 935 936 
550 551 552 608 609 629 630 650 651 665 666 702 703 704 714 715 805 806 836 837 | 551 552 560 561 594 595 608 609 629 630 650 651 665 666 702 703 714 715 805 806 836 837 
527 528 550 551 552 608 609 629 630 665 666 702 703 704 759 760 899 900 | 527 528 551 552 560 561 594 595 608 609 629 630 665 666 702 703 759 760 899 900 
550 551 552 608 609 665 666 702 703 704 713 714 740 741 782 783 805 806 | 551 552 560 561 594 595 608 609 665 666 702 703 713 714 740 741 782 783 805 806 
527 528 550 551 552 575 576 620 621 665 666 702 703 704 713 714 715 759 760 782 783 805 806 896 897 935 936 | 527 528 551 552 560 561 575 576 594 595 620 621 665 666 702 703 713 714 715 759 760 782 783 805 806 896 897 935 936 
