# P2 pivot elimination scan, lattices L in [3200, 200000]
# pool S(L) = {m | L : m>=3, 2m+1 prime};  tests: budget>1 and Phi_q>=1 for q | L
# SCOPE: a KILL only rules out pivot coverings whose lcm divides L. Not a proof for H\{2}.
  L = 3240     |S| =  22 budget 1.24198  NODECAP q=3 -> UNDECIDED
  L = 3360     |S| =  21 budget 1.21548  SURVIVES ->  needs SAT   pool: 1680 3 5 6 8 336 14 15 224 210 20 168 21 140 120 30 105 35 96 48 56
  L = 3600     |S| =  19 budget 1.25417  SURVIVES ->  needs SAT   pool: 3 900 5 6 600 8 9 300 15 18 200 20 30 120 36 90 48 75 50
  L = 3780     |S| =  25 budget 1.28228  SURVIVES ->  needs SAT   pool: 3780 3 1260 5 6 9 378 315 14 270 15 18 210 20 189 21 140 135 30 35 36 105 90 54 63
  L = 3960     |S| =  22 budget 1.36288  SURVIVES ->  needs SAT   pool: 3 5 6 660 8 495 9 440 11 330 15 18 20 198 165 30 33 120 36 99 44 90
  L = 4200     |S| =  25 budget 1.22548  SURVIVES ->  needs SAT   pool: 2100 3 1400 5 6 600 8 525 350 14 300 15 20 210 21 200 168 30 140 35 120 105 50 56 75
  L = 4320     |S| =  21 budget 1.25903  SURVIVES ->  needs SAT   pool: 4320 3 1080 5 6 8 9 15 288 270 18 20 216 30 135 36 120 96 48 90 54
  L = 4620     |S| =  23 budget 1.18268  SURVIVES ->  needs SAT   pool: 4620 2310 3 1155 5 6 660 11 14 330 15 308 20 231 21 210 165 30 33 140 35 44 105
  L = 4680     |S| =  23 budget 1.29786  SURVIVES ->  needs SAT   pool: 3 1560 1170 5 936 6 8 585 9 468 15 18 260 20 26 30 156 36 39 120 90 78 65
  L = 5040     |S| =  28 budget 1.42897  SURVIVES ->  needs SAT   pool: 3 1680 1260 5 1008 6 8 9 504 14 15 336 315 18 20 21 210 30 168 35 36 140 120 48 105 56 90 63
  L = 5400     |S| =  23 budget 1.26852  SURVIVES ->  needs SAT   pool: 3 5 1080 6 900 8 9 600 15 18 300 20 270 216 200 30 36 135 120 50 54 90 75
  L = 5670     |S| =  24 budget 1.21323  NODECAP q=3 -> UNDECIDED
  L = 5880     |S| =  20 budget 1.19218  SURVIVES ->  needs SAT   pool: 2940 3 5 6 8 735 14 15 20 21 245 210 30 35 168 140 120 56 105 98
  L = 5940     |S| =  24 budget 1.25842  SURVIVES ->  needs SAT   pool: 3 1485 5 1188 6 9 660 11 495 15 18 330 20 270 30 198 33 36 165 44 135 54 99 90
  L = 6300     |S| =  28 budget 1.28794  NODECAP q=5 -> UNDECIDED
  L = 6480     |S| =  24 budget 1.26358  NODECAP q=3 -> UNDECIDED
  L = 6720     |S| =  25 budget 1.21994  NODECAP q=2 -> UNDECIDED
  L = 6840     |S| =  21 budget 1.22047  SURVIVES ->  needs SAT   pool: 6840 3420 3 2280 5 6 1140 8 9 15 18 380 20 285 30 228 36 120 114 95 90
  L = 6930     |S| =  25 budget 1.31183  SURVIVES ->  needs SAT   pool: 3 2310 5 6 1155 9 11 14 495 15 18 21 330 315 30 231 33 210 35 198 165 63 105 99 90
  L = 7200     |S| =  24 budget 1.26986  SURVIVES ->  needs SAT   pool: 7200 3 2400 5 6 8 900 9 800 600 15 18 20 300 288 30 36 200 48 50 120 75 96 90
  L = 7560     |S| =  33 budget 1.44709  SURVIVES ->  needs SAT   pool: 7560 3780 3 5 6 1260 1080 8 9 14 15 504 18 20 378 21 315 270 30 35 216 36 210 189 168 54 140 56 135 63 120 105 90
  L = 7920     |S| =  26 budget 1.39040  SURVIVES ->  needs SAT   pool: 3 2640 5 1584 6 8 9 11 660 15 495 18 440 20 330 30 33 36 198 44 176 48 165 120 99 90
  L = 8190     |S| =  27 budget 1.26239  SURVIVES ->  needs SAT   pool: 8190 4095 3 5 6 1365 1170 9 14 585 15 546 18 455 21 26 315 30 273 35 39 210 63 65 78 105 90
  L = 8280     |S| =  23 budget 1.26751  SURVIVES ->  needs SAT   pool: 8280 3 2760 5 1656 6 8 9 828 690 15 18 20 414 23 345 30 36 230 138 69 120 90
  L = 8400     |S| =  28 budget 1.24988  SURVIVES ->  needs SAT   pool: 3 2100 5 1680 6 1400 8 14 600 15 525 20 21 350 336 300 30 35 210 200 48 50 168 56 140 120 75 105
  L = 8640     |S| =  24 budget 1.26447  SURVIVES ->  needs SAT   pool: 4320 3 5 1728 6 8 1080 9 15 576 18 20 320 30 288 270 36 216 48 54 135 120 90 96
  L = 8820     |S| =  26 budget 1.26349  SURVIVES ->  needs SAT   pool: 4410 3 2940 5 1764 6 1260 9 735 14 15 18 20 441 21 315 30 35 36 245 210 63 140 105 90 98
  L = 9000     |S| =  23 budget 1.24578  NODECAP q=5 -> UNDECIDED
  L = 9240     |S| =  30 budget 1.34275  SURVIVES ->  needs SAT   pool: 9240 4620 3 2310 5 1848 6 8 1155 11 14 660 15 20 21 440 330 30 308 33 35 231 44 210 168 56 165 140 120 105
  L = 9360     |S| =  26 budget 1.32126  SURVIVES ->  needs SAT   pool: 3 5 6 1560 8 1170 9 1040 936 15 624 585 18 20 468 26 30 36 260 39 48 156 65 78 120 90
  L = 9450     |S| =  25 budget 1.23471  NODECAP q=5 -> UNDECIDED
  L = 9720     |S| =  27 budget 1.24733  NODECAP q=3 -> UNDECIDED
  L = 9900     |S| =  27 budget 1.26636  SURVIVES ->  needs SAT   pool: 9900 4950 3 2475 5 6 1650 9 11 900 15 660 18 20 495 30 330 33 300 36 44 50 198 165 75 90 99
  L = 10080    |S| =  32 budget 1.44742  SURVIVES ->  needs SAT   pool: 10080 3 5 6 1680 8 1260 9 1008 14 15 18 20 504 21 30 336 315 35 288 36 224 48 210 56 168 63 140 120 90 96 105
  L = 10800    |S| =  25 budget 1.28944  SURVIVES ->  needs SAT   pool: 10800 3 5 6 8 9 1080 900 15 18 600 20 30 36 300 270 48 50 216 54 200 75 135 90 120
  L = 10920    |S| =  28 budget 1.28791  SURVIVES ->  needs SAT   pool: 10920 3 5 6 1560 8 1365 14 15 20 546 21 455 26 30 35 39 273 260 210 56 65 168 156 78 140 120 105
  L = 11088    |S| =  26 budget 1.17875  SURVIVES ->  needs SAT   pool: 3 3696 6 1848 1584 8 9 11 1008 14 18 21 504 33 336 36 308 44 48 231 56 198 63 176 168 99
  L = 11340    |S| =  29 budget 1.29921  NODECAP q=3 -> UNDECIDED
  L = 11760    |S| =  24 budget 1.21684  SURVIVES ->  needs SAT   pool: 3 3920 2940 5 6 1680 8 14 15 735 20 21 30 35 336 48 245 56 210 168 140 98 120 105
  L = 11880    |S| =  30 budget 1.39966  SURVIVES ->  needs SAT   pool: 11880 3 5 6 8 1485 9 1188 11 1080 15 18 660 20 495 440 30 33 36 330 44 270 54 216 198 165 135 90 99 120
  L = 12240    |S| =  26 budget 1.26495  SURVIVES ->  needs SAT   pool: 12240 6120 3 4080 3060 5 6 8 1530 9 15 765 18 680 20 510 30 36 306 48 51 204 68 153 90 120
  L = 12600    |S| =  36 budget 1.45444  SURVIVES ->  needs SAT   pool: 6300 3 3150 5 6 2100 8 9 1400 1260 14 900 15 18 20 21 600 525 504 30 35 36 350 315 300 50 56 210 63 200 75 168 90 140 105 120
  L = 12960    |S| =  27 budget 1.27770  NODECAP q=3 -> UNDECIDED
  L = 13230    |S| =  26 budget 1.21519  SURVIVES ->  needs SAT   pool: 3 4410 5 6 9 1323 14 15 18 735 21 30 441 35 378 315 270 54 245 63 210 189 90 98 135 105
  L = 13440    |S| =  28 budget 1.23043  NODECAP q=2 -> UNDECIDED
  L = 13680    |S| =  24 budget 1.24203  SURVIVES ->  needs SAT   pool: 13680 6840 3 3420 5 6 2280 8 9 1520 1140 15 18 20 30 36 380 48 285 228 90 95 114 120
  L = 13860    |S| =  33 budget 1.42525  SURVIVES ->  needs SAT   pool: 3 4620 5 6 2310 9 11 1260 1155 14 15 18 20 21 660 495 30 33 35 36 330 44 315 308 231 63 210 198 165 90 99 140 105
  L = 14040    |S| =  30 budget 1.33369  NODECAP q=3 -> UNDECIDED
  L = 14280    |S| =  29 budget 1.23319  SURVIVES ->  needs SAT   pool: 7140 3 4760 5 6 8 1785 1428 1190 14 15 20 714 21 680 510 30 476 35 51 56 68 210 204 168 140 105 119 120
  L = 14400    |S| =  27 budget 1.27493  NODECAP q=2 -> UNDECIDED
  L = 14490    |S| =  27 budget 1.23941  SURVIVES ->  needs SAT   pool: 3 4830 5 6 2415 9 1610 14 15 966 18 21 690 23 30 483 35 414 345 315 63 230 69 210 90 105 138
  L = 15120    |S| =  38 budget 1.47255  NODECAP q=3 -> UNDECIDED
  L = 15840    |S| =  30 budget 1.40556  SURVIVES ->  needs SAT   pool: 3 5 3168 6 2640 8 9 1584 11 15 1056 18 20 660 30 495 33 36 440 44 48 330 288 198 90 176 96 165 99 120
  L = 15960    |S| =  25 budget 1.20952  SURVIVES ->  needs SAT   pool: 3 5 6 2280 8 14 1140 15 1064 20 798 21 30 35 380 56 285 228 210 95 168 105 114 140 120
  L = 16200    |S| =  31 budget 1.28722  NODECAP q=3 -> UNDECIDED
  L = 16380    |S| =  35 budget 1.36081  SURVIVES ->  needs SAT   pool: 8190 3 4095 5 3276 6 9 1365 1260 14 1170 15 18 20 21 26 585 30 546 35 468 36 455 39 315 273 63 260 65 78 210 90 105 156 140
  L = 16560    |S| =  24 budget 1.28835  SURVIVES ->  needs SAT   pool: 8280 3 5 6 2760 8 9 1656 15 18 20 828 23 690 30 36 414 48 345 69 230 90 120 138
  L = 16632    |S| =  28 budget 1.18013  SURVIVES ->  needs SAT   pool: 8316 3 4158 6 8 2079 9 1848 11 14 1188 18 21 33 504 36 44 378 54 308 56 63 231 216 198 189 99 168
  L = 16800    |S| =  33 budget 1.26649  SURVIVES ->  needs SAT   pool: 16800 3 5 6 2400 8 2100 1680 1400 14 15 20 21 800 600 30 525 35 48 350 50 336 56 300 75 224 210 200 96 168 105 120 140
  L = 17010    |S| =  27 budget 1.21787  NODECAP q=3 -> UNDECIDED
  L = 17160    |S| =  26 budget 1.24720  SURVIVES ->  needs SAT   pool: 3 4290 5 6 8 1716 11 1560 1430 15 20 26 660 30 33 39 440 429 44 330 65 260 78 165 156 120
  L = 17280    |S| =  26 budget 1.27488  NODECAP q=3 -> UNDECIDED
  L = 17640    |S| =  33 budget 1.42296  SURVIVES ->  needs SAT   pool: 17640 3 4410 5 3528 6 2940 8 9 1764 14 1260 15 18 20 21 735 30 35 504 36 441 56 315 63 245 210 90 98 105 168 120 140
  L = 17820    |S| =  29 budget 1.27587  NODECAP q=3 -> UNDECIDED
  L = 18000    |S| =  25 budget 1.26711  NODECAP q=5 -> UNDECIDED
  L = 18360    |S| =  33 budget 1.28241  NODECAP q=3 -> UNDECIDED
  L = 18480    |S| =  36 budget 1.37348  SURVIVES ->  needs SAT   pool: 9240 3 4620 5 3696 6 2640 8 2310 1848 11 1680 14 15 1155 20 21 660 30 33 35 440 44 48 336 56 330 308 231 210 105 176 168 165 120 140
  L = 18720    |S| =  30 budget 1.33547  SURVIVES ->  needs SAT   pool: 18720 3 5 3744 6 8 9 1560 15 1170 18 1040 20 936 26 30 624 585 36 39 468 48 65 288 260 78 90 96 120 156
  L = 18900    |S| =  34 budget 1.32577  SURVIVES ->  needs SAT   pool: 3 6300 5 3780 6 3150 9 2100 14 15 1260 18 20 21 900 30 35 36 525 50 378 54 350 315 63 300 270 75 90 210 189 105 135 140
  L = 19320    |S| =  29 budget 1.25637  SURVIVES ->  needs SAT   pool: 3 4830 5 6 2760 8 2415 1610 14 15 20 966 21 23 690 30 644 35 483 56 345 69 230 210 105 168 120 138 140
  L = 19440    |S| =  29 budget 1.26893  NODECAP q=3 -> UNDECIDED
  L = 19800    |S| =  32 budget 1.40864  SURVIVES ->  needs SAT   pool: 9900 3 4950 5 6 8 2475 9 11 1650 15 18 20 900 30 660 33 600 36 495 44 440 50 330 300 75 90 99 200 198 120 165
  L = 20160    |S| =  37 budget 1.45362  SURVIVES ->  needs SAT   pool: 10080 3 6720 5 6 8 9 2240 1680 14 15 1344 1260 18 20 1008 21 30 35 576 36 504 48 56 336 63 320 315 288 90 224 96 210 105 120 168 140
  L = 20520    |S| =  29 budget 1.25697  SURVIVES ->  needs SAT   pool: 10260 3 6840 5 4104 6 3420 8 9 2280 15 18 1140 1080 20 1026 30 36 54 380 285 270 90 228 95 216 114 120 135
  L = 20790    |S| =  33 budget 1.35079  SURVIVES ->  needs SAT   pool: 3 5 4158 6 9 2310 2079 11 14 1485 15 18 1155 21 30 33 35 495 54 378 63 330 315 270 90 231 99 210 105 198 189 165 135
  L = 20880    |S| =  25 budget 1.26786  SURVIVES ->  needs SAT   pool: 20880 3 6960 5 4176 6 3480 8 9 2088 15 18 20 1044 870 29 30 36 464 48 261 90 116 120 174
  L = 21000    |S| =  31 budget 1.23738  NODECAP q=5 -> UNDECIDED
  L = 21060    |S| =  28 budget 1.20935  NODECAP q=3 -> UNDECIDED
  L = 21420    |S| =  38 budget 1.31303  SURVIVES ->  needs SAT   pool: 21420 3 7140 5355 5 6 3060 9 1785 14 1530 15 1428 1260 18 1190 20 1071 21 765 30 714 35 36 510 476 51 63 68 315 306 90 210 105 204 119 140 153
  L = 21600    |S| =  32 budget 1.30542  SURVIVES ->  needs SAT   pool: 21600 10800 3 7200 5 4320 6 8 9 2400 15 18 20 1080 900 800 30 36 600 48 50 54 300 75 288 270 90 96 216 200 120 135
  L = 21840    |S| =  35 budget 1.31525  SURVIVES ->  needs SAT   pool: 10920 3 7280 5 4368 6 8 1680 14 1560 15 1365 20 21 1040 26 30 35 624 39 546 48 455 56 65 336 78 273 260 210 105 120 168 140 156
  L = 22176    |S| =  31 budget 1.19837  SURVIVES ->  needs SAT   pool: 3 6 3696 3168 8 9 11 1848 14 1584 18 21 1056 1008 33 36 44 504 48 56 63 336 308 288 96 231 99 224 198 176 168
  L = 22680    |S| =  40 budget 1.46592  NODECAP q=3 -> UNDECIDED
  L = 23100    |S| =  33 budget 1.22602  SURVIVES ->  needs SAT   pool: 3 7700 5775 5 4620 6 2310 11 2100 1925 14 1650 15 20 1155 21 30 33 35 660 44 525 50 350 330 75 308 300 231 105 210 140 165
  L = 23400    |S| =  34 budget 1.34551  SURVIVES ->  needs SAT   pool: 3 7800 5850 5 6 8 2925 9 15 1560 18 20 1170 975 936 26 900 30 36 650 39 600 585 50 468 65 75 78 300 90 260 200 120 156
  L = 23520    |S| =  28 budget 1.23240  SURVIVES ->  needs SAT   pool: 23520 3 5 6 3920 8 2940 14 1680 15 1568 20 21 30 735 35 48 56 336 96 245 98 105 224 210 120 140 168
  L = 23760    |S| =  35 budget 1.42723  SURVIVES ->  needs SAT   pool: 23760 11880 3 5 6 8 9 2640 11 15 1584 1485 18 20 1188 1080 30 33 36 660 44 48 495 54 440 330 270 90 99 216 120 198 135 176 165
  L = 23940    |S| =  30 budget 1.27732  SURVIVES ->  needs SAT   pool: 23940 3 5985 5 6 3420 9 2394 14 15 18 1260 20 21 1140 30 798 35 36 63 380 315 285 90 95 105 228 114 210 140
  L = 24360    |S| =  23 budget 1.22763  SURVIVES ->  needs SAT   pool: 3 5 6 3480 8 3045 14 15 20 1218 21 870 29 30 35 56 105 116 210 120 140 174 168
  L = 24480    |S| =  29 budget 1.27921  SURVIVES ->  needs SAT   pool: 12240 3 6120 5 6 4080 8 3060 9 2720 15 1530 18 20 30 765 36 680 48 510 51 68 306 288 90 96 120 204 153
  L = 24570    |S| =  35 budget 1.30081  NODECAP q=3 -> UNDECIDED
  L = 24840    |S| =  33 budget 1.30370  SURVIVES ->  needs SAT   pool: 24840 12420 3 8280 6210 5 6 8 3105 9 2760 2484 15 1656 18 20 23 1080 30 828 36 690 54 414 69 345 90 270 230 216 120 135 138
  L = 25200    |S| =  40 budget 1.47984  SURVIVES ->  needs SAT   pool: 3 6300 5 6 8 3150 9 2100 14 15 1680 18 1400 20 1260 21 1008 900 30 35 36 600 48 525 50 504 56 63 350 75 336 315 300 90 105 120 210 200 140 168
  L = 25740    |S| =  34 budget 1.33850  SURVIVES ->  needs SAT   pool: 25740 12870 3 5 6 4290 9 11 15 1716 18 1430 20 1170 26 30 33 36 39 660 44 585 495 468 429 65 78 330 90 99 260 198 156 165
  L = 25920    |S| =  31 budget 1.28333  NODECAP q=3 -> UNDECIDED
  L = 26040    |S| =  25 budget 1.19270  SURVIVES ->  needs SAT   pool: 26040 13020 3 5 6 4340 8 2604 14 15 20 21 930 30 35 744 651 56 105 120 210 140 186 155 168
  L = 26460    |S| =  33 budget 1.30208  SURVIVES ->  needs SAT   pool: 3 5 6 4410 3780 9 2940 14 15 1764 18 20 1323 21 1260 30 35 36 735 54 441 63 378 315 90 98 270 105 245 210 135 140 189
  L = 26880    |S| =  31 budget 1.23099  NODECAP q=2 -> UNDECIDED
  L = 27000    |S| =  29 budget 1.28100  SURVIVES ->  needs SAT   pool: 27000 3 5 6 4500 8 9 15 18 1500 20 1125 1080 30 900 36 600 50 54 375 75 90 300 270 120 125 216 135 200
  L = 27300    |S| =  31 budget 1.17454  NODECAP q=5 -> UNDECIDED
  L = 27360    |S| =  28 budget 1.25760  SURVIVES ->  needs SAT   pool: 27360 13680 3 6840 5 6 8 3420 9 2280 15 18 1520 20 1140 30 36 608 48 380 90 95 288 96 285 114 120 228
  L = 27720    |S| =  42 budget 1.58734  SURVIVES ->  needs SAT   pool: 27720 3 9240 5 6 4620 8 9 11 2310 14 15 1848 18 20 21 1260 1155 30 33 35 36 660 44 504 56 495 63 440 330 315 90 308 99 105 120 231 210 140 198 165 168
  L = 28080    |S| =  33 budget 1.35709  SURVIVES ->  needs SAT   pool: 14040 3 5 6 8 9 15 1755 18 1560 20 1170 26 1080 1040 30 936 36 39 624 48 585 54 468 65 78 90 270 260 120 216 135 156
  L = 28350    |S| =  33 budget 1.25249  NODECAP q=3 -> UNDECIDED
  L = 28560    |S| =  33 budget 1.25784  SURVIVES ->  needs SAT   pool: 3 7140 5 6 4760 4080 8 14 15 1785 1680 20 1428 21 1190 30 35 714 680 48 51 56 510 476 68 336 105 119 120 210 140 204 168
  L = 28800    |S| =  30 budget 1.28538  NODECAP q=2 -> UNDECIDED
  L = 28980    |S| =  34 budget 1.32805  SURVIVES ->  needs SAT   pool: 3 5 5796 6 4830 9 2415 14 15 18 1610 20 21 23 1260 30 966 35 828 36 690 644 483 63 69 414 345 90 315 105 230 138 210 140
  L = 29160    |S| =  30 budget 1.24942  NODECAP q=3 -> UNDECIDED
  L = 29400    |S| =  31 budget 1.24180  SURVIVES ->  needs SAT   pool: 14700 3 5 6 8 3675 2940 14 2100 15 20 21 1400 30 35 735 600 50 56 525 75 350 98 300 105 120 245 140 210 200 168
  L = 29700    |S| =  33 budget 1.29764  SURVIVES ->  needs SAT   pool: 3 9900 7425 5 6 4950 9 11 2475 15 18 1650 20 1485 1188 30 33 900 36 44 660 50 54 495 75 90 330 99 300 270 135 198 165
  L = 30030    |S| =  31 budget 1.20326  SURVIVES ->  needs SAT   pool: 3 10010 5 6 4290 3003 11 2310 14 15 21 1430 1365 26 1155 30 1001 33 35 39 546 65 455 429 78 330 105 273 231 210 165
  L = 30240    |S| =  44 budget 1.49140  NODECAP q=3 -> UNDECIDED
  L = 30600    |S| =  31 budget 1.28941  SURVIVES ->  needs SAT   pool: 3 5 6120 6 8 9 3060 2550 15 18 20 1530 1275 30 900 36 765 680 50 51 600 510 68 75 90 306 300 120 204 153 200
  L = 31080    |S| =  29 budget 1.20801  SURVIVES ->  needs SAT   pool: 15540 3 7770 5 6216 6 8 3108 14 2220 15 20 1554 21 1295 1110 30 35 888 740 56 74 105 296 111 120 140 210 168
  L = 31320    |S| =  28 budget 1.28110  SURVIVES ->  needs SAT   pool: 15660 3 7830 5 6 8 9 3480 15 2088 18 20 29 1080 30 1044 36 870 783 54 90 116 270 120 261 135 216 174
  L = 31500    |S| =  36 budget 1.30095  NODECAP q=5 -> UNDECIDED
  L = 31680    |S| =  35 budget 1.41196  SURVIVES ->  needs SAT   pool: 31680 3 10560 5 6 8 9 3168 11 2640 15 18 20 1584 30 1056 33 36 44 704 48 660 576 495 440 90 96 330 99 320 288 120 198 165 176
  L = 31920    |S| =  30 budget 1.23462  SURVIVES ->  needs SAT   pool: 31920 3 5 6 8 14 2280 15 1680 20 21 1520 1140 30 1064 35 798 48 56 380 95 336 105 285 114 120 140 228 210 168
  L = 32130    |S| =  37 budget 1.24525  SURVIVES ->  needs SAT   pool: 3 5 6426 6 5355 4590 9 3213 14 2295 15 18 1785 21 1530 1190 30 1071 35 765 714 51 54 63 510 459 378 90 315 105 306 119 270 135 153 210 189
  L = 32340    |S| =  30 budget 1.19923  SURVIVES ->  needs SAT   pool: 16170 3 5 6 5390 4620 3234 11 2940 14 2310 15 20 21 1155 30 33 35 44 735 660 98 330 105 308 245 140 231 210 165
  L = 32400    |S| =  34 budget 1.30892  NODECAP q=3 -> UNDECIDED
  L = 32760    |S| =  44 budget 1.52176  SURVIVES ->  needs SAT   pool: 32760 3 10920 8190 5 6 8 4095 9 3276 14 15 18 20 21 1560 1365 26 1260 1170 30 35 936 36 39 56 585 546 63 65 504 468 455 78 90 315 105 120 273 260 140 156 210 168
  L = 33120    |S| =  27 budget 1.30239  SURVIVES ->  needs SAT   pool: 3 8280 5 6624 6 8 9 2760 15 18 20 1656 23 30 36 828 48 690 69 414 90 96 345 288 120 138 230
  L = 33264    |S| =  35 budget 1.21155  SURVIVES ->  needs SAT   pool: 33264 3 8316 6 8 4158 9 3696 11 14 2079 18 1848 21 1584 1188 33 1008 36 44 48 54 56 63 504 378 99 336 308 231 216 168 198 176 189
  L = 33480    |S| =  26 budget 1.24149  SURVIVES ->  needs SAT   pool: 3 8370 5 6 5580 8 9 2790 15 18 20 1395 30 1080 36 930 744 54 558 90 120 270 135 155 216 186
  L = 33600    |S| =  38 budget 1.27116  NODECAP q=2 -> UNDECIDED
  L = 33660    |S| =  34 budget 1.28417  SURVIVES ->  needs SAT   pool: 3 11220 8415 5 6 9 3740 3366 11 3060 15 18 20 1530 30 33 36 935 44 765 51 660 561 510 68 495 90 99 330 306 153 165 204 198
  L = 34020    |S| =  34 budget 1.30409  NODECAP q=3 -> UNDECIDED
  L = 34200    |S| =  30 budget 1.26702  SURVIVES ->  needs SAT   pool: 3 5 6840 6 8 9 3420 2850 15 2280 18 20 1425 30 1140 36 950 900 50 600 75 90 380 95 114 300 120 285 228 200
  L = 34320    |S| =  32 budget 1.27681  SURVIVES ->  needs SAT   pool: 3 5 6864 6 8 4290 11 2640 15 20 1716 1560 1430 26 30 33 1040 39 44 48 660 624 65 78 440 429 330 120 260 156 165 176
  L = 34440    |S| =  24 budget 1.20714  SURVIVES ->  needs SAT   pool: 34440 3 11480 5 6 8 2870 14 15 20 21 30 1148 35 861 41 56 615 410 105 120 140 210 168
  L = 34560    |S| =  28 budget 1.27523  NODECAP q=3 -> UNDECIDED
  L = 34650    |S| =  36 budget 1.35221  SURVIVES ->  needs SAT   pool: 17325 3 5 6 5775 4950 9 11 3150 14 2475 15 2310 18 1925 21 1650 30 1155 33 35 50 63 525 495 75 90 99 350 105 330 315 231 165 210 198
  L = 35100    |S| =  33 budget 1.23402  SURVIVES ->  needs SAT   pool: 35100 3 8775 5 6 5850 9 2925 15 18 20 1755 26 30 1170 36 975 39 900 50 54 650 585 65 75 468 78 90 300 270 135 260 156
  L = 35280    |S| =  38 budget 1.44861  SURVIVES ->  needs SAT   pool: 17640 3 5 6 8 4410 9 3920 3528 2940 14 15 18 20 1764 21 1680 1260 30 35 1008 36 48 735 56 63 504 441 90 98 105 336 315 120 140 245 168 210
  L = 35640    |S| =  37 budget 1.41897  NODECAP q=3 -> UNDECIDED
  L = 35910    |S| =  29 budget 1.22200  SURVIVES ->  needs SAT   pool: 35910 17955 3 5 6 5985 9 14 15 2394 18 21 30 35 1026 798 54 63 90 95 378 105 114 315 285 270 135 210 189
  L = 36000    |S| =  31 budget 1.28289  NODECAP q=5 -> UNDECIDED
  L = 36120    |S| =  28 budget 1.19936  SURVIVES ->  needs SAT   pool: 3 9030 5 7224 6 6020 5160 8 14 15 2408 20 1806 21 1505 30 35 860 56 645 516 86 105 120 140 168 215 210
  L = 36540    |S| =  29 budget 1.30071  SURVIVES ->  needs SAT   pool: 18270 3 5 6 9 3654 3045 14 15 18 20 21 29 1260 30 1218 35 1044 36 870 63 90 105 116 315 140 261 174 210
  L = 36720    |S| =  36 budget 1.30357  NODECAP q=3 -> UNDECIDED
  L = 36960    |S| =  39 budget 1.38931  SURVIVES ->  needs SAT   pool: 3 9240 5 6 8 4620 3696 11 14 2640 15 2310 20 1848 21 1680 30 1155 33 35 1056 44 48 56 660 440 96 105 336 330 120 308 140 231 165 224 168 176 210
  L = 37440    |S| =  33 budget 1.34073  NODECAP q=2 -> UNDECIDED
  L = 37620    |S| =  29 budget 1.26353  SURVIVES ->  needs SAT   pool: 3 5 6 6270 9 11 3420 3135 15 18 20 30 33 1140 36 44 660 495 90 95 99 380 114 330 285 165 228 209 198
  L = 37800    |S| =  45 budget 1.49796  SURVIVES ->  needs SAT   pool: 3 5 7560 6 6300 8 9 3780 3150 14 15 18 2100 20 21 1400 30 1260 35 1080 36 900 50 54 56 63 600 525 75 504 90 378 105 350 120 315 300 135 140 270 168 216 210 189 200
  L = 38610    |S| =  32 budget 1.25465  SURVIVES ->  needs SAT   pool: 19305 3 12870 5 6 9 4290 3861 11 15 18 1755 26 1485 1430 30 33 1170 39 54 65 585 78 495 90 429 99 330 135 270 165 198
  L = 38640    |S| =  33 budget 1.28116  SURVIVES ->  needs SAT   pool: 3 5 6 8 4830 14 2760 15 2576 2415 20 21 23 1680 1610 30 35 966 48 56 690 644 69 483 105 345 336 120 138 140 168 230 210
  L = 38880    |S| =  33 budget 1.28308  NODECAP q=3 -> UNDECIDED
  L = 39060    |S| =  33 budget 1.26326  SURVIVES ->  needs SAT   pool: 39060 3 13020 9765 5 6 5580 9 4340 14 2790 15 2604 18 20 1953 21 1395 30 1260 35 36 930 651 63 558 90 105 315 140 155 186 210
  L = 39480    |S| =  26 budget 1.19245  SURVIVES ->  needs SAT   pool: 3 13160 5 6 8 4935 3290 14 2820 15 20 21 1880 30 1316 35 56 564 470 105 120 329 140 141 168 210
  L = 39600    |S| =  37 budget 1.43619  SURVIVES ->  needs SAT   pool: 39600 3 9900 5 6 8 4950 9 11 15 2640 2475 18 20 1650 1584 30 33 36 44 900 48 50 660 600 75 495 90 440 99 120 330 300 165 176 198 200
  L = 39690    |S| =  31 budget 1.23225  NODECAP q=3 -> UNDECIDED
  L = 39780    |S| =  34 budget 1.22283  SURVIVES ->  needs SAT   pool: 39780 3 9945 5 7956 6 9 3060 15 18 2210 20 26 1530 30 1170 36 39 51 765 663 65 68 585 78 510 468 90 306 153 260 156 221 204
  L = 39960    |S| =  29 budget 1.25603  SURVIVES ->  needs SAT   pool: 3 13320 5 6 8 9 3996 3330 15 18 2220 20 1665 30 36 1110 1080 999 888 54 740 74 90 111 120 135 296 270 216
  L = 40320    |S| =  40 budget 1.46411  NODECAP q=2 -> UNDECIDED
  L = 40950    |S| =  37 budget 1.30391  SURVIVES ->  needs SAT   pool: 40950 3 5 8190 6 5850 9 4095 3150 14 2925 15 18 21 26 30 1365 35 1170 39 975 50 63 650 65 585 75 546 78 525 90 455 105 350 315 273 210
  L = 41040    |S| =  33 budget 1.27865  NODECAP q=3 -> UNDECIDED
  L = 41160    |S| =  24 budget 1.19407  NODECAP q=7 -> UNDECIDED
  L = 41400    |S| =  30 budget 1.31370  SURVIVES ->  needs SAT   pool: 3 5 8280 6 8 9 15 2760 18 20 23 1656 30 36 900 50 828 690 69 600 575 75 90 414 120 345 138 300 230 200
  L = 41580    |S| =  44 budget 1.46544  SURVIVES ->  needs SAT   pool: 3 5 8316 6 9 4620 4158 11 3780 14 15 18 2310 20 2079 21 1485 30 33 1260 35 1188 36 1155 44 54 63 660 495 90 99 105 378 330 315 135 308 140 270 165 231 189 198 210
  L = 41760    |S| =  29 budget 1.28233  SURVIVES ->  needs SAT   pool: 20880 3 5 6 6960 8 9 4640 4176 3480 15 2784 18 20 2088 29 30 36 1044 48 870 90 464 96 116 120 288 261 174
  L = 42000    |S| =  36 budget 1.26236  NODECAP q=5 -> UNDECIDED
  L = 42120    |S| =  37 budget 1.35188  NODECAP q=3 -> UNDECIDED
  L = 42840    |S| =  47 budget 1.47411  SURVIVES ->  needs SAT   pool: 21420 3 5 8568 6 7140 6120 8 5355 9 4760 14 3060 15 18 20 21 1785 1530 30 1428 1260 35 36 1190 1071 51 56 765 714 63 680 68 510 504 90 476 105 119 120 315 140 306 153 168 204 210
  L = 43200    |S| =  36 budget 1.31106  SURVIVES ->  needs SAT   pool: 21600 3 10800 5 6 7200 8 9 4800 4320 15 18 2400 20 1728 30 36 1080 48 900 50 54 800 600 75 576 90 96 120 135 320 300 288 270 200 216
  L = 43470    |S| =  35 budget 1.27757  NODECAP q=3 -> UNDECIDED
  L = 43560    |S| =  30 budget 1.36938  SURVIVES ->  needs SAT   pool: 43560 3 5 6 8 5445 9 4356 11 15 18 20 2178 1815 30 33 36 1089 44 726 660 495 90 99 440 120 363 330 165 198
  L = 43680    |S| =  37 budget 1.33013  SURVIVES ->  needs SAT   pool: 3 10920 5 6 7280 8 4368 14 15 20 21 26 1680 1560 30 1365 35 39 1040 48 56 65 624 78 546 96 455 105 120 336 140 156 273 168 260 224 210
  L = 44100    |S| =  39 budget 1.30746  SURVIVES ->  needs SAT   pool: 22050 3 14700 11025 5 6 6300 9 4410 3675 14 3150 15 2940 18 20 21 2100 1764 30 35 1260 36 900 50 735 63 75 525 90 98 441 105 350 140 315 300 245 210
  L = 44280    |S| =  26 budget 1.25680  SURVIVES ->  needs SAT   pool: 22140 3 5 8856 6 8 5535 9 15 18 20 1845 30 1476 36 41 1080 54 615 90 410 120 369 135 270 216
  L = 44352    |S| =  36 budget 1.20254  NODECAP q=2 -> UNDECIDED
  L = 44460    |S| =  32 budget 1.19631  SURVIVES ->  needs SAT   pool: 3 14820 5 6 7410 9 4446 3705 3420 15 18 20 2223 26 30 36 1170 39 1140 741 65 585 78 90 95 468 114 380 156 285 260 228
  L = 44520    |S| =  26 budget 1.20209  SURVIVES ->  needs SAT   pool: 44520 3 5 6 6360 8 5565 14 3180 15 20 21 2120 1590 30 1484 35 53 56 530 105 120 371 140 168 210
  L = 44640    |S| =  27 budget 1.24158  SURVIVES ->  needs SAT   pool: 22320 3 14880 5 6 8 5580 9 4464 15 2976 2790 18 20 30 1395 36 48 930 744 558 90 96 120 155 288 186
  L = 45000    |S| =  26 budget 1.24607  NODECAP q=5 -> UNDECIDED
  L = 45360    |S| =  46 budget 1.49215  NODECAP q=3 -> UNDECIDED
  L = 45540    |S| =  36 budget 1.30922  SURVIVES ->  needs SAT   pool: 45540 22770 3 5 9108 6 9 4554 11 3795 15 3036 18 20 23 30 1518 33 36 1265 44 828 690 69 660 90 506 495 99 414 345 138 330 165 198 230
  L = 46200    |S| =  44 budget 1.39348  NODECAP q=5 -> UNDECIDED
  L = 46440    |S| =  26 budget 1.24679  SURVIVES ->  needs SAT   pool: 23220 3 5 6 8 9 5160 3870 15 18 20 30 36 1080 54 860 774 645 86 90 516 120 135 270 215 216
  L = 46620    |S| =  34 budget 1.27304  SURVIVES ->  needs SAT   pool: 46620 3 15540 11655 5 6 7770 9 14 3330 15 3108 18 20 2331 21 2220 1665 30 1554 35 36 1295 1260 1110 63 740 74 90 105 111 140 315 210
  L = 46800    |S| =  38 budget 1.36893  SURVIVES ->  needs SAT   pool: 46800 3 5 6 7800 8 5850 9 15 2925 18 20 26 30 1560 36 39 1170 1040 48 975 50 936 900 65 650 75 624 78 600 585 90 468 120 156 300 260 200
  L = 47040    |S| =  32 budget 1.23686  NODECAP q=2 -> UNDECIDED
  L = 47250    |S| =  30 budget 1.24650  NODECAP q=5 -> UNDECIDED
  L = 47520    |S| =  41 budget 1.44272  SURVIVES ->  needs SAT   pool: 23760 3 11880 5 9504 6 8 9 11 4320 15 3168 18 2640 20 30 1584 1485 33 36 1188 44 1080 1056 48 54 660 90 96 495 99 440 120 135 330 165 288 176 270 198 216
  L = 47880    |S| =  38 budget 1.43797  SURVIVES ->  needs SAT   pool: 23940 3 5 6 6840 8 5985 9 14 3420 15 18 20 2394 21 2280 30 35 36 1260 1140 1064 56 798 63 90 95 504 105 114 120 380 140 315 168 285 210 228
  L = 48510    |S| =  34 budget 1.33055  SURVIVES ->  needs SAT   pool: 48510 3 16170 5 6 9 5390 11 4410 14 15 3234 18 21 2310 30 33 35 1155 63 735 90 98 495 99 105 441 330 315 165 198 245 210 231
  L = 48600    |S| =  36 budget 1.29257  NODECAP q=3 -> UNDECIDED
  L = 48720    |S| =  30 budget 1.25445  SURVIVES ->  needs SAT   pool: 48720 3 5 9744 6 6960 8 14 3480 15 3045 20 21 29 1680 30 35 1218 48 56 870 105 464 116 120 140 336 168 174 210
  L = 48960    |S| =  32 budget 1.28438  NODECAP q=2 -> UNDECIDED
  L = 49140    |S| =  44 budget 1.39949  SURVIVES ->  needs SAT   pool: 3 12285 5 6 8190 9 4914 4095 3780 14 15 3276 18 20 21 26 1755 30 35 36 1365 39 1260 1170 54 63 65 78 585 90 546 105 468 455 378 135 140 156 315 273 270 189 260 210
  L = 49500    |S| =  33 budget 1.27917  NODECAP q=5 -> UNDECIDED
  L = 49560    |S| =  25 budget 1.18547  SURVIVES ->  needs SAT   pool: 3 12390 5 6 8 6195 14 15 20 2478 21 2360 1770 30 35 1416 56 590 105 120 413 140 354 168 210
  L = 49680    |S| =  34 budget 1.32454  SURVIVES ->  needs SAT   pool: 24840 3 12420 5 6 8280 8 6210 9 15 3105 18 2760 20 2484 23 30 1656 36 1080 48 54 828 69 690 90 120 414 135 138 345 270 216 230
  L = 49896    |S| =  34 budget 1.19633  NODECAP q=3 -> UNDECIDED
  L = 50400    |S| =  49 budget 1.50018  SURVIVES ->  needs SAT   pool: 50400 3 16800 5 10080 6 7200 8 6300 9 14 15 3150 18 20 21 2400 2100 30 1680 35 36 1400 1260 48 50 1008 56 900 63 800 75 600 90 96 525 504 105 120 140 350 336 315 168 300 288 200 210 224
  L = 50760    |S| =  28 budget 1.23914  SURVIVES ->  needs SAT   pool: 3 5 6 8460 8 9 4230 15 18 2820 20 2538 2115 1880 30 36 1269 1080 54 846 90 564 470 120 135 141 270 216
  L = 50820    |S| =  30 budget 1.18810  SURVIVES ->  needs SAT   pool: 50820 25410 3 12705 5 6 11 4620 14 15 20 21 2310 1815 30 1694 33 35 44 1155 726 660 105 140 363 330 165 308 210 231
  L = 51030    |S| =  31 budget 1.21999  NODECAP q=3 -> UNDECIDED
  L = 51240    |S| =  28 budget 1.19069  SURVIVES ->  needs SAT   pool: 51240 25620 3 12810 5 6 8 14 3660 15 3416 20 21 2135 30 35 1220 56 915 854 105 488 120 140 366 168 183 210
  L = 51480    |S| =  40 budget 1.47591  SURVIVES ->  needs SAT   pool: 25740 3 12870 5 10296 6 8 9 11 4290 15 18 20 26 30 1716 33 1560 36 1430 39 44 1170 936 65 78 660 585 90 99 495 468 440 120 429 156 330 165 198 260
  L = 51660    |S| =  30 budget 1.27979  SURVIVES ->  needs SAT   pool: 3 5 6 9 5166 14 15 18 2870 20 2583 21 1845 30 35 1476 36 41 1260 1148 861 63 615 90 105 410 140 369 315 210
  L = 51840    |S| =  34 budget 1.29377  NODECAP q=3 -> UNDECIDED
  L = 52080    |S| =  30 budget 1.21719  SURVIVES ->  needs SAT   pool: 52080 26040 3 17360 13020 5 6 8 4340 14 15 20 2604 21 30 1680 35 48 56 930 744 651 105 120 140 155 336 168 186 210
  L = 52200    |S| =  30 budget 1.29077  SURVIVES ->  needs SAT   pool: 26100 3 5 6 8700 8 9 15 3480 18 2900 20 2088 29 30 36 50 1044 900 870 725 75 600 90 116 120 174 300 200 261
  L = 52800    |S| =  34 budget 1.22894  SURVIVES ->  needs SAT   pool: 52800 3 17600 5 10560 6 8 11 4800 15 20 2640 2400 30 1650 33 44 48 50 1056 800 75 704 660 600 96 120 440 330 165 320 176 300 200
  L = 52920    |S| =  44 budget 1.46733  SURVIVES ->  needs SAT   pool: 3 17640 5 10584 6 7560 8 9 4410 14 3780 15 3528 18 2940 20 21 30 1764 35 36 1323 1260 1080 54 56 63 735 90 98 105 504 120 441 135 140 378 168 315 189 270 210 216 245
  L = 53460    |S| =  35 budget 1.28107  NODECAP q=3 -> UNDECIDED
  L = 53550    |S| =  37 budget 1.24415  SURVIVES ->  needs SAT   pool: 53550 26775 3 5 6 8925 9 5355 14 15 3150 18 21 2550 30 1785 35 1530 1275 1190 50 1071 51 63 765 75 714 90 525 105 510 119 153 350 315 306 210
  L = 53760    |S| =  32 budget 1.23112  NODECAP q=2 -> UNDECIDED
  L = 53820    |S| =  34 budget 1.24548  SURVIVES ->  needs SAT   pool: 53820 3 5 10764 6 9 4485 15 3588 18 2990 20 23 26 30 36 39 1196 1170 65 828 69 78 690 90 585 468 414 138 156 345 299 260 230
  L = 54000    |S| =  32 budget 1.30243  SURVIVES ->  needs SAT   pool: 27000 3 5 10800 6 8 9 4500 15 18 20 2000 30 36 1500 48 1125 50 1080 54 900 75 90 600 120 125 135 375 300 200 270 216
  L = 54180    |S| =  35 budget 1.26918  SURVIVES ->  needs SAT   pool: 27090 3 13545 5 10836 6 9030 9 6020 5418 14 3870 15 18 20 2709 21 30 1806 35 36 1505 1260 63 860 774 645 86 90 105 516 140 315 210 215
  L = 54600    |S| =  42 budget 1.33995  SURVIVES ->  needs SAT   pool: 54600 27300 3 5 10920 6 7800 8 14 15 20 21 26 2100 30 35 1560 39 1400 1365 50 56 975 65 75 78 650 600 546 525 105 120 455 140 156 350 168 300 200 273 210 260
  L = 54720    |S| =  33 budget 1.26292  NODECAP q=2 -> UNDECIDED
  L = 54810    |S| =  31 budget 1.24441  SURVIVES ->  needs SAT   pool: 54810 3 18270 5 6 7830 9 14 15 3654 18 3045 21 29 30 35 1218 54 63 870 783 90 105 135 378 174 315 189 270 210 261
  L = 55080    |S| =  40 budget 1.30040  NODECAP q=3 -> UNDECIDED
  L = 55440    |S| =  51 budget 1.61972  SURVIVES ->  needs SAT   pool: 55440 27720 3 5 6 9240 8 9 11 4620 14 15 3696 18 20 21 2640 2310 30 1848 33 1680 35 1584 36 44 1260 48 1155 1008 56 63 660 90 99 105 504 495 120 440 140 165 336 168 330 176 315 308 198 210 231
  L = 55800    |S| =  30 budget 1.25134  SURVIVES ->  needs SAT   pool: 3 18600 13950 5 6 8 9 6200 5580 15 18 20 2790 2325 30 36 1395 50 930 900 75 744 90 600 558 120 155 186 300 200
  L = 56160    |S| =  38 budget 1.37153  NODECAP q=3 -> UNDECIDED
  L = 56280    |S| =  25 budget 1.18882  SURVIVES ->  needs SAT   pool: 3 5 6 8 7035 5628 14 15 20 21 2345 2010 30 35 1608 56 1005 938 804 105 120 134 140 168 210
  L = 56700    |S| =  42 budget 1.34354  NODECAP q=3 -> UNDECIDED
  L = 57120    |S| =  36 budget 1.27309  SURVIVES ->  needs SAT   pool: 3 5 6 8 7140 4760 14 4080 15 20 21 2720 30 1785 1680 35 1428 48 1190 51 56 68 714 680 96 105 510 119 120 476 140 168 336 204 210 224
  L = 57240    |S| =  26 budget 1.24661  SURVIVES ->  needs SAT   pool: 28620 3 14310 5 6 9540 8 9 6360 15 18 3180 20 2120 30 36 1590 53 1080 54 90 530 120 135 270 216
  L = 57330    |S| =  37 budget 1.28207  SURVIVES ->  needs SAT   pool: 57330 28665 3 5 6 8190 9 5733 4410 14 4095 15 18 21 26 30 1911 35 39 1365 1274 1170 63 65 78 735 90 98 585 105 546 455 441 315 210 273 245
  L = 57420    |S| =  31 budget 1.28483  SURVIVES ->  needs SAT   pool: 3 19140 14355 5 6 9570 9 11 15 18 20 2871 29 30 33 36 1595 44 1044 870 660 90 638 99 116 495 165 174 330 198 261
  L = 57600    |S| =  33 budget 1.28575  NODECAP q=2 -> UNDECIDED
  L = 57960    |S| =  42 budget 1.48827  SURVIVES ->  needs SAT   pool: 3 5 6 8280 8 9 5796 4830 14 15 18 20 21 2760 23 2415 30 35 1656 36 1610 1260 56 966 63 69 828 690 90 644 105 504 120 483 138 140 414 168 345 315 210 230
  L = 58320    |S| =  32 budget 1.27102  NODECAP q=3 -> UNDECIDED
  L = 58500    |S| =  36 budget 1.21706  NODECAP q=5 -> UNDECIDED
  L = 58590    |S| =  31 budget 1.21451  SURVIVES ->  needs SAT   pool: 3 5 6 9765 8370 9 5859 14 15 18 21 2790 30 1953 35 1395 54 63 930 90 651 105 558 135 155 378 186 315 189 210 270
  L = 58800    |S| =  35 budget 1.26646  NODECAP q=5 -> UNDECIDED
  L = 59040    |S| =  25 budget 1.25652  SURVIVES ->  needs SAT   pool: 59040 3 5 6 9840 8 9 6560 15 3936 18 20 30 1845 36 1476 41 48 90 96 615 120 410 369 288
  L = 59220    |S| =  35 budget 1.26263  SURVIVES ->  needs SAT   pool: 29610 3 14805 5 11844 6 8460 9 4935 14 4230 15 18 3290 20 2961 21 2820 2115 30 35 36 1316 1260 63 846 90 105 564 470 140 141 329 315 210
  L = 59400    |S| =  42 budget 1.44557  SURVIVES ->  needs SAT   pool: 59400 3 5 11880 6 9900 8 7425 9 11 4950 15 18 20 2475 30 33 36 1650 1485 44 50 1188 54 1080 900 75 90 660 99 600 120 495 135 440 165 330 198 300 200 216 270
  L = 59640    |S| =  25 budget 1.18415  SURVIVES ->  needs SAT   pool: 3 19880 5 11928 6 8520 8 4970 14 4260 15 20 21 2130 30 35 56 1065 105 120 140 426 168 210 284
  L = 59850    |S| =  31 budget 1.22396  SURVIVES ->  needs SAT   pool: 59850 3 19950 5 6 9 5985 14 15 18 3150 21 2850 2394 30 35 1425 50 63 950 75 798 90 95 105 114 525 350 315 210 285
  L = 60060    |S| =  42 budget 1.29922  SURVIVES ->  needs SAT   pool: 60060 3 5 6 10010 11 4620 14 4290 15 4004 20 3003 21 26 2310 30 33 35 1716 39 1430 44 1365 1155 1001 65 78 660 105 546 455 140 429 156 165 330 308 210 273 231 260
  L = 60480    |S| =  50 budget 1.49818  NODECAP q=3 -> UNDECIDED
  L = 60720    |S| =  32 budget 1.24585  SURVIVES ->  needs SAT   pool: 60720 3 5 6 8 11 15 3795 20 3036 2760 23 2640 30 2024 33 1518 44 48 1265 69 690 660 120 506 138 440 165 176 345 330 230
  L = 60840    |S| =  29 budget 1.30288  SURVIVES ->  needs SAT   pool: 3 5 12168 6 8 9 5070 15 18 3380 20 26 30 2028 36 39 1560 1170 1014 65 936 78 90 585 120 468 156 338 260
  L = 61200    |S| =  36 budget 1.31064  SURVIVES ->  needs SAT   pool: 61200 3 20400 5 12240 6 8 9 6120 15 4080 18 20 3060 2550 30 36 1530 48 1275 50 51 68 900 75 765 90 680 600 120 510 153 200 306 204 300
  L = 61320    |S| =  26 budget 1.19253  SURVIVES ->  needs SAT   pool: 3 15330 5 6 10220 8 7665 14 4380 15 20 3066 21 30 35 1533 56 876 105 120 140 438 146 168 210 219
  L = 61380    |S| =  32 budget 1.24759  SURVIVES ->  needs SAT   pool: 61380 30690 3 5 6 9 6138 11 5580 15 18 20 2790 30 2046 33 36 44 1395 1364 930 90 660 99 558 495 155 165 341 186 330 198
  L = 61560    |S| =  39 budget 1.27576  NODECAP q=3 -> UNDECIDED
  L = 61740    |S| =  32 budget 1.26553  SURVIVES ->  needs SAT   pool: 3 20580 15435 5 12348 6 9 6860 14 4410 15 4116 18 20 21 2940 30 35 1764 36 1260 63 735 90 686 98 105 140 441 315 210 245
  L = 61920    |S| =  27 budget 1.24764  SURVIVES ->  needs SAT   pool: 3 20640 5 6 10320 8 9 5160 15 3870 18 20 30 2064 36 1376 48 860 774 86 90 96 645 120 516 215 288
  L = 62160    |S| =  33 budget 1.23253  SURVIVES ->  needs SAT   pool: 3 15540 5 6 8880 8 7770 6216 14 15 20 3108 21 2220 30 35 1680 1554 48 1295 56 1110 888 74 740 105 111 120 140 168 336 210 296
  L = 62370    |S| =  38 budget 1.36885  NODECAP q=3 -> UNDECIDED
  L = 62640    |S| =  34 budget 1.30460  SURVIVES ->  needs SAT   pool: 3 20880 15660 5 12528 6 8 7830 9 6960 15 4176 18 3480 20 29 30 2088 36 48 54 1080 1044 870 783 90 116 120 135 464 174 216 270 261
  L = 63000    |S| =  45 budget 1.46748  SURVIVES ->  needs SAT   pool: 63000 3 5 6 10500 8 9 6300 5250 14 4500 15 18 3500 20 3150 21 30 2100 35 36 1500 1400 50 1260 56 1125 63 900 75 90 105 600 120 525 125 504 140 168 375 350 200 315 210 300
  L = 63180    |S| =  32 budget 1.21425  NODECAP q=3 -> UNDECIDED
  L = 63360    |S| =  38 budget 1.42252  NODECAP q=2 -> UNDECIDED
  L = 63720    |S| =  25 budget 1.23311  SURVIVES ->  needs SAT   pool: 3 5 6 8 9 15 18 20 3186 2360 30 36 1770 1593 1416 54 1080 90 590 120 531 135 354 216 270
  L = 63840    |S| =  36 budget 1.25147  SURVIVES ->  needs SAT   pool: 63840 31920 3 5 12768 6 8 14 15 4256 20 21 2280 30 35 1680 1520 48 56 1140 1064 798 95 96 105 608 114 120 140 168 380 336 210 224 285 228
  L = 64260    |S| =  51 budget 1.35472  NODECAP q=3 -> UNDECIDED
  L = 64350    |S| =  36 budget 1.26141  NODECAP q=5 -> UNDECIDED
  L = 64680    |S| =  39 budget 1.35938  SURVIVES ->  needs SAT   pool: 64680 3 16170 5 12936 6 9240 8 11 5390 14 4620 15 20 3234 21 2940 2310 30 33 35 1848 44 56 1155 735 98 660 105 120 140 440 165 168 330 210 308 231 245
  L = 64800    |S| =  41 budget 1.32489  NODECAP q=3 -> UNDECIDED
  L = 65340    |S| =  32 budget 1.26491  SURVIVES ->  needs SAT   pool: 65340 3 5 6 9 11 5445 15 4356 18 20 30 2178 33 36 1815 44 1485 54 1188 1089 90 726 99 660 495 135 165 363 198 330 270
  L = 65520    |S| =  54 budget 1.55018  SURVIVES ->  needs SAT   pool: 65520 32760 3 5 13104 6 10920 8 8190 9 7280 14 15 4368 4095 18 20 3276 21 26 30 35 36 39 1680 1560 48 1365 1260 56 1170 63 1040 65 1008 936 78 90 105 624 585 120 546 504 140 468 455 156 168 336 315 210 273 260
  L = 65880    |S| =  27 budget 1.23684  SURVIVES ->  needs SAT   pool: 32940 3 16470 5 6 10980 8 9 6588 15 18 3660 20 30 36 54 1220 1080 915 90 120 135 488 366 183 216 270
  L = 66000    |S| =  30 budget 1.22320  NODECAP q=5 -> UNDECIDED
  L = 66150    |S| =  34 budget 1.25401  NODECAP q=3 -> UNDECIDED
  L = 66240    |S| =  30 budget 1.30732  SURVIVES ->  needs SAT   pool: 3 5 13248 6 8 8280 9 6624 15 18 20 23 2760 30 36 1656 48 69 828 90 96 690 576 120 138 414 345 320 230 288
  L = 66360    |S| =  27 budget 1.18639  SURVIVES ->  needs SAT   pool: 66360 33180 3 16590 5 6 8 14 15 4424 20 3318 21 2765 30 35 1896 1659 56 1185 1106 105 120 140 158 168 210
  L = 66528    |S| =  42 budget 1.23144  NODECAP q=2 -> UNDECIDED
  L = 66600    |S| =  33 budget 1.26480  SURVIVES ->  needs SAT   pool: 66600 33300 3 16650 5 13320 6 8 8325 9 15 18 20 3330 30 2220 36 1850 1665 50 1110 74 900 75 888 90 740 111 600 120 200 300 296
  L = 66780    |S| =  30 budget 1.27023  SURVIVES ->  needs SAT   pool: 3 16695 5 13356 6 9540 9 5565 14 15 18 20 3339 21 3180 30 35 36 1590 1484 53 1260 63 90 105 530 140 371 210 315
  L = 66960    |S| =  29 budget 1.26259  SURVIVES ->  needs SAT   pool: 3 22320 5 6 8 8370 9 5580 15 4464 18 20 2790 30 36 48 1395 54 1080 930 90 744 120 558 135 155 186 216 270
  L = 67200    |S| =  42 budget 1.28167  NODECAP q=2 -> UNDECIDED
  L = 67320    |S| =  39 budget 1.42141  SURVIVES ->  needs SAT   pool: 3 5 6 11220 8 8415 9 11 6120 15 18 3740 20 3366 3060 30 33 36 44 1530 51 68 935 765 90 99 680 660 120 561 510 495 153 440 165 198 204 330 306
  L = 67860    |S| =  31 budget 1.21844  SURVIVES ->  needs SAT   pool: 67860 3 16965 5 6 11310 9 5655 15 4524 18 3770 20 26 29 30 36 39 1170 65 1044 78 870 90 116 585 468 156 174 260 261
  L = 68040    |S| =  47 budget 1.47141  NODECAP q=3 -> UNDECIDED
  L = 68310    |S| =  36 budget 1.23636  SURVIVES ->  needs SAT   pool: 68310 34155 3 22770 5 6 9 11 6210 15 4554 18 3795 3105 23 30 33 1518 1485 54 1265 69 90 99 690 135 506 138 495 165 414 198 345 330 230 270
  L = 68400    |S| =  33 budget 1.28858  SURVIVES ->  needs SAT   pool: 3 5 13680 6 8 9 6840 15 18 20 3420 2850 30 2280 36 1520 48 1425 50 1140 950 75 900 90 95 114 600 120 380 200 228 300 285
  L = 68640    |S| =  35 budget 1.28824  SURVIVES ->  needs SAT   pool: 3 5 13728 6 8 6864 11 15 4290 20 26 2640 30 33 39 1716 44 1560 48 1430 65 1056 1040 78 96 660 624 120 156 440 429 165 176 330 260
  L = 68880    |S| =  28 budget 1.23165  SURVIVES ->  needs SAT   pool: 34440 3 5 6 11480 9840 8 14 15 20 21 2870 30 35 41 1680 48 56 1148 861 105 615 120 140 168 410 336 210
  L = 69120    |S| =  30 budget 1.27538  NODECAP q=3 -> UNDECIDED
  L = 69300    |S| =  50 budget 1.47094  SURVIVES ->  needs SAT   pool: 3 17325 5 6 9900 9 7700 11 6300 5775 14 4950 15 4620 18 20 21 3150 2475 30 2310 33 2100 35 36 1925 1650 44 50 1260 1155 63 75 900 90 99 105 660 525 140 495 165 198 350 210 330 315 308 231 300
  L = 69720    |S| =  24 budget 1.19771  SURVIVES ->  needs SAT   pool: 3 5 6 8 8715 5810 14 15 20 21 30 2324 35 56 996 83 105 120 581 140 498 168 210 249
  L = 69930    |S| =  33 budget 1.22372  SURVIVES ->  needs SAT   pool: 69930 34965 3 5 6 11655 9 7770 14 15 18 21 3330 30 2331 35 1665 1554 54 1295 63 1110 999 74 90 105 111 135 378 189 210 315 270
  L = 70200    |S| =  44 budget 1.38150  NODECAP q=3 -> UNDECIDED
  L = 70560    |S| =  45 budget 1.46776  NODECAP q=2 -> UNDECIDED
  L = 71280    |S| =  44 budget 1.44738  NODECAP q=3 -> UNDECIDED
  L = 71400    |S| =  42 budget 1.28385  SURVIVES ->  needs SAT   pool: 3 5 6 11900 8 8925 7140 14 15 4760 20 21 2550 30 2100 35 1785 50 1428 51 1400 56 1275 1190 68 75 714 105 680 119 600 120 525 140 510 476 168 200 204 350 210 300
  L = 71820    |S| =  41 budget 1.31637  SURVIVES ->  needs SAT   pool: 35910 3 23940 17955 5 14364 6 10260 9 5985 14 15 18 3780 20 21 3420 30 2394 35 36 54 1260 63 1140 1026 90 798 95 105 114 135 140 189 380 378 210 228 315 285 270
  L = 72000    |S| =  35 budget 1.28808  NODECAP q=5 -> UNDECIDED
  L = 72072    |S| =  38 budget 1.24442  SURVIVES ->  needs SAT   pool: 36036 3 24024 18018 6 10296 8 9 11 14 18 4004 21 3276 3003 26 33 36 39 1848 1716 44 56 63 1001 936 78 99 546 504 468 156 168 429 198 231 308 273
  L = 72240    |S| =  34 budget 1.22436  SURVIVES ->  needs SAT   pool: 72240 3 5 6 10320 8 9030 7224 6020 14 5160 15 20 21 30 2408 35 2064 1806 1680 48 1505 56 860 86 105 645 120 140 516 168 210 215 336
  L = 72360    |S| =  25 budget 1.23546  SURVIVES ->  needs SAT   pool: 3 5 6 12060 8 9 15 4824 18 20 3618 30 36 2010 1608 54 1080 1005 90 804 120 134 135 216 270
  L = 72450    |S| =  34 budget 1.27964  SURVIVES ->  needs SAT   pool: 3 5 6 12075 9 14 15 4830 18 21 23 3150 30 2415 35 1610 50 63 69 75 966 90 105 690 575 138 525 483 414 350 210 345 230 315
  L = 73080    |S| =  37 budget 1.46062  SURVIVES ->  needs SAT   pool: 73080 3 18270 5 6 8 9 14 15 18 20 3654 21 3480 3045 29 30 35 2088 36 56 1260 1218 63 1044 870 90 105 116 120 140 504 168 174 210 315 261
  L = 73260    |S| =  32 budget 1.25461  SURVIVES ->  needs SAT   pool: 73260 3 5 6 12210 9 7326 11 6105 15 4884 18 20 3330 30 33 2220 36 44 1665 1628 1110 74 90 99 740 111 660 495 165 198 330
  L = 73440    |S| =  40 budget 1.31806  NODECAP q=3 -> UNDECIDED
  L = 73710    |S| =  41 budget 1.31803  NODECAP q=3 -> UNDECIDED
  L = 73800    |S| =  29 budget 1.26641  SURVIVES ->  needs SAT   pool: 3 24600 18450 5 6 8 9225 9 6150 15 18 20 3075 30 36 1845 41 50 1476 75 900 90 120 615 600 410 200 369 300
  L = 73920    |S| =  47 budget 1.39556  NODECAP q=2 -> UNDECIDED
  L = 74340    |S| =  29 budget 1.25467  SURVIVES ->  needs SAT   pool: 3 18585 5 6 12390 9 7434 6195 14 15 18 20 21 30 2478 35 36 1770 1260 63 90 105 590 140 531 413 210 354 315
  L = 74520    |S| =  40 budget 1.32217  NODECAP q=3 -> UNDECIDED
  L = 74760    |S| =  27 budget 1.19268  SURVIVES ->  needs SAT   pool: 74760 37380 3 5 6 8 9345 14 15 20 3738 21 3560 30 35 2136 1869 56 1335 1068 89 105 120 140 534 168 210
  L = 74880    |S| =  37 budget 1.35179  NODECAP q=2 -> UNDECIDED
  L = 74970    |S| =  36 budget 1.22432  SURVIVES ->  needs SAT   pool: 3 5 14994 6 9 8330 14 5355 15 4410 18 21 30 2499 35 1785 1530 51 63 1190 1071 90 833 98 765 735 105 714 119 510 153 441 210 315 245 306
  L = 75240    |S| =  35 budget 1.39979  SURVIVES ->  needs SAT   pool: 3 5 15048 6 8 9 11 6840 6270 15 18 20 3420 3135 30 33 2280 36 44 1140 90 95 99 114 660 120 495 165 440 198 380 209 228 330 285
  L = 75600    |S| =  52 budget 1.52353  SURVIVES ->  needs SAT   pool: 75600 3 5 15120 6 10800 8 9 7560 6300 14 15 18 20 3780 21 3150 30 35 36 2100 1680 48 50 54 1400 56 1260 63 1080 75 1008 900 90 105 120 600 135 140 525 504 168 189 200 378 210 216 350 336 315 300 270
  L = 76230    |S| =  37 budget 1.31889  SURVIVES ->  needs SAT   pool: 76230 38115 3 25410 5 15246 6 12705 9 11 14 5445 15 18 21 30 33 2310 35 2178 1815 1694 63 1155 1089 90 99 105 726 495 165 198 210 363 231 330 315
  L = 76440    |S| =  38 budget 1.30563  SURVIVES ->  needs SAT   pool: 38220 3 5 15288 6 10920 8 7644 14 15 5096 20 21 26 2940 30 35 39 1911 1560 56 1365 1274 65 78 98 735 105 120 140 546 156 168 455 210 245 260 273
  L = 76680    |S| =  29 budget 1.23494  SURVIVES ->  needs SAT   pool: 3 5 6 12780 8 9 8520 6390 15 18 4260 20 3834 30 2556 36 2130 54 1278 1080 1065 90 120 639 135 426 216 270 284
  L = 76860    |S| =  32 budget 1.25712  SURVIVES ->  needs SAT   pool: 3 25620 19215 5 6 12810 10980 9 7686 14 15 18 20 3843 21 3660 30 35 36 2135 1260 63 1220 915 90 854 105 140 183 210 366 315
  L = 77220    |S| =  42 budget 1.37053  SURVIVES ->  needs SAT   pool: 3 25740 19305 5 6 12870 9 11 15 18 4290 20 3861 26 30 33 36 39 44 1755 1716 1485 54 1430 65 1188 1170 78 90 99 660 585 135 156 495 165 468 429 198 330 260 270
  L = 77280    |S| =  36 budget 1.29608  SURVIVES ->  needs SAT   pool: 3 25760 5 6 8 14 15 4830 20 21 23 2760 30 2576 2415 35 1680 48 1610 56 69 966 96 105 690 120 644 138 140 483 168 210 224 345 230 336
  L = 77400    |S| =  28 budget 1.25640  SURVIVES ->  needs SAT   pool: 3 5 6 12900 8 9 15 5160 18 20 3870 3225 30 36 50 75 86 900 90 860 774 120 645 600 516 200 215 300
  L = 77490    |S| =  32 budget 1.23031  SURVIVES ->  needs SAT   pool: 77490 38745 3 5 6 9 14 5535 15 5166 18 21 2870 30 2583 35 41 1845 54 63 90 861 105 615 135 189 410 378 210 369 315 270
  L = 77616    |S| =  33 budget 1.19249  SURVIVES ->  needs SAT   pool: 38808 3 6 12936 8 9 11 14 18 21 3696 3528 3234 33 36 1848 44 1764 48 1584 56 63 1008 98 99 504 168 176 441 198 231 336 308
  L = 77760    |S| =  38 budget 1.28872  NODECAP q=3 -> UNDECIDED
  L = 78120    |S| =  42 budget 1.42385  SURVIVES ->  needs SAT   pool: 78120 39060 3 26040 5 15624 6 13020 8 9765 9 14 5580 15 18 4340 20 21 2790 30 2604 35 36 1953 56 1395 1260 63 930 90 105 744 120 651 140 558 155 504 168 186 210 315
  L = 78540    |S| =  42 budget 1.24167  SURVIVES ->  needs SAT   pool: 78540 39270 3 26180 5 6 11220 11 7140 14 15 4620 20 21 3740 30 2618 33 2310 35 44 1785 51 1428 1190 68 1155 935 105 714 119 660 140 561 510 165 476 204 210 231 330 308
  L = 78624    |S| =  38 budget 1.14933  NODECAP q=2 -> UNDECIDED
  L = 78840    |S| =  26 budget 1.24018  SURVIVES ->  needs SAT   pool: 3 26280 5 6 8 9 15 5256 18 4380 20 3285 30 36 1971 54 1080 90 876 120 135 146 438 216 219 270
  L = 78960    |S| =  31 budget 1.21749  SURVIVES ->  needs SAT   pool: 3 5 6 13160 8 14 15 5264 4935 20 21 3290 2820 30 35 2256 1880 1680 48 56 1316 105 120 140 564 141 168 470 210 336 329
  L = 79200    |S| =  44 budget 1.45314  NODECAP q=2 -> UNDECIDED
  L = 79380    |S| =  39 budget 1.31915  NODECAP q=3 -> UNDECIDED
  L = 79560    |S| =  41 budget 1.35962  SURVIVES ->  needs SAT   pool: 39780 3 5 6 8 9945 9 8840 7956 6120 15 18 20 26 3060 30 36 2210 39 51 1560 1530 65 68 1170 78 936 90 765 680 120 663 585 153 156 510 468 204 221 260 306
  L = 79800    |S| =  40 budget 1.26103  SURVIVES ->  needs SAT   pool: 39900 3 26600 19950 5 6 8 14 15 20 21 2850 30 35 2280 2100 50 56 1425 1400 1140 75 1064 950 95 798 105 114 120 600 140 525 168 200 210 380 228 350 300 285
  L = 79920    |S| =  33 budget 1.27720  SURVIVES ->  needs SAT   pool: 3 26640 5 6 13320 8 9 8880 15 5328 18 20 3996 3330 30 36 2220 48 1665 54 1110 74 1080 999 90 888 740 111 120 135 216 270 296
  L = 80640    |S| =  46 budget 1.46483  NODECAP q=2 -> UNDECIDED
  L = 81000    |S| =  38 budget 1.29973  NODECAP q=5 -> UNDECIDED
  L = 81180    |S| =  32 budget 1.26106  SURVIVES ->  needs SAT   pool: 40590 3 27060 20295 5 6 13530 9 9020 11 15 18 20 30 2706 33 36 41 44 1845 1476 1353 90 99 660 615 495 165 198 410 369 330
  L = 81270    |S| =  32 budget 1.21767  SURVIVES ->  needs SAT   pool: 3 27090 5 6 13545 9 9030 14 15 5418 18 21 3870 30 2709 35 1806 54 1505 63 86 90 105 774 645 135 189 210 215 378 315 270
  L = 81480    |S| =  23 budget 1.18628  SURVIVES ->  needs SAT   pool: 3 5 6 8 14 15 20 21 3395 2910 30 35 2328 1940 56 105 776 120 140 168 485 194 210
  L = 81900    |S| =  50 budget 1.40744  NODECAP q=5 -> UNDECIDED
  L = 82080    |S| =  39 budget 1.29452  SURVIVES ->  needs SAT   pool: 3 27360 5 16416 6 13680 8 10260 9 8208 6840 15 18 4320 20 4104 3420 30 36 2280 48 54 1520 1140 1080 1026 90 95 96 114 120 135 608 216 380 228 270 285 288
  L = 82320    |S| =  29 budget 1.21877  SURVIVES ->  needs SAT   pool: 3 27440 20580 5 6 8 6860 14 15 20 4116 21 3920 2940 30 35 48 1680 56 98 105 735 120 686 140 168 210 245 336
  L = 82800    |S| =  34 budget 1.33469  NODECAP q=5 -> UNDECIDED
  L = 83160    |S| =  57 budget 1.63330  NODECAP q=3 -> UNDECIDED
  L = 83520    |S| =  33 budget 1.28728  SURVIVES ->  needs SAT   pool: 3 27840 20880 5 16704 6 8 9 6960 15 18 4640 20 4176 3480 29 30 2784 36 2088 48 1044 90 96 870 116 120 576 174 464 261 320 288
  L = 84000    |S| =  42 budget 1.27905  NODECAP q=5 -> UNDECIDED
  L = 84240    |S| =  42 budget 1.37606  NODECAP q=3 -> UNDECIDED
  L = 84420    |S| =  31 budget 1.25686  SURVIVES ->  needs SAT   pool: 42210 3 5 16884 6 12060 9 7035 14 15 5628 18 20 4221 21 30 35 36 2345 2010 63 1260 1005 90 938 105 804 134 140 210 315
  L = 84600    |S| =  30 budget 1.24818  SURVIVES ->  needs SAT   pool: 3 28200 5 6 14100 8 9 8460 15 18 20 4230 30 2820 36 2115 1880 50 1175 75 90 900 846 120 141 600 564 470 200 300
  L = 84840    |S| =  25 budget 1.18485  SURVIVES ->  needs SAT   pool: 84840 3 5 16968 6 8 10605 14 15 20 21 4040 30 2828 35 2121 56 105 120 140 606 168 210 404 303
  L = 85050    |S| =  37 budget 1.25714  NODECAP q=3 -> UNDECIDED
  L = 85140    |S| =  32 budget 1.25248  SURVIVES ->  needs SAT   pool: 3 21285 5 17028 6 9 8514 11 15 5676 18 4730 20 3870 30 33 36 44 86 90 99 860 774 660 645 165 516 495 473 198 215 330
  L = 85320    |S| =  25 budget 1.23374  SURVIVES ->  needs SAT   pool: 85320 3 5 17064 6 8 9 7110 15 18 20 30 2844 36 1896 54 1185 1080 90 120 711 135 158 216 270
  L = 85680    |S| =  54 budget 1.49989  SURVIVES ->  needs SAT   pool: 3 21420 5 17136 6 12240 8 9 8568 7140 14 6120 15 5355 18 4760 20 21 4080 3060 30 35 36 48 1785 51 1680 56 1530 1428 63 68 1260 1190 1071 1008 90 105 765 119 120 714 680 140 153 168 510 504 476 204 210 336 315 306
  L = 85800    |S| =  37 budget 1.29416  SURVIVES ->  needs SAT   pool: 3 21450 5 6 8 11 7800 15 20 4290 3575 26 30 33 39 44 50 1716 1650 1560 1430 65 75 78 975 120 660 650 600 156 165 440 200 429 260 330 300
  L = 86400    |S| =  40 budget 1.32153  NODECAP q=5 -> UNDECIDED
  L = 86520    |S| =  23 budget 1.18458  SURVIVES ->  needs SAT   pool: 3 21630 5 6 8 14 15 20 21 3605 30 35 2163 56 1236 105 120 140 618 168 515 210 309
  L = 86940    |S| =  45 budget 1.36697  SURVIVES ->  needs SAT   pool: 3 5 6 12420 9 8694 14 6210 15 5796 18 4830 20 21 23 3780 3105 30 35 2484 36 2415 54 1610 63 69 1260 90 966 105 828 690 135 644 138 140 483 189 210 414 230 378 345 270 315
  L = 87120    |S| =  37 budget 1.39714  SURVIVES ->  needs SAT   pool: 87120 43560 3 5 17424 6 8 9 11 15 5808 5445 18 20 4356 30 33 2640 36 2178 44 48 1815 1584 1089 90 99 120 726 660 165 176 495 198 440 363 330
  L = 87360    |S| =  43 budget 1.33500  NODECAP q=2 -> UNDECIDED
  L = 87480    |S| =  33 budget 1.24965  NODECAP q=3 -> UNDECIDED
  L = 87780    |S| =  36 budget 1.22086  SURVIVES ->  needs SAT   pool: 3 21945 5 6 11 14 6270 15 4620 20 4389 21 3135 30 33 35 2310 44 1463 1155 1140 95 105 798 114 660 140 165 209 210 228 231 380 330 285 308
  L = 88200    |S| =  50 budget 1.47432  SURVIVES ->  needs SAT   pool: 88200 3 22050 5 17640 6 14700 8 11025 9 14 6300 15 18 20 4410 21 3675 3528 3150 30 2940 35 36 2100 50 1764 56 63 1400 1260 75 90 98 900 105 120 735 140 600 168 525 504 200 441 210 245 350 315 300
  L = 88560    |S| =  28 budget 1.27773  SURVIVES ->  needs SAT   pool: 3 22140 5 6 8 9 9840 8856 15 5535 18 20 30 36 41 48 1845 54 1476 1080 90 120 135 615 216 410 369 270
  L = 88704    |S| =  39 budget 1.21297  NODECAP q=2 -> UNDECIDED
  L = 88830    |S| =  34 budget 1.21263  SURVIVES ->  needs SAT   pool: 3 29610 5 17766 6 14805 9 14 15 18 4935 21 4230 3290 30 2961 35 2538 2115 54 63 1269 90 105 846 135 141 189 470 210 378 270 329 315
  L = 88920    |S| =  41 budget 1.33204  SURVIVES ->  needs SAT   pool: 88920 3 29640 5 17784 6 14820 8 9 7410 6840 15 18 20 4446 3705 26 3420 30 36 39 2280 2223 1560 65 1170 78 1140 90 95 936 114 120 741 585 156 468 228 380 260 285
  L = 89040    |S| =  31 budget 1.22773  SURVIVES ->  needs SAT   pool: 44520 3 5 17808 6 8 14 6360 15 5565 20 21 3180 30 35 2120 48 53 1680 56 1590 1484 105 848 120 140 168 530 210 371 336
  L = 89100    |S| =  41 budget 1.31586  NODECAP q=5 -> UNDECIDED
  L = 89280    |S| =  31 budget 1.24655  SURVIVES ->  needs SAT   pool: 89280 3 22320 5 6 14880 8 9 9920 15 5580 18 20 4464 30 2976 2790 36 48 1395 90 96 930 120 744 155 576 558 186 320 288
  L = 89460    |S| =  31 budget 1.25514  SURVIVES ->  needs SAT   pool: 89460 3 5 6 12780 9 14 6390 15 18 4970 20 21 4260 30 35 2556 36 2130 63 1278 1260 1065 90 105 140 639 210 426 284 315
  L = 89640    |S| =  26 budget 1.24395  SURVIVES ->  needs SAT   pool: 89640 3 5 6 14940 8 9 8964 15 5976 18 20 30 36 2241 54 83 1080 90 996 120 135 498 216 249 270
  L = 89880    |S| =  24 budget 1.18452  SURVIVES ->  needs SAT   pool: 3 29960 5 6 8 8988 14 6420 15 20 21 3210 30 35 56 1070 105 120 749 140 168 210 428 321
  L = 90000    |S| =  29 budget 1.26741  NODECAP q=5 -> UNDECIDED
  L = 90090    |S| =  46 budget 1.42034  SURVIVES ->  needs SAT   pool: 90090 3 5 18018 6 12870 9 10010 11 8190 14 15 18 21 4290 4095 26 30 3003 33 35 39 2310 63 1430 65 1365 1170 78 1155 90 1001 99 105 585 165 546 495 198 455 210 429 231 273 330 315
  L = 90720    |S| =  52 budget 1.51100  NODECAP q=3 -> UNDECIDED
  L = 91080    |S| =  44 budget 1.44646  SURVIVES ->  needs SAT   pool: 45540 3 22770 5 18216 6 8 9 9108 11 8280 15 18 20 4554 23 3795 30 3036 33 2760 36 44 2024 1656 1518 69 1265 90 99 828 120 690 138 660 165 506 495 198 440 414 230 345 330
  L = 91350    |S| =  32 budget 1.24545  NODECAP q=5 -> UNDECIDED
  L = 91560    |S| =  23 budget 1.18019  SURVIVES ->  needs SAT   pool: 3 5 6 13080 8 9156 14 15 20 4578 21 30 35 2616 56 1635 1308 105 120 140 168 545 210
  L = 91800    |S| =  42 budget 1.32805  NODECAP q=5 -> UNDECIDED
  L = 91980    |S| =  33 budget 1.26147  SURVIVES ->  needs SAT   pool: 3 5 18396 6 15330 9 10220 9198 7665 14 15 18 20 4599 21 4380 3285 30 3066 35 36 1533 63 1260 90 105 876 140 146 210 438 219 315
  L = 92400    |S| =  50 budget 1.42422  NODECAP q=5 -> UNDECIDED
  L = 92610    |S| =  30 budget 1.21683  SURVIVES ->  needs SAT   pool: 92610 3 5 6 15435 9 9261 14 15 18 21 4410 30 35 54 63 1323 90 98 105 735 135 686 189 210 441 245 378 270 315
  L = 92820    |S| =  42 budget 1.19236  SURVIVES ->  needs SAT   pool: 92820 46410 3 23205 5 6 15470 7140 14 15 6188 20 4641 21 26 30 35 39 2210 51 1785 65 1428 68 1365 78 1190 105 119 714 140 663 156 546 510 476 204 455 210 221 260 273
  L = 92880    |S| =  29 budget 1.26821  SURVIVES ->  needs SAT   pool: 3 23220 5 6 8 9 10320 15 18 5160 20 3870 30 36 2064 48 54 86 1080 90 860 120 774 135 645 516 215 216 270
  L = 93060    |S| =  32 budget 1.24237  SURVIVES ->  needs SAT   pool: 3 5 6 9 10340 11 8460 7755 15 6204 18 20 4230 30 33 2820 36 2585 44 2115 90 1034 99 846 141 660 165 564 495 198 470 330
  L = 93240    |S| =  44 budget 1.43692  SURVIVES ->  needs SAT   pool: 93240 46620 3 5 6 15540 13320 8 11655 9 7770 14 15 6216 18 20 21 3330 30 3108 35 36 2331 2220 56 1665 1554 63 1295 74 1260 1110 90 105 888 111 120 740 140 168 504 210 296 315
  L = 93600    |S| =  46 budget 1.38498  SURVIVES ->  needs SAT   pool: 46800 3 31200 5 18720 6 8 9 7800 7200 15 5850 18 20 3744 26 30 2925 36 39 2400 48 50 1560 65 75 78 1170 90 1040 96 975 936 900 800 120 650 624 156 600 585 200 468 260 288 300
  L = 93960    |S| =  36 budget 1.29933  NODECAP q=3 -> UNDECIDED
  L = 94080    |S| =  36 budget 1.24741  NODECAP q=2 -> UNDECIDED
  L = 94248    |S| =  35 budget 1.21259  SURVIVES ->  needs SAT   pool: 3 6 8 11781 9 11 8568 14 18 21 3366 33 36 2618 44 51 1848 56 63 1428 68 1071 99 119 714 153 168 561 504 198 476 204 231 306 308
  L = 94500    |S| =  43 budget 1.33883  NODECAP q=5 -> UNDECIDED
  L = 94920    |S| =  24 budget 1.18850  SURVIVES ->  needs SAT   pool: 3 31640 5 6 8 14 15 20 21 4520 3390 30 3164 35 56 1695 1356 105 113 120 791 140 168 210
  L = 95040    |S| =  47 budget 1.44971  NODECAP q=2 -> UNDECIDED
  L = 95400    |S| =  31 budget 1.25643  SURVIVES ->  needs SAT   pool: 47700 3 31800 23850 5 6 8 9 9540 7950 15 6360 18 5300 20 3975 30 3180 36 2120 50 53 1590 75 90 900 120 600 530 200 300
  L = 95760    |S| =  45 budget 1.46413  SURVIVES ->  needs SAT   pool: 3 31920 23940 5 6 13680 8 9 14 6840 15 5985 18 20 21 3420 30 35 36 2394 2280 48 56 1680 63 1520 1260 1140 90 1064 95 1008 105 114 120 798 140 168 504 210 228 380 285 336 315
  L = 96120    |S| =  27 budget 1.24016  SURVIVES ->  needs SAT   pool: 3 32040 5 19224 6 8 9 15 18 20 4806 4005 3560 30 36 2136 54 1335 89 1080 90 1068 120 135 534 216 270
  L = 96390    |S| =  44 budget 1.26232  NODECAP q=3 -> UNDECIDED
  L = 96600    |S| =  42 budget 1.30751  SURVIVES ->  needs SAT   pool: 96600 48300 3 5 6 8 12075 14 15 20 4830 21 23 30 35 2760 2415 2100 50 56 1610 69 1400 75 966 105 120 138 140 690 644 600 168 575 525 200 483 210 230 350 345 300
  L = 97020    |S| =  44 budget 1.44488  SURVIVES ->  needs SAT   pool: 48510 3 5 6 16170 9 11 14 15 18 5390 20 21 4620 4410 30 3234 33 2940 35 36 2310 44 1764 63 1260 1155 90 98 99 105 735 140 660 165 495 198 210 441 231 245 330 308 315
  L = 97200    |S| =  39 budget 1.31427  NODECAP q=3 -> UNDECIDED
  L = 97440    |S| =  35 budget 1.26996  SURVIVES ->  needs SAT   pool: 48720 3 5 19488 6 8 9744 14 6960 15 20 21 4640 3480 29 30 3045 35 2784 48 56 1680 1218 96 105 870 116 120 140 168 174 210 464 224 336
  L = 97920    |S| =  34 budget 1.29479  NODECAP q=2 -> UNDECIDED
  L = 98280    |S| =  59 budget 1.56627  NODECAP q=3 -> UNDECIDED
  L = 99000    |S| =  38 budget 1.42144  SURVIVES ->  needs SAT   pool: 3 5 6 8 9 9900 11 15 18 20 4950 4500 30 33 36 2750 2475 44 50 1650 1500 75 1125 90 99 900 120 125 660 165 600 198 200 495 440 375 300 330
  L = 99120    |S| =  31 budget 1.21110  SURVIVES ->  needs SAT   pool: 99120 3 5 6 8 12390 14 15 6608 6195 20 21 30 35 2478 2360 48 56 1770 1680 1416 105 944 120 140 168 590 210 413 354 336
  L = 99360    |S| =  38 budget 1.33881  NODECAP q=3 -> UNDECIDED
  L = 99540    |S| =  31 budget 1.25579  SURVIVES ->  needs SAT   pool: 99540 3 33180 5 6 16590 9 14 7110 15 18 20 21 30 3318 35 2844 36 2765 1659 63 1260 1185 90 1106 105 140 711 158 210 315
  L = 99792    |S| =  43 budget 1.22859  NODECAP q=3 -> UNDECIDED
  L = 99960    |S| =  39 budget 1.25103  SURVIVES ->  needs SAT   pool: 99960 49980 3 5 6 8 9996 8330 14 7140 15 20 21 4760 30 2940 35 2499 51 56 1785 68 1428 1190 98 105 119 120 833 735 140 714 680 168 510 204 210 476 245
  L = 100170   |S| =  29 budget 1.22099  SURVIVES ->  needs SAT   pool: 100170 3 5 6 16695 14310 9 14 15 18 5565 21 30 3339 35 53 54 63 1590 90 105 135 189 530 210 378 270 371 315
  L = 100320   |S| =  34 budget 1.21746  SURVIVES ->  needs SAT   pool: 3 5 20064 6 8 11 15 6270 20 30 3344 3135 33 2640 44 2280 48 1520 1140 95 1056 96 114 120 660 165 608 176 209 228 440 380 285 330
  L = 100440   |S| =  37 budget 1.26007  NODECAP q=3 -> UNDECIDED
  L = 100800   |S| =  55 budget 1.50659  NODECAP q=2 -> UNDECIDED
  L = 100980   |S| =  46 budget 1.31891  NODECAP q=3 -> UNDECIDED
  L = 101430   |S| =  36 budget 1.25809  SURVIVES ->  needs SAT   pool: 3 5 6 16905 9 11270 10143 14 15 18 21 4830 23 4410 30 3381 35 2415 63 1610 69 90 98 105 966 138 735 690 210 483 230 441 245 414 345 315
  L = 101520   |S| =  32 budget 1.26062  SURVIVES ->  needs SAT   pool: 3 5 20304 6 8 9 8460 15 6768 18 20 4230 30 36 2820 2538 2256 48 2115 54 1880 1269 90 1080 120 846 135 141 564 216 470 270
  L = 101640   |S| =  38 budget 1.34831  SURVIVES ->  needs SAT   pool: 50820 3 25410 5 6 8 12705 11 9240 14 15 6776 20 21 4620 30 33 35 44 2310 1848 56 1815 1694 1155 105 120 140 726 660 165 168 210 231 440 363 308 330
  L = 102060   |S| =  38 budget 1.30620  NODECAP q=3 -> UNDECIDED
  L = 102480   |S| =  33 budget 1.21549  SURVIVES ->  needs SAT   pool: 51240 3 25620 5 20496 6 8 12810 14 15 20 21 3660 30 3416 35 2928 48 2135 56 1680 1220 105 915 120 854 140 168 183 210 488 366 336
  L = 102600   |S| =  39 budget 1.30353  SURVIVES ->  needs SAT   pool: 102600 3 5 6 8 9 10260 15 6840 18 20 4104 30 3420 36 2850 2280 50 54 1425 75 90 1140 95 1080 1026 950 114 900 120 135 600 200 216 228 270 380 285 300
  L = 102960   |S| =  47 budget 1.50615  SURVIVES ->  needs SAT   pool: 3 25740 5 6 8 12870 9 10296 11 15 6864 18 20 4290 26 30 33 36 39 2640 44 48 1716 65 1584 1560 1430 78 1170 90 99 1040 936 120 156 660 165 624 176 585 198 495 468 440 429 260 330
  L = 103320   |S| =  38 budget 1.43904  SURVIVES ->  needs SAT   pool: 103320 3 34440 5 6 8 9 11480 14 15 18 20 5166 21 30 35 36 2870 2583 41 56 1845 63 1476 1260 90 1148 105 120 861 140 168 615 504 210 410 369 315
  L = 103680   |S| =  36 budget 1.29412  NODECAP q=3 -> UNDECIDED
  L = 103740   |S| =  38 budget 1.16436  SURVIVES ->  needs SAT   pool: 103740 3 25935 5 6 14820 10374 8645 14 7410 15 20 21 26 3705 30 3458 35 39 65 1365 78 1140 95 105 114 798 140 741 156 546 210 228 455 260 273 380 285
  L = 103950   |S| =  46 budget 1.39132  NODECAP q=5 -> UNDECIDED
  L = 104160   |S| =  34 budget 1.23247  SURVIVES ->  needs SAT   pool: 52080 3 26040 5 6 17360 14880 8 13020 14 15 20 21 4340 30 35 2976 2604 48 56 1680 96 105 930 120 140 744 155 651 168 186 210 224 336
  L = 104400   |S| =  36 budget 1.31427  SURVIVES ->  needs SAT   pool: 3 26100 5 20880 6 8 9 11600 8700 15 6960 18 20 4176 29 30 3480 36 2900 48 50 2088 75 90 1044 116 900 120 870 725 174 600 200 464 261 300
  L = 104580   |S| =  30 budget 1.26626  SURVIVES ->  needs SAT   pool: 3 26145 5 6 14940 9 8715 14 15 18 5810 20 5229 21 30 35 36 2324 63 83 1260 90 105 996 140 581 210 498 249 315
  L = 104760   |S| =  27 budget 1.23545  SURVIVES ->  needs SAT   pool: 52380 3 5 6 8 9 15 18 20 5238 4365 30 36 2910 2328 54 1940 90 1080 120 873 135 776 194 216 485 270
  L = 104940   |S| =  30 budget 1.25105  SURVIVES ->  needs SAT   pool: 3 5 6 17490 9 11660 11 9540 8745 15 18 20 30 3498 33 3180 36 44 53 1749 1590 90 1166 99 660 165 198 530 495 330
  L = 105000   |S| =  34 budget 1.23752  NODECAP q=5 -> UNDECIDED
  L = 105300   |S| =  41 budget 1.25110  NODECAP q=3 -> UNDECIDED
  L = 105336   |S| =  30 budget 1.16892  NODECAP q=11 -> UNDECIDED
  L = 105600   |S| =  37 budget 1.23950  SURVIVES ->  needs SAT   pool: 52800 3 5 6 17600 8 10560 11 15 7040 20 4800 30 33 2640 44 2400 48 50 1650 75 96 1056 120 128 800 704 660 165 176 600 200 440 384 300 320 330
  L = 105840   |S| =  52 budget 1.49310  NODECAP q=3 -> UNDECIDED
  L = 106200   |S| =  27 budget 1.24169  SURVIVES ->  needs SAT   pool: 3 26550 5 6 17700 8 9 15 18 5900 20 30 36 2360 50 1770 75 1416 90 900 120 600 590 200 531 300 354
  L = 106260   |S| =  43 budget 1.26675  SURVIVES ->  needs SAT   pool: 53130 3 35420 5 6 11 14 15 20 5313 21 4830 23 4620 3795 30 33 35 3036 44 2415 2310 1610 69 1518 1265 1155 105 966 138 140 690 660 165 644 210 506 483 230 231 308 345 330
  L = 106470   |S| =  36 budget 1.26740  SURVIVES ->  needs SAT   pool: 3 35490 5 21294 6 17745 9 8190 14 15 7098 18 5915 21 5070 26 4095 30 35 39 2366 63 65 78 1365 90 1170 105 1014 585 546 210 455 273 315 338
  L = 106560   |S| =  32 budget 1.25967  NODECAP q=2 -> UNDECIDED
  L = 106680   |S| =  24 budget 1.18216  SURVIVES ->  needs SAT   pool: 106680 53340 3 5 6 8 14 7620 15 20 21 3810 30 35 2540 56 1778 1524 105 120 140 168 210 254
  L = 106920   |S| =  45 budget 1.42478  NODECAP q=3 -> UNDECIDED
  L = 107100   |S| =  53 budget 1.35795  SURVIVES ->  needs SAT   pool: 53550 3 26775 5 21420 6 9 11900 8925 14 15 7140 6300 18 20 5355 21 30 3150 35 3060 36 2550 50 51 2100 1785 63 68 1530 75 1428 1275 1260 90 1190 1071 105 119 900 140 765 714 153 204 525 210 510 476 300 306 350 315
  L = 107520   |S| =  32 budget 1.23112  NODECAP q=2 -> UNDECIDED
  L = 107640   |S| =  42 budget 1.38164  SURVIVES ->  needs SAT   pool: 53820 3 35880 5 6 8 9 10764 8280 15 18 20 23 4485 26 30 3588 36 2990 39 2760 65 1656 69 1560 78 90 1196 1170 936 120 828 138 156 690 585 230 468 260 414 299 345
  L = 107730   |S| =  38 budget 1.23983  NODECAP q=3 -> UNDECIDED
  L = 108000   |S| =  40 budget 1.31848  NODECAP q=5 -> UNDECIDED
  L = 108360   |S| =  43 budget 1.42905  SURVIVES ->  needs SAT   pool: 3 27090 5 6 8 13545 9 10836 9030 14 15 7224 18 6020 20 5418 21 5160 3870 30 35 36 2709 2408 56 1806 63 1505 86 1260 90 105 120 860 140 774 168 645 210 516 215 504 315
  L = 108900   |S| =  35 budget 1.27300  NODECAP q=5 -> UNDECIDED
  L = 109080   |S| =  29 budget 1.23306  SURVIVES ->  needs SAT   pool: 3 27270 5 21816 6 8 13635 9 10908 9090 15 18 20 5454 4545 4040 30 36 54 1818 90 1080 120 135 606 216 270 404 303
  L = 109200   |S| =  50 budget 1.36729  SURVIVES ->  needs SAT   pool: 109200 54600 3 27300 5 6 8 10920 14 7800 15 7280 20 21 4368 26 30 35 39 48 50 2100 56 65 1680 1560 75 78 1400 1365 105 1040 975 120 140 156 168 650 624 600 200 546 525 210 455 260 273 300 350 336
  L = 109440   |S| =  37 budget 1.27352  NODECAP q=2 -> UNDECIDED
  L = 109620   |S| =  39 budget 1.34003  NODECAP q=3 -> UNDECIDED
  L = 109800   |S| =  28 budget 1.24651  SURVIVES ->  needs SAT   pool: 3 5 6 8 9 10980 9150 15 18 20 4575 30 3660 36 3050 50 75 90 1220 120 915 900 183 600 200 488 300 366
  L = 110040   |S| =  26 budget 1.19013  SURVIVES ->  needs SAT   pool: 3 36680 27510 5 22008 6 8 9170 14 15 20 21 30 35 2751 56 1965 1310 105 120 131 140 168 210 524 393
  L = 110160   |S| =  44 budget 1.32233  NODECAP q=3 -> UNDECIDED
  L = 110250   |S| =  34 budget 1.22762  NODECAP q=5 -> UNDECIDED
  L = 110880   |S| =  57 budget 1.63943  SURVIVES ->  needs SAT   pool: 55440 3 27720 5 6 8 9 11 10080 9240 14 15 18 20 21 4620 30 3696 33 35 3168 36 2640 44 48 2310 56 1848 63 1680 1584 1260 90 96 1155 99 105 1056 1008 120 140 165 168 660 176 198 210 504 224 495 231 440 288 308 315 330 336
  L = 111240   |S| =  28 budget 1.23306  SURVIVES ->  needs SAT   pool: 3 37080 27810 5 22248 6 8 9 9270 15 18 20 30 3708 36 2781 54 1854 90 1236 1080 120 135 618 216 515 270 309
  L = 111510   |S| =  33 budget 1.20755  SURVIVES ->  needs SAT   pool: 3 5 6 18585 9 12390 11151 14 15 7434 18 6195 21 30 35 3186 2478 54 63 1770 1593 90 105 135 189 590 210 531 270 413 378 315 354
  L = 111600   |S| =  33 budget 1.27245  SURVIVES ->  needs SAT   pool: 3 5 22320 6 18600 8 13950 9 15 18 6200 20 5580 4464 30 36 2790 48 2325 50 75 1395 90 120 930 900 744 155 186 600 200 558 300
  L = 111720   |S| =  34 budget 1.22607  SURVIVES ->  needs SAT   pool: 111720 55860 3 5 6 8 14 15 7448 20 5586 21 4655 30 35 2940 2280 56 95 98 1140 105 1064 114 120 140 798 735 168 210 228 245 285 380
  L = 112140   |S| =  28 budget 1.26042  SURVIVES ->  needs SAT   pool: 3 37380 5 6 9 9345 14 15 18 20 21 4005 30 3738 35 36 1869 63 1335 89 1260 90 105 1068 140 210 534 315
  L = 112200   |S| =  36 budget 1.23135  SURVIVES ->  needs SAT   pool: 112200 3 28050 5 6 8 14025 11220 11 9350 15 20 30 3740 33 44 2550 50 51 68 1650 75 1275 120 935 165 680 660 600 200 561 204 510 440 300 330
  L = 112320   |S| =  42 budget 1.37737  SURVIVES ->  needs SAT   pool: 3 5 6 18720 8 14040 9 15 18 20 26 4320 30 3744 36 39 2496 48 54 1755 65 1728 1560 78 90 96 1170 1080 1040 120 936 135 156 624 585 576 216 468 260 270 288 320
  L = 112560   |S| =  29 budget 1.21326  SURVIVES ->  needs SAT   pool: 3 37520 5 6 8 14 15 7035 20 5628 21 30 35 48 2345 56 2010 1680 1608 105 1005 120 938 134 140 804 168 210 336
  L = 112860   |S| =  40 budget 1.29606  SURVIVES ->  needs SAT   pool: 112860 3 28215 5 6 9 11286 11 10260 15 18 6270 20 5643 30 33 3420 36 3135 44 54 1485 90 95 1188 99 1140 1026 114 135 165 660 198 209 228 495 270 285 380 330
  L = 113400   |S| =  57 budget 1.51770  NODECAP q=3 -> UNDECIDED
  L = 114240   |S| =  43 budget 1.27804  SURVIVES ->  needs SAT   pool: 3 5 22848 6 8 14 15 7616 7140 6720 20 21 4760 4080 30 35 3264 2720 48 51 2240 56 1785 68 1680 1428 1344 96 1190 105 119 120 140 714 168 680 204 210 224 510 476 320 336
  L = 114480   |S| =  29 budget 1.26863  SURVIVES ->  needs SAT   pool: 114480 3 28620 5 6 8 14310 9 9540 15 18 6360 20 30 36 3180 48 53 54 2120 1590 90 1080 120 135 848 216 530 270
  L = 114660   |S| =  50 budget 1.38155  SURVIVES ->  needs SAT   pool: 114660 57330 3 38220 28665 5 6 9 14 8190 15 7644 18 20 5733 21 26 4410 4095 30 35 3276 36 39 2940 1911 63 65 1764 78 1365 90 1274 1260 98 1170 105 140 156 735 585 210 546 245 468 455 260 441 273 315
  L = 114840   |S| =  39 budget 1.42137  SURVIVES ->  needs SAT   pool: 114840 3 38280 5 6 19140 8 14355 9 11 9570 15 7656 18 20 29 30 33 3480 36 2871 44 2088 1595 90 99 1044 116 120 870 165 174 660 638 198 495 261 440 330
  L = 115080   |S| =  26 budget 1.18273  SURVIVES ->  needs SAT   pool: 3 5 6 8 14385 11508 9590 14 15 20 21 4110 30 3836 35 3288 56 2055 1370 105 120 140 168 210 548 411
  L = 115200   |S| =  36 budget 1.28598  NODECAP q=2 -> UNDECIDED
  L = 115290   |S| =  31 budget 1.20789  SURVIVES ->  needs SAT   pool: 3 5 6 19215 16470 9 12810 11529 14 15 7686 18 21 30 3843 35 54 2135 63 90 105 915 135 854 183 189 210 270 378 315 366
  L = 115500   |S| =  43 budget 1.23838  NODECAP q=5 -> UNDECIDED
  L = 115560   |S| =  28 budget 1.23208  SURVIVES ->  needs SAT   pool: 57780 3 38520 28890 5 6 8 9 15 18 6420 20 4815 30 36 3210 2889 54 1926 90 1080 1070 120 135 216 270 428 321
  L = 115830   |S| =  41 budget 1.27222  NODECAP q=3 -> UNDECIDED
  L = 115920   |S| =  48 budget 1.51406  SURVIVES ->  needs SAT   pool: 115920 3 5 6 8 9 14 8280 15 18 20 5796 21 23 4830 30 35 36 2760 2576 48 2415 56 63 69 1680 1656 1610 90 1260 105 1008 120 966 138 140 828 168 690 644 210 230 504 483 414 315 336 345
  L = 116280   |S| =  38 budget 1.27945  SURVIVES ->  needs SAT   pool: 3 38760 5 6 8 9 12920 9690 15 6840 18 6120 20 30 3876 3420 36 3060 51 2280 1938 68 1530 90 95 1140 114 120 765 153 680 204 228 510 285 306 380 323
  L = 116424   |S| =  37 budget 1.19472  NODECAP q=3 -> UNDECIDED
  L = 116640   |S| =  36 budget 1.28517  NODECAP q=3 -> UNDECIDED
  L = 116760   |S| =  24 budget 1.18205  SURVIVES ->  needs SAT   pool: 3 5 6 19460 8 14595 14 15 7784 20 5838 21 30 35 3336 2919 56 105 120 140 834 168 210 278
  L = 117000   |S| =  43 budget 1.35890  NODECAP q=5 -> UNDECIDED
  L = 117180   |S| =  42 budget 1.30139  SURVIVES ->  needs SAT   pool: 117180 3 39060 5 6 9 13020 9765 14 8370 15 18 20 5859 21 5580 4340 30 3780 35 36 2790 2604 54 1953 63 1395 90 1260 105 930 135 140 155 651 186 189 210 558 270 378 315
  L = 117600   |S| =  43 budget 1.28378  NODECAP q=5 -> UNDECIDED
  L = 117720   |S| =  26 budget 1.22802  SURVIVES ->  needs SAT   pool: 117720 58860 3 5 6 19620 8 9 13080 15 18 20 4905 30 36 2616 54 1635 90 1308 1080 120 135 216 545 270
  L = 117810   |S| =  46 budget 1.36128  SURVIVES ->  needs SAT   pool: 117810 58905 3 39270 5 6 9 11781 11 14 8415 15 18 21 5355 30 33 35 3366 2618 51 2310 63 1785 1530 90 99 1190 1155 105 1071 119 935 153 765 165 714 198 210 561 231 510 495 306 315 330
  L = 117936   |S| =  38 budget 1.14610  NODECAP q=3 -> UNDECIDED
  L = 118080   |S| =  28 budget 1.26141  SURVIVES ->  needs SAT   pool: 59040 3 39360 5 6 8 9 9840 15 18 6560 20 30 3936 36 41 48 1845 1476 90 96 120 615 576 288 410 320 369
  L = 118440   |S| =  43 budget 1.42237  SURVIVES ->  needs SAT   pool: 118440 3 29610 5 6 8 14805 9 13160 11844 14 8460 15 18 20 21 4935 4230 30 35 36 3290 2961 2820 56 2115 63 1880 90 1316 1260 105 120 140 846 141 168 210 564 504 470 315 329
  L = 118800   |S| =  49 budget 1.47326  SURVIVES ->  needs SAT   pool: 59400 3 39600 5 23760 6 8 9 11880 11 10800 9900 15 7425 18 20 4950 30 33 36 44 2640 48 2475 50 54 1650 75 1584 1485 90 99 1188 1080 120 900 135 165 176 660 198 600 200 216 495 270 440 300 330
  L = 119070   |S| =  36 budget 1.23694  NODECAP q=3 -> UNDECIDED
  L = 119280   |S| =  30 budget 1.20948  SURVIVES ->  needs SAT   pool: 3 5 23856 6 19880 8 11928 14 8520 15 20 21 4970 4260 30 35 48 56 2130 1680 105 1136 1065 120 140 168 210 426 284 336
  L = 119340   |S| =  46 budget 1.25657  SURVIVES ->  needs SAT   pool: 119340 3 39780 29835 5 23868 6 9 11934 9945 15 7956 18 20 26 4590 30 36 39 3060 51 2295 54 2210 65 1836 68 1755 78 1530 90 1170 135 153 156 765 663 204 585 221 510 468 260 459 270 306
  L = 119700   |S| =  45 budget 1.32301  NODECAP q=5 -> UNDECIDED
  L = 119880   |S| =  36 budget 1.27403  NODECAP q=3 -> UNDECIDED
  L = 120120   |S| =  52 budget 1.46006  SURVIVES ->  needs SAT   pool: 60060 3 5 24024 6 8 11 10920 10010 9240 14 15 20 21 26 4620 4290 30 4004 33 35 39 3003 44 2310 56 65 1848 1716 1560 78 1430 1365 1155 105 120 1001 140 156 165 168 660 210 546 231 260 455 273 440 429 308 330
  L = 120600   |S| =  28 budget 1.24492  SURVIVES ->  needs SAT   pool: 3 5 6 8 9 13400 12060 10050 15 18 20 4824 30 36 3350 50 2010 75 1608 90 120 1005 134 900 804 200 600 300
  L = 120960   |S| =  54 budget 1.50868  NODECAP q=3 -> UNDECIDED
  L = 121440   |S| =  35 budget 1.25734  SURVIVES ->  needs SAT   pool: 60720 3 5 6 8 11 15 8096 20 23 30 3795 33 3036 44 2760 2640 48 2024 69 1518 96 1265 1056 120 138 165 176 690 660 230 506 440 330 345
  L = 121680   |S| =  33 budget 1.32631  SURVIVES ->  needs SAT   pool: 3 5 24336 6 8 9 12168 15 18 20 5070 26 30 36 3380 39 48 2028 65 78 1560 90 1170 1040 120 1014 936 156 624 585 260 468 338
  L = 121800   |S| =  37 budget 1.27898  SURVIVES ->  needs SAT   pool: 3 30450 5 6 8 14 8700 15 20 21 5075 29 30 35 3480 3045 2900 50 56 2100 75 1400 1218 105 116 120 140 870 168 725 174 200 600 210 525 300 350
  L = 121968   |S| =  36 budget 1.18552  SURVIVES ->  needs SAT   pool: 3 6 17424 8 15246 9 11 14 18 6776 21 5808 4356 33 3696 36 44 48 56 2178 63 1848 1694 1584 99 1089 1008 168 726 176 198 231 504 308 336 363
  L = 122040   |S| =  26 budget 1.23505  SURVIVES ->  needs SAT   pool: 61020 3 5 24408 6 8 9 10170 15 8136 18 20 4520 30 36 3390 54 1695 90 1356 113 1080 120 135 216 270
  L = 122220   |S| =  27 budget 1.25423  SURVIVES ->  needs SAT   pool: 3 5 24444 6 9 14 15 18 20 21 4365 30 35 36 3395 2910 63 1940 90 1260 105 140 873 194 210 485 315
  L = 122400   |S| =  42 budget 1.32670  SURVIVES ->  needs SAT   pool: 61200 3 5 6 20400 8 9 12240 15 7200 18 20 6120 30 4080 36 3060 2720 48 2550 50 51 2400 68 75 1530 90 96 1275 120 900 153 800 765 680 200 204 600 510 288 300 306
  L = 122640   |S| =  32 budget 1.21717  SURVIVES ->  needs SAT   pool: 3 40880 5 24528 6 8 15330 10220 14 15 7665 20 21 5840 4380 30 35 3066 48 56 1680 1533 105 120 140 876 146 168 210 219 438 336
  L = 122760   |S| =  39 budget 1.38474  SURVIVES ->  needs SAT   pool: 122760 61380 3 30690 5 6 8 9 13640 11 15 8184 18 20 6138 5580 30 33 36 44 2790 2046 1395 90 1364 99 120 930 155 165 744 186 660 198 558 495 440 330 341
  L = 122850   |S| =  46 budget 1.34244  SURVIVES ->  needs SAT   pool: 3 40950 5 6 9 12285 14 8775 15 8190 18 21 5850 4914 26 30 4095 35 39 3150 2925 50 54 63 65 1755 75 78 90 1365 105 1170 975 135 189 650 210 585 546 525 270 455 273 315 378 350
  L = 123120   |S| =  45 budget 1.29823  NODECAP q=3 -> UNDECIDED
  L = 123480   |S| =  40 budget 1.42504  SURVIVES ->  needs SAT   pool: 3 5 24696 6 20580 17640 8 15435 9 12348 14 15 18 6860 20 21 4410 30 4116 35 3528 36 2940 56 63 1764 90 98 1260 105 120 140 168 735 686 210 245 504 441 315
  L = 123840   |S| =  31 budget 1.25257  SURVIVES ->  needs SAT   pool: 3 41280 5 24768 6 20640 8 9 10320 15 18 20 5160 30 3870 36 48 2064 86 90 1376 96 120 860 774 645 215 576 516 288 320
  L = 124200   |S| =  42 budget 1.34996  SURVIVES ->  needs SAT   pool: 124200 3 5 24840 6 8 15525 9 12420 15 8280 18 20 6210 23 30 36 3105 2760 50 2484 54 69 75 1656 90 1080 120 135 138 900 828 690 200 600 216 575 230 270 300 414 345
  L = 124320   |S| =  37 budget 1.24747  SURVIVES ->  needs SAT   pool: 124320 3 5 6 17760 8 15540 14 8880 15 7770 20 6216 21 30 35 3108 48 56 2220 74 1680 1554 96 1295 105 111 1110 120 140 888 168 740 210 224 296 336
  L = 124740   |S| =  50 budget 1.48377  NODECAP q=3 -> UNDECIDED
  L = 125280   |S| =  39 budget 1.31929  NODECAP q=3 -> UNDECIDED
  L = 125400   |S| =  36 budget 1.22268  NODECAP q=5 -> UNDECIDED
  L = 125580   |S| =  41 budget 1.21498  SURVIVES ->  needs SAT   pool: 3 31395 5 6 12558 14 15 20 21 23 26 4830 4485 30 35 3588 39 2990 2415 65 69 78 1610 1365 105 1196 966 138 140 156 690 644 210 230 546 260 483 273 455 299 345
  L = 126000   |S| =  52 budget 1.49345  SURVIVES ->  needs SAT   pool: 126000 63000 3 5 6 8 9 14000 10500 14 15 18 20 6300 21 5250 4500 30 35 36 3500 3150 48 50 56 2100 63 2000 75 1680 1500 90 1400 1260 105 1125 120 125 1008 140 900 168 200 210 600 525 504 300 315 336 375 350
  L = 126360   |S| =  43 budget 1.35738  NODECAP q=3 -> UNDECIDED
  L = 126630   |S| =  30 budget 1.20744  SURVIVES ->  needs SAT   pool: 63315 3 42210 5 6 9 14 15 18 7035 21 30 4221 35 3618 54 2345 63 2010 90 105 1005 134 135 938 189 210 270 315 378
  L = 126720   |S| =  41 budget 1.42289  NODECAP q=2 -> UNDECIDED
  L = 126840   |S| =  26 budget 1.18159  SURVIVES ->  needs SAT   pool: 126840 3 31710 5 6 21140 18120 8 14 9060 15 20 21 30 35 3171 56 2114 105 1208 120 140 168 755 210 453
  L = 127260   |S| =  30 budget 1.25376  SURVIVES ->  needs SAT   pool: 63630 3 5 6 9 12726 10605 14 9090 15 18 20 21 4545 30 35 36 2828 2121 63 1818 90 1260 105 140 210 606 303 315 404
  L = 127440   |S| =  29 budget 1.25515  SURVIVES ->  needs SAT   pool: 3 42480 5 6 8 9 15 8496 18 20 30 36 3186 48 54 2360 1770 1593 90 1416 1080 120 135 944 216 590 531 270 354
  L = 127512   |S| =  39 budget 1.22570  SURVIVES ->  needs SAT   pool: 3 42504 6 18216 8 9 11 14 9108 18 21 5796 23 5313 4554 33 36 3036 44 56 63 2024 69 1848 1656 1518 99 966 138 828 168 198 644 231 506 504 483 308 414
  L = 127680   |S| =  44 budget 1.25641  NODECAP q=2 -> UNDECIDED
  L = 127800   |S| =  32 budget 1.24418  SURVIVES ->  needs SAT   pool: 3 42600 31950 5 6 8 9 12780 15 8520 18 20 6390 5325 30 4260 36 50 2556 2130 75 90 1278 120 1065 900 200 639 600 284 300 426
  L = 127890   |S| =  33 budget 1.22473  SURVIVES ->  needs SAT   pool: 3 5 25578 6 18270 9 12789 14 15 8526 18 21 29 4410 30 4263 35 3654 3045 63 90 1421 98 105 1218 870 174 735 210 245 261 441 315
  L = 128520   |S| =  64 budget 1.52155  NODECAP q=3 -> UNDECIDED
  L = 128700   |S| =  49 budget 1.38100  NODECAP q=5 -> UNDECIDED
  L = 129360   |S| =  47 budget 1.39038  SURVIVES ->  needs SAT   pool: 129360 64680 3 5 6 8 16170 12936 11 14 9240 15 20 21 5390 4620 30 33 3920 35 3696 3234 44 2940 48 2640 56 2310 1848 1680 98 105 1155 120 140 165 168 176 735 660 210 231 245 440 308 330 336
  L = 129600   |S| =  47 budget 1.33074  NODECAP q=3 -> UNDECIDED
  L = 129780   |S| =  32 budget 1.25398  SURVIVES ->  needs SAT   pool: 3 32445 5 25956 6 21630 9 14 9270 15 18 20 6489 21 30 35 3708 36 3605 2163 63 1854 90 1260 105 1236 140 210 618 515 309 315
  L = 129960   |S| =  25 budget 1.22085  SURVIVES ->  needs SAT   pool: 3 5 6 21660 8 16245 9 10830 15 18 6840 20 5415 30 36 3420 2280 90 95 114 1140 120 228 285 380
  L = 130200   |S| =  40 budget 1.24277  SURVIVES ->  needs SAT   pool: 65100 3 32550 5 26040 6 18600 8 13020 10850 14 15 20 21 6200 30 4340 35 50 2604 56 2325 2100 75 1400 105 120 140 930 155 168 744 186 200 651 210 600 525 300 350
  L = 130410   |S| =  42 budget 1.29513  NODECAP q=3 -> UNDECIDED
  L = 130680   |S| =  39 budget 1.40618  NODECAP q=3 -> UNDECIDED
  L = 131040   |S| =  60 budget 1.56896  SURVIVES ->  needs SAT   pool: 65520 3 32760 5 6 18720 8 9 13104 10920 10080 14 15 8190 18 7280 20 21 26 30 4368 4095 35 3744 36 39 3276 48 56 63 65 78 1680 1560 90 96 1365 1260 105 1170 120 1040 1008 140 936 156 168 210 624 224 585 546 260 504 273 468 288 455 315 336
  L = 131400   |S| =  29 budget 1.24908  SURVIVES ->  needs SAT   pool: 3 32850 5 26280 6 21900 8 9 14600 15 18 20 5256 30 4380 36 3285 50 75 90 120 146 900 876 200 219 600 300 438
  L = 131670   |S| =  38 budget 1.34271  SURVIVES ->  needs SAT   pool: 65835 3 5 6 21945 9 11 14 15 18 21 6270 5985 30 4389 33 35 3135 2394 2310 63 90 1463 95 99 105 114 1155 165 798 198 209 210 231 495 285 315 330
  L = 131760   |S| =  31 budget 1.25814  SURVIVES ->  needs SAT   pool: 131760 3 32940 5 6 8 16470 9 10980 15 8784 18 20 6588 30 36 3660 2928 48 54 90 1220 120 1080 135 915 183 216 270 488 366
  L = 131880   |S| =  24 budget 1.17904  SURVIVES ->  needs SAT   pool: 131880 3 5 6 21980 8 16485 14 15 20 21 4710 30 35 3768 56 2198 1884 105 120 140 168 785 210
  L = 132000   |S| =  36 budget 1.23633  NODECAP q=5 -> UNDECIDED
  L = 132300   |S| =  47 budget 1.34605  NODECAP q=3 -> UNDECIDED
  L = 132480   |S| =  34 budget 1.31777  SURVIVES ->  needs SAT   pool: 132480 3 44160 5 6 8 9 13248 15 8280 18 20 6624 23 30 36 48 2760 69 1656 90 96 120 128 138 828 690 230 576 288 320 414 345 384
  L = 132720   |S| =  32 budget 1.21099  SURVIVES ->  needs SAT   pool: 66360 3 33180 5 26544 6 8 16590 14 15 20 21 6320 30 4424 35 3318 48 2765 56 1896 1680 1659 105 1185 120 1106 140 158 168 210 336
  L = 132840   |S| =  32 budget 1.27476  NODECAP q=3 -> UNDECIDED
  L = 133056   |S| =  48 budget 1.23619  NODECAP q=3 -> UNDECIDED
  L = 133200   |S| =  39 budget 1.28601  SURVIVES ->  needs SAT   pool: 133200 66600 3 44400 33300 5 26640 6 8 16650 9 13320 15 8880 8325 18 20 5328 30 36 3330 48 50 2220 1850 74 75 1665 90 111 120 1110 900 888 740 200 600 296 300
  L = 133380   |S| =  40 budget 1.22777  SURVIVES ->  needs SAT   pool: 3 5 26676 6 9 14820 10260 15 18 7410 20 6669 26 30 4446 36 3705 39 3420 54 2223 65 1755 78 90 95 114 1170 1140 1026 135 156 741 228 585 260 270 285 468 380
  L = 133560   |S| =  38 budget 1.43001  SURVIVES ->  needs SAT   pool: 3 44520 5 6 8 16695 9 13356 14 9540 15 18 20 21 6360 5565 30 35 36 3339 3180 53 56 63 2120 1590 90 1484 105 1260 120 140 168 210 530 504 315 371
  L = 133920   |S| =  35 budget 1.27715  NODECAP q=2 -> UNDECIDED
  L = 133980   |S| =  38 budget 1.23662  SURVIVES ->  needs SAT   pool: 133980 66990 3 5 26796 6 19140 11 14 9570 15 20 6699 21 29 4620 30 4466 33 35 44 3045 2310 1595 105 1218 116 1155 140 870 165 174 660 210 638 231 308 330
  L = 134190   |S| =  30 budget 1.20311  SURVIVES ->  needs SAT   pool: 67095 3 5 6 9 13419 14 15 18 21 6390 4970 30 35 3834 54 63 2130 90 105 1278 1065 135 189 210 639 270 315 426 378
  L = 134400   |S| =  45 budget 1.28222  NODECAP q=2 -> UNDECIDED
  L = 134640   |S| =  48 budget 1.44937  SURVIVES ->  needs SAT   pool: 134640 3 5 26928 6 8 9 14960 11 12240 11220 15 8415 18 20 6120 30 33 4080 36 3740 3366 44 3060 48 51 2640 68 1584 1530 90 99 120 935 153 165 176 765 198 680 204 660 561 510 495 306 440 330
  L = 134820   |S| =  30 budget 1.25351  SURVIVES ->  needs SAT   pool: 134820 3 33705 5 6 9 14 15 8988 18 20 21 6420 4815 30 35 36 3210 63 1926 90 105 1260 1070 140 749 210 315 428 321
  L = 135000   |S| =  34 budget 1.28136  SURVIVES ->  needs SAT   pool: 135000 3 45000 5 27000 6 8 16875 9 11250 15 18 20 5625 30 4500 36 50 54 75 90 1500 120 1125 125 1080 135 900 200 216 600 270 300 375
  L = 135240   |S| =  37 budget 1.27281  SURVIVES ->  needs SAT   pool: 67620 3 5 6 8 16905 11270 14 15 20 21 23 4830 30 35 3381 2940 2760 56 2415 69 1610 98 105 120 138 140 966 168 735 690 210 644 230 245 483 345
  L = 135720   |S| =  40 budget 1.35444  SURVIVES ->  needs SAT   pool: 67860 3 45240 5 6 8 16965 9 15080 11310 15 9048 18 20 5655 26 29 30 4524 36 3770 39 3480 65 2088 78 1560 90 116 1170 120 1044 936 156 870 174 585 260 261 468
  L = 136080   |S| =  53 budget 1.49765  NODECAP q=3 -> UNDECIDED
  L = 136500   |S| =  43 budget 1.18743  NODECAP q=5 -> UNDECIDED
  L = 136620   |S| =  47 budget 1.34138  NODECAP q=3 -> UNDECIDED
  L = 136800   |S| =  41 budget 1.30596  SURVIVES ->  needs SAT   pool: 136800 3 5 27360 6 8 9 13680 15 18 7200 20 6840 30 36 3420 48 2850 50 2400 2280 75 90 1520 95 96 1425 114 120 1140 950 900 800 200 608 228 600 285 288 300 380
  L = 136920   |S| =  25 budget 1.18107  SURVIVES ->  needs SAT   pool: 3 5 6 22820 8 17115 14 15 9128 20 6846 21 5705 4890 30 35 3260 56 105 1304 120 140 168 210 326
  L = 137160   |S| =  26 budget 1.23056  SURVIVES ->  needs SAT   pool: 3 34290 5 6 8 9 11430 15 9144 18 7620 20 30 36 3810 54 2540 90 1524 120 1143 1080 135 216 254 270
  L = 137280   |S| =  39 budget 1.29328  NODECAP q=2 -> UNDECIDED
  L = 137340   |S| =  27 budget 1.24825  SURVIVES ->  needs SAT   pool: 68670 3 5 6 19620 9 14 15 9156 18 20 21 4905 30 4578 35 36 63 1635 90 105 1308 1260 140 210 545 315
  L = 137760   |S| =  34 budget 1.24697  SURVIVES ->  needs SAT   pool: 137760 3 45920 34440 5 6 8 11480 14 9840 15 20 21 6560 30 35 3936 41 48 2870 56 1680 96 105 120 1148 140 861 168 210 224 615 336 410
  L = 137970   |S| =  32 budget 1.21231  SURVIVES ->  needs SAT   pool: 137970 3 5 6 9 15330 14 15 9198 18 7665 21 30 4599 35 3285 3066 54 63 1971 90 1533 105 135 146 189 210 219 270 315 438 378
  L = 138240   |S| =  31 budget 1.27548  NODECAP q=3 -> UNDECIDED
  L = 138600   |S| =  63 budget 1.64043  SURVIVES ->  needs SAT   pool: 3 46200 5 27720 6 8 17325 9 11 14 9900 15 9240 18 7700 20 21 6300 5775 4950 30 4620 33 35 36 44 3150 50 56 2475 2310 63 2100 1925 75 1848 1650 90 99 1400 105 1260 120 1155 140 900 165 168 198 200 210 660 231 600 525 504 495 300 308 315 440 330 350
  L = 139230   |S| =  48 budget 1.31505  SURVIVES ->  needs SAT   pool: 3 46410 5 6 23205 9 15470 13923 14 9945 15 8190 18 21 26 5355 30 4641 4095 35 39 51 63 2210 65 78 1785 90 1530 1365 105 1190 119 1170 1071 153 765 714 210 663 221 585 546 273 510 306 455 315
  L = 139320   |S| =  34 budget 1.26515  NODECAP q=3 -> UNDECIDED
  L = 139440   |S| =  31 budget 1.22303  SURVIVES ->  needs SAT   pool: 139440 3 5 6 19920 8 14 15 9296 8715 20 21 5810 30 35 48 56 2324 83 1680 105 1328 120 140 996 168 210 581 249 498 336
  L = 139860   |S| =  44 budget 1.31216  SURVIVES ->  needs SAT   pool: 69930 3 46620 34965 5 6 9 15540 11655 14 15 18 7770 20 21 30 35 3996 36 3780 3330 3108 54 2331 63 2220 74 1665 90 1554 105 1295 111 1260 1110 135 140 999 189 740 210 270 315 378
  L = 140400   |S| =  49 budget 1.40501  SURVIVES ->  needs SAT   pool: 70200 3 46800 35100 5 6 8 9 14040 10800 15 8775 18 7800 20 5850 26 30 36 39 48 2925 50 54 65 75 78 1755 90 1560 120 1170 1080 135 1040 975 936 156 900 200 216 650 624 600 585 260 270 300 468
  L = 140760   |S| =  42 budget 1.32472  SURVIVES ->  needs SAT   pool: 70380 3 35190 5 6 8 9 15 8280 18 7820 20 23 6120 5865 30 36 3519 3128 3060 51 2760 68 69 1955 1656 90 1530 120 1173 138 153 828 765 204 690 680 230 510 306 414 345
  L = 141120   |S| =  51 budget 1.47397  NODECAP q=2 -> UNDECIDED
  L = 141480   |S| =  29 budget 1.23802  SURVIVES ->  needs SAT   pool: 70740 3 47160 5 6 23580 8 9 14148 11790 15 18 20 7074 30 4716 36 54 1965 90 1310 120 131 1080 135 216 270 524 393
  L = 141750   |S| =  39 budget 1.26428  NODECAP q=3 -> UNDECIDED
  L = 141960   |S| =  40 budget 1.29374  SURVIVES ->  needs SAT   pool: 70980 3 35490 5 6 8 17745 14196 10920 14 15 20 7098 21 5915 26 5070 30 35 39 3380 56 2366 65 2028 78 1560 1365 105 120 140 1014 156 168 210 260 546 273 455 338
  L = 142380   |S| =  29 budget 1.25671  SURVIVES ->  needs SAT   pool: 71190 3 35595 5 6 9 14238 14 10170 15 18 20 21 30 35 36 3390 3164 63 1695 90 105 1356 113 1260 140 791 210 315
  L = 142560   |S| =  51 budget 1.46287  NODECAP q=3 -> UNDECIDED
  L = 142800   |S| =  47 budget 1.30855  SURVIVES ->  needs SAT   pool: 3 5 6 20400 8 11900 14 15 8925 20 7140 21 30 4760 35 4080 48 50 51 56 2550 68 2100 75 1785 1680 1428 1400 105 1275 119 120 1190 140 168 200 714 204 210 680 600 525 510 300 476 336 350
  L = 143220   |S| =  35 budget 1.20215  SURVIVES ->  needs SAT   pool: 3 5 6 23870 11 13020 14 15 20 7161 21 30 4620 33 4340 35 44 2604 2310 2046 105 1364 1155 140 930 155 165 186 210 660 651 231 308 330 341
  L = 143640   |S| =  55 budget 1.48300  NODECAP q=3 -> UNDECIDED
  L = 144000   |S| =  39 budget 1.29856  NODECAP q=5 -> UNDECIDED
  L = 144144   |S| =  49 budget 1.27788  SURVIVES ->  needs SAT   pool: 3 48048 36036 6 24024 8 18018 9 11 13104 14 10296 18 21 6864 26 33 4368 36 4004 39 3696 44 3276 48 3003 56 63 78 1848 1716 1584 99 1008 1001 936 156 168 176 198 231 624 546 273 504 308 468 336 429
  L = 144480   |S| =  39 budget 1.24005  SURVIVES ->  needs SAT   pool: 72240 3 5 28896 6 20640 8 14 10320 15 9030 20 7224 21 6020 5160 30 35 48 56 2408 2064 1806 86 1680 96 1505 105 1376 120 140 168 860 210 215 224 645 516 336
  L = 144720   |S| =  26 budget 1.25629  SURVIVES ->  needs SAT   pool: 3 5 6 8 9 12060 15 18 20 30 4824 36 3618 48 54 2010 90 1608 120 134 1080 135 1005 804 216 270
  L = 144900   |S| =  46 budget 1.37339  NODECAP q=5 -> UNDECIDED
  L = 145080   |S| =  36 budget 1.31687  SURVIVES ->  needs SAT   pool: 145080 3 5 6 8 9 14508 12090 15 18 20 26 5580 30 36 39 3224 2790 65 78 90 1560 1395 120 1170 155 936 156 930 806 186 744 585 260 558 468
  L = 145320   |S| =  27 budget 1.18638  SURVIVES ->  needs SAT   pool: 3 36330 5 29064 6 20760 8 14 15 20 7266 21 6920 30 4844 35 56 2076 1730 105 120 1211 140 168 173 210 519
  L = 145530   |S| =  44 budget 1.37028  NODECAP q=3 -> UNDECIDED
  L = 145800   |S| =  41 budget 1.29475  NODECAP q=3 -> UNDECIDED
  L = 146160   |S| =  47 budget 1.48872  SURVIVES ->  needs SAT   pool: 73080 3 48720 5 6 20880 8 18270 9 14 15 9744 18 20 21 6960 29 30 35 4176 36 3654 3480 48 3045 56 63 2088 1680 90 105 116 1260 120 1218 140 1044 1008 168 870 174 210 261 504 315 464 336
  L = 146520   |S| =  39 budget 1.39486  SURVIVES ->  needs SAT   pool: 73260 3 5 6 8 9 16280 11 13320 12210 15 18 20 7326 6105 30 4884 33 36 44 3330 2220 74 1665 90 1628 99 111 120 1110 165 888 198 740 660 296 495 330 440
  L = 146880   |S| =  44 budget 1.32380  SURVIVES ->  needs SAT   pool: 3 5 6 8 18360 9 12240 15 18 20 6120 30 4590 4320 36 4080 3264 48 3060 51 54 2720 2295 68 1836 1728 90 96 1530 120 135 1080 153 765 204 216 680 576 270 288 510 306 320 459
  L = 147000   |S| =  39 budget 1.25388  NODECAP q=5 -> UNDECIDED
  L = 147420   |S| =  50 budget 1.41671  NODECAP q=3 -> UNDECIDED
  L = 147600   |S| =  33 budget 1.28741  SURVIVES ->  needs SAT   pool: 147600 3 5 6 24600 8 18450 9 16400 15 9840 9225 18 20 6150 30 36 41 48 3075 50 75 1845 90 1476 120 900 200 615 600 300 410 369
  L = 147840   |S| =  52 budget 1.40622  NODECAP q=2 -> UNDECIDED
  L = 147960   |S| =  27 budget 1.23147  SURVIVES ->  needs SAT   pool: 3 49320 5 6 8 9 15 18 20 7398 30 36 4110 3288 54 2466 2055 90 1370 120 1233 135 1080 216 270 548 411
  L = 148500   |S| =  40 budget 1.31046  NODECAP q=3 -> UNDECIDED
  L = 148680   |S| =  37 budget 1.41496  SURVIVES ->  needs SAT   pool: 3 5 29736 6 8 18585 9 12390 14 15 18 20 7434 21 6195 30 35 36 56 2478 63 2360 1770 90 105 1416 1260 120 140 168 210 590 531 504 315 354 413
  L = 149040   |S| =  43 budget 1.34381  NODECAP q=3 -> UNDECIDED
  L = 149310   |S| =  31 budget 1.20732  SURVIVES ->  needs SAT   pool: 149310 3 5 6 9 16590 14931 14 15 18 21 7110 30 35 3318 54 2765 63 90 1659 105 1185 135 1106 158 189 210 711 270 315 378
  L = 149400   |S| =  27 budget 1.25285  SURVIVES ->  needs SAT   pool: 149400 3 5 6 24900 8 9 14940 15 18 20 6225 5976 30 36 50 75 83 90 120 996 900 200 249 600 300 498
  L = 149520   |S| =  32 budget 1.21722  SURVIVES ->  needs SAT   pool: 74760 3 37380 5 29904 6 8 14 15 9968 9345 20 21 30 35 3738 3560 48 56 2136 1869 89 1680 105 1335 120 140 1068 168 210 534 336
  L = 149688   |S| =  39 budget 1.20140  NODECAP q=3 -> UNDECIDED
  L = 149760   |S| =  40 budget 1.35214  NODECAP q=2 -> UNDECIDED
  L = 149940   |S| =  52 budget 1.33399  SURVIVES ->  needs SAT   pool: 149940 3 49980 5 6 21420 9 14994 14 15 9996 18 8330 20 21 7140 5355 30 4410 35 36 3060 51 2940 2499 63 68 1785 1764 90 98 1530 105 1428 119 1260 1190 140 1071 153 833 765 204 735 210 714 245 510 306 315 476 441
  L = 150120   |S| =  25 budget 1.23073  SURVIVES ->  needs SAT   pool: 3 5 6 8 9 15 18 20 7506 6255 30 5004 36 3753 3336 54 90 120 1251 135 1080 834 216 270 278
  L = 150150   |S| =  45 budget 1.24561  SURVIVES ->  needs SAT   pool: 150150 75075 3 5 6 25025 21450 11 14 15 10010 21 26 5775 30 33 35 4290 39 3575 50 3003 65 2310 75 78 1925 1650 105 1430 1365 1155 1001 975 165 210 231 650 273 546 525 330 455 350 429
  L = 150360   |S| =  26 budget 1.18456  SURVIVES ->  needs SAT   pool: 150360 3 37590 5 6 21480 8 18795 14 10740 15 20 21 7160 30 35 56 2148 1790 105 120 140 168 179 210 716
  L = 150480   |S| =  43 budget 1.42835  SURVIVES ->  needs SAT   pool: 150480 3 5 6 8 9 15048 11 13680 15 18 20 6840 6270 30 33 36 44 3420 3344 48 3135 2640 2280 90 95 1584 99 1520 114 120 1140 165 176 198 209 228 660 285 495 330 440 380
  L = 151200   |S| =  64 budget 1.54431  NODECAP q=3 -> UNDECIDED
  L = 151800   |S| =  37 budget 1.26475  SURVIVES ->  needs SAT   pool: 3 5 6 8 18975 11 12650 15 20 23 30 33 3795 44 50 3036 2760 69 75 2024 1650 1518 120 1265 138 165 200 690 230 660 600 575 300 506 330 345 440
  L = 152040   |S| =  28 budget 1.18115  SURVIVES ->  needs SAT   pool: 152040 76020 3 5 6 21720 8 19005 14 15 20 21 6335 5430 30 35 4344 3801 56 2715 105 1448 120 140 168 905 210 543
  L = 152280   |S| =  35 budget 1.25709  NODECAP q=3 -> UNDECIDED
  L = 152460   |S| =  47 budget 1.43256  SURVIVES ->  needs SAT   pool: 76230 3 50820 38115 5 6 25410 9 15246 11 12705 14 15 18 20 21 5445 30 33 4620 35 4356 36 44 63 2310 2178 1815 90 1694 99 105 1260 1155 140 1089 165 198 210 726 231 660 308 495 315 330 363
  L = 152640   |S| =  31 budget 1.25250  SURVIVES ->  needs SAT   pool: 152640 76320 3 5 30528 6 8 9 15264 15 10176 9540 18 20 6360 30 5088 36 48 3180 53 2120 90 96 1590 120 848 576 288 530 320
  L = 152880   |S| =  49 budget 1.33327  SURVIVES ->  needs SAT   pool: 152880 3 50960 38220 5 30576 6 8 15288 14 10920 15 20 7644 21 7280 26 30 5096 35 4368 39 3920 48 2940 56 65 78 1911 1680 98 1560 105 1365 120 1274 140 1040 156 168 735 210 245 624 260 273 546 336 455
  L = 153000   |S| =  40 budget 1.30216  NODECAP q=5 -> UNDECIDED
  L = 153090   |S| =  32 budget 1.22008  NODECAP q=3 -> UNDECIDED
  L = 153360   |S| =  32 budget 1.25667  SURVIVES ->  needs SAT   pool: 3 51120 5 6 8 9 12780 15 18 8520 20 6390 30 36 4260 3834 48 54 2556 2130 90 120 1278 135 1136 1080 1065 216 639 270 284 426
  L = 153720   |S| =  40 budget 1.41861  SURVIVES ->  needs SAT   pool: 3 51240 5 6 25620 8 19215 9 12810 14 10980 15 18 20 7686 21 30 35 36 3843 3660 3416 56 63 2135 90 105 120 1260 1220 140 168 915 854 183 210 504 315 488 366
  L = 154224   |S| =  40 budget 1.11756  NODECAP q=3 -> UNDECIDED
  L = 154440   |S| =  52 budget 1.51365  NODECAP q=3 -> UNDECIDED
  L = 154560   |S| =  41 budget 1.30055  SURVIVES ->  needs SAT   pool: 154560 3 5 6 25760 8 14 15 20 21 23 6720 30 4830 35 48 56 2760 2576 2415 69 2240 1680 96 1610 105 1344 120 138 140 966 168 210 224 690 230 644 320 483 336 345
  L = 154800   |S| =  31 budget 1.27781  SURVIVES ->  needs SAT   pool: 3 5 6 8 9 12900 15 10320 18 20 30 5160 36 3870 48 3225 50 75 2064 86 90 120 900 860 200 774 215 645 600 300 516
  L = 154980   |S| =  40 budget 1.31789  SURVIVES ->  needs SAT   pool: 77490 3 38745 5 6 22140 9 14 15 18 20 21 5535 30 5166 35 36 41 3780 54 2870 2583 63 1845 90 105 1476 1260 135 1148 140 861 189 210 615 270 315 369 378 410
  L = 155232   |S| =  39 budget 1.21274  NODECAP q=2 -> UNDECIDED
  L = 155400   |S| =  41 budget 1.25790  SURVIVES ->  needs SAT   pool: 155400 3 5 6 8 19425 15540 14 15 20 7770 21 6216 30 35 50 3108 56 2220 74 2100 75 1850 1554 105 111 1400 120 1295 140 1110 168 888 200 210 740 600 296 525 300 350
  L = 155520   |S| =  42 budget 1.29916  NODECAP q=3 -> UNDECIDED
  L = 155610   |S| =  43 budget 1.29007  SURVIVES ->  needs SAT   pool: 3 5 6 25935 9 15561 14 15 10374 18 8645 8190 21 7410 26 5985 30 35 4446 4095 39 3705 3458 63 65 2394 2223 78 90 95 105 114 1365 1170 798 210 741 585 273 285 546 315 455
  L = 156240   |S| =  51 budget 1.44962  SURVIVES ->  needs SAT   pool: 78120 3 52080 39060 5 31248 6 26040 22320 8 9 17360 15624 13020 14 15 9765 18 20 21 5580 30 35 4464 36 4340 48 56 2790 2604 63 1953 90 1680 105 1395 120 1260 140 155 1008 168 930 186 210 744 651 558 504 315 336
  L = 156600   |S| =  40 budget 1.32746  NODECAP q=5 -> UNDECIDED
  L = 156870   |S| =  30 budget 1.21706  SURVIVES ->  needs SAT   pool: 156870 3 5 6 26145 9 14 15 18 8715 21 5810 30 5229 35 54 63 2241 83 90 105 135 189 210 249 270 581 315 498 378
  L = 157080   |S| =  52 budget 1.40343  SURVIVES ->  needs SAT   pool: 157080 78540 3 39270 5 6 26180 8 11 14 11220 15 9240 20 21 7140 30 33 4760 4620 35 3740 44 51 56 2618 68 2310 1848 1785 105 1428 119 120 1190 1155 140 165 168 935 204 210 714 231 680 660 561 308 510 330 476 440
  L = 157248   |S| =  43 budget 1.15280  NODECAP q=3 -> UNDECIDED
  L = 157320   |S| =  39 budget 1.29981  SURVIVES ->  needs SAT   pool: 157320 78660 3 5 31464 6 8 9 17480 15 18 8280 20 7866 23 6840 30 36 4370 3933 3420 2760 69 2280 90 95 1656 114 120 138 1140 828 228 690 230 285 345 380 414
  L = 157500   |S| =  40 budget 1.30133  NODECAP q=5 -> UNDECIDED
  L = 157680   |S| =  30 budget 1.26123  SURVIVES ->  needs SAT   pool: 157680 3 5 31536 6 26280 8 9 15 18 20 5840 30 5256 36 4380 48 3285 54 1971 90 120 135 146 1080 876 216 219 270 438
  L = 157920   |S| =  34 budget 1.23242  SURVIVES ->  needs SAT   pool: 3 5 6 22560 8 13160 14 15 20 21 30 5264 4935 35 48 3290 56 2820 2256 1880 1680 96 105 120 1316 140 141 168 210 224 564 329 336 470
  L = 158340   |S| =  36 budget 1.18237  SURVIVES ->  needs SAT   pool: 158340 79170 3 5 31668 6 14 11310 15 20 21 26 5655 29 30 35 4524 39 3770 3045 2639 65 78 105 116 1365 1218 140 156 174 870 210 260 273 546 455
  L = 158400   |S| =  53 budget 1.45984  NODECAP q=2 -> UNDECIDED
  L = 158760   |S| =  53 budget 1.48629  NODECAP q=3 -> UNDECIDED
  L = 159120   |S| =  47 budget 1.38337  SURVIVES ->  needs SAT   pool: 3 39780 5 31824 6 8 9 12240 15 9945 18 8840 20 7956 26 6120 30 36 39 4080 48 51 3060 65 68 2210 78 90 1560 1530 120 1170 153 1040 156 936 204 765 221 680 663 624 260 585 306 510 468
  L = 159390   |S| =  46 budget 1.39667  SURVIVES ->  needs SAT   pool: 159390 3 53130 5 6 22770 9 11 14 15 18 21 23 30 5313 33 4830 35 4554 3795 63 2415 69 2310 90 99 1610 105 1518 1265 138 1155 165 966 198 210 230 231 690 315 506 495 330 483 345 414
  L = 159600   |S| =  46 budget 1.28613  SURVIVES ->  needs SAT   pool: 159600 3 39900 5 31920 6 26600 8 19950 14 15 20 21 30 35 48 50 56 2850 2280 75 2100 95 1680 105 1520 1425 114 1400 120 140 1140 1064 168 950 200 798 210 228 600 285 300 525 336 350 380
  L = 159840   |S| =  39 budget 1.29148  SURVIVES ->  needs SAT   pool: 159840 3 5 6 26640 8 9 17760 13320 15 10656 18 8880 20 30 5328 36 4320 3996 48 3330 54 2220 74 90 96 1665 111 120 135 1110 1080 999 888 216 740 270 288 296
  L = 160020   |S| =  29 budget 1.25137  SURVIVES ->  needs SAT   pool: 160020 3 53340 5 6 9 14 11430 15 18 20 21 7620 30 35 36 3810 63 2540 90 1778 105 1524 1260 140 1143 210 254 315
  L = 160200   |S| =  32 budget 1.24976  SURVIVES ->  needs SAT   pool: 160200 80100 3 53400 5 32040 6 26700 8 9 13350 15 18 20 30 36 4005 3560 50 2225 75 2136 89 90 120 1335 1068 900 200 600 300 534
  L = 160380   |S| =  40 budget 1.28325  NODECAP q=3 -> UNDECIDED
  L = 160440   |S| =  26 budget 1.18312  SURVIVES ->  needs SAT   pool: 80220 3 53480 40110 5 6 22920 8 20055 16044 14 11460 15 20 21 30 35 56 1910 105 120 140 1146 168 191 210
  L = 160650   |S| =  49 budget 1.28503  NODECAP q=5 -> UNDECIDED
  L = 160776   |S| =  36 budget 1.20510  SURVIVES ->  needs SAT   pool: 160776 3 6 26796 8 9 17864 11 14 18 21 7656 6699 29 33 36 4466 44 3654 56 2871 63 2088 1848 99 116 1218 1044 168 174 198 231 638 261 308 504
  L = 160920   |S| =  26 budget 1.22841  SURVIVES ->  needs SAT   pool: 3 5 6 8 20115 9 13410 15 18 8940 20 6705 30 5364 36 4470 54 90 120 1341 135 1080 894 216 270 596
  L = 161280   |S| =  48 budget 1.46499  NODECAP q=2 -> UNDECIDED
  L = 161460   |S| =  44 budget 1.27667  SURVIVES ->  needs SAT   pool: 161460 80730 3 53820 5 6 9 12420 15 10764 18 20 23 26 6210 30 36 4485 39 3588 3105 54 2990 65 2484 69 78 90 1755 135 1196 138 1170 156 828 230 690 260 270 585 299 345 468 414
  L = 161700   |S| =  43 budget 1.24297  SURVIVES ->  needs SAT   pool: 3 5 6 16170 11 14700 13475 14 15 20 21 7700 5775 30 5390 33 35 4620 44 3675 50 3234 2940 2310 75 2100 1925 98 1650 105 140 1155 165 210 735 231 245 660 300 308 525 330 350
  L = 162000   |S| =  42 budget 1.32193  NODECAP q=5 -> UNDECIDED
  L = 162120   |S| =  23 budget 1.18098  SURVIVES ->  needs SAT   pool: 3 5 32424 6 8 20265 14 15 10808 20 21 30 35 56 2895 105 1544 120 140 168 965 210 386
  L = 162360   |S| =  36 budget 1.39676  SURVIVES ->  needs SAT   pool: 3 40590 5 6 27060 8 20295 9 11 13530 15 10824 18 9020 20 30 33 36 41 44 2706 1845 90 99 1476 120 1353 165 198 660 615 495 330 369 440 410
  L = 162540   |S| =  43 budget 1.30706  SURVIVES ->  needs SAT   pool: 162540 3 5 6 27090 23220 9 13545 14 15 10836 18 9030 20 21 6020 30 5418 35 36 3870 3780 54 2709 63 86 90 1806 105 1505 1260 135 140 189 860 210 774 215 645 270 315 516 378
  L = 162960   |S| =  27 budget 1.21069  SURVIVES ->  needs SAT   pool: 162960 3 5 6 8 14 15 20 21 30 35 48 3395 56 2910 2328 1940 1680 105 120 140 168 194 210 776 336 485
  L = 163080   |S| =  27 budget 1.22994  SURVIVES ->  needs SAT   pool: 3 5 6 27180 8 20385 9 18120 15 18 9060 20 6795 30 36 54 2718 90 120 1359 135 1208 1080 216 755 270 453
  L = 163800   |S| =  64 budget 1.57592  SURVIVES ->  needs SAT   pool: 3 54600 40950 5 32760 6 27300 8 9 14 15 10920 18 20 8190 21 7800 26 6300 5850 30 35 36 39 4095 50 3276 3150 56 2925 63 65 75 78 2100 90 105 1560 1400 120 1365 1260 140 1170 156 168 975 936 900 200 210 650 260 273 600 585 300 546 525 315 504 350 468 455
  L = 164160   |S| =  45 budget 1.30041  NODECAP q=2 -> UNDECIDED
  L = 164430   |S| =  38 budget 1.26163  NODECAP q=3 -> UNDECIDED
  L = 164640   |S| =  34 budget 1.23434  SURVIVES ->  needs SAT   pool: 164640 3 5 6 27440 23520 8 20580 14 15 20 21 6860 30 35 4116 3920 48 56 2940 96 98 1680 105 1568 120 140 168 210 224 735 686 245 336
  L = 165060   |S| =  32 budget 1.25874  SURVIVES ->  needs SAT   pool: 3 41265 5 6 27510 23580 9 16506 14 11790 15 18 9170 20 21 30 35 4716 36 2751 63 1965 90 105 1310 131 1260 140 210 315 524 393
  L = 165240   |S| =  47 budget 1.30605  NODECAP q=3 -> UNDECIDED
  L = 165600   |S| =  40 budget 1.35053  SURVIVES ->  needs SAT   pool: 82800 3 5 6 27600 8 9 15 18 9200 20 8280 23 7200 6624 30 36 48 50 2760 69 2400 75 90 96 1656 120 138 900 200 828 800 230 690 600 288 575 300 345 414
  L = 166320   |S| =  70 budget 1.66582  NODECAP q=3 -> UNDECIDED
  L = 167040   |S| =  36 budget 1.29779  NODECAP q=2 -> UNDECIDED
  L = 167400   |S| =  38 budget 1.28672  SURVIVES ->  needs SAT   pool: 3 41850 5 6 8 20925 9 18600 13950 15 18 20 8370 6200 30 5580 36 50 54 2790 2325 75 90 120 1395 135 155 1080 930 186 900 200 216 744 270 600 300 558
  L = 167580   |S| =  44 budget 1.29696  SURVIVES ->  needs SAT   pool: 167580 3 55860 41895 5 33516 6 23940 9 14 15 18 20 8379 21 5985 30 5586 35 36 4655 4410 3420 2940 63 2394 90 95 1764 98 105 114 1260 140 1140 210 798 228 735 245 285 315 380 441
  L = 168000   |S| =  48 budget 1.28385  NODECAP q=5 -> UNDECIDED
  L = 168210   |S| =  29 budget 1.21153  SURVIVES ->  needs SAT   pool: 84105 3 5 6 9 14 15 18 9345 21 30 35 4806 4005 3738 54 63 89 90 1869 105 1335 135 189 210 270 315 534 378
  L = 168300   |S| =  47 budget 1.32465  NODECAP q=5 -> UNDECIDED
  L = 168480   |S| =  48 budget 1.39050  NODECAP q=3 -> UNDECIDED
  L = 168840   |S| =  40 budget 1.41685  SURVIVES ->  needs SAT   pool: 168840 3 42210 5 33768 6 8 9 16884 14 12060 15 18 20 21 7035 30 5628 35 4824 36 4221 56 63 2345 2010 90 105 1608 120 134 1260 140 168 1005 938 210 804 315 504
  L = 169200   |S| =  33 budget 1.26960  SURVIVES ->  needs SAT   pool: 3 5 6 28200 8 9 14100 15 18 20 8460 6768 30 36 4230 48 50 2820 75 2256 2115 90 1880 120 141 1175 900 200 846 600 300 564 470
  L = 169560   |S| =  25 budget 1.22678  SURVIVES ->  needs SAT   pool: 169560 3 56520 5 6 8 21195 9 15 18 20 30 36 4710 3768 54 2826 90 1884 120 135 1080 216 785 270
  L = 169680   |S| =  30 budget 1.20951  SURVIVES ->  needs SAT   pool: 84840 3 5 6 24240 8 16968 14 15 10605 20 21 30 35 4848 4040 48 56 2828 2121 1680 105 120 140 168 210 606 303 336 404
  L = 170100   |S| =  49 budget 1.34844  NODECAP q=3 -> UNDECIDED
  L = 170280   |S| =  37 budget 1.38831  SURVIVES ->  needs SAT   pool: 3 5 34056 6 8 21285 9 17028 11 15 18 20 8514 30 5676 33 5160 36 4730 44 3870 86 90 99 120 165 198 860 215 774 660 645 330 516 495 473 440
  L = 170520   |S| =  33 budget 1.24488  SURVIVES ->  needs SAT   pool: 170520 3 5 34104 6 8 14 15 20 8526 21 29 30 5684 35 4263 3480 56 3045 2940 98 105 116 120 1421 140 1218 168 174 870 210 735 245
  L = 170640   |S| =  29 budget 1.25476  SURVIVES ->  needs SAT   pool: 170640 85320 3 56880 5 6 8 9 17064 15 18 20 7110 6320 30 36 48 54 2844 90 1896 120 135 1185 158 1080 216 711 270
  L = 170940   |S| =  37 budget 1.21090  SURVIVES ->  needs SAT   pool: 3 5 6 11 15540 14 12210 15 20 21 7770 6105 30 33 35 4884 4620 44 3108 74 2310 2220 105 1628 1554 111 1295 140 1155 1110 165 210 231 740 660 308 330
  L = 171000   |S| =  40 budget 1.28019  NODECAP q=5 -> UNDECIDED
  L = 171360   |S| =  59 budget 1.51871  NODECAP q=2 -> UNDECIDED
  L = 171600   |S| =  43 budget 1.32376  NODECAP q=5 -> UNDECIDED
  L = 171720   |S| =  31 budget 1.26451  NODECAP q=3 -> UNDECIDED
  L = 171990   |S| =  46 budget 1.32125  SURVIVES ->  needs SAT   pool: 3 57330 5 6 28665 9 14 12285 15 18 21 8190 26 30 5733 35 4914 39 4410 4095 54 63 65 78 90 1911 98 1755 105 1365 1323 135 1274 1170 189 210 735 245 270 273 585 315 546 378 455 441
  L = 172200   |S| =  37 budget 1.25700  SURVIVES ->  needs SAT   pool: 3 5 34440 6 24600 8 21525 14 15 11480 20 21 6150 30 35 41 50 56 3075 2870 75 2100 105 120 1400 140 1148 168 200 861 210 615 600 300 525 350 410
  L = 172260   |S| =  40 budget 1.31747  SURVIVES ->  needs SAT   pool: 3 43065 5 6 9 19140 11 15660 14355 15 18 9570 20 7830 29 30 33 36 44 54 2871 90 99 1595 116 1485 135 1188 165 1044 174 198 870 783 261 660 270 638 330 495
  L = 172620   |S| =  31 budget 1.25192  SURVIVES ->  needs SAT   pool: 3 43155 5 6 9 14385 14 15 11508 18 9590 20 21 30 35 36 4110 3836 63 2466 2055 90 105 1370 1260 140 1233 210 315 548 411
  L = 172800   |S| =  44 budget 1.32190  NODECAP q=5 -> UNDECIDED
  L = 173040   |S| =  28 budget 1.20913  SURVIVES ->  needs SAT   pool: 3 57680 5 6 8 21630 14 15 20 21 8240 30 35 48 3605 56 2163 1680 105 120 140 1236 168 210 618 309 336 515
  L = 173160   |S| =  38 budget 1.32957  SURVIVES ->  needs SAT   pool: 173160 3 5 6 8 21645 9 13320 15 18 20 8658 7215 26 30 36 39 3330 65 74 78 2220 90 1665 111 1560 120 1443 1170 156 1110 936 888 740 260 296 585 468
  L = 173250   |S| =  44 budget 1.36441  NODECAP q=5 -> UNDECIDED
  L = 173880   |S| =  57 budget 1.53291  NODECAP q=3 -> UNDECIDED
  L = 174240   |S| =  42 budget 1.41232  SURVIVES ->  needs SAT   pool: 87120 3 43560 5 34848 6 8 9 17424 11 15 18 20 30 5808 5445 33 36 4356 44 48 3168 2640 2178 90 96 1815 99 1584 120 1089 165 1056 176 198 726 660 288 330 495 363 440
  L = 174600   |S| =  29 budget 1.24475  SURVIVES ->  needs SAT   pool: 3 5 6 8 21825 9 14550 15 18 20 7275 30 36 4365 50 2910 75 2328 90 1940 120 194 900 200 873 776 600 300 485
  L = 174720   |S| =  49 budget 1.34622  NODECAP q=2 -> UNDECIDED
  L = 174960   |S| =  35 budget 1.27125  NODECAP q=3 -> UNDECIDED
  L = 175140   |S| =  30 budget 1.25105  SURVIVES ->  needs SAT   pool: 175140 87570 3 5 6 9 19460 14595 14 15 18 20 21 6255 30 5838 35 5004 36 2919 63 90 105 1260 140 1251 210 834 278 315
  L = 175500   |S| =  43 budget 1.24742  NODECAP q=5 -> UNDECIDED
  L = 175560   |S| =  47 budget 1.38233  SURVIVES ->  needs SAT   pool: 175560 3 58520 5 6 8 21945 11 14 15 9240 20 21 6270 30 33 35 4620 4389 44 56 3135 2310 2280 95 1848 105 114 120 1463 140 1155 1140 165 1064 168 209 210 798 228 231 660 285 308 330 380 440
  L = 175770   |S| =  39 budget 1.23198  NODECAP q=3 -> UNDECIDED
  L = 176040   |S| =  27 budget 1.22911  SURVIVES ->  needs SAT   pool: 176040 88020 3 58680 5 6 8 9 15 11736 18 20 30 36 4890 4401 54 3260 2934 90 120 135 1304 1080 216 270 326
  L = 176400   |S| =  55 budget 1.49997  SURVIVES ->  needs SAT   pool: 88200 3 5 6 8 22050 9 17640 14700 14 15 11025 18 20 21 6300 30 35 36 4410 3920 48 3675 50 3528 56 3150 2940 63 75 2100 90 98 1764 105 1680 120 1400 140 1260 168 1008 900 200 210 735 245 600 300 315 336 525 350 504 441
  L = 176904   |S| =  34 budget 1.12341  NODECAP q=3 -> UNDECIDED
  L = 177120   |S| =  35 budget 1.29230  SURVIVES ->  needs SAT   pool: 3 59040 5 35424 6 8 22140 9 15 18 9840 20 8856 6560 30 5535 36 41 4320 3936 48 54 90 96 1845 120 1476 135 1080 216 270 288 615 369 410
  L = 177240   |S| =  22 budget 1.17772  SURVIVES ->  needs SAT   pool: 3 5 6 8 17724 14 12660 15 11816 20 21 7385 30 35 4431 56 105 120 140 168 1055 210
  L = 177408   |S| =  42 budget 1.21323  NODECAP q=2 -> UNDECIDED
  L = 177480   |S| =  40 budget 1.30120  SURVIVES ->  needs SAT   pool: 177480 88740 3 44370 5 6 8 22185 9 14790 15 18 20 8874 29 6120 30 5916 36 51 3480 3060 68 2465 2088 90 116 1530 120 153 1044 174 986 204 870 765 261 680 306 510
  L = 177660   |S| =  45 budget 1.30171  SURVIVES ->  needs SAT   pool: 177660 3 5 6 29610 9 17766 14805 14 15 11844 18 20 21 8460 30 35 36 4935 4230 3780 54 3290 2961 63 2820 2538 2115 90 105 135 1316 140 1269 141 1260 189 210 846 270 315 564 329 378 470
  L = 177840   |S| =  47 budget 1.35622  SURVIVES ->  needs SAT   pool: 88920 3 5 6 29640 8 9 19760 17784 14820 13680 15 18 20 7410 26 6840 30 36 39 4446 48 3705 3420 65 78 2280 2223 90 95 114 1560 1520 120 1170 156 1140 1040 936 228 741 260 285 624 585 380 468
  L = 178080   |S| =  35 budget 1.24283  SURVIVES ->  needs SAT   pool: 3 44520 5 35616 6 8 17808 14 15 20 21 6360 30 5565 35 5088 48 53 56 3180 2120 96 105 1680 1590 120 1484 140 168 210 848 224 336 530 371
  L = 178200   |S| =  53 budget 1.46570  NODECAP q=3 -> UNDECIDED
  L = 178560   |S| =  34 budget 1.25722  NODECAP q=2 -> UNDECIDED
  L = 178920   |S| =  40 budget 1.41455  SURVIVES ->  needs SAT   pool: 89460 3 5 35784 6 8 9 19880 14 12780 15 11928 18 20 21 8520 6390 30 35 36 4970 4260 56 63 2556 2130 90 105 120 140 1278 1260 168 1065 210 639 284 315 504 426
  L = 179280   |S| =  30 budget 1.26562  SURVIVES ->  needs SAT   pool: 89640 3 5 35856 6 8 9 19920 14940 15 18 20 8964 30 5976 36 48 54 2241 83 90 120 135 1328 1080 996 216 249 270 498
  L = 179400   |S| =  39 budget 1.21380  NODECAP q=5 -> UNDECIDED
  L = 179520   |S| =  39 budget 1.23009  SURVIVES ->  needs SAT   pool: 179520 3 5 35904 6 8 11 14960 15 11220 10560 20 30 5984 33 44 4080 48 3740 51 3264 2720 68 2640 96 120 165 1056 176 935 204 704 680 660 320 561 330 510 440
  L = 179550   |S| =  40 budget 1.26259  SURVIVES ->  needs SAT   pool: 179550 3 59850 5 35910 6 9 19950 17955 14 15 18 21 30 5985 35 50 54 3150 63 2850 75 2394 90 95 105 114 1425 135 1026 189 950 210 798 270 285 315 525 350 378
  L = 179760   |S| =  29 budget 1.20916  SURVIVES ->  needs SAT   pool: 3 5 6 29960 25680 8 14 15 20 8988 21 6420 30 35 5136 48 56 3210 105 1680 120 140 168 1070 210 749 321 336 428
  L = 180000   |S| =  35 budget 1.28319  NODECAP q=5 -> UNDECIDED
  L = 180180   |S| =  63 budget 1.54737  SURVIVES ->  needs SAT   pool: 90090 3 60060 5 36036 6 25740 9 18018 11 14 12870 15 18 10010 20 21 8190 26 30 33 35 36 39 4620 4290 44 4095 4004 3276 3003 63 65 78 2310 90 99 105 1716 1430 1365 140 1260 1170 156 1155 165 1001 198 210 231 260 273 660 308 585 315 330 546 495 468 455 429
  L = 180360   |S| =  23 budget 1.22501  SURVIVES ->  needs SAT   pool: 90180 3 5 6 8 9 18036 15 12024 18 20 7515 30 36 4008 54 2505 90 120 135 1080 216 270
  L = 180600   |S| =  40 budget 1.24905  SURVIVES ->  needs SAT   pool: 3 60200 5 6 8 14 12900 15 20 9030 21 7224 30 6020 35 5160 50 56 3225 75 2408 86 2100 1806 105 120 1505 1400 140 168 200 210 860 215 645 300 600 525 350 516
  L = 180810   |S| =  33 budget 1.21129  SURVIVES ->  needs SAT   pool: 90405 3 5 6 30135 9 14 15 12054 18 21 30 35 5166 41 4410 63 2870 2583 90 2009 98 1845 105 210 861 245 735 615 315 369 410 441
  L = 181440   |S| =  60 budget 1.51800  NODECAP q=3 -> UNDECIDED
  L = 182160   |S| =  50 budget 1.47401  SURVIVES ->  needs SAT   pool: 182160 3 60720 45540 5 6 8 22770 9 18216 11 15 18 20 9108 8280 23 30 33 36 4554 44 48 3795 3036 2760 69 2640 90 2024 99 1656 1584 120 1518 138 1265 165 176 198 828 230 690 660 330 345 506 495 414 440
  L = 182280   |S| =  33 budget 1.20891  SURVIVES ->  needs SAT   pool: 3 45570 5 6 30380 26040 8 18228 14 13020 15 20 9114 21 30 35 4340 56 2940 2604 98 105 120 140 155 168 186 930 210 245 744 735 651
  L = 182520   |S| =  40 budget 1.33910  SURVIVES ->  needs SAT   pool: 3 5 36504 6 8 22815 9 14040 15 12168 18 20 9126 26 30 36 5070 39 4563 54 3380 65 78 90 2028 1755 1560 120 135 156 1170 1080 1014 936 216 260 270 585 338 468
  L = 182700   |S| =  45 budget 1.34632  SURVIVES ->  needs SAT   pool: 91350 3 5 6 30450 26100 9 18270 14 15 18 20 21 8700 29 6300 30 35 36 5075 50 3654 3150 3045 63 2900 75 2100 90 105 116 140 1260 1218 174 1044 900 210 870 725 261 300 315 525 350
  L = 182952   |S| =  37 budget 1.18669  SURVIVES ->  needs SAT   pool: 91476 3 6 8 9 11 15246 14 18 21 8316 6776 33 36 4356 44 4158 54 56 63 2178 2079 99 1848 1694 1188 168 1089 189 198 216 231 726 308 363 504 378
  L = 183120   |S| =  28 budget 1.20465  SURVIVES ->  needs SAT   pool: 3 61040 5 6 26160 8 14 13080 15 20 9156 21 30 35 4578 48 56 2616 105 1680 1635 120 140 1308 168 210 336 545
  L = 183330   |S| =  27 budget 1.20572  SURVIVES ->  needs SAT   pool: 3 5 6 9 14 15 18 21 30 35 5238 4365 54 3395 63 2910 90 105 135 189 194 210 873 270 315 378 485
  L = 183600   |S| =  49 budget 1.34937  NODECAP q=3 -> UNDECIDED
  L = 183960   |S| =  40 budget 1.42083  SURVIVES ->  needs SAT   pool: 3 5 6 26280 8 9 18396 15330 14 15 18 10220 20 9198 21 7665 30 35 5256 36 4599 4380 56 3285 3066 63 90 105 120 1533 140 146 1260 168 210 876 219 315 504 438
  L = 184140   |S| =  38 budget 1.27885  SURVIVES ->  needs SAT   pool: 3 61380 5 6 30690 9 11 15 18 20 8370 30 6138 33 5580 36 44 54 2790 90 2046 99 1485 1395 135 1364 155 1188 165 186 198 930 270 660 330 558 341 495
  L = 184680   |S| =  46 budget 1.28116  NODECAP q=3 -> UNDECIDED
  L = 184800   |S| =  56 budget 1.44177  NODECAP q=5 -> UNDECIDED
  L = 185220   |S| =  42 budget 1.30424  SURVIVES ->  needs SAT   pool: 185220 92610 3 5 6 9 20580 15435 14 15 12348 18 20 9261 21 6860 30 35 36 4410 4116 3780 54 63 2940 90 98 105 1764 135 140 1323 1260 189 210 245 735 270 686 315 378 441
  L = 185400   |S| =  33 budget 1.24233  SURVIVES ->  needs SAT   pool: 185400 92700 3 61800 5 37080 6 8 23175 9 20600 15 18 20 9270 7725 30 36 5150 50 3708 75 90 1854 120 1236 200 900 300 618 309 600 515
  L = 185640   |S| =  53 budget 1.35206  SURVIVES ->  needs SAT   pool: 185640 92820 3 46410 5 37128 6 8 23205 15470 14 15 10920 20 21 8840 26 7140 30 6188 35 39 4760 4641 51 56 65 68 78 2210 1785 105 119 1560 120 1428 1365 140 156 1190 168 204 210 221 260 714 273 680 663 546 510 476 455
  L = 185760   |S| =  34 budget 1.28310  SURVIVES ->  needs SAT   pool: 3 5 6 8 23220 9 20640 15 18 10320 20 30 36 5160 4320 48 3870 54 86 90 2064 96 120 135 1376 1080 215 216 860 774 270 288 645 516
  L = 186120   |S| =  39 budget 1.37878  SURVIVES ->  needs SAT   pool: 186120 3 5 37224 6 8 9 11 15 18 10340 20 8460 7755 30 6204 33 36 44 4230 4136 2820 2585 2115 90 99 1880 120 141 165 1034 198 846 660 330 564 495 470 440
  L = 186480   |S| =  51 budget 1.46265  SURVIVES ->  needs SAT   pool: 93240 3 46620 5 6 26640 8 9 15540 14 13320 15 11655 18 20 21 8880 7770 30 6216 35 5328 36 48 56 3330 3108 63 74 2331 2220 90 105 111 1680 1665 120 1554 140 1295 1260 168 1110 1008 210 888 740 296 315 336 504
  L = 186840   |S| =  29 budget 1.23381  SURVIVES ->  needs SAT   pool: 93420 3 62280 5 6 8 9 20760 18684 15 18 20 6920 30 6228 36 4671 54 3114 90 2076 1730 120 135 173 1080 216 270 519
  L = 187110   |S| =  45 budget 1.37400  NODECAP q=3 -> UNDECIDED
  L = 187200   |S| =  50 budget 1.39045  NODECAP q=2 -> UNDECIDED
  L = 187740   |S| =  34 budget 1.25004  SURVIVES ->  needs SAT   pool: 187740 3 46935 5 6 31290 9 18774 14 13410 15 12516 18 20 21 8940 6705 30 6258 35 5364 36 4470 63 90 105 140 1341 1260 1043 210 894 315 596
  L = 187920   |S| =  45 budget 1.32363  NODECAP q=3 -> UNDECIDED
  L = 188100   |S| =  42 budget 1.30481  NODECAP q=5 -> UNDECIDED
  L = 188160   |S| =  40 budget 1.24798  NODECAP q=2 -> UNDECIDED
  L = 188370   |S| =  44 budget 1.34708  SURVIVES ->  needs SAT   pool: 3 5 6 31395 9 14 15 12558 18 21 23 8190 26 30 35 39 4830 4485 4095 63 2990 65 69 78 2415 90 105 1610 138 1365 1170 966 210 230 273 690 299 315 585 345 546 483 414 455
  L = 188496   |S| =  43 budget 1.24407  SURVIVES ->  needs SAT   pool: 3 6 26928 8 9 11 17136 14 11781 18 21 8568 33 36 44 48 51 3696 56 3366 63 68 2618 99 1848 119 1584 1428 153 168 176 1071 1008 198 204 231 714 306 308 336 561 504 476
  L = 188760   |S| =  34 budget 1.25234  SURVIVES ->  needs SAT   pool: 188760 3 5 6 31460 8 11 15 12584 20 7865 26 30 33 39 4719 44 4290 65 78 1815 1716 120 1560 1430 156 165 260 726 660 330 363 429 440
  L = 189000   |S| =  56 budget 1.51107  NODECAP q=3 -> UNDECIDED
  L = 189420   |S| =  35 budget 1.21486  SURVIVES ->  needs SAT   pool: 94710 3 5 6 27060 11 14 13530 15 20 21 9020 30 33 35 41 4620 44 2870 2706 2310 105 140 1353 1155 165 1148 210 861 231 660 308 615 330 410
  L = 189540   |S| =  36 budget 1.21633  NODECAP q=3 -> UNDECIDED
  L = 189720   |S| =  38 budget 1.26239  SURVIVES ->  needs SAT   pool: 189720 3 63240 5 6 31620 8 23715 9 15 18 20 9486 30 6120 5580 36 51 3060 68 2790 90 2108 120 1581 1530 1395 153 155 186 204 930 765 744 680 306 558 510
  L = 189840   |S| =  30 budget 1.21349  SURVIVES ->  needs SAT   pool: 189840 3 5 37968 6 31640 8 14 15 20 21 30 35 4520 48 56 3390 3164 105 1808 1695 113 1680 120 140 1356 168 210 791 336
  L = 190080   |S| =  50 budget 1.46026  NODECAP q=3 -> UNDECIDED
  L = 190260   |S| =  33 budget 1.25033  SURVIVES ->  needs SAT   pool: 95130 3 47565 5 6 31710 27180 9 21140 19026 14 15 18 20 21 9060 6795 30 35 36 3171 63 2718 90 2114 105 140 1359 1260 210 755 315 453
  L = 190440   |S| =  27 budget 1.26775  SURVIVES ->  needs SAT   pool: 190440 3 63480 5 6 8 9 15870 15 18 20 23 8280 30 6348 36 69 2760 90 1656 120 138 230 828 690 345 414
  L = 190800   |S| =  33 budget 1.27844  SURVIVES ->  needs SAT   pool: 3 47700 5 6 31800 8 23850 9 15 18 20 9540 7950 30 6360 36 5300 48 3975 50 53 3180 75 90 2120 120 1590 200 900 848 300 600 530
  L = 190890   |S| =  33 budget 1.20309  SURVIVES ->  needs SAT   pool: 95445 3 63630 5 6 27270 9 14 13635 15 12726 18 10605 21 9090 30 35 5454 4545 54 63 90 2121 105 1818 135 189 210 270 303 315 606 378
  L = 191100   |S| =  41 budget 1.19233  SURVIVES ->  needs SAT   pool: 3 5 38220 6 27300 14700 14 15 20 21 7644 26 30 35 39 50 3675 65 2940 75 78 2100 98 1911 105 140 1365 1274 156 975 210 245 260 735 273 650 300 350 546 525 455
  L = 191160   |S| =  33 budget 1.25109  NODECAP q=3 -> UNDECIDED
  L = 191400   |S| =  38 budget 1.23877  SURVIVES ->  needs SAT   pool: 191400 3 63800 47850 5 38280 6 8 19140 11 15 20 9570 8700 7656 29 30 33 44 50 3480 2900 75 116 1650 120 1595 165 174 200 870 725 660 300 638 600 330 440
  L = 191520   |S| =  55 budget 1.48460  NODECAP q=2 -> UNDECIDED
  L = 191880   |S| =  36 budget 1.33089  SURVIVES ->  needs SAT   pool: 3 63960 5 38376 6 8 9 21320 19188 15990 15 18 20 7995 26 30 36 39 41 3198 65 78 90 1845 120 1560 1476 156 1170 936 260 615 585 369 410 468
  L = 192240   |S| =  30 budget 1.26107  SURVIVES ->  needs SAT   pool: 192240 3 5 6 32040 8 9 19224 15 12816 18 20 30 36 4806 48 4005 54 3560 89 90 2136 120 135 1335 1080 1068 216 270 534
  L = 192600   |S| =  29 budget 1.24142  SURVIVES ->  needs SAT   pool: 96300 3 5 38520 6 8 9 15 18 10700 20 30 6420 36 4815 50 3210 2675 75 90 1926 120 1070 200 900 300 321 600 428
  L = 192780   |S| =  58 budget 1.37178  NODECAP q=3 -> UNDECIDED
  L = 193050   |S| =  46 budget 1.29286  NODECAP q=5 -> UNDECIDED
  L = 193200   |S| =  49 budget 1.33245  SURVIVES ->  needs SAT   pool: 193200 96600 3 48300 5 6 27600 8 14 15 12075 20 21 9200 23 30 35 4830 48 50 56 69 2760 75 2576 2415 2100 105 1680 120 1610 138 1400 140 168 200 966 210 230 690 300 644 600 336 575 345 350 525 483
  L = 193320   |S| =  29 budget 1.23277  SURVIVES ->  needs SAT   pool: 193320 3 48330 5 6 8 9 21480 15 18 10740 20 9666 8055 7160 30 6444 36 54 90 2148 1790 120 135 179 1080 216 270 716
  L = 194040   |S| =  59 budget 1.60743  SURVIVES ->  needs SAT   pool: 194040 3 64680 48510 5 38808 6 27720 8 9 11 17640 16170 14 15 12936 18 20 21 9240 30 33 35 36 5390 4620 44 4410 3528 56 3234 63 2940 2310 90 98 99 105 1848 1764 120 140 1260 165 168 1155 198 210 231 245 735 660 308 315 330 504 495 440 441
  L = 194400   |S| =  47 budget 1.33027  NODECAP q=3 -> UNDECIDED
  L = 194670   |S| =  33 budget 1.20512  SURVIVES ->  needs SAT   pool: 97335 3 5 6 32445 27810 9 21630 14 15 18 21 9270 30 6489 35 54 3605 63 2781 90 2163 105 1854 135 189 210 270 309 315 618 378 515
  L = 194880   |S| =  41 budget 1.27447  NODECAP q=2 -> UNDECIDED
  L = 195300   |S| =  48 budget 1.30741  SURVIVES ->  needs SAT   pool: 3 65100 48825 5 39060 6 32550 9 14 13950 15 13020 18 10850 20 9765 21 30 6300 35 5580 36 4340 50 3150 63 2790 75 2604 2325 90 2100 1953 105 140 1395 155 1260 186 210 930 900 300 651 315 350 558 525
  L = 195480   |S| =  30 budget 1.22943  SURVIVES ->  needs SAT   pool: 195480 3 5 39096 6 8 24435 9 21720 19548 15 18 20 30 6516 36 5430 4344 54 2715 90 120 1629 135 1448 1080 216 905 270 543
  L = 195720   |S| =  27 budget 1.18347  SURVIVES ->  needs SAT   pool: 195720 3 48930 5 6 27960 8 16310 14 13980 15 20 21 30 6524 35 4893 56 3495 105 120 140 1398 168 210 233 699
  L = 195840   |S| =  37 budget 1.29522  NODECAP q=2 -> UNDECIDED
  L = 196020   |S| =  39 budget 1.28248  NODECAP q=3 -> UNDECIDED
  L = 196560   |S| =  71 budget 1.59476  NODECAP q=3 -> UNDECIDED
  L = 197400   |S| =  39 budget 1.24282  SURVIVES ->  needs SAT   pool: 3 5 6 28200 8 14 14100 15 13160 20 21 8225 30 35 4935 50 56 3290 2820 75 2100 105 1880 120 140 141 1400 1316 168 1175 200 210 300 329 600 350 564 525 470
  L = 197640   |S| =  35 budget 1.25499  NODECAP q=3 -> UNDECIDED
  L = 197820   |S| =  27 budget 1.24740  SURVIVES ->  needs SAT   pool: 3 49455 5 6 9 21980 16485 14 15 18 20 21 30 35 36 4710 63 2826 90 2198 105 1884 140 1260 210 785 315
  L = 198000   |S| =  46 budget 1.44952  SURVIVES ->  needs SAT   pool: 198000 3 66000 5 39600 6 8 9 11 15 18 20 9900 30 33 36 4950 44 4500 48 50 2750 75 2640 2475 90 99 2000 120 1650 125 1584 1500 165 176 1125 198 200 900 300 660 330 600 375 495 440
  L = 198240   |S| =  34 budget 1.22616  SURVIVES ->  needs SAT   pool: 99120 3 5 6 8 14 15 12390 20 21 30 6608 6195 35 5664 48 56 2478 2360 96 105 1770 1680 120 140 1416 168 210 944 224 336 590 354 413
  L = 198360   |S| =  35 budget 1.27901  SURVIVES ->  needs SAT   pool: 3 66120 49590 5 6 8 9 15 13224 18 20 29 6840 30 36 3480 3420 2280 90 2204 95 2088 114 116 120 1653 174 1140 1044 228 870 261 285 551 380
  L = 198450   |S| =  43 budget 1.27192  NODECAP q=3 -> UNDECIDED
  L = 198660   |S| =  39 budget 1.20787  SURVIVES ->  needs SAT   pool: 3 5 6 33110 19866 11 14 15 13244 20 9933 21 9030 30 33 6020 35 5676 4730 4620 44 86 2310 105 1806 1505 140 165 1155 210 215 231 860 660 308 645 330 516 473
  L = 198720   |S| =  42 budget 1.34432  SURVIVES ->  needs SAT   pool: 3 5 6 8 24840 9 15 13248 12420 18 20 23 8280 30 6624 6210 36 4320 48 54 3105 69 2760 2484 90 96 1728 120 1656 135 138 1080 216 230 828 270 288 690 320 345 576 414
  L = 198900   |S| =  48 budget 1.26500  SURVIVES ->  needs SAT   pool: 99450 3 5 39780 6 33150 9 22100 16575 15 18 20 9945 7956 26 30 5850 36 39 50 51 65 3060 68 2925 75 78 2550 90 2210 1530 153 156 1275 1170 204 975 221 900 260 765 300 663 306 650 585 510 468
  L = 199080   |S| =  40 budget 1.41571  SURVIVES ->  needs SAT   pool: 99540 3 66360 5 39816 6 33180 8 9 16590 14 15 18 20 21 7110 30 35 36 4424 56 3318 63 2844 2765 90 105 1896 120 1659 140 158 1260 168 1185 1106 210 711 315 504
  L = 199584   |S| =  50 budget 1.24847  NODECAP q=3 -> UNDECIDED
  L = 199800   |S| =  42 budget 1.30127  SURVIVES ->  needs SAT   pool: 199800 3 66600 49950 5 6 33300 8 9 16650 15 13320 18 20 8325 30 36 50 3996 54 3330 74 75 90 2220 1850 111 120 1665 135 1110 1080 200 999 216 900 888 270 740 296 300 600
  L = 199920   |S| =  44 budget 1.27594  SURVIVES ->  needs SAT   pool: 99960 3 49980 5 6 8 14 15 20 9996 21 8330 7140 30 35 4760 48 4080 51 3920 56 68 2940 2499 98 105 1785 119 1680 120 140 1428 168 1190 204 210 833 245 735 714 680 336 510 476

# candidates(budget>1) = 3565 ; fiber-killed = 2762 ; nodecap = 265 ; SURVIVORS = 538
