AVOIDER 1 7 2 4 3 9 8 5 6 18 20 19 14 23 16 10 12 13 11 24 28 29 30 21 22 15 26 25 17 27
AVOIDER 1 7 2 4 3 9 8 5 6 18 20 19 14 23 16 10 12 13 11 24 28 30 29 21 22 15 26 25 17 27
AVOIDER 1 7 2 4 3 9 8 5 6 18 20 19 14 23 16 10 12 13 11 24 29 28 30 21 22 15 26 25 17 27
AVOIDER 1 7 2 4 3 9 8 5 6 18 20 19 14 23 16 10 12 13 11 24 30 28 29 21 22 15 26 25 17 27
AVOIDER 1 7 2 4 3 9 8 5 6 18 20 19 14 23 16 10 12 13 11 24 29 30 28 21 22 15 26 25 17 27
AVOIDER 1 7 2 4 3 9 8 5 6 18 20 19 14 23 16 10 12 13 11 28 24 29 30 21 22 15 26 25 17 27
AVOIDER 1 7 2 4 3 9 8 5 6 18 20 19 14 23 16 10 12 13 11 28 24 30 29 21 22 15 26 25 17 27
AVOIDER 1 7 2 4 3 9 8 5 6 18 20 19 14 23 16 10 12 13 11 29 24 28 30 21 22 15 26 25 17 27
AVOIDER 1 7 2 4 3 9 8 5 6 18 20 19 14 23 16 10 12 13 11 30 24 28 29 21 22 15 26 25 17 27
AVOIDER 1 7 2 4 3 9 8 5 6 18 20 19 14 23 16 10 12 13 11 29 24 30 28 21 22 15 26 25 17 27
AVOIDER 1 7 2 4 3 9 8 5 6 18 20 19 14 23 16 10 12 13 11 28 29 24 30 21 22 15 26 25 17 27
AVOIDER 1 7 2 4 3 9 8 5 6 18 20 19 14 23 16 10 12 13 11 28 30 24 29 21 22 15 26 25 17 27
AVOIDER 1 7 2 4 3 9 8 5 6 18 20 19 14 23 16 10 12 13 11 29 28 24 30 21 22 15 26 25 17 27
AVOIDER 1 7 2 4 3 9 8 5 6 18 20 19 14 23 16 10 12 13 11 30 28 24 29 21 22 15 26 25 17 27
AVOIDER 1 7 2 4 3 9 8 5 6 18 20 19 14 23 16 10 12 13 11 29 30 24 28 21 22 15 26 25 17 27
AVOIDER 1 7 2 4 3 9 8 5 6 18 20 19 14 23 16 10 12 13 11 28 29 30 24 21 22 15 26 25 17 27
AVOIDER 1 7 2 4 3 9 8 5 6 18 20 19 14 23 16 10 12 13 11 28 30 29 24 21 22 15 26 25 17 27
AVOIDER 1 7 2 4 3 9 8 5 6 18 20 19 14 23 16 10 12 13 11 29 28 30 24 21 22 15 26 25 17 27
AVOIDER 1 7 2 4 3 9 8 5 6 18 20 19 14 23 16 10 12 13 11 30 28 29 24 21 22 15 26 25 17 27
AVOIDER 1 7 2 4 3 9 8 5 6 18 20 19 14 23 16 10 12 13 11 29 30 28 24 21 22 15 26 25 17 27
AVOIDER 1 7 2 4 3 9 8 5 6 18 20 19 14 23 16 10 12 13 11 24 30 22 28 29 21 15 26 25 17 27
AVOIDER 1 7 2 4 3 9 8 5 6 18 20 19 14 23 16 10 12 13 11 30 24 22 28 29 21 15 26 25 17 27
AVOIDER 1 7 2 4 3 9 8 5 6 18 20 19 14 23 16 10 12 13 11 24 28 30 22 29 21 15 26 25 17 27
AVOIDER 1 7 2 4 3 9 8 5 6 18 20 19 14 23 16 10 12 13 11 24 30 28 22 29 21 15 26 25 17 27
AVOIDER 1 7 2 4 3 9 8 5 6 18 20 19 14 23 16 10 12 13 11 24 29 30 22 28 21 15 26 25 17 27
AVOIDER 1 7 2 4 3 9 8 5 6 18 20 19 14 23 16 10 12 13 11 28 24 30 22 29 21 15 26 25 17 27
AVOIDER 1 7 2 4 3 9 8 5 6 18 20 19 14 23 16 10 12 13 11 30 24 28 22 29 21 15 26 25 17 27
AVOIDER 1 7 2 4 3 9 8 5 6 18 20 19 14 23 16 10 12 13 11 29 24 30 22 28 21 15 26 25 17 27
AVOIDER 1 7 2 4 3 9 8 5 6 18 20 19 14 23 16 10 12 13 11 28 30 24 22 29 21 15 26 25 17 27
AVOIDER 1 7 2 4 3 9 8 5 6 18 20 19 14 23 16 10 12 13 11 30 28 24 22 29 21 15 26 25 17 27
AVOIDER 1 7 2 4 3 9 8 5 6 18 20 19 14 23 16 10 12 13 11 29 30 24 22 28 21 15 26 25 17 27
AVOIDER 1 7 2 4 3 9 8 5 6 18 20 19 14 23 16 10 12 13 11 24 28 29 30 22 21 15 26 25 17 27
AVOIDER 1 7 2 4 3 9 8 5 6 18 20 19 14 23 16 10 12 13 11 24 28 30 29 22 21 15 26 25 17 27
AVOIDER 1 7 2 4 3 9 8 5 6 18 20 19 14 23 16 10 12 13 11 24 29 28 30 22 21 15 26 25 17 27
AVOIDER 1 7 2 4 3 9 8 5 6 18 20 19 14 23 16 10 12 13 11 24 30 28 29 22 21 15 26 25 17 27
AVOIDER 1 7 2 4 3 9 8 5 6 18 20 19 14 23 16 10 12 13 11 24 29 30 28 22 21 15 26 25 17 27
AVOIDER 1 7 2 4 3 9 8 5 6 18 20 19 14 23 16 10 12 13 11 28 24 29 30 22 21 15 26 25 17 27
AVOIDER 1 7 2 4 3 9 8 5 6 18 20 19 14 23 16 10 12 13 11 28 24 30 29 22 21 15 26 25 17 27
AVOIDER 1 7 2 4 3 9 8 5 6 18 20 19 14 23 16 10 12 13 11 29 24 28 30 22 21 15 26 25 17 27
AVOIDER 1 7 2 4 3 9 8 5 6 18 20 19 14 23 16 10 12 13 11 30 24 28 29 22 21 15 26 25 17 27
AVOIDER 1 7 2 4 3 9 8 5 6 18 20 19 14 23 16 10 12 13 11 29 24 30 28 22 21 15 26 25 17 27
AVOIDER 1 7 2 4 3 9 8 5 6 18 20 19 14 23 16 10 12 13 11 28 29 24 30 22 21 15 26 25 17 27
AVOIDER 1 7 2 4 3 9 8 5 6 18 20 19 14 23 16 10 12 13 11 28 30 24 29 22 21 15 26 25 17 27
AVOIDER 1 7 2 4 3 9 8 5 6 18 20 19 14 23 16 10 12 13 11 29 28 24 30 22 21 15 26 25 17 27
AVOIDER 1 7 2 4 3 9 8 5 6 18 20 19 14 23 16 10 12 13 11 30 28 24 29 22 21 15 26 25 17 27
AVOIDER 1 7 2 4 3 9 8 5 6 18 20 19 14 23 16 10 12 13 11 29 30 24 28 22 21 15 26 25 17 27
AVOIDER 1 7 2 4 3 9 8 5 6 18 20 19 14 23 16 10 12 13 11 28 29 30 24 22 21 15 26 25 17 27
AVOIDER 1 7 2 4 3 9 8 5 6 18 20 19 14 23 16 10 12 13 11 28 30 29 24 22 21 15 26 25 17 27
AVOIDER 1 7 2 4 3 9 8 5 6 18 20 19 14 23 16 10 12 13 11 29 28 30 24 22 21 15 26 25 17 27
AVOIDER 1 7 2 4 3 9 8 5 6 18 20 19 14 23 16 10 12 13 11 30 28 29 24 22 21 15 26 25 17 27
AVOIDER 1 7 2 4 3 9 8 5 6 18 20 19 14 23 16 10 12 13 11 29 30 28 24 22 21 15 26 25 17 27
AVOIDER 1 7 2 4 3 9 8 5 6 19 18 20 14 23 16 10 12 13 11 24 30 22 28 29 21 15 26 25 17 27
AVOIDER 1 7 2 4 3 9 8 5 6 19 18 20 14 23 16 10 12 13 11 30 24 22 28 29 21 15 26 25 17 27
AVOIDER 1 7 2 4 3 9 8 5 6 19 18 20 14 23 16 10 12 13 11 24 28 30 22 29 21 15 26 25 17 27
AVOIDER 1 7 2 4 3 9 8 5 6 19 18 20 14 23 16 10 12 13 11 24 30 28 22 29 21 15 26 25 17 27
AVOIDER 1 7 2 4 3 9 8 5 6 19 18 20 14 23 16 10 12 13 11 24 29 30 22 28 21 15 26 25 17 27
AVOIDER 1 7 2 4 3 9 8 5 6 19 18 20 14 23 16 10 12 13 11 28 24 30 22 29 21 15 26 25 17 27
AVOIDER 1 7 2 4 3 9 8 5 6 19 18 20 14 23 16 10 12 13 11 30 24 28 22 29 21 15 26 25 17 27
AVOIDER 1 7 2 4 3 9 8 5 6 19 18 20 14 23 16 10 12 13 11 29 24 30 22 28 21 15 26 25 17 27
AVOIDER 1 7 2 4 3 9 8 5 6 19 18 20 14 23 16 10 12 13 11 28 30 24 22 29 21 15 26 25 17 27
AVOIDER 1 7 2 4 3 9 8 5 6 19 18 20 14 23 16 10 12 13 11 30 28 24 22 29 21 15 26 25 17 27
AVOIDER 1 7 2 4 3 9 8 5 6 19 18 20 14 23 16 10 12 13 11 29 30 24 22 28 21 15 26 25 17 27
AVOIDER 1 7 2 4 3 9 8 5 6 19 18 20 14 23 16 10 12 13 11 24 28 29 30 22 21 15 26 25 17 27
AVOIDER 1 7 2 4 3 9 8 5 6 19 18 20 14 23 16 10 12 13 11 24 28 30 29 22 21 15 26 25 17 27
AVOIDER 1 7 2 4 3 9 8 5 6 19 18 20 14 23 16 10 12 13 11 24 29 28 30 22 21 15 26 25 17 27
AVOIDER 1 7 2 4 3 9 8 5 6 19 18 20 14 23 16 10 12 13 11 24 30 28 29 22 21 15 26 25 17 27
AVOIDER 1 7 2 4 3 9 8 5 6 19 18 20 14 23 16 10 12 13 11 24 29 30 28 22 21 15 26 25 17 27
AVOIDER 1 7 2 4 3 9 8 5 6 19 18 20 14 23 16 10 12 13 11 28 24 29 30 22 21 15 26 25 17 27
AVOIDER 1 7 2 4 3 9 8 5 6 19 18 20 14 23 16 10 12 13 11 28 24 30 29 22 21 15 26 25 17 27
AVOIDER 1 7 2 4 3 9 8 5 6 19 18 20 14 23 16 10 12 13 11 29 24 28 30 22 21 15 26 25 17 27
AVOIDER 1 7 2 4 3 9 8 5 6 19 18 20 14 23 16 10 12 13 11 30 24 28 29 22 21 15 26 25 17 27
AVOIDER 1 7 2 4 3 9 8 5 6 19 18 20 14 23 16 10 12 13 11 29 24 30 28 22 21 15 26 25 17 27
AVOIDER 1 7 2 4 3 9 8 5 6 19 18 20 14 23 16 10 12 13 11 28 29 24 30 22 21 15 26 25 17 27
AVOIDER 1 7 2 4 3 9 8 5 6 19 18 20 14 23 16 10 12 13 11 28 30 24 29 22 21 15 26 25 17 27
AVOIDER 1 7 2 4 3 9 8 5 6 19 18 20 14 23 16 10 12 13 11 29 28 24 30 22 21 15 26 25 17 27
AVOIDER 1 7 2 4 3 9 8 5 6 19 18 20 14 23 16 10 12 13 11 30 28 24 29 22 21 15 26 25 17 27
AVOIDER 1 7 2 4 3 9 8 5 6 19 18 20 14 23 16 10 12 13 11 29 30 24 28 22 21 15 26 25 17 27
AVOIDER 1 7 2 4 3 9 8 5 6 19 18 20 14 23 16 10 12 13 11 28 29 30 24 22 21 15 26 25 17 27
AVOIDER 1 7 2 4 3 9 8 5 6 19 18 20 14 23 16 10 12 13 11 28 30 29 24 22 21 15 26 25 17 27
AVOIDER 1 7 2 4 3 9 8 5 6 19 18 20 14 23 16 10 12 13 11 29 28 30 24 22 21 15 26 25 17 27
AVOIDER 1 7 2 4 3 9 8 5 6 19 18 20 14 23 16 10 12 13 11 30 28 29 24 22 21 15 26 25 17 27
AVOIDER 1 7 2 4 3 9 8 5 6 19 18 20 14 23 16 10 12 13 11 29 30 28 24 22 21 15 26 25 17 27
AVOIDER 1 7 2 4 3 9 8 5 6 20 18 19 14 23 16 10 12 13 11 24 28 29 30 21 22 15 26 25 17 27
AVOIDER 1 7 2 4 3 9 8 5 6 20 18 19 14 23 16 10 12 13 11 24 28 30 29 21 22 15 26 25 17 27
AVOIDER 1 7 2 4 3 9 8 5 6 20 18 19 14 23 16 10 12 13 11 24 29 28 30 21 22 15 26 25 17 27
AVOIDER 1 7 2 4 3 9 8 5 6 20 18 19 14 23 16 10 12 13 11 24 30 28 29 21 22 15 26 25 17 27
AVOIDER 1 7 2 4 3 9 8 5 6 20 18 19 14 23 16 10 12 13 11 24 29 30 28 21 22 15 26 25 17 27
AVOIDER 1 7 2 4 3 9 8 5 6 20 18 19 14 23 16 10 12 13 11 28 24 29 30 21 22 15 26 25 17 27
AVOIDER 1 7 2 4 3 9 8 5 6 20 18 19 14 23 16 10 12 13 11 28 24 30 29 21 22 15 26 25 17 27
AVOIDER 1 7 2 4 3 9 8 5 6 20 18 19 14 23 16 10 12 13 11 29 24 28 30 21 22 15 26 25 17 27
AVOIDER 1 7 2 4 3 9 8 5 6 20 18 19 14 23 16 10 12 13 11 30 24 28 29 21 22 15 26 25 17 27
AVOIDER 1 7 2 4 3 9 8 5 6 20 18 19 14 23 16 10 12 13 11 29 24 30 28 21 22 15 26 25 17 27
AVOIDER 1 7 2 4 3 9 8 5 6 20 18 19 14 23 16 10 12 13 11 28 29 24 30 21 22 15 26 25 17 27
AVOIDER 1 7 2 4 3 9 8 5 6 20 18 19 14 23 16 10 12 13 11 28 30 24 29 21 22 15 26 25 17 27
AVOIDER 1 7 2 4 3 9 8 5 6 20 18 19 14 23 16 10 12 13 11 29 28 24 30 21 22 15 26 25 17 27
AVOIDER 1 7 2 4 3 9 8 5 6 20 18 19 14 23 16 10 12 13 11 30 28 24 29 21 22 15 26 25 17 27
AVOIDER 1 7 2 4 3 9 8 5 6 20 18 19 14 23 16 10 12 13 11 29 30 24 28 21 22 15 26 25 17 27
AVOIDER 1 7 2 4 3 9 8 5 6 20 18 19 14 23 16 10 12 13 11 28 29 30 24 21 22 15 26 25 17 27
AVOIDER 1 7 2 4 3 9 8 5 6 20 18 19 14 23 16 10 12 13 11 28 30 29 24 21 22 15 26 25 17 27
AVOIDER 1 7 2 4 3 9 8 5 6 20 18 19 14 23 16 10 12 13 11 29 28 30 24 21 22 15 26 25 17 27
AVOIDER 1 7 2 4 3 9 8 5 6 20 18 19 14 23 16 10 12 13 11 30 28 29 24 21 22 15 26 25 17 27
AVOIDER 1 7 2 4 3 9 8 5 6 20 18 19 14 23 16 10 12 13 11 29 30 28 24 21 22 15 26 25 17 27
AVOIDER 1 7 2 4 3 9 8 5 6 20 18 19 14 23 16 10 12 13 11 24 30 22 28 29 21 15 26 25 17 27
AVOIDER 1 7 2 4 3 9 8 5 6 20 18 19 14 23 16 10 12 13 11 30 24 22 28 29 21 15 26 25 17 27
AVOIDER 1 7 2 4 3 9 8 5 6 20 18 19 14 23 16 10 12 13 11 24 28 30 22 29 21 15 26 25 17 27
AVOIDER 1 7 2 4 3 9 8 5 6 20 18 19 14 23 16 10 12 13 11 24 30 28 22 29 21 15 26 25 17 27
AVOIDER 1 7 2 4 3 9 8 5 6 20 18 19 14 23 16 10 12 13 11 24 29 30 22 28 21 15 26 25 17 27
AVOIDER 1 7 2 4 3 9 8 5 6 20 18 19 14 23 16 10 12 13 11 28 24 30 22 29 21 15 26 25 17 27
AVOIDER 1 7 2 4 3 9 8 5 6 20 18 19 14 23 16 10 12 13 11 30 24 28 22 29 21 15 26 25 17 27
AVOIDER 1 7 2 4 3 9 8 5 6 20 18 19 14 23 16 10 12 13 11 29 24 30 22 28 21 15 26 25 17 27
AVOIDER 1 7 2 4 3 9 8 5 6 20 18 19 14 23 16 10 12 13 11 28 30 24 22 29 21 15 26 25 17 27
AVOIDER 1 7 2 4 3 9 8 5 6 20 18 19 14 23 16 10 12 13 11 30 28 24 22 29 21 15 26 25 17 27
AVOIDER 1 7 2 4 3 9 8 5 6 20 18 19 14 23 16 10 12 13 11 29 30 24 22 28 21 15 26 25 17 27
AVOIDER 1 7 2 4 3 9 8 5 6 20 18 19 14 23 16 10 12 13 11 24 28 29 30 22 21 15 26 25 17 27
AVOIDER 1 7 2 4 3 9 8 5 6 20 18 19 14 23 16 10 12 13 11 24 28 30 29 22 21 15 26 25 17 27
AVOIDER 1 7 2 4 3 9 8 5 6 20 18 19 14 23 16 10 12 13 11 24 29 28 30 22 21 15 26 25 17 27
AVOIDER 1 7 2 4 3 9 8 5 6 20 18 19 14 23 16 10 12 13 11 24 30 28 29 22 21 15 26 25 17 27
AVOIDER 1 7 2 4 3 9 8 5 6 20 18 19 14 23 16 10 12 13 11 24 29 30 28 22 21 15 26 25 17 27
AVOIDER 1 7 2 4 3 9 8 5 6 20 18 19 14 23 16 10 12 13 11 28 24 29 30 22 21 15 26 25 17 27
AVOIDER 1 7 2 4 3 9 8 5 6 20 18 19 14 23 16 10 12 13 11 28 24 30 29 22 21 15 26 25 17 27
AVOIDER 1 7 2 4 3 9 8 5 6 20 18 19 14 23 16 10 12 13 11 29 24 28 30 22 21 15 26 25 17 27
AVOIDER 1 7 2 4 3 9 8 5 6 20 18 19 14 23 16 10 12 13 11 30 24 28 29 22 21 15 26 25 17 27
AVOIDER 1 7 2 4 3 9 8 5 6 20 18 19 14 23 16 10 12 13 11 29 24 30 28 22 21 15 26 25 17 27
AVOIDER 1 7 2 4 3 9 8 5 6 20 18 19 14 23 16 10 12 13 11 28 29 24 30 22 21 15 26 25 17 27
AVOIDER 1 7 2 4 3 9 8 5 6 20 18 19 14 23 16 10 12 13 11 28 30 24 29 22 21 15 26 25 17 27
AVOIDER 1 7 2 4 3 9 8 5 6 20 18 19 14 23 16 10 12 13 11 29 28 24 30 22 21 15 26 25 17 27
AVOIDER 1 7 2 4 3 9 8 5 6 20 18 19 14 23 16 10 12 13 11 30 28 24 29 22 21 15 26 25 17 27
AVOIDER 1 7 2 4 3 9 8 5 6 20 18 19 14 23 16 10 12 13 11 29 30 24 28 22 21 15 26 25 17 27
AVOIDER 1 7 2 4 3 9 8 5 6 20 18 19 14 23 16 10 12 13 11 28 29 30 24 22 21 15 26 25 17 27
AVOIDER 1 7 2 4 3 9 8 5 6 20 18 19 14 23 16 10 12 13 11 28 30 29 24 22 21 15 26 25 17 27
AVOIDER 1 7 2 4 3 9 8 5 6 20 18 19 14 23 16 10 12 13 11 29 28 30 24 22 21 15 26 25 17 27
AVOIDER 1 7 2 4 3 9 8 5 6 20 18 19 14 23 16 10 12 13 11 30 28 29 24 22 21 15 26 25 17 27
AVOIDER 1 7 2 4 3 9 8 5 6 20 18 19 14 23 16 10 12 13 11 29 30 28 24 22 21 15 26 25 17 27
AVOIDER 1 7 2 4 3 9 8 5 6 19 20 18 14 23 16 10 12 13 11 24 30 22 28 29 21 15 26 25 17 27
AVOIDER 1 7 2 4 3 9 8 5 6 19 20 18 14 23 16 10 12 13 11 30 24 22 28 29 21 15 26 25 17 27
AVOIDER 1 7 2 4 3 9 8 5 6 19 20 18 14 23 16 10 12 13 11 24 28 30 22 29 21 15 26 25 17 27
AVOIDER 1 7 2 4 3 9 8 5 6 19 20 18 14 23 16 10 12 13 11 24 30 28 22 29 21 15 26 25 17 27
AVOIDER 1 7 2 4 3 9 8 5 6 19 20 18 14 23 16 10 12 13 11 24 29 30 22 28 21 15 26 25 17 27
AVOIDER 1 7 2 4 3 9 8 5 6 19 20 18 14 23 16 10 12 13 11 28 24 30 22 29 21 15 26 25 17 27
AVOIDER 1 7 2 4 3 9 8 5 6 19 20 18 14 23 16 10 12 13 11 30 24 28 22 29 21 15 26 25 17 27
AVOIDER 1 7 2 4 3 9 8 5 6 19 20 18 14 23 16 10 12 13 11 29 24 30 22 28 21 15 26 25 17 27
AVOIDER 1 7 2 4 3 9 8 5 6 19 20 18 14 23 16 10 12 13 11 28 30 24 22 29 21 15 26 25 17 27
AVOIDER 1 7 2 4 3 9 8 5 6 19 20 18 14 23 16 10 12 13 11 30 28 24 22 29 21 15 26 25 17 27
AVOIDER 1 7 2 4 3 9 8 5 6 19 20 18 14 23 16 10 12 13 11 29 30 24 22 28 21 15 26 25 17 27
AVOIDER 1 7 2 4 3 9 8 5 6 19 20 18 14 23 16 10 12 13 11 24 28 29 30 22 21 15 26 25 17 27
AVOIDER 1 7 2 4 3 9 8 5 6 19 20 18 14 23 16 10 12 13 11 24 28 30 29 22 21 15 26 25 17 27
AVOIDER 1 7 2 4 3 9 8 5 6 19 20 18 14 23 16 10 12 13 11 24 29 28 30 22 21 15 26 25 17 27
AVOIDER 1 7 2 4 3 9 8 5 6 19 20 18 14 23 16 10 12 13 11 24 30 28 29 22 21 15 26 25 17 27
AVOIDER 1 7 2 4 3 9 8 5 6 19 20 18 14 23 16 10 12 13 11 24 29 30 28 22 21 15 26 25 17 27
AVOIDER 1 7 2 4 3 9 8 5 6 19 20 18 14 23 16 10 12 13 11 28 24 29 30 22 21 15 26 25 17 27
AVOIDER 1 7 2 4 3 9 8 5 6 19 20 18 14 23 16 10 12 13 11 28 24 30 29 22 21 15 26 25 17 27
AVOIDER 1 7 2 4 3 9 8 5 6 19 20 18 14 23 16 10 12 13 11 29 24 28 30 22 21 15 26 25 17 27
AVOIDER 1 7 2 4 3 9 8 5 6 19 20 18 14 23 16 10 12 13 11 30 24 28 29 22 21 15 26 25 17 27
AVOIDER 1 7 2 4 3 9 8 5 6 19 20 18 14 23 16 10 12 13 11 29 24 30 28 22 21 15 26 25 17 27
AVOIDER 1 7 2 4 3 9 8 5 6 19 20 18 14 23 16 10 12 13 11 28 29 24 30 22 21 15 26 25 17 27
AVOIDER 1 7 2 4 3 9 8 5 6 19 20 18 14 23 16 10 12 13 11 28 30 24 29 22 21 15 26 25 17 27
AVOIDER 1 7 2 4 3 9 8 5 6 19 20 18 14 23 16 10 12 13 11 29 28 24 30 22 21 15 26 25 17 27
AVOIDER 1 7 2 4 3 9 8 5 6 19 20 18 14 23 16 10 12 13 11 30 28 24 29 22 21 15 26 25 17 27
AVOIDER 1 7 2 4 3 9 8 5 6 19 20 18 14 23 16 10 12 13 11 29 30 24 28 22 21 15 26 25 17 27
AVOIDER 1 7 2 4 3 9 8 5 6 19 20 18 14 23 16 10 12 13 11 28 29 30 24 22 21 15 26 25 17 27
AVOIDER 1 7 2 4 3 9 8 5 6 19 20 18 14 23 16 10 12 13 11 28 30 29 24 22 21 15 26 25 17 27
AVOIDER 1 7 2 4 3 9 8 5 6 19 20 18 14 23 16 10 12 13 11 29 28 30 24 22 21 15 26 25 17 27
AVOIDER 1 7 2 4 3 9 8 5 6 19 20 18 14 23 16 10 12 13 11 30 28 29 24 22 21 15 26 25 17 27
AVOIDER 1 7 2 4 3 9 8 5 6 19 20 18 14 23 16 10 12 13 11 29 30 28 24 22 21 15 26 25 17 27
AVOIDER 1 7 2 4 3 9 8 5 6 18 20 19 23 14 16 10 12 13 11 24 28 29 30 21 22 15 26 25 17 27
AVOIDER 1 7 2 4 3 9 8 5 6 18 20 19 23 14 16 10 12 13 11 24 28 30 29 21 22 15 26 25 17 27
AVOIDER 1 7 2 4 3 9 8 5 6 18 20 19 23 14 16 10 12 13 11 24 29 28 30 21 22 15 26 25 17 27
AVOIDER 1 7 2 4 3 9 8 5 6 18 20 19 23 14 16 10 12 13 11 24 30 28 29 21 22 15 26 25 17 27
AVOIDER 1 7 2 4 3 9 8 5 6 18 20 19 23 14 16 10 12 13 11 24 29 30 28 21 22 15 26 25 17 27
AVOIDER 1 7 2 4 3 9 8 5 6 18 20 19 23 14 16 10 12 13 11 28 24 29 30 21 22 15 26 25 17 27
AVOIDER 1 7 2 4 3 9 8 5 6 18 20 19 23 14 16 10 12 13 11 28 24 30 29 21 22 15 26 25 17 27
AVOIDER 1 7 2 4 3 9 8 5 6 18 20 19 23 14 16 10 12 13 11 29 24 28 30 21 22 15 26 25 17 27
AVOIDER 1 7 2 4 3 9 8 5 6 18 20 19 23 14 16 10 12 13 11 30 24 28 29 21 22 15 26 25 17 27
AVOIDER 1 7 2 4 3 9 8 5 6 18 20 19 23 14 16 10 12 13 11 29 24 30 28 21 22 15 26 25 17 27
AVOIDER 1 7 2 4 3 9 8 5 6 18 20 19 23 14 16 10 12 13 11 28 29 24 30 21 22 15 26 25 17 27
AVOIDER 1 7 2 4 3 9 8 5 6 18 20 19 23 14 16 10 12 13 11 28 30 24 29 21 22 15 26 25 17 27
AVOIDER 1 7 2 4 3 9 8 5 6 18 20 19 23 14 16 10 12 13 11 29 28 24 30 21 22 15 26 25 17 27
AVOIDER 1 7 2 4 3 9 8 5 6 18 20 19 23 14 16 10 12 13 11 30 28 24 29 21 22 15 26 25 17 27
AVOIDER 1 7 2 4 3 9 8 5 6 18 20 19 23 14 16 10 12 13 11 29 30 24 28 21 22 15 26 25 17 27
AVOIDER 1 7 2 4 3 9 8 5 6 18 20 19 23 14 16 10 12 13 11 28 29 30 24 21 22 15 26 25 17 27
AVOIDER 1 7 2 4 3 9 8 5 6 18 20 19 23 14 16 10 12 13 11 28 30 29 24 21 22 15 26 25 17 27
AVOIDER 1 7 2 4 3 9 8 5 6 18 20 19 23 14 16 10 12 13 11 29 28 30 24 21 22 15 26 25 17 27
AVOIDER 1 7 2 4 3 9 8 5 6 18 20 19 23 14 16 10 12 13 11 30 28 29 24 21 22 15 26 25 17 27
AVOIDER 1 7 2 4 3 9 8 5 6 18 20 19 23 14 16 10 12 13 11 29 30 28 24 21 22 15 26 25 17 27
AVOIDER 1 7 2 4 3 9 8 5 6 18 20 19 23 14 16 10 12 13 11 24 30 22 28 29 21 15 26 25 17 27
AVOIDER 1 7 2 4 3 9 8 5 6 18 20 19 23 14 16 10 12 13 11 30 24 22 28 29 21 15 26 25 17 27
AVOIDER 1 7 2 4 3 9 8 5 6 18 20 19 23 14 16 10 12 13 11 24 28 30 22 29 21 15 26 25 17 27
AVOIDER 1 7 2 4 3 9 8 5 6 18 20 19 23 14 16 10 12 13 11 24 30 28 22 29 21 15 26 25 17 27
AVOIDER 1 7 2 4 3 9 8 5 6 18 20 19 23 14 16 10 12 13 11 24 29 30 22 28 21 15 26 25 17 27
AVOIDER 1 7 2 4 3 9 8 5 6 18 20 19 23 14 16 10 12 13 11 28 24 30 22 29 21 15 26 25 17 27
AVOIDER 1 7 2 4 3 9 8 5 6 18 20 19 23 14 16 10 12 13 11 30 24 28 22 29 21 15 26 25 17 27
AVOIDER 1 7 2 4 3 9 8 5 6 18 20 19 23 14 16 10 12 13 11 29 24 30 22 28 21 15 26 25 17 27
AVOIDER 1 7 2 4 3 9 8 5 6 18 20 19 23 14 16 10 12 13 11 28 30 24 22 29 21 15 26 25 17 27
AVOIDER 1 7 2 4 3 9 8 5 6 18 20 19 23 14 16 10 12 13 11 30 28 24 22 29 21 15 26 25 17 27
AVOIDER 1 7 2 4 3 9 8 5 6 18 20 19 23 14 16 10 12 13 11 29 30 24 22 28 21 15 26 25 17 27
AVOIDER 1 7 2 4 3 9 8 5 6 18 20 19 23 14 16 10 12 13 11 24 28 29 30 22 21 15 26 25 17 27
AVOIDER 1 7 2 4 3 9 8 5 6 18 20 19 23 14 16 10 12 13 11 24 28 30 29 22 21 15 26 25 17 27
AVOIDER 1 7 2 4 3 9 8 5 6 18 20 19 23 14 16 10 12 13 11 24 29 28 30 22 21 15 26 25 17 27
AVOIDER 1 7 2 4 3 9 8 5 6 18 20 19 23 14 16 10 12 13 11 24 30 28 29 22 21 15 26 25 17 27
AVOIDER 1 7 2 4 3 9 8 5 6 18 20 19 23 14 16 10 12 13 11 24 29 30 28 22 21 15 26 25 17 27
AVOIDER 1 7 2 4 3 9 8 5 6 18 20 19 23 14 16 10 12 13 11 28 24 29 30 22 21 15 26 25 17 27
AVOIDER 1 7 2 4 3 9 8 5 6 18 20 19 23 14 16 10 12 13 11 28 24 30 29 22 21 15 26 25 17 27
AVOIDER 1 7 2 4 3 9 8 5 6 18 20 19 23 14 16 10 12 13 11 29 24 28 30 22 21 15 26 25 17 27
AVOIDER 1 7 2 4 3 9 8 5 6 18 20 19 23 14 16 10 12 13 11 30 24 28 29 22 21 15 26 25 17 27
AVOIDER 1 7 2 4 3 9 8 5 6 18 20 19 23 14 16 10 12 13 11 29 24 30 28 22 21 15 26 25 17 27
AVOIDER 1 7 2 4 3 9 8 5 6 18 20 19 23 14 16 10 12 13 11 28 29 24 30 22 21 15 26 25 17 27
AVOIDER 1 7 2 4 3 9 8 5 6 18 20 19 23 14 16 10 12 13 11 28 30 24 29 22 21 15 26 25 17 27
AVOIDER 1 7 2 4 3 9 8 5 6 18 20 19 23 14 16 10 12 13 11 29 28 24 30 22 21 15 26 25 17 27
AVOIDER 1 7 2 4 3 9 8 5 6 18 20 19 23 14 16 10 12 13 11 30 28 24 29 22 21 15 26 25 17 27
AVOIDER 1 7 2 4 3 9 8 5 6 18 20 19 23 14 16 10 12 13 11 29 30 24 28 22 21 15 26 25 17 27
AVOIDER 1 7 2 4 3 9 8 5 6 18 20 19 23 14 16 10 12 13 11 28 29 30 24 22 21 15 26 25 17 27
AVOIDER 1 7 2 4 3 9 8 5 6 18 20 19 23 14 16 10 12 13 11 28 30 29 24 22 21 15 26 25 17 27
AVOIDER 1 7 2 4 3 9 8 5 6 18 20 19 23 14 16 10 12 13 11 29 28 30 24 22 21 15 26 25 17 27
AVOIDER 1 7 2 4 3 9 8 5 6 18 20 19 23 14 16 10 12 13 11 30 28 29 24 22 21 15 26 25 17 27
AVOIDER 1 7 2 4 3 9 8 5 6 18 20 19 23 14 16 10 12 13 11 29 30 28 24 22 21 15 26 25 17 27
AVOIDER 1 7 2 4 3 9 8 5 6 18 20 23 19 14 16 10 12 13 11 24 28 29 30 21 22 15 26 25 17 27
AVOIDER 1 7 2 4 3 9 8 5 6 18 20 23 19 14 16 10 12 13 11 24 28 30 29 21 22 15 26 25 17 27
AVOIDER 1 7 2 4 3 9 8 5 6 18 20 23 19 14 16 10 12 13 11 24 29 28 30 21 22 15 26 25 17 27
AVOIDER 1 7 2 4 3 9 8 5 6 18 20 23 19 14 16 10 12 13 11 24 30 28 29 21 22 15 26 25 17 27
AVOIDER 1 7 2 4 3 9 8 5 6 18 20 23 19 14 16 10 12 13 11 24 29 30 28 21 22 15 26 25 17 27
AVOIDER 1 7 2 4 3 9 8 5 6 18 20 23 19 14 16 10 12 13 11 28 24 29 30 21 22 15 26 25 17 27
AVOIDER 1 7 2 4 3 9 8 5 6 18 20 23 19 14 16 10 12 13 11 28 24 30 29 21 22 15 26 25 17 27
AVOIDER 1 7 2 4 3 9 8 5 6 18 20 23 19 14 16 10 12 13 11 29 24 28 30 21 22 15 26 25 17 27
AVOIDER 1 7 2 4 3 9 8 5 6 18 20 23 19 14 16 10 12 13 11 30 24 28 29 21 22 15 26 25 17 27
AVOIDER 1 7 2 4 3 9 8 5 6 18 20 23 19 14 16 10 12 13 11 29 24 30 28 21 22 15 26 25 17 27
AVOIDER 1 7 2 4 3 9 8 5 6 18 20 23 19 14 16 10 12 13 11 28 29 24 30 21 22 15 26 25 17 27
AVOIDER 1 7 2 4 3 9 8 5 6 18 20 23 19 14 16 10 12 13 11 28 30 24 29 21 22 15 26 25 17 27
AVOIDER 1 7 2 4 3 9 8 5 6 18 20 23 19 14 16 10 12 13 11 29 28 24 30 21 22 15 26 25 17 27
AVOIDER 1 7 2 4 3 9 8 5 6 18 20 23 19 14 16 10 12 13 11 30 28 24 29 21 22 15 26 25 17 27
AVOIDER 1 7 2 4 3 9 8 5 6 18 20 23 19 14 16 10 12 13 11 29 30 24 28 21 22 15 26 25 17 27
AVOIDER 1 7 2 4 3 9 8 5 6 18 20 23 19 14 16 10 12 13 11 28 29 30 24 21 22 15 26 25 17 27
AVOIDER 1 7 2 4 3 9 8 5 6 18 20 23 19 14 16 10 12 13 11 28 30 29 24 21 22 15 26 25 17 27
AVOIDER 1 7 2 4 3 9 8 5 6 18 20 23 19 14 16 10 12 13 11 29 28 30 24 21 22 15 26 25 17 27
AVOIDER 1 7 2 4 3 9 8 5 6 18 20 23 19 14 16 10 12 13 11 30 28 29 24 21 22 15 26 25 17 27
AVOIDER 1 7 2 4 3 9 8 5 6 18 20 23 19 14 16 10 12 13 11 29 30 28 24 21 22 15 26 25 17 27
AVOIDER 1 7 2 4 3 9 8 5 6 18 20 23 19 14 16 10 12 13 11 24 30 22 28 29 21 15 26 25 17 27
AVOIDER 1 7 2 4 3 9 8 5 6 18 20 23 19 14 16 10 12 13 11 30 24 22 28 29 21 15 26 25 17 27
AVOIDER 1 7 2 4 3 9 8 5 6 18 20 23 19 14 16 10 12 13 11 24 28 30 22 29 21 15 26 25 17 27
AVOIDER 1 7 2 4 3 9 8 5 6 18 20 23 19 14 16 10 12 13 11 24 30 28 22 29 21 15 26 25 17 27
AVOIDER 1 7 2 4 3 9 8 5 6 18 20 23 19 14 16 10 12 13 11 24 29 30 22 28 21 15 26 25 17 27
AVOIDER 1 7 2 4 3 9 8 5 6 18 20 23 19 14 16 10 12 13 11 28 24 30 22 29 21 15 26 25 17 27
AVOIDER 1 7 2 4 3 9 8 5 6 18 20 23 19 14 16 10 12 13 11 30 24 28 22 29 21 15 26 25 17 27
AVOIDER 1 7 2 4 3 9 8 5 6 18 20 23 19 14 16 10 12 13 11 29 24 30 22 28 21 15 26 25 17 27
AVOIDER 1 7 2 4 3 9 8 5 6 18 20 23 19 14 16 10 12 13 11 28 30 24 22 29 21 15 26 25 17 27
AVOIDER 1 7 2 4 3 9 8 5 6 18 20 23 19 14 16 10 12 13 11 30 28 24 22 29 21 15 26 25 17 27
AVOIDER 1 7 2 4 3 9 8 5 6 18 20 23 19 14 16 10 12 13 11 29 30 24 22 28 21 15 26 25 17 27
AVOIDER 1 7 2 4 3 9 8 5 6 18 20 23 19 14 16 10 12 13 11 24 28 29 30 22 21 15 26 25 17 27
AVOIDER 1 7 2 4 3 9 8 5 6 18 20 23 19 14 16 10 12 13 11 24 28 30 29 22 21 15 26 25 17 27
AVOIDER 1 7 2 4 3 9 8 5 6 18 20 23 19 14 16 10 12 13 11 24 29 28 30 22 21 15 26 25 17 27
AVOIDER 1 7 2 4 3 9 8 5 6 18 20 23 19 14 16 10 12 13 11 24 30 28 29 22 21 15 26 25 17 27
AVOIDER 1 7 2 4 3 9 8 5 6 18 20 23 19 14 16 10 12 13 11 24 29 30 28 22 21 15 26 25 17 27
AVOIDER 1 7 2 4 3 9 8 5 6 18 20 23 19 14 16 10 12 13 11 28 24 29 30 22 21 15 26 25 17 27
AVOIDER 1 7 2 4 3 9 8 5 6 18 20 23 19 14 16 10 12 13 11 28 24 30 29 22 21 15 26 25 17 27
AVOIDER 1 7 2 4 3 9 8 5 6 18 20 23 19 14 16 10 12 13 11 29 24 28 30 22 21 15 26 25 17 27
AVOIDER 1 7 2 4 3 9 8 5 6 18 20 23 19 14 16 10 12 13 11 30 24 28 29 22 21 15 26 25 17 27
AVOIDER 1 7 2 4 3 9 8 5 6 18 20 23 19 14 16 10 12 13 11 29 24 30 28 22 21 15 26 25 17 27
AVOIDER 1 7 2 4 3 9 8 5 6 18 20 23 19 14 16 10 12 13 11 28 29 24 30 22 21 15 26 25 17 27
AVOIDER 1 7 2 4 3 9 8 5 6 18 20 23 19 14 16 10 12 13 11 28 30 24 29 22 21 15 26 25 17 27
AVOIDER 1 7 2 4 3 9 8 5 6 18 20 23 19 14 16 10 12 13 11 29 28 24 30 22 21 15 26 25 17 27
AVOIDER 1 7 2 4 3 9 8 5 6 18 20 23 19 14 16 10 12 13 11 30 28 24 29 22 21 15 26 25 17 27
AVOIDER 1 7 2 4 3 9 8 5 6 18 20 23 19 14 16 10 12 13 11 29 30 24 28 22 21 15 26 25 17 27
AVOIDER 1 7 2 4 3 9 8 5 6 18 20 23 19 14 16 10 12 13 11 28 29 30 24 22 21 15 26 25 17 27
AVOIDER 1 7 2 4 3 9 8 5 6 18 20 23 19 14 16 10 12 13 11 28 30 29 24 22 21 15 26 25 17 27
AVOIDER 1 7 2 4 3 9 8 5 6 18 20 23 19 14 16 10 12 13 11 29 28 30 24 22 21 15 26 25 17 27
AVOIDER 1 7 2 4 3 9 8 5 6 18 20 23 19 14 16 10 12 13 11 30 28 29 24 22 21 15 26 25 17 27
AVOIDER 1 7 2 4 3 9 8 5 6 18 20 23 19 14 16 10 12 13 11 29 30 28 24 22 21 15 26 25 17 27
AVOIDER 1 7 2 4 3 9 8 5 6 18 23 20 19 14 16 10 12 13 11 24 28 29 30 21 22 15 26 25 17 27
AVOIDER 1 7 2 4 3 9 8 5 6 18 23 20 19 14 16 10 12 13 11 24 28 30 29 21 22 15 26 25 17 27
AVOIDER 1 7 2 4 3 9 8 5 6 18 23 20 19 14 16 10 12 13 11 24 29 28 30 21 22 15 26 25 17 27
AVOIDER 1 7 2 4 3 9 8 5 6 18 23 20 19 14 16 10 12 13 11 24 30 28 29 21 22 15 26 25 17 27
AVOIDER 1 7 2 4 3 9 8 5 6 18 23 20 19 14 16 10 12 13 11 24 29 30 28 21 22 15 26 25 17 27
AVOIDER 1 7 2 4 3 9 8 5 6 18 23 20 19 14 16 10 12 13 11 28 24 29 30 21 22 15 26 25 17 27
AVOIDER 1 7 2 4 3 9 8 5 6 18 23 20 19 14 16 10 12 13 11 28 24 30 29 21 22 15 26 25 17 27
AVOIDER 1 7 2 4 3 9 8 5 6 18 23 20 19 14 16 10 12 13 11 29 24 28 30 21 22 15 26 25 17 27
AVOIDER 1 7 2 4 3 9 8 5 6 18 23 20 19 14 16 10 12 13 11 30 24 28 29 21 22 15 26 25 17 27
AVOIDER 1 7 2 4 3 9 8 5 6 18 23 20 19 14 16 10 12 13 11 29 24 30 28 21 22 15 26 25 17 27
AVOIDER 1 7 2 4 3 9 8 5 6 18 23 20 19 14 16 10 12 13 11 28 29 24 30 21 22 15 26 25 17 27
AVOIDER 1 7 2 4 3 9 8 5 6 18 23 20 19 14 16 10 12 13 11 28 30 24 29 21 22 15 26 25 17 27
AVOIDER 1 7 2 4 3 9 8 5 6 18 23 20 19 14 16 10 12 13 11 29 28 24 30 21 22 15 26 25 17 27
AVOIDER 1 7 2 4 3 9 8 5 6 18 23 20 19 14 16 10 12 13 11 30 28 24 29 21 22 15 26 25 17 27
AVOIDER 1 7 2 4 3 9 8 5 6 18 23 20 19 14 16 10 12 13 11 29 30 24 28 21 22 15 26 25 17 27
AVOIDER 1 7 2 4 3 9 8 5 6 18 23 20 19 14 16 10 12 13 11 28 29 30 24 21 22 15 26 25 17 27
AVOIDER 1 7 2 4 3 9 8 5 6 18 23 20 19 14 16 10 12 13 11 28 30 29 24 21 22 15 26 25 17 27
AVOIDER 1 7 2 4 3 9 8 5 6 18 23 20 19 14 16 10 12 13 11 29 28 30 24 21 22 15 26 25 17 27
AVOIDER 1 7 2 4 3 9 8 5 6 18 23 20 19 14 16 10 12 13 11 30 28 29 24 21 22 15 26 25 17 27
AVOIDER 1 7 2 4 3 9 8 5 6 18 23 20 19 14 16 10 12 13 11 29 30 28 24 21 22 15 26 25 17 27
AVOIDER 1 7 2 4 3 9 8 5 6 18 23 20 19 14 16 10 12 13 11 24 30 22 28 29 21 15 26 25 17 27
AVOIDER 1 7 2 4 3 9 8 5 6 18 23 20 19 14 16 10 12 13 11 30 24 22 28 29 21 15 26 25 17 27
AVOIDER 1 7 2 4 3 9 8 5 6 18 23 20 19 14 16 10 12 13 11 24 28 30 22 29 21 15 26 25 17 27
AVOIDER 1 7 2 4 3 9 8 5 6 18 23 20 19 14 16 10 12 13 11 24 30 28 22 29 21 15 26 25 17 27
AVOIDER 1 7 2 4 3 9 8 5 6 18 23 20 19 14 16 10 12 13 11 24 29 30 22 28 21 15 26 25 17 27
AVOIDER 1 7 2 4 3 9 8 5 6 18 23 20 19 14 16 10 12 13 11 28 24 30 22 29 21 15 26 25 17 27
AVOIDER 1 7 2 4 3 9 8 5 6 18 23 20 19 14 16 10 12 13 11 30 24 28 22 29 21 15 26 25 17 27
AVOIDER 1 7 2 4 3 9 8 5 6 18 23 20 19 14 16 10 12 13 11 29 24 30 22 28 21 15 26 25 17 27
AVOIDER 1 7 2 4 3 9 8 5 6 18 23 20 19 14 16 10 12 13 11 28 30 24 22 29 21 15 26 25 17 27
AVOIDER 1 7 2 4 3 9 8 5 6 18 23 20 19 14 16 10 12 13 11 30 28 24 22 29 21 15 26 25 17 27
AVOIDER 1 7 2 4 3 9 8 5 6 18 23 20 19 14 16 10 12 13 11 29 30 24 22 28 21 15 26 25 17 27
AVOIDER 1 7 2 4 3 9 8 5 6 18 23 20 19 14 16 10 12 13 11 24 28 29 30 22 21 15 26 25 17 27
AVOIDER 1 7 2 4 3 9 8 5 6 18 23 20 19 14 16 10 12 13 11 24 28 30 29 22 21 15 26 25 17 27
AVOIDER 1 7 2 4 3 9 8 5 6 18 23 20 19 14 16 10 12 13 11 24 29 28 30 22 21 15 26 25 17 27
AVOIDER 1 7 2 4 3 9 8 5 6 18 23 20 19 14 16 10 12 13 11 24 30 28 29 22 21 15 26 25 17 27
AVOIDER 1 7 2 4 3 9 8 5 6 18 23 20 19 14 16 10 12 13 11 24 29 30 28 22 21 15 26 25 17 27
AVOIDER 1 7 2 4 3 9 8 5 6 18 23 20 19 14 16 10 12 13 11 28 24 29 30 22 21 15 26 25 17 27
AVOIDER 1 7 2 4 3 9 8 5 6 18 23 20 19 14 16 10 12 13 11 28 24 30 29 22 21 15 26 25 17 27
AVOIDER 1 7 2 4 3 9 8 5 6 18 23 20 19 14 16 10 12 13 11 29 24 28 30 22 21 15 26 25 17 27
AVOIDER 1 7 2 4 3 9 8 5 6 18 23 20 19 14 16 10 12 13 11 30 24 28 29 22 21 15 26 25 17 27
AVOIDER 1 7 2 4 3 9 8 5 6 18 23 20 19 14 16 10 12 13 11 29 24 30 28 22 21 15 26 25 17 27
AVOIDER 1 7 2 4 3 9 8 5 6 18 23 20 19 14 16 10 12 13 11 28 29 24 30 22 21 15 26 25 17 27
AVOIDER 1 7 2 4 3 9 8 5 6 18 23 20 19 14 16 10 12 13 11 28 30 24 29 22 21 15 26 25 17 27
AVOIDER 1 7 2 4 3 9 8 5 6 18 23 20 19 14 16 10 12 13 11 29 28 24 30 22 21 15 26 25 17 27
AVOIDER 1 7 2 4 3 9 8 5 6 18 23 20 19 14 16 10 12 13 11 30 28 24 29 22 21 15 26 25 17 27
AVOIDER 1 7 2 4 3 9 8 5 6 18 23 20 19 14 16 10 12 13 11 29 30 24 28 22 21 15 26 25 17 27
AVOIDER 1 7 2 4 3 9 8 5 6 18 23 20 19 14 16 10 12 13 11 28 29 30 24 22 21 15 26 25 17 27
AVOIDER 1 7 2 4 3 9 8 5 6 18 23 20 19 14 16 10 12 13 11 28 30 29 24 22 21 15 26 25 17 27
AVOIDER 1 7 2 4 3 9 8 5 6 18 23 20 19 14 16 10 12 13 11 29 28 30 24 22 21 15 26 25 17 27
AVOIDER 1 7 2 4 3 9 8 5 6 18 23 20 19 14 16 10 12 13 11 30 28 29 24 22 21 15 26 25 17 27
AVOIDER 1 7 2 4 3 9 8 5 6 18 23 20 19 14 16 10 12 13 11 29 30 28 24 22 21 15 26 25 17 27
AVOIDER 1 7 2 4 3 9 8 5 6 19 18 20 23 14 16 10 12 13 11 24 30 22 28 29 21 15 26 25 17 27
AVOIDER 1 7 2 4 3 9 8 5 6 19 18 20 23 14 16 10 12 13 11 30 24 22 28 29 21 15 26 25 17 27
AVOIDER 1 7 2 4 3 9 8 5 6 19 18 20 23 14 16 10 12 13 11 24 28 30 22 29 21 15 26 25 17 27
AVOIDER 1 7 2 4 3 9 8 5 6 19 18 20 23 14 16 10 12 13 11 24 30 28 22 29 21 15 26 25 17 27
AVOIDER 1 7 2 4 3 9 8 5 6 19 18 20 23 14 16 10 12 13 11 24 29 30 22 28 21 15 26 25 17 27
AVOIDER 1 7 2 4 3 9 8 5 6 19 18 20 23 14 16 10 12 13 11 28 24 30 22 29 21 15 26 25 17 27
AVOIDER 1 7 2 4 3 9 8 5 6 19 18 20 23 14 16 10 12 13 11 30 24 28 22 29 21 15 26 25 17 27
AVOIDER 1 7 2 4 3 9 8 5 6 19 18 20 23 14 16 10 12 13 11 29 24 30 22 28 21 15 26 25 17 27
AVOIDER 1 7 2 4 3 9 8 5 6 19 18 20 23 14 16 10 12 13 11 28 30 24 22 29 21 15 26 25 17 27
AVOIDER 1 7 2 4 3 9 8 5 6 19 18 20 23 14 16 10 12 13 11 30 28 24 22 29 21 15 26 25 17 27
AVOIDER 1 7 2 4 3 9 8 5 6 19 18 20 23 14 16 10 12 13 11 29 30 24 22 28 21 15 26 25 17 27
AVOIDER 1 7 2 4 3 9 8 5 6 19 18 20 23 14 16 10 12 13 11 24 28 29 30 22 21 15 26 25 17 27
AVOIDER 1 7 2 4 3 9 8 5 6 19 18 20 23 14 16 10 12 13 11 24 28 30 29 22 21 15 26 25 17 27
AVOIDER 1 7 2 4 3 9 8 5 6 19 18 20 23 14 16 10 12 13 11 24 29 28 30 22 21 15 26 25 17 27
AVOIDER 1 7 2 4 3 9 8 5 6 19 18 20 23 14 16 10 12 13 11 24 30 28 29 22 21 15 26 25 17 27
AVOIDER 1 7 2 4 3 9 8 5 6 19 18 20 23 14 16 10 12 13 11 24 29 30 28 22 21 15 26 25 17 27
AVOIDER 1 7 2 4 3 9 8 5 6 19 18 20 23 14 16 10 12 13 11 28 24 29 30 22 21 15 26 25 17 27
AVOIDER 1 7 2 4 3 9 8 5 6 19 18 20 23 14 16 10 12 13 11 28 24 30 29 22 21 15 26 25 17 27
AVOIDER 1 7 2 4 3 9 8 5 6 19 18 20 23 14 16 10 12 13 11 29 24 28 30 22 21 15 26 25 17 27
AVOIDER 1 7 2 4 3 9 8 5 6 19 18 20 23 14 16 10 12 13 11 30 24 28 29 22 21 15 26 25 17 27
AVOIDER 1 7 2 4 3 9 8 5 6 19 18 20 23 14 16 10 12 13 11 29 24 30 28 22 21 15 26 25 17 27
AVOIDER 1 7 2 4 3 9 8 5 6 19 18 20 23 14 16 10 12 13 11 28 29 24 30 22 21 15 26 25 17 27
AVOIDER 1 7 2 4 3 9 8 5 6 19 18 20 23 14 16 10 12 13 11 28 30 24 29 22 21 15 26 25 17 27
AVOIDER 1 7 2 4 3 9 8 5 6 19 18 20 23 14 16 10 12 13 11 29 28 24 30 22 21 15 26 25 17 27
AVOIDER 1 7 2 4 3 9 8 5 6 19 18 20 23 14 16 10 12 13 11 30 28 24 29 22 21 15 26 25 17 27
AVOIDER 1 7 2 4 3 9 8 5 6 19 18 20 23 14 16 10 12 13 11 29 30 24 28 22 21 15 26 25 17 27
AVOIDER 1 7 2 4 3 9 8 5 6 19 18 20 23 14 16 10 12 13 11 28 29 30 24 22 21 15 26 25 17 27
AVOIDER 1 7 2 4 3 9 8 5 6 19 18 20 23 14 16 10 12 13 11 28 30 29 24 22 21 15 26 25 17 27
AVOIDER 1 7 2 4 3 9 8 5 6 19 18 20 23 14 16 10 12 13 11 29 28 30 24 22 21 15 26 25 17 27
AVOIDER 1 7 2 4 3 9 8 5 6 19 18 20 23 14 16 10 12 13 11 30 28 29 24 22 21 15 26 25 17 27
AVOIDER 1 7 2 4 3 9 8 5 6 19 18 20 23 14 16 10 12 13 11 29 30 28 24 22 21 15 26 25 17 27
AVOIDER 1 7 2 4 3 9 8 5 6 19 18 23 20 14 16 10 12 13 11 24 30 22 28 29 21 15 26 25 17 27
AVOIDER 1 7 2 4 3 9 8 5 6 19 18 23 20 14 16 10 12 13 11 30 24 22 28 29 21 15 26 25 17 27
AVOIDER 1 7 2 4 3 9 8 5 6 19 18 23 20 14 16 10 12 13 11 24 28 30 22 29 21 15 26 25 17 27
AVOIDER 1 7 2 4 3 9 8 5 6 19 18 23 20 14 16 10 12 13 11 24 30 28 22 29 21 15 26 25 17 27
AVOIDER 1 7 2 4 3 9 8 5 6 19 18 23 20 14 16 10 12 13 11 24 29 30 22 28 21 15 26 25 17 27
AVOIDER 1 7 2 4 3 9 8 5 6 19 18 23 20 14 16 10 12 13 11 28 24 30 22 29 21 15 26 25 17 27
AVOIDER 1 7 2 4 3 9 8 5 6 19 18 23 20 14 16 10 12 13 11 30 24 28 22 29 21 15 26 25 17 27
AVOIDER 1 7 2 4 3 9 8 5 6 19 18 23 20 14 16 10 12 13 11 29 24 30 22 28 21 15 26 25 17 27
AVOIDER 1 7 2 4 3 9 8 5 6 19 18 23 20 14 16 10 12 13 11 28 30 24 22 29 21 15 26 25 17 27
AVOIDER 1 7 2 4 3 9 8 5 6 19 18 23 20 14 16 10 12 13 11 30 28 24 22 29 21 15 26 25 17 27
AVOIDER 1 7 2 4 3 9 8 5 6 19 18 23 20 14 16 10 12 13 11 29 30 24 22 28 21 15 26 25 17 27
AVOIDER 1 7 2 4 3 9 8 5 6 19 18 23 20 14 16 10 12 13 11 24 28 29 30 22 21 15 26 25 17 27
AVOIDER 1 7 2 4 3 9 8 5 6 19 18 23 20 14 16 10 12 13 11 24 28 30 29 22 21 15 26 25 17 27
AVOIDER 1 7 2 4 3 9 8 5 6 19 18 23 20 14 16 10 12 13 11 24 29 28 30 22 21 15 26 25 17 27
AVOIDER 1 7 2 4 3 9 8 5 6 19 18 23 20 14 16 10 12 13 11 24 30 28 29 22 21 15 26 25 17 27
AVOIDER 1 7 2 4 3 9 8 5 6 19 18 23 20 14 16 10 12 13 11 24 29 30 28 22 21 15 26 25 17 27
AVOIDER 1 7 2 4 3 9 8 5 6 19 18 23 20 14 16 10 12 13 11 28 24 29 30 22 21 15 26 25 17 27
AVOIDER 1 7 2 4 3 9 8 5 6 19 18 23 20 14 16 10 12 13 11 28 24 30 29 22 21 15 26 25 17 27
AVOIDER 1 7 2 4 3 9 8 5 6 19 18 23 20 14 16 10 12 13 11 29 24 28 30 22 21 15 26 25 17 27
AVOIDER 1 7 2 4 3 9 8 5 6 19 18 23 20 14 16 10 12 13 11 30 24 28 29 22 21 15 26 25 17 27
AVOIDER 1 7 2 4 3 9 8 5 6 19 18 23 20 14 16 10 12 13 11 29 24 30 28 22 21 15 26 25 17 27
AVOIDER 1 7 2 4 3 9 8 5 6 19 18 23 20 14 16 10 12 13 11 28 29 24 30 22 21 15 26 25 17 27
AVOIDER 1 7 2 4 3 9 8 5 6 19 18 23 20 14 16 10 12 13 11 28 30 24 29 22 21 15 26 25 17 27
AVOIDER 1 7 2 4 3 9 8 5 6 19 18 23 20 14 16 10 12 13 11 29 28 24 30 22 21 15 26 25 17 27
AVOIDER 1 7 2 4 3 9 8 5 6 19 18 23 20 14 16 10 12 13 11 30 28 24 29 22 21 15 26 25 17 27
AVOIDER 1 7 2 4 3 9 8 5 6 19 18 23 20 14 16 10 12 13 11 29 30 24 28 22 21 15 26 25 17 27
AVOIDER 1 7 2 4 3 9 8 5 6 19 18 23 20 14 16 10 12 13 11 28 29 30 24 22 21 15 26 25 17 27
AVOIDER 1 7 2 4 3 9 8 5 6 19 18 23 20 14 16 10 12 13 11 28 30 29 24 22 21 15 26 25 17 27
AVOIDER 1 7 2 4 3 9 8 5 6 19 18 23 20 14 16 10 12 13 11 29 28 30 24 22 21 15 26 25 17 27
AVOIDER 1 7 2 4 3 9 8 5 6 19 18 23 20 14 16 10 12 13 11 30 28 29 24 22 21 15 26 25 17 27
AVOIDER 1 7 2 4 3 9 8 5 6 19 18 23 20 14 16 10 12 13 11 29 30 28 24 22 21 15 26 25 17 27
AVOIDER 1 7 2 4 3 9 8 5 6 20 18 19 23 14 16 10 12 13 11 24 28 29 30 21 22 15 26 25 17 27
AVOIDER 1 7 2 4 3 9 8 5 6 20 18 19 23 14 16 10 12 13 11 24 28 30 29 21 22 15 26 25 17 27
AVOIDER 1 7 2 4 3 9 8 5 6 20 18 19 23 14 16 10 12 13 11 24 29 28 30 21 22 15 26 25 17 27
AVOIDER 1 7 2 4 3 9 8 5 6 20 18 19 23 14 16 10 12 13 11 24 30 28 29 21 22 15 26 25 17 27
AVOIDER 1 7 2 4 3 9 8 5 6 20 18 19 23 14 16 10 12 13 11 24 29 30 28 21 22 15 26 25 17 27
AVOIDER 1 7 2 4 3 9 8 5 6 20 18 19 23 14 16 10 12 13 11 28 24 29 30 21 22 15 26 25 17 27
AVOIDER 1 7 2 4 3 9 8 5 6 20 18 19 23 14 16 10 12 13 11 28 24 30 29 21 22 15 26 25 17 27
AVOIDER 1 7 2 4 3 9 8 5 6 20 18 19 23 14 16 10 12 13 11 29 24 28 30 21 22 15 26 25 17 27
AVOIDER 1 7 2 4 3 9 8 5 6 20 18 19 23 14 16 10 12 13 11 30 24 28 29 21 22 15 26 25 17 27
AVOIDER 1 7 2 4 3 9 8 5 6 20 18 19 23 14 16 10 12 13 11 29 24 30 28 21 22 15 26 25 17 27
AVOIDER 1 7 2 4 3 9 8 5 6 20 18 19 23 14 16 10 12 13 11 28 29 24 30 21 22 15 26 25 17 27
AVOIDER 1 7 2 4 3 9 8 5 6 20 18 19 23 14 16 10 12 13 11 28 30 24 29 21 22 15 26 25 17 27
AVOIDER 1 7 2 4 3 9 8 5 6 20 18 19 23 14 16 10 12 13 11 29 28 24 30 21 22 15 26 25 17 27
AVOIDER 1 7 2 4 3 9 8 5 6 20 18 19 23 14 16 10 12 13 11 30 28 24 29 21 22 15 26 25 17 27
AVOIDER 1 7 2 4 3 9 8 5 6 20 18 19 23 14 16 10 12 13 11 29 30 24 28 21 22 15 26 25 17 27
AVOIDER 1 7 2 4 3 9 8 5 6 20 18 19 23 14 16 10 12 13 11 28 29 30 24 21 22 15 26 25 17 27
AVOIDER 1 7 2 4 3 9 8 5 6 20 18 19 23 14 16 10 12 13 11 28 30 29 24 21 22 15 26 25 17 27
AVOIDER 1 7 2 4 3 9 8 5 6 20 18 19 23 14 16 10 12 13 11 29 28 30 24 21 22 15 26 25 17 27
AVOIDER 1 7 2 4 3 9 8 5 6 20 18 19 23 14 16 10 12 13 11 30 28 29 24 21 22 15 26 25 17 27
AVOIDER 1 7 2 4 3 9 8 5 6 20 18 19 23 14 16 10 12 13 11 29 30 28 24 21 22 15 26 25 17 27
AVOIDER 1 7 2 4 3 9 8 5 6 20 18 19 23 14 16 10 12 13 11 24 30 22 28 29 21 15 26 25 17 27
AVOIDER 1 7 2 4 3 9 8 5 6 20 18 19 23 14 16 10 12 13 11 30 24 22 28 29 21 15 26 25 17 27
AVOIDER 1 7 2 4 3 9 8 5 6 20 18 19 23 14 16 10 12 13 11 24 28 30 22 29 21 15 26 25 17 27
AVOIDER 1 7 2 4 3 9 8 5 6 20 18 19 23 14 16 10 12 13 11 24 30 28 22 29 21 15 26 25 17 27
AVOIDER 1 7 2 4 3 9 8 5 6 20 18 19 23 14 16 10 12 13 11 24 29 30 22 28 21 15 26 25 17 27
AVOIDER 1 7 2 4 3 9 8 5 6 20 18 19 23 14 16 10 12 13 11 28 24 30 22 29 21 15 26 25 17 27
AVOIDER 1 7 2 4 3 9 8 5 6 20 18 19 23 14 16 10 12 13 11 30 24 28 22 29 21 15 26 25 17 27
AVOIDER 1 7 2 4 3 9 8 5 6 20 18 19 23 14 16 10 12 13 11 29 24 30 22 28 21 15 26 25 17 27
AVOIDER 1 7 2 4 3 9 8 5 6 20 18 19 23 14 16 10 12 13 11 28 30 24 22 29 21 15 26 25 17 27
AVOIDER 1 7 2 4 3 9 8 5 6 20 18 19 23 14 16 10 12 13 11 30 28 24 22 29 21 15 26 25 17 27
AVOIDER 1 7 2 4 3 9 8 5 6 20 18 19 23 14 16 10 12 13 11 29 30 24 22 28 21 15 26 25 17 27
AVOIDER 1 7 2 4 3 9 8 5 6 20 18 19 23 14 16 10 12 13 11 24 28 29 30 22 21 15 26 25 17 27
AVOIDER 1 7 2 4 3 9 8 5 6 20 18 19 23 14 16 10 12 13 11 24 28 30 29 22 21 15 26 25 17 27
AVOIDER 1 7 2 4 3 9 8 5 6 20 18 19 23 14 16 10 12 13 11 24 29 28 30 22 21 15 26 25 17 27
AVOIDER 1 7 2 4 3 9 8 5 6 20 18 19 23 14 16 10 12 13 11 24 30 28 29 22 21 15 26 25 17 27
AVOIDER 1 7 2 4 3 9 8 5 6 20 18 19 23 14 16 10 12 13 11 24 29 30 28 22 21 15 26 25 17 27
AVOIDER 1 7 2 4 3 9 8 5 6 20 18 19 23 14 16 10 12 13 11 28 24 29 30 22 21 15 26 25 17 27
AVOIDER 1 7 2 4 3 9 8 5 6 20 18 19 23 14 16 10 12 13 11 28 24 30 29 22 21 15 26 25 17 27
AVOIDER 1 7 2 4 3 9 8 5 6 20 18 19 23 14 16 10 12 13 11 29 24 28 30 22 21 15 26 25 17 27
AVOIDER 1 7 2 4 3 9 8 5 6 20 18 19 23 14 16 10 12 13 11 30 24 28 29 22 21 15 26 25 17 27
AVOIDER 1 7 2 4 3 9 8 5 6 20 18 19 23 14 16 10 12 13 11 29 24 30 28 22 21 15 26 25 17 27
AVOIDER 1 7 2 4 3 9 8 5 6 20 18 19 23 14 16 10 12 13 11 28 29 24 30 22 21 15 26 25 17 27
AVOIDER 1 7 2 4 3 9 8 5 6 20 18 19 23 14 16 10 12 13 11 28 30 24 29 22 21 15 26 25 17 27
AVOIDER 1 7 2 4 3 9 8 5 6 20 18 19 23 14 16 10 12 13 11 29 28 24 30 22 21 15 26 25 17 27
AVOIDER 1 7 2 4 3 9 8 5 6 20 18 19 23 14 16 10 12 13 11 30 28 24 29 22 21 15 26 25 17 27
AVOIDER 1 7 2 4 3 9 8 5 6 20 18 19 23 14 16 10 12 13 11 29 30 24 28 22 21 15 26 25 17 27
AVOIDER 1 7 2 4 3 9 8 5 6 20 18 19 23 14 16 10 12 13 11 28 29 30 24 22 21 15 26 25 17 27
AVOIDER 1 7 2 4 3 9 8 5 6 20 18 19 23 14 16 10 12 13 11 28 30 29 24 22 21 15 26 25 17 27
AVOIDER 1 7 2 4 3 9 8 5 6 20 18 19 23 14 16 10 12 13 11 29 28 30 24 22 21 15 26 25 17 27
AVOIDER 1 7 2 4 3 9 8 5 6 20 18 19 23 14 16 10 12 13 11 30 28 29 24 22 21 15 26 25 17 27
AVOIDER 1 7 2 4 3 9 8 5 6 20 18 19 23 14 16 10 12 13 11 29 30 28 24 22 21 15 26 25 17 27
AVOIDER 1 7 2 4 3 9 8 5 6 20 18 23 19 14 16 10 12 13 11 24 28 29 30 21 22 15 26 25 17 27
AVOIDER 1 7 2 4 3 9 8 5 6 20 18 23 19 14 16 10 12 13 11 24 28 30 29 21 22 15 26 25 17 27
AVOIDER 1 7 2 4 3 9 8 5 6 20 18 23 19 14 16 10 12 13 11 24 29 28 30 21 22 15 26 25 17 27
AVOIDER 1 7 2 4 3 9 8 5 6 20 18 23 19 14 16 10 12 13 11 24 30 28 29 21 22 15 26 25 17 27
AVOIDER 1 7 2 4 3 9 8 5 6 20 18 23 19 14 16 10 12 13 11 24 29 30 28 21 22 15 26 25 17 27
AVOIDER 1 7 2 4 3 9 8 5 6 20 18 23 19 14 16 10 12 13 11 28 24 29 30 21 22 15 26 25 17 27
AVOIDER 1 7 2 4 3 9 8 5 6 20 18 23 19 14 16 10 12 13 11 28 24 30 29 21 22 15 26 25 17 27
AVOIDER 1 7 2 4 3 9 8 5 6 20 18 23 19 14 16 10 12 13 11 29 24 28 30 21 22 15 26 25 17 27
AVOIDER 1 7 2 4 3 9 8 5 6 20 18 23 19 14 16 10 12 13 11 30 24 28 29 21 22 15 26 25 17 27
AVOIDER 1 7 2 4 3 9 8 5 6 20 18 23 19 14 16 10 12 13 11 29 24 30 28 21 22 15 26 25 17 27
AVOIDER 1 7 2 4 3 9 8 5 6 20 18 23 19 14 16 10 12 13 11 28 29 24 30 21 22 15 26 25 17 27
AVOIDER 1 7 2 4 3 9 8 5 6 20 18 23 19 14 16 10 12 13 11 28 30 24 29 21 22 15 26 25 17 27
AVOIDER 1 7 2 4 3 9 8 5 6 20 18 23 19 14 16 10 12 13 11 29 28 24 30 21 22 15 26 25 17 27
AVOIDER 1 7 2 4 3 9 8 5 6 20 18 23 19 14 16 10 12 13 11 30 28 24 29 21 22 15 26 25 17 27
AVOIDER 1 7 2 4 3 9 8 5 6 20 18 23 19 14 16 10 12 13 11 29 30 24 28 21 22 15 26 25 17 27
AVOIDER 1 7 2 4 3 9 8 5 6 20 18 23 19 14 16 10 12 13 11 28 29 30 24 21 22 15 26 25 17 27
AVOIDER 1 7 2 4 3 9 8 5 6 20 18 23 19 14 16 10 12 13 11 28 30 29 24 21 22 15 26 25 17 27
AVOIDER 1 7 2 4 3 9 8 5 6 20 18 23 19 14 16 10 12 13 11 29 28 30 24 21 22 15 26 25 17 27
AVOIDER 1 7 2 4 3 9 8 5 6 20 18 23 19 14 16 10 12 13 11 30 28 29 24 21 22 15 26 25 17 27
AVOIDER 1 7 2 4 3 9 8 5 6 20 18 23 19 14 16 10 12 13 11 29 30 28 24 21 22 15 26 25 17 27
AVOIDER 1 7 2 4 3 9 8 5 6 20 18 23 19 14 16 10 12 13 11 24 30 22 28 29 21 15 26 25 17 27
AVOIDER 1 7 2 4 3 9 8 5 6 20 18 23 19 14 16 10 12 13 11 30 24 22 28 29 21 15 26 25 17 27
AVOIDER 1 7 2 4 3 9 8 5 6 20 18 23 19 14 16 10 12 13 11 24 28 30 22 29 21 15 26 25 17 27
AVOIDER 1 7 2 4 3 9 8 5 6 20 18 23 19 14 16 10 12 13 11 24 30 28 22 29 21 15 26 25 17 27
AVOIDER 1 7 2 4 3 9 8 5 6 20 18 23 19 14 16 10 12 13 11 24 29 30 22 28 21 15 26 25 17 27
AVOIDER 1 7 2 4 3 9 8 5 6 20 18 23 19 14 16 10 12 13 11 28 24 30 22 29 21 15 26 25 17 27
AVOIDER 1 7 2 4 3 9 8 5 6 20 18 23 19 14 16 10 12 13 11 30 24 28 22 29 21 15 26 25 17 27
AVOIDER 1 7 2 4 3 9 8 5 6 20 18 23 19 14 16 10 12 13 11 29 24 30 22 28 21 15 26 25 17 27
AVOIDER 1 7 2 4 3 9 8 5 6 20 18 23 19 14 16 10 12 13 11 28 30 24 22 29 21 15 26 25 17 27
AVOIDER 1 7 2 4 3 9 8 5 6 20 18 23 19 14 16 10 12 13 11 30 28 24 22 29 21 15 26 25 17 27
AVOIDER 1 7 2 4 3 9 8 5 6 20 18 23 19 14 16 10 12 13 11 29 30 24 22 28 21 15 26 25 17 27
AVOIDER 1 7 2 4 3 9 8 5 6 20 18 23 19 14 16 10 12 13 11 24 28 29 30 22 21 15 26 25 17 27
AVOIDER 1 7 2 4 3 9 8 5 6 20 18 23 19 14 16 10 12 13 11 24 28 30 29 22 21 15 26 25 17 27
AVOIDER 1 7 2 4 3 9 8 5 6 20 18 23 19 14 16 10 12 13 11 24 29 28 30 22 21 15 26 25 17 27
AVOIDER 1 7 2 4 3 9 8 5 6 20 18 23 19 14 16 10 12 13 11 24 30 28 29 22 21 15 26 25 17 27
AVOIDER 1 7 2 4 3 9 8 5 6 20 18 23 19 14 16 10 12 13 11 24 29 30 28 22 21 15 26 25 17 27
AVOIDER 1 7 2 4 3 9 8 5 6 20 18 23 19 14 16 10 12 13 11 28 24 29 30 22 21 15 26 25 17 27
AVOIDER 1 7 2 4 3 9 8 5 6 20 18 23 19 14 16 10 12 13 11 28 24 30 29 22 21 15 26 25 17 27
AVOIDER 1 7 2 4 3 9 8 5 6 20 18 23 19 14 16 10 12 13 11 29 24 28 30 22 21 15 26 25 17 27
AVOIDER 1 7 2 4 3 9 8 5 6 20 18 23 19 14 16 10 12 13 11 30 24 28 29 22 21 15 26 25 17 27
AVOIDER 1 7 2 4 3 9 8 5 6 20 18 23 19 14 16 10 12 13 11 29 24 30 28 22 21 15 26 25 17 27
AVOIDER 1 7 2 4 3 9 8 5 6 20 18 23 19 14 16 10 12 13 11 28 29 24 30 22 21 15 26 25 17 27
AVOIDER 1 7 2 4 3 9 8 5 6 20 18 23 19 14 16 10 12 13 11 28 30 24 29 22 21 15 26 25 17 27
AVOIDER 1 7 2 4 3 9 8 5 6 20 18 23 19 14 16 10 12 13 11 29 28 24 30 22 21 15 26 25 17 27
AVOIDER 1 7 2 4 3 9 8 5 6 20 18 23 19 14 16 10 12 13 11 30 28 24 29 22 21 15 26 25 17 27
AVOIDER 1 7 2 4 3 9 8 5 6 20 18 23 19 14 16 10 12 13 11 29 30 24 28 22 21 15 26 25 17 27
AVOIDER 1 7 2 4 3 9 8 5 6 20 18 23 19 14 16 10 12 13 11 28 29 30 24 22 21 15 26 25 17 27
AVOIDER 1 7 2 4 3 9 8 5 6 20 18 23 19 14 16 10 12 13 11 28 30 29 24 22 21 15 26 25 17 27
AVOIDER 1 7 2 4 3 9 8 5 6 20 18 23 19 14 16 10 12 13 11 29 28 30 24 22 21 15 26 25 17 27
AVOIDER 1 7 2 4 3 9 8 5 6 20 18 23 19 14 16 10 12 13 11 30 28 29 24 22 21 15 26 25 17 27
AVOIDER 1 7 2 4 3 9 8 5 6 20 18 23 19 14 16 10 12 13 11 29 30 28 24 22 21 15 26 25 17 27
AVOIDER 1 7 2 4 3 9 8 5 6 23 18 20 19 14 16 10 12 13 11 24 28 29 30 21 22 15 26 25 17 27
AVOIDER 1 7 2 4 3 9 8 5 6 23 18 20 19 14 16 10 12 13 11 24 28 30 29 21 22 15 26 25 17 27
AVOIDER 1 7 2 4 3 9 8 5 6 23 18 20 19 14 16 10 12 13 11 24 29 28 30 21 22 15 26 25 17 27
AVOIDER 1 7 2 4 3 9 8 5 6 23 18 20 19 14 16 10 12 13 11 24 30 28 29 21 22 15 26 25 17 27
AVOIDER 1 7 2 4 3 9 8 5 6 23 18 20 19 14 16 10 12 13 11 24 29 30 28 21 22 15 26 25 17 27
AVOIDER 1 7 2 4 3 9 8 5 6 23 18 20 19 14 16 10 12 13 11 28 24 29 30 21 22 15 26 25 17 27
AVOIDER 1 7 2 4 3 9 8 5 6 23 18 20 19 14 16 10 12 13 11 28 24 30 29 21 22 15 26 25 17 27
AVOIDER 1 7 2 4 3 9 8 5 6 23 18 20 19 14 16 10 12 13 11 29 24 28 30 21 22 15 26 25 17 27
AVOIDER 1 7 2 4 3 9 8 5 6 23 18 20 19 14 16 10 12 13 11 30 24 28 29 21 22 15 26 25 17 27
AVOIDER 1 7 2 4 3 9 8 5 6 23 18 20 19 14 16 10 12 13 11 29 24 30 28 21 22 15 26 25 17 27
AVOIDER 1 7 2 4 3 9 8 5 6 23 18 20 19 14 16 10 12 13 11 28 29 24 30 21 22 15 26 25 17 27
AVOIDER 1 7 2 4 3 9 8 5 6 23 18 20 19 14 16 10 12 13 11 28 30 24 29 21 22 15 26 25 17 27
AVOIDER 1 7 2 4 3 9 8 5 6 23 18 20 19 14 16 10 12 13 11 29 28 24 30 21 22 15 26 25 17 27
AVOIDER 1 7 2 4 3 9 8 5 6 23 18 20 19 14 16 10 12 13 11 30 28 24 29 21 22 15 26 25 17 27
AVOIDER 1 7 2 4 3 9 8 5 6 23 18 20 19 14 16 10 12 13 11 29 30 24 28 21 22 15 26 25 17 27
AVOIDER 1 7 2 4 3 9 8 5 6 23 18 20 19 14 16 10 12 13 11 28 29 30 24 21 22 15 26 25 17 27
AVOIDER 1 7 2 4 3 9 8 5 6 23 18 20 19 14 16 10 12 13 11 28 30 29 24 21 22 15 26 25 17 27
AVOIDER 1 7 2 4 3 9 8 5 6 23 18 20 19 14 16 10 12 13 11 29 28 30 24 21 22 15 26 25 17 27
AVOIDER 1 7 2 4 3 9 8 5 6 23 18 20 19 14 16 10 12 13 11 30 28 29 24 21 22 15 26 25 17 27
AVOIDER 1 7 2 4 3 9 8 5 6 23 18 20 19 14 16 10 12 13 11 29 30 28 24 21 22 15 26 25 17 27
AVOIDER 1 7 2 4 3 9 8 5 6 23 18 20 19 14 16 10 12 13 11 24 30 22 28 29 21 15 26 25 17 27
AVOIDER 1 7 2 4 3 9 8 5 6 23 18 20 19 14 16 10 12 13 11 30 24 22 28 29 21 15 26 25 17 27
AVOIDER 1 7 2 4 3 9 8 5 6 23 18 20 19 14 16 10 12 13 11 24 28 30 22 29 21 15 26 25 17 27
AVOIDER 1 7 2 4 3 9 8 5 6 23 18 20 19 14 16 10 12 13 11 24 30 28 22 29 21 15 26 25 17 27
AVOIDER 1 7 2 4 3 9 8 5 6 23 18 20 19 14 16 10 12 13 11 24 29 30 22 28 21 15 26 25 17 27
AVOIDER 1 7 2 4 3 9 8 5 6 23 18 20 19 14 16 10 12 13 11 28 24 30 22 29 21 15 26 25 17 27
AVOIDER 1 7 2 4 3 9 8 5 6 23 18 20 19 14 16 10 12 13 11 30 24 28 22 29 21 15 26 25 17 27
AVOIDER 1 7 2 4 3 9 8 5 6 23 18 20 19 14 16 10 12 13 11 29 24 30 22 28 21 15 26 25 17 27
AVOIDER 1 7 2 4 3 9 8 5 6 23 18 20 19 14 16 10 12 13 11 28 30 24 22 29 21 15 26 25 17 27
AVOIDER 1 7 2 4 3 9 8 5 6 23 18 20 19 14 16 10 12 13 11 30 28 24 22 29 21 15 26 25 17 27
AVOIDER 1 7 2 4 3 9 8 5 6 23 18 20 19 14 16 10 12 13 11 29 30 24 22 28 21 15 26 25 17 27
AVOIDER 1 7 2 4 3 9 8 5 6 23 18 20 19 14 16 10 12 13 11 24 28 29 30 22 21 15 26 25 17 27
AVOIDER 1 7 2 4 3 9 8 5 6 23 18 20 19 14 16 10 12 13 11 24 28 30 29 22 21 15 26 25 17 27
AVOIDER 1 7 2 4 3 9 8 5 6 23 18 20 19 14 16 10 12 13 11 24 29 28 30 22 21 15 26 25 17 27
AVOIDER 1 7 2 4 3 9 8 5 6 23 18 20 19 14 16 10 12 13 11 24 30 28 29 22 21 15 26 25 17 27
AVOIDER 1 7 2 4 3 9 8 5 6 23 18 20 19 14 16 10 12 13 11 24 29 30 28 22 21 15 26 25 17 27
AVOIDER 1 7 2 4 3 9 8 5 6 23 18 20 19 14 16 10 12 13 11 28 24 29 30 22 21 15 26 25 17 27
AVOIDER 1 7 2 4 3 9 8 5 6 23 18 20 19 14 16 10 12 13 11 28 24 30 29 22 21 15 26 25 17 27
AVOIDER 1 7 2 4 3 9 8 5 6 23 18 20 19 14 16 10 12 13 11 29 24 28 30 22 21 15 26 25 17 27
AVOIDER 1 7 2 4 3 9 8 5 6 23 18 20 19 14 16 10 12 13 11 30 24 28 29 22 21 15 26 25 17 27
AVOIDER 1 7 2 4 3 9 8 5 6 23 18 20 19 14 16 10 12 13 11 29 24 30 28 22 21 15 26 25 17 27
AVOIDER 1 7 2 4 3 9 8 5 6 23 18 20 19 14 16 10 12 13 11 28 29 24 30 22 21 15 26 25 17 27
AVOIDER 1 7 2 4 3 9 8 5 6 23 18 20 19 14 16 10 12 13 11 28 30 24 29 22 21 15 26 25 17 27
AVOIDER 1 7 2 4 3 9 8 5 6 23 18 20 19 14 16 10 12 13 11 29 28 24 30 22 21 15 26 25 17 27
AVOIDER 1 7 2 4 3 9 8 5 6 23 18 20 19 14 16 10 12 13 11 30 28 24 29 22 21 15 26 25 17 27
AVOIDER 1 7 2 4 3 9 8 5 6 23 18 20 19 14 16 10 12 13 11 29 30 24 28 22 21 15 26 25 17 27
AVOIDER 1 7 2 4 3 9 8 5 6 23 18 20 19 14 16 10 12 13 11 28 29 30 24 22 21 15 26 25 17 27
AVOIDER 1 7 2 4 3 9 8 5 6 23 18 20 19 14 16 10 12 13 11 28 30 29 24 22 21 15 26 25 17 27
AVOIDER 1 7 2 4 3 9 8 5 6 23 18 20 19 14 16 10 12 13 11 29 28 30 24 22 21 15 26 25 17 27
AVOIDER 1 7 2 4 3 9 8 5 6 23 18 20 19 14 16 10 12 13 11 30 28 29 24 22 21 15 26 25 17 27
AVOIDER 1 7 2 4 3 9 8 5 6 23 18 20 19 14 16 10 12 13 11 29 30 28 24 22 21 15 26 25 17 27
AVOIDER 1 7 2 4 3 9 8 5 6 19 20 18 23 14 16 10 12 13 11 24 30 22 28 29 21 15 26 25 17 27
AVOIDER 1 7 2 4 3 9 8 5 6 19 20 18 23 14 16 10 12 13 11 30 24 22 28 29 21 15 26 25 17 27
AVOIDER 1 7 2 4 3 9 8 5 6 19 20 18 23 14 16 10 12 13 11 24 28 30 22 29 21 15 26 25 17 27
AVOIDER 1 7 2 4 3 9 8 5 6 19 20 18 23 14 16 10 12 13 11 24 30 28 22 29 21 15 26 25 17 27
AVOIDER 1 7 2 4 3 9 8 5 6 19 20 18 23 14 16 10 12 13 11 24 29 30 22 28 21 15 26 25 17 27
AVOIDER 1 7 2 4 3 9 8 5 6 19 20 18 23 14 16 10 12 13 11 28 24 30 22 29 21 15 26 25 17 27
AVOIDER 1 7 2 4 3 9 8 5 6 19 20 18 23 14 16 10 12 13 11 30 24 28 22 29 21 15 26 25 17 27
AVOIDER 1 7 2 4 3 9 8 5 6 19 20 18 23 14 16 10 12 13 11 29 24 30 22 28 21 15 26 25 17 27
AVOIDER 1 7 2 4 3 9 8 5 6 19 20 18 23 14 16 10 12 13 11 28 30 24 22 29 21 15 26 25 17 27
AVOIDER 1 7 2 4 3 9 8 5 6 19 20 18 23 14 16 10 12 13 11 30 28 24 22 29 21 15 26 25 17 27
AVOIDER 1 7 2 4 3 9 8 5 6 19 20 18 23 14 16 10 12 13 11 29 30 24 22 28 21 15 26 25 17 27
AVOIDER 1 7 2 4 3 9 8 5 6 19 20 18 23 14 16 10 12 13 11 24 28 29 30 22 21 15 26 25 17 27
AVOIDER 1 7 2 4 3 9 8 5 6 19 20 18 23 14 16 10 12 13 11 24 28 30 29 22 21 15 26 25 17 27
AVOIDER 1 7 2 4 3 9 8 5 6 19 20 18 23 14 16 10 12 13 11 24 29 28 30 22 21 15 26 25 17 27
AVOIDER 1 7 2 4 3 9 8 5 6 19 20 18 23 14 16 10 12 13 11 24 30 28 29 22 21 15 26 25 17 27
AVOIDER 1 7 2 4 3 9 8 5 6 19 20 18 23 14 16 10 12 13 11 24 29 30 28 22 21 15 26 25 17 27
AVOIDER 1 7 2 4 3 9 8 5 6 19 20 18 23 14 16 10 12 13 11 28 24 29 30 22 21 15 26 25 17 27
AVOIDER 1 7 2 4 3 9 8 5 6 19 20 18 23 14 16 10 12 13 11 28 24 30 29 22 21 15 26 25 17 27
AVOIDER 1 7 2 4 3 9 8 5 6 19 20 18 23 14 16 10 12 13 11 29 24 28 30 22 21 15 26 25 17 27
AVOIDER 1 7 2 4 3 9 8 5 6 19 20 18 23 14 16 10 12 13 11 30 24 28 29 22 21 15 26 25 17 27
AVOIDER 1 7 2 4 3 9 8 5 6 19 20 18 23 14 16 10 12 13 11 29 24 30 28 22 21 15 26 25 17 27
AVOIDER 1 7 2 4 3 9 8 5 6 19 20 18 23 14 16 10 12 13 11 28 29 24 30 22 21 15 26 25 17 27
AVOIDER 1 7 2 4 3 9 8 5 6 19 20 18 23 14 16 10 12 13 11 28 30 24 29 22 21 15 26 25 17 27
AVOIDER 1 7 2 4 3 9 8 5 6 19 20 18 23 14 16 10 12 13 11 29 28 24 30 22 21 15 26 25 17 27
AVOIDER 1 7 2 4 3 9 8 5 6 19 20 18 23 14 16 10 12 13 11 30 28 24 29 22 21 15 26 25 17 27
AVOIDER 1 7 2 4 3 9 8 5 6 19 20 18 23 14 16 10 12 13 11 29 30 24 28 22 21 15 26 25 17 27
AVOIDER 1 7 2 4 3 9 8 5 6 19 20 18 23 14 16 10 12 13 11 28 29 30 24 22 21 15 26 25 17 27
AVOIDER 1 7 2 4 3 9 8 5 6 19 20 18 23 14 16 10 12 13 11 28 30 29 24 22 21 15 26 25 17 27
AVOIDER 1 7 2 4 3 9 8 5 6 19 20 18 23 14 16 10 12 13 11 29 28 30 24 22 21 15 26 25 17 27
AVOIDER 1 7 2 4 3 9 8 5 6 19 20 18 23 14 16 10 12 13 11 30 28 29 24 22 21 15 26 25 17 27
AVOIDER 1 7 2 4 3 9 8 5 6 19 20 18 23 14 16 10 12 13 11 29 30 28 24 22 21 15 26 25 17 27
AVOIDER 1 7 2 4 3 9 8 5 6 19 23 18 20 14 16 10 12 13 11 24 30 22 28 29 21 15 26 25 17 27
AVOIDER 1 7 2 4 3 9 8 5 6 19 23 18 20 14 16 10 12 13 11 30 24 22 28 29 21 15 26 25 17 27
AVOIDER 1 7 2 4 3 9 8 5 6 19 23 18 20 14 16 10 12 13 11 24 28 30 22 29 21 15 26 25 17 27
AVOIDER 1 7 2 4 3 9 8 5 6 19 23 18 20 14 16 10 12 13 11 24 30 28 22 29 21 15 26 25 17 27
AVOIDER 1 7 2 4 3 9 8 5 6 19 23 18 20 14 16 10 12 13 11 24 29 30 22 28 21 15 26 25 17 27
AVOIDER 1 7 2 4 3 9 8 5 6 19 23 18 20 14 16 10 12 13 11 28 24 30 22 29 21 15 26 25 17 27
AVOIDER 1 7 2 4 3 9 8 5 6 19 23 18 20 14 16 10 12 13 11 30 24 28 22 29 21 15 26 25 17 27
AVOIDER 1 7 2 4 3 9 8 5 6 19 23 18 20 14 16 10 12 13 11 29 24 30 22 28 21 15 26 25 17 27
AVOIDER 1 7 2 4 3 9 8 5 6 19 23 18 20 14 16 10 12 13 11 28 30 24 22 29 21 15 26 25 17 27
AVOIDER 1 7 2 4 3 9 8 5 6 19 23 18 20 14 16 10 12 13 11 30 28 24 22 29 21 15 26 25 17 27
AVOIDER 1 7 2 4 3 9 8 5 6 19 23 18 20 14 16 10 12 13 11 29 30 24 22 28 21 15 26 25 17 27
AVOIDER 1 7 2 4 3 9 8 5 6 19 23 18 20 14 16 10 12 13 11 24 28 29 30 22 21 15 26 25 17 27
AVOIDER 1 7 2 4 3 9 8 5 6 19 23 18 20 14 16 10 12 13 11 24 28 30 29 22 21 15 26 25 17 27
AVOIDER 1 7 2 4 3 9 8 5 6 19 23 18 20 14 16 10 12 13 11 24 29 28 30 22 21 15 26 25 17 27
AVOIDER 1 7 2 4 3 9 8 5 6 19 23 18 20 14 16 10 12 13 11 24 30 28 29 22 21 15 26 25 17 27
AVOIDER 1 7 2 4 3 9 8 5 6 19 23 18 20 14 16 10 12 13 11 24 29 30 28 22 21 15 26 25 17 27
AVOIDER 1 7 2 4 3 9 8 5 6 19 23 18 20 14 16 10 12 13 11 28 24 29 30 22 21 15 26 25 17 27
AVOIDER 1 7 2 4 3 9 8 5 6 19 23 18 20 14 16 10 12 13 11 28 24 30 29 22 21 15 26 25 17 27
AVOIDER 1 7 2 4 3 9 8 5 6 19 23 18 20 14 16 10 12 13 11 29 24 28 30 22 21 15 26 25 17 27
AVOIDER 1 7 2 4 3 9 8 5 6 19 23 18 20 14 16 10 12 13 11 30 24 28 29 22 21 15 26 25 17 27
AVOIDER 1 7 2 4 3 9 8 5 6 19 23 18 20 14 16 10 12 13 11 29 24 30 28 22 21 15 26 25 17 27
AVOIDER 1 7 2 4 3 9 8 5 6 19 23 18 20 14 16 10 12 13 11 28 29 24 30 22 21 15 26 25 17 27
AVOIDER 1 7 2 4 3 9 8 5 6 19 23 18 20 14 16 10 12 13 11 28 30 24 29 22 21 15 26 25 17 27
AVOIDER 1 7 2 4 3 9 8 5 6 19 23 18 20 14 16 10 12 13 11 29 28 24 30 22 21 15 26 25 17 27
AVOIDER 1 7 2 4 3 9 8 5 6 19 23 18 20 14 16 10 12 13 11 30 28 24 29 22 21 15 26 25 17 27
AVOIDER 1 7 2 4 3 9 8 5 6 19 23 18 20 14 16 10 12 13 11 29 30 24 28 22 21 15 26 25 17 27
AVOIDER 1 7 2 4 3 9 8 5 6 19 23 18 20 14 16 10 12 13 11 28 29 30 24 22 21 15 26 25 17 27
AVOIDER 1 7 2 4 3 9 8 5 6 19 23 18 20 14 16 10 12 13 11 28 30 29 24 22 21 15 26 25 17 27
AVOIDER 1 7 2 4 3 9 8 5 6 19 23 18 20 14 16 10 12 13 11 29 28 30 24 22 21 15 26 25 17 27
AVOIDER 1 7 2 4 3 9 8 5 6 19 23 18 20 14 16 10 12 13 11 30 28 29 24 22 21 15 26 25 17 27
AVOIDER 1 7 2 4 3 9 8 5 6 19 23 18 20 14 16 10 12 13 11 29 30 28 24 22 21 15 26 25 17 27
AVOIDER 1 7 2 4 3 9 8 5 6 23 19 18 20 14 16 10 12 13 11 24 30 22 28 29 21 15 26 25 17 27
AVOIDER 1 7 2 4 3 9 8 5 6 23 19 18 20 14 16 10 12 13 11 30 24 22 28 29 21 15 26 25 17 27
AVOIDER 1 7 2 4 3 9 8 5 6 23 19 18 20 14 16 10 12 13 11 24 28 30 22 29 21 15 26 25 17 27
AVOIDER 1 7 2 4 3 9 8 5 6 23 19 18 20 14 16 10 12 13 11 24 30 28 22 29 21 15 26 25 17 27
AVOIDER 1 7 2 4 3 9 8 5 6 23 19 18 20 14 16 10 12 13 11 24 29 30 22 28 21 15 26 25 17 27
AVOIDER 1 7 2 4 3 9 8 5 6 23 19 18 20 14 16 10 12 13 11 28 24 30 22 29 21 15 26 25 17 27
AVOIDER 1 7 2 4 3 9 8 5 6 23 19 18 20 14 16 10 12 13 11 30 24 28 22 29 21 15 26 25 17 27
AVOIDER 1 7 2 4 3 9 8 5 6 23 19 18 20 14 16 10 12 13 11 29 24 30 22 28 21 15 26 25 17 27
AVOIDER 1 7 2 4 3 9 8 5 6 23 19 18 20 14 16 10 12 13 11 28 30 24 22 29 21 15 26 25 17 27
AVOIDER 1 7 2 4 3 9 8 5 6 23 19 18 20 14 16 10 12 13 11 30 28 24 22 29 21 15 26 25 17 27
AVOIDER 1 7 2 4 3 9 8 5 6 23 19 18 20 14 16 10 12 13 11 29 30 24 22 28 21 15 26 25 17 27
AVOIDER 1 7 2 4 3 9 8 5 6 23 19 18 20 14 16 10 12 13 11 24 28 29 30 22 21 15 26 25 17 27
AVOIDER 1 7 2 4 3 9 8 5 6 23 19 18 20 14 16 10 12 13 11 24 28 30 29 22 21 15 26 25 17 27
AVOIDER 1 7 2 4 3 9 8 5 6 23 19 18 20 14 16 10 12 13 11 24 29 28 30 22 21 15 26 25 17 27
AVOIDER 1 7 2 4 3 9 8 5 6 23 19 18 20 14 16 10 12 13 11 24 30 28 29 22 21 15 26 25 17 27
AVOIDER 1 7 2 4 3 9 8 5 6 23 19 18 20 14 16 10 12 13 11 24 29 30 28 22 21 15 26 25 17 27
AVOIDER 1 7 2 4 3 9 8 5 6 23 19 18 20 14 16 10 12 13 11 28 24 29 30 22 21 15 26 25 17 27
AVOIDER 1 7 2 4 3 9 8 5 6 23 19 18 20 14 16 10 12 13 11 28 24 30 29 22 21 15 26 25 17 27
AVOIDER 1 7 2 4 3 9 8 5 6 23 19 18 20 14 16 10 12 13 11 29 24 28 30 22 21 15 26 25 17 27
AVOIDER 1 7 2 4 3 9 8 5 6 23 19 18 20 14 16 10 12 13 11 30 24 28 29 22 21 15 26 25 17 27
AVOIDER 1 7 2 4 3 9 8 5 6 23 19 18 20 14 16 10 12 13 11 29 24 30 28 22 21 15 26 25 17 27
AVOIDER 1 7 2 4 3 9 8 5 6 23 19 18 20 14 16 10 12 13 11 28 29 24 30 22 21 15 26 25 17 27
AVOIDER 1 7 2 4 3 9 8 5 6 23 19 18 20 14 16 10 12 13 11 28 30 24 29 22 21 15 26 25 17 27
AVOIDER 1 7 2 4 3 9 8 5 6 23 19 18 20 14 16 10 12 13 11 29 28 24 30 22 21 15 26 25 17 27
AVOIDER 1 7 2 4 3 9 8 5 6 23 19 18 20 14 16 10 12 13 11 30 28 24 29 22 21 15 26 25 17 27
AVOIDER 1 7 2 4 3 9 8 5 6 23 19 18 20 14 16 10 12 13 11 29 30 24 28 22 21 15 26 25 17 27
AVOIDER 1 7 2 4 3 9 8 5 6 23 19 18 20 14 16 10 12 13 11 28 29 30 24 22 21 15 26 25 17 27
AVOIDER 1 7 2 4 3 9 8 5 6 23 19 18 20 14 16 10 12 13 11 28 30 29 24 22 21 15 26 25 17 27
AVOIDER 1 7 2 4 3 9 8 5 6 23 19 18 20 14 16 10 12 13 11 29 28 30 24 22 21 15 26 25 17 27
AVOIDER 1 7 2 4 3 9 8 5 6 23 19 18 20 14 16 10 12 13 11 30 28 29 24 22 21 15 26 25 17 27
AVOIDER 1 7 2 4 3 9 8 5 6 23 19 18 20 14 16 10 12 13 11 29 30 28 24 22 21 15 26 25 17 27
AVOIDER 1 7 2 4 3 9 8 5 6 20 23 18 19 14 16 10 12 13 11 24 28 29 30 21 22 15 26 25 17 27
AVOIDER 1 7 2 4 3 9 8 5 6 20 23 18 19 14 16 10 12 13 11 24 28 30 29 21 22 15 26 25 17 27
AVOIDER 1 7 2 4 3 9 8 5 6 20 23 18 19 14 16 10 12 13 11 24 29 28 30 21 22 15 26 25 17 27
AVOIDER 1 7 2 4 3 9 8 5 6 20 23 18 19 14 16 10 12 13 11 24 30 28 29 21 22 15 26 25 17 27
AVOIDER 1 7 2 4 3 9 8 5 6 20 23 18 19 14 16 10 12 13 11 24 29 30 28 21 22 15 26 25 17 27
AVOIDER 1 7 2 4 3 9 8 5 6 20 23 18 19 14 16 10 12 13 11 28 24 29 30 21 22 15 26 25 17 27
AVOIDER 1 7 2 4 3 9 8 5 6 20 23 18 19 14 16 10 12 13 11 28 24 30 29 21 22 15 26 25 17 27
AVOIDER 1 7 2 4 3 9 8 5 6 20 23 18 19 14 16 10 12 13 11 29 24 28 30 21 22 15 26 25 17 27
AVOIDER 1 7 2 4 3 9 8 5 6 20 23 18 19 14 16 10 12 13 11 30 24 28 29 21 22 15 26 25 17 27
AVOIDER 1 7 2 4 3 9 8 5 6 20 23 18 19 14 16 10 12 13 11 29 24 30 28 21 22 15 26 25 17 27
AVOIDER 1 7 2 4 3 9 8 5 6 20 23 18 19 14 16 10 12 13 11 28 29 24 30 21 22 15 26 25 17 27
AVOIDER 1 7 2 4 3 9 8 5 6 20 23 18 19 14 16 10 12 13 11 28 30 24 29 21 22 15 26 25 17 27
AVOIDER 1 7 2 4 3 9 8 5 6 20 23 18 19 14 16 10 12 13 11 29 28 24 30 21 22 15 26 25 17 27
AVOIDER 1 7 2 4 3 9 8 5 6 20 23 18 19 14 16 10 12 13 11 30 28 24 29 21 22 15 26 25 17 27
AVOIDER 1 7 2 4 3 9 8 5 6 20 23 18 19 14 16 10 12 13 11 29 30 24 28 21 22 15 26 25 17 27
AVOIDER 1 7 2 4 3 9 8 5 6 20 23 18 19 14 16 10 12 13 11 28 29 30 24 21 22 15 26 25 17 27
AVOIDER 1 7 2 4 3 9 8 5 6 20 23 18 19 14 16 10 12 13 11 28 30 29 24 21 22 15 26 25 17 27
AVOIDER 1 7 2 4 3 9 8 5 6 20 23 18 19 14 16 10 12 13 11 29 28 30 24 21 22 15 26 25 17 27
AVOIDER 1 7 2 4 3 9 8 5 6 20 23 18 19 14 16 10 12 13 11 30 28 29 24 21 22 15 26 25 17 27
AVOIDER 1 7 2 4 3 9 8 5 6 20 23 18 19 14 16 10 12 13 11 29 30 28 24 21 22 15 26 25 17 27
AVOIDER 1 7 2 4 3 9 8 5 6 20 23 18 19 14 16 10 12 13 11 24 30 22 28 29 21 15 26 25 17 27
AVOIDER 1 7 2 4 3 9 8 5 6 20 23 18 19 14 16 10 12 13 11 30 24 22 28 29 21 15 26 25 17 27
AVOIDER 1 7 2 4 3 9 8 5 6 20 23 18 19 14 16 10 12 13 11 24 28 30 22 29 21 15 26 25 17 27
AVOIDER 1 7 2 4 3 9 8 5 6 20 23 18 19 14 16 10 12 13 11 24 30 28 22 29 21 15 26 25 17 27
AVOIDER 1 7 2 4 3 9 8 5 6 20 23 18 19 14 16 10 12 13 11 24 29 30 22 28 21 15 26 25 17 27
AVOIDER 1 7 2 4 3 9 8 5 6 20 23 18 19 14 16 10 12 13 11 28 24 30 22 29 21 15 26 25 17 27
AVOIDER 1 7 2 4 3 9 8 5 6 20 23 18 19 14 16 10 12 13 11 30 24 28 22 29 21 15 26 25 17 27
AVOIDER 1 7 2 4 3 9 8 5 6 20 23 18 19 14 16 10 12 13 11 29 24 30 22 28 21 15 26 25 17 27
AVOIDER 1 7 2 4 3 9 8 5 6 20 23 18 19 14 16 10 12 13 11 28 30 24 22 29 21 15 26 25 17 27
AVOIDER 1 7 2 4 3 9 8 5 6 20 23 18 19 14 16 10 12 13 11 30 28 24 22 29 21 15 26 25 17 27
AVOIDER 1 7 2 4 3 9 8 5 6 20 23 18 19 14 16 10 12 13 11 29 30 24 22 28 21 15 26 25 17 27
AVOIDER 1 7 2 4 3 9 8 5 6 20 23 18 19 14 16 10 12 13 11 24 28 29 30 22 21 15 26 25 17 27
AVOIDER 1 7 2 4 3 9 8 5 6 20 23 18 19 14 16 10 12 13 11 24 28 30 29 22 21 15 26 25 17 27
AVOIDER 1 7 2 4 3 9 8 5 6 20 23 18 19 14 16 10 12 13 11 24 29 28 30 22 21 15 26 25 17 27
AVOIDER 1 7 2 4 3 9 8 5 6 20 23 18 19 14 16 10 12 13 11 24 30 28 29 22 21 15 26 25 17 27
AVOIDER 1 7 2 4 3 9 8 5 6 20 23 18 19 14 16 10 12 13 11 24 29 30 28 22 21 15 26 25 17 27
AVOIDER 1 7 2 4 3 9 8 5 6 20 23 18 19 14 16 10 12 13 11 28 24 29 30 22 21 15 26 25 17 27
AVOIDER 1 7 2 4 3 9 8 5 6 20 23 18 19 14 16 10 12 13 11 28 24 30 29 22 21 15 26 25 17 27
AVOIDER 1 7 2 4 3 9 8 5 6 20 23 18 19 14 16 10 12 13 11 29 24 28 30 22 21 15 26 25 17 27
AVOIDER 1 7 2 4 3 9 8 5 6 20 23 18 19 14 16 10 12 13 11 30 24 28 29 22 21 15 26 25 17 27
AVOIDER 1 7 2 4 3 9 8 5 6 20 23 18 19 14 16 10 12 13 11 29 24 30 28 22 21 15 26 25 17 27
AVOIDER 1 7 2 4 3 9 8 5 6 20 23 18 19 14 16 10 12 13 11 28 29 24 30 22 21 15 26 25 17 27
AVOIDER 1 7 2 4 3 9 8 5 6 20 23 18 19 14 16 10 12 13 11 28 30 24 29 22 21 15 26 25 17 27
AVOIDER 1 7 2 4 3 9 8 5 6 20 23 18 19 14 16 10 12 13 11 29 28 24 30 22 21 15 26 25 17 27
AVOIDER 1 7 2 4 3 9 8 5 6 20 23 18 19 14 16 10 12 13 11 30 28 24 29 22 21 15 26 25 17 27
AVOIDER 1 7 2 4 3 9 8 5 6 20 23 18 19 14 16 10 12 13 11 29 30 24 28 22 21 15 26 25 17 27
AVOIDER 1 7 2 4 3 9 8 5 6 20 23 18 19 14 16 10 12 13 11 28 29 30 24 22 21 15 26 25 17 27
AVOIDER 1 7 2 4 3 9 8 5 6 20 23 18 19 14 16 10 12 13 11 28 30 29 24 22 21 15 26 25 17 27
AVOIDER 1 7 2 4 3 9 8 5 6 20 23 18 19 14 16 10 12 13 11 29 28 30 24 22 21 15 26 25 17 27
AVOIDER 1 7 2 4 3 9 8 5 6 20 23 18 19 14 16 10 12 13 11 30 28 29 24 22 21 15 26 25 17 27
AVOIDER 1 7 2 4 3 9 8 5 6 20 23 18 19 14 16 10 12 13 11 29 30 28 24 22 21 15 26 25 17 27
AVOIDER 1 7 2 4 3 9 8 5 6 23 20 18 19 14 16 10 12 13 11 24 28 29 30 21 22 15 26 25 17 27
AVOIDER 1 7 2 4 3 9 8 5 6 23 20 18 19 14 16 10 12 13 11 24 28 30 29 21 22 15 26 25 17 27
AVOIDER 1 7 2 4 3 9 8 5 6 23 20 18 19 14 16 10 12 13 11 24 29 28 30 21 22 15 26 25 17 27
AVOIDER 1 7 2 4 3 9 8 5 6 23 20 18 19 14 16 10 12 13 11 24 30 28 29 21 22 15 26 25 17 27
AVOIDER 1 7 2 4 3 9 8 5 6 23 20 18 19 14 16 10 12 13 11 24 29 30 28 21 22 15 26 25 17 27
AVOIDER 1 7 2 4 3 9 8 5 6 23 20 18 19 14 16 10 12 13 11 28 24 29 30 21 22 15 26 25 17 27
AVOIDER 1 7 2 4 3 9 8 5 6 23 20 18 19 14 16 10 12 13 11 28 24 30 29 21 22 15 26 25 17 27
AVOIDER 1 7 2 4 3 9 8 5 6 23 20 18 19 14 16 10 12 13 11 29 24 28 30 21 22 15 26 25 17 27
AVOIDER 1 7 2 4 3 9 8 5 6 23 20 18 19 14 16 10 12 13 11 30 24 28 29 21 22 15 26 25 17 27
AVOIDER 1 7 2 4 3 9 8 5 6 23 20 18 19 14 16 10 12 13 11 29 24 30 28 21 22 15 26 25 17 27
AVOIDER 1 7 2 4 3 9 8 5 6 23 20 18 19 14 16 10 12 13 11 28 29 24 30 21 22 15 26 25 17 27
AVOIDER 1 7 2 4 3 9 8 5 6 23 20 18 19 14 16 10 12 13 11 28 30 24 29 21 22 15 26 25 17 27
AVOIDER 1 7 2 4 3 9 8 5 6 23 20 18 19 14 16 10 12 13 11 29 28 24 30 21 22 15 26 25 17 27
AVOIDER 1 7 2 4 3 9 8 5 6 23 20 18 19 14 16 10 12 13 11 30 28 24 29 21 22 15 26 25 17 27
AVOIDER 1 7 2 4 3 9 8 5 6 23 20 18 19 14 16 10 12 13 11 29 30 24 28 21 22 15 26 25 17 27
AVOIDER 1 7 2 4 3 9 8 5 6 23 20 18 19 14 16 10 12 13 11 28 29 30 24 21 22 15 26 25 17 27
AVOIDER 1 7 2 4 3 9 8 5 6 23 20 18 19 14 16 10 12 13 11 28 30 29 24 21 22 15 26 25 17 27
AVOIDER 1 7 2 4 3 9 8 5 6 23 20 18 19 14 16 10 12 13 11 29 28 30 24 21 22 15 26 25 17 27
AVOIDER 1 7 2 4 3 9 8 5 6 23 20 18 19 14 16 10 12 13 11 30 28 29 24 21 22 15 26 25 17 27
AVOIDER 1 7 2 4 3 9 8 5 6 23 20 18 19 14 16 10 12 13 11 29 30 28 24 21 22 15 26 25 17 27
AVOIDER 1 7 2 4 3 9 8 5 6 23 20 18 19 14 16 10 12 13 11 24 30 22 28 29 21 15 26 25 17 27
AVOIDER 1 7 2 4 3 9 8 5 6 23 20 18 19 14 16 10 12 13 11 30 24 22 28 29 21 15 26 25 17 27
AVOIDER 1 7 2 4 3 9 8 5 6 23 20 18 19 14 16 10 12 13 11 24 28 30 22 29 21 15 26 25 17 27
AVOIDER 1 7 2 4 3 9 8 5 6 23 20 18 19 14 16 10 12 13 11 24 30 28 22 29 21 15 26 25 17 27
AVOIDER 1 7 2 4 3 9 8 5 6 23 20 18 19 14 16 10 12 13 11 24 29 30 22 28 21 15 26 25 17 27
AVOIDER 1 7 2 4 3 9 8 5 6 23 20 18 19 14 16 10 12 13 11 28 24 30 22 29 21 15 26 25 17 27
AVOIDER 1 7 2 4 3 9 8 5 6 23 20 18 19 14 16 10 12 13 11 30 24 28 22 29 21 15 26 25 17 27
AVOIDER 1 7 2 4 3 9 8 5 6 23 20 18 19 14 16 10 12 13 11 29 24 30 22 28 21 15 26 25 17 27
AVOIDER 1 7 2 4 3 9 8 5 6 23 20 18 19 14 16 10 12 13 11 28 30 24 22 29 21 15 26 25 17 27
AVOIDER 1 7 2 4 3 9 8 5 6 23 20 18 19 14 16 10 12 13 11 30 28 24 22 29 21 15 26 25 17 27
AVOIDER 1 7 2 4 3 9 8 5 6 23 20 18 19 14 16 10 12 13 11 29 30 24 22 28 21 15 26 25 17 27
AVOIDER 1 7 2 4 3 9 8 5 6 23 20 18 19 14 16 10 12 13 11 24 28 29 30 22 21 15 26 25 17 27
AVOIDER 1 7 2 4 3 9 8 5 6 23 20 18 19 14 16 10 12 13 11 24 28 30 29 22 21 15 26 25 17 27
AVOIDER 1 7 2 4 3 9 8 5 6 23 20 18 19 14 16 10 12 13 11 24 29 28 30 22 21 15 26 25 17 27
AVOIDER 1 7 2 4 3 9 8 5 6 23 20 18 19 14 16 10 12 13 11 24 30 28 29 22 21 15 26 25 17 27
AVOIDER 1 7 2 4 3 9 8 5 6 23 20 18 19 14 16 10 12 13 11 24 29 30 28 22 21 15 26 25 17 27
AVOIDER 1 7 2 4 3 9 8 5 6 23 20 18 19 14 16 10 12 13 11 28 24 29 30 22 21 15 26 25 17 27
AVOIDER 1 7 2 4 3 9 8 5 6 23 20 18 19 14 16 10 12 13 11 28 24 30 29 22 21 15 26 25 17 27
AVOIDER 1 7 2 4 3 9 8 5 6 23 20 18 19 14 16 10 12 13 11 29 24 28 30 22 21 15 26 25 17 27
AVOIDER 1 7 2 4 3 9 8 5 6 23 20 18 19 14 16 10 12 13 11 30 24 28 29 22 21 15 26 25 17 27
AVOIDER 1 7 2 4 3 9 8 5 6 23 20 18 19 14 16 10 12 13 11 29 24 30 28 22 21 15 26 25 17 27
AVOIDER 1 7 2 4 3 9 8 5 6 23 20 18 19 14 16 10 12 13 11 28 29 24 30 22 21 15 26 25 17 27
AVOIDER 1 7 2 4 3 9 8 5 6 23 20 18 19 14 16 10 12 13 11 28 30 24 29 22 21 15 26 25 17 27
AVOIDER 1 7 2 4 3 9 8 5 6 23 20 18 19 14 16 10 12 13 11 29 28 24 30 22 21 15 26 25 17 27
AVOIDER 1 7 2 4 3 9 8 5 6 23 20 18 19 14 16 10 12 13 11 30 28 24 29 22 21 15 26 25 17 27
AVOIDER 1 7 2 4 3 9 8 5 6 23 20 18 19 14 16 10 12 13 11 29 30 24 28 22 21 15 26 25 17 27
AVOIDER 1 7 2 4 3 9 8 5 6 23 20 18 19 14 16 10 12 13 11 28 29 30 24 22 21 15 26 25 17 27
AVOIDER 1 7 2 4 3 9 8 5 6 23 20 18 19 14 16 10 12 13 11 28 30 29 24 22 21 15 26 25 17 27
AVOIDER 1 7 2 4 3 9 8 5 6 23 20 18 19 14 16 10 12 13 11 29 28 30 24 22 21 15 26 25 17 27
AVOIDER 1 7 2 4 3 9 8 5 6 23 20 18 19 14 16 10 12 13 11 30 28 29 24 22 21 15 26 25 17 27
AVOIDER 1 7 2 4 3 9 8 5 6 23 20 18 19 14 16 10 12 13 11 29 30 28 24 22 21 15 26 25 17 27
AVOIDER 1 7 2 4 3 9 8 5 6 19 20 23 18 14 16 10 12 13 11 24 30 22 28 29 21 15 26 25 17 27
AVOIDER 1 7 2 4 3 9 8 5 6 19 20 23 18 14 16 10 12 13 11 30 24 22 28 29 21 15 26 25 17 27
AVOIDER 1 7 2 4 3 9 8 5 6 19 20 23 18 14 16 10 12 13 11 24 28 30 22 29 21 15 26 25 17 27
AVOIDER 1 7 2 4 3 9 8 5 6 19 20 23 18 14 16 10 12 13 11 24 30 28 22 29 21 15 26 25 17 27
AVOIDER 1 7 2 4 3 9 8 5 6 19 20 23 18 14 16 10 12 13 11 24 29 30 22 28 21 15 26 25 17 27
AVOIDER 1 7 2 4 3 9 8 5 6 19 20 23 18 14 16 10 12 13 11 28 24 30 22 29 21 15 26 25 17 27
AVOIDER 1 7 2 4 3 9 8 5 6 19 20 23 18 14 16 10 12 13 11 30 24 28 22 29 21 15 26 25 17 27
AVOIDER 1 7 2 4 3 9 8 5 6 19 20 23 18 14 16 10 12 13 11 29 24 30 22 28 21 15 26 25 17 27
AVOIDER 1 7 2 4 3 9 8 5 6 19 20 23 18 14 16 10 12 13 11 28 30 24 22 29 21 15 26 25 17 27
AVOIDER 1 7 2 4 3 9 8 5 6 19 20 23 18 14 16 10 12 13 11 30 28 24 22 29 21 15 26 25 17 27
AVOIDER 1 7 2 4 3 9 8 5 6 19 20 23 18 14 16 10 12 13 11 29 30 24 22 28 21 15 26 25 17 27
AVOIDER 1 7 2 4 3 9 8 5 6 19 20 23 18 14 16 10 12 13 11 24 28 29 30 22 21 15 26 25 17 27
AVOIDER 1 7 2 4 3 9 8 5 6 19 20 23 18 14 16 10 12 13 11 24 28 30 29 22 21 15 26 25 17 27
AVOIDER 1 7 2 4 3 9 8 5 6 19 20 23 18 14 16 10 12 13 11 24 29 28 30 22 21 15 26 25 17 27
AVOIDER 1 7 2 4 3 9 8 5 6 19 20 23 18 14 16 10 12 13 11 24 30 28 29 22 21 15 26 25 17 27
AVOIDER 1 7 2 4 3 9 8 5 6 19 20 23 18 14 16 10 12 13 11 24 29 30 28 22 21 15 26 25 17 27
AVOIDER 1 7 2 4 3 9 8 5 6 19 20 23 18 14 16 10 12 13 11 28 24 29 30 22 21 15 26 25 17 27
AVOIDER 1 7 2 4 3 9 8 5 6 19 20 23 18 14 16 10 12 13 11 28 24 30 29 22 21 15 26 25 17 27
AVOIDER 1 7 2 4 3 9 8 5 6 19 20 23 18 14 16 10 12 13 11 29 24 28 30 22 21 15 26 25 17 27
AVOIDER 1 7 2 4 3 9 8 5 6 19 20 23 18 14 16 10 12 13 11 30 24 28 29 22 21 15 26 25 17 27
AVOIDER 1 7 2 4 3 9 8 5 6 19 20 23 18 14 16 10 12 13 11 29 24 30 28 22 21 15 26 25 17 27
AVOIDER 1 7 2 4 3 9 8 5 6 19 20 23 18 14 16 10 12 13 11 28 29 24 30 22 21 15 26 25 17 27
AVOIDER 1 7 2 4 3 9 8 5 6 19 20 23 18 14 16 10 12 13 11 28 30 24 29 22 21 15 26 25 17 27
AVOIDER 1 7 2 4 3 9 8 5 6 19 20 23 18 14 16 10 12 13 11 29 28 24 30 22 21 15 26 25 17 27
AVOIDER 1 7 2 4 3 9 8 5 6 19 20 23 18 14 16 10 12 13 11 30 28 24 29 22 21 15 26 25 17 27
AVOIDER 1 7 2 4 3 9 8 5 6 19 20 23 18 14 16 10 12 13 11 29 30 24 28 22 21 15 26 25 17 27
AVOIDER 1 7 2 4 3 9 8 5 6 19 20 23 18 14 16 10 12 13 11 28 29 30 24 22 21 15 26 25 17 27
AVOIDER 1 7 2 4 3 9 8 5 6 19 20 23 18 14 16 10 12 13 11 28 30 29 24 22 21 15 26 25 17 27
AVOIDER 1 7 2 4 3 9 8 5 6 19 20 23 18 14 16 10 12 13 11 29 28 30 24 22 21 15 26 25 17 27
AVOIDER 1 7 2 4 3 9 8 5 6 19 20 23 18 14 16 10 12 13 11 30 28 29 24 22 21 15 26 25 17 27
AVOIDER 1 7 2 4 3 9 8 5 6 19 20 23 18 14 16 10 12 13 11 29 30 28 24 22 21 15 26 25 17 27
AVOIDER 1 7 2 4 3 9 8 5 6 19 23 20 18 14 16 10 12 13 11 24 30 22 28 29 21 15 26 25 17 27
AVOIDER 1 7 2 4 3 9 8 5 6 19 23 20 18 14 16 10 12 13 11 30 24 22 28 29 21 15 26 25 17 27
AVOIDER 1 7 2 4 3 9 8 5 6 19 23 20 18 14 16 10 12 13 11 24 28 30 22 29 21 15 26 25 17 27
AVOIDER 1 7 2 4 3 9 8 5 6 19 23 20 18 14 16 10 12 13 11 24 30 28 22 29 21 15 26 25 17 27
AVOIDER 1 7 2 4 3 9 8 5 6 19 23 20 18 14 16 10 12 13 11 24 29 30 22 28 21 15 26 25 17 27
AVOIDER 1 7 2 4 3 9 8 5 6 19 23 20 18 14 16 10 12 13 11 28 24 30 22 29 21 15 26 25 17 27
AVOIDER 1 7 2 4 3 9 8 5 6 19 23 20 18 14 16 10 12 13 11 30 24 28 22 29 21 15 26 25 17 27
AVOIDER 1 7 2 4 3 9 8 5 6 19 23 20 18 14 16 10 12 13 11 29 24 30 22 28 21 15 26 25 17 27
AVOIDER 1 7 2 4 3 9 8 5 6 19 23 20 18 14 16 10 12 13 11 28 30 24 22 29 21 15 26 25 17 27
AVOIDER 1 7 2 4 3 9 8 5 6 19 23 20 18 14 16 10 12 13 11 30 28 24 22 29 21 15 26 25 17 27
AVOIDER 1 7 2 4 3 9 8 5 6 19 23 20 18 14 16 10 12 13 11 29 30 24 22 28 21 15 26 25 17 27
AVOIDER 1 7 2 4 3 9 8 5 6 19 23 20 18 14 16 10 12 13 11 24 28 29 30 22 21 15 26 25 17 27
AVOIDER 1 7 2 4 3 9 8 5 6 19 23 20 18 14 16 10 12 13 11 24 28 30 29 22 21 15 26 25 17 27
AVOIDER 1 7 2 4 3 9 8 5 6 19 23 20 18 14 16 10 12 13 11 24 29 28 30 22 21 15 26 25 17 27
AVOIDER 1 7 2 4 3 9 8 5 6 19 23 20 18 14 16 10 12 13 11 24 30 28 29 22 21 15 26 25 17 27
AVOIDER 1 7 2 4 3 9 8 5 6 19 23 20 18 14 16 10 12 13 11 24 29 30 28 22 21 15 26 25 17 27
AVOIDER 1 7 2 4 3 9 8 5 6 19 23 20 18 14 16 10 12 13 11 28 24 29 30 22 21 15 26 25 17 27
AVOIDER 1 7 2 4 3 9 8 5 6 19 23 20 18 14 16 10 12 13 11 28 24 30 29 22 21 15 26 25 17 27
AVOIDER 1 7 2 4 3 9 8 5 6 19 23 20 18 14 16 10 12 13 11 29 24 28 30 22 21 15 26 25 17 27
AVOIDER 1 7 2 4 3 9 8 5 6 19 23 20 18 14 16 10 12 13 11 30 24 28 29 22 21 15 26 25 17 27
AVOIDER 1 7 2 4 3 9 8 5 6 19 23 20 18 14 16 10 12 13 11 29 24 30 28 22 21 15 26 25 17 27
AVOIDER 1 7 2 4 3 9 8 5 6 19 23 20 18 14 16 10 12 13 11 28 29 24 30 22 21 15 26 25 17 27
AVOIDER 1 7 2 4 3 9 8 5 6 19 23 20 18 14 16 10 12 13 11 28 30 24 29 22 21 15 26 25 17 27
AVOIDER 1 7 2 4 3 9 8 5 6 19 23 20 18 14 16 10 12 13 11 29 28 24 30 22 21 15 26 25 17 27
AVOIDER 1 7 2 4 3 9 8 5 6 19 23 20 18 14 16 10 12 13 11 30 28 24 29 22 21 15 26 25 17 27
AVOIDER 1 7 2 4 3 9 8 5 6 19 23 20 18 14 16 10 12 13 11 29 30 24 28 22 21 15 26 25 17 27
AVOIDER 1 7 2 4 3 9 8 5 6 19 23 20 18 14 16 10 12 13 11 28 29 30 24 22 21 15 26 25 17 27
AVOIDER 1 7 2 4 3 9 8 5 6 19 23 20 18 14 16 10 12 13 11 28 30 29 24 22 21 15 26 25 17 27
AVOIDER 1 7 2 4 3 9 8 5 6 19 23 20 18 14 16 10 12 13 11 29 28 30 24 22 21 15 26 25 17 27
AVOIDER 1 7 2 4 3 9 8 5 6 19 23 20 18 14 16 10 12 13 11 30 28 29 24 22 21 15 26 25 17 27
AVOIDER 1 7 2 4 3 9 8 5 6 19 23 20 18 14 16 10 12 13 11 29 30 28 24 22 21 15 26 25 17 27
AVOIDER 1 7 2 4 3 9 8 5 6 23 19 20 18 14 16 10 12 13 11 24 30 22 28 29 21 15 26 25 17 27
AVOIDER 1 7 2 4 3 9 8 5 6 23 19 20 18 14 16 10 12 13 11 30 24 22 28 29 21 15 26 25 17 27
AVOIDER 1 7 2 4 3 9 8 5 6 23 19 20 18 14 16 10 12 13 11 24 28 30 22 29 21 15 26 25 17 27
AVOIDER 1 7 2 4 3 9 8 5 6 23 19 20 18 14 16 10 12 13 11 24 30 28 22 29 21 15 26 25 17 27
AVOIDER 1 7 2 4 3 9 8 5 6 23 19 20 18 14 16 10 12 13 11 24 29 30 22 28 21 15 26 25 17 27
AVOIDER 1 7 2 4 3 9 8 5 6 23 19 20 18 14 16 10 12 13 11 28 24 30 22 29 21 15 26 25 17 27
AVOIDER 1 7 2 4 3 9 8 5 6 23 19 20 18 14 16 10 12 13 11 30 24 28 22 29 21 15 26 25 17 27
AVOIDER 1 7 2 4 3 9 8 5 6 23 19 20 18 14 16 10 12 13 11 29 24 30 22 28 21 15 26 25 17 27
AVOIDER 1 7 2 4 3 9 8 5 6 23 19 20 18 14 16 10 12 13 11 28 30 24 22 29 21 15 26 25 17 27
AVOIDER 1 7 2 4 3 9 8 5 6 23 19 20 18 14 16 10 12 13 11 30 28 24 22 29 21 15 26 25 17 27
AVOIDER 1 7 2 4 3 9 8 5 6 23 19 20 18 14 16 10 12 13 11 29 30 24 22 28 21 15 26 25 17 27
AVOIDER 1 7 2 4 3 9 8 5 6 23 19 20 18 14 16 10 12 13 11 24 28 29 30 22 21 15 26 25 17 27
AVOIDER 1 7 2 4 3 9 8 5 6 23 19 20 18 14 16 10 12 13 11 24 28 30 29 22 21 15 26 25 17 27
AVOIDER 1 7 2 4 3 9 8 5 6 23 19 20 18 14 16 10 12 13 11 24 29 28 30 22 21 15 26 25 17 27
AVOIDER 1 7 2 4 3 9 8 5 6 23 19 20 18 14 16 10 12 13 11 24 30 28 29 22 21 15 26 25 17 27
AVOIDER 1 7 2 4 3 9 8 5 6 23 19 20 18 14 16 10 12 13 11 24 29 30 28 22 21 15 26 25 17 27
AVOIDER 1 7 2 4 3 9 8 5 6 23 19 20 18 14 16 10 12 13 11 28 24 29 30 22 21 15 26 25 17 27
AVOIDER 1 7 2 4 3 9 8 5 6 23 19 20 18 14 16 10 12 13 11 28 24 30 29 22 21 15 26 25 17 27
AVOIDER 1 7 2 4 3 9 8 5 6 23 19 20 18 14 16 10 12 13 11 29 24 28 30 22 21 15 26 25 17 27
AVOIDER 1 7 2 4 3 9 8 5 6 23 19 20 18 14 16 10 12 13 11 30 24 28 29 22 21 15 26 25 17 27
AVOIDER 1 7 2 4 3 9 8 5 6 23 19 20 18 14 16 10 12 13 11 29 24 30 28 22 21 15 26 25 17 27
AVOIDER 1 7 2 4 3 9 8 5 6 23 19 20 18 14 16 10 12 13 11 28 29 24 30 22 21 15 26 25 17 27
AVOIDER 1 7 2 4 3 9 8 5 6 23 19 20 18 14 16 10 12 13 11 28 30 24 29 22 21 15 26 25 17 27
AVOIDER 1 7 2 4 3 9 8 5 6 23 19 20 18 14 16 10 12 13 11 29 28 24 30 22 21 15 26 25 17 27
AVOIDER 1 7 2 4 3 9 8 5 6 23 19 20 18 14 16 10 12 13 11 30 28 24 29 22 21 15 26 25 17 27
AVOIDER 1 7 2 4 3 9 8 5 6 23 19 20 18 14 16 10 12 13 11 29 30 24 28 22 21 15 26 25 17 27
AVOIDER 1 7 2 4 3 9 8 5 6 23 19 20 18 14 16 10 12 13 11 28 29 30 24 22 21 15 26 25 17 27
AVOIDER 1 7 2 4 3 9 8 5 6 23 19 20 18 14 16 10 12 13 11 28 30 29 24 22 21 15 26 25 17 27
AVOIDER 1 7 2 4 3 9 8 5 6 23 19 20 18 14 16 10 12 13 11 29 28 30 24 22 21 15 26 25 17 27
AVOIDER 1 7 2 4 3 9 8 5 6 23 19 20 18 14 16 10 12 13 11 30 28 29 24 22 21 15 26 25 17 27
AVOIDER 1 7 2 4 3 9 8 5 6 23 19 20 18 14 16 10 12 13 11 29 30 28 24 22 21 15 26 25 17 27
AVOIDER 1 7 2 4 3 9 8 5 6 19 23 16 20 18 14 10 12 13 11 28 24 30 22 29 21 15 26 25 17 27
AVOIDER 1 7 2 4 3 9 8 5 6 19 23 16 20 18 14 10 12 13 11 28 30 24 22 29 21 15 26 25 17 27
AVOIDER 1 7 2 4 3 9 8 5 6 19 23 16 20 18 14 10 12 13 11 30 28 24 22 29 21 15 26 25 17 27
AVOIDER 1 7 2 4 3 9 8 5 6 19 23 16 20 18 14 10 12 13 11 28 24 29 30 22 21 15 26 25 17 27
AVOIDER 1 7 2 4 3 9 8 5 6 19 23 16 20 18 14 10 12 13 11 28 24 30 29 22 21 15 26 25 17 27
AVOIDER 1 7 2 4 3 9 8 5 6 19 23 16 20 18 14 10 12 13 11 28 29 24 30 22 21 15 26 25 17 27
AVOIDER 1 7 2 4 3 9 8 5 6 19 23 16 20 18 14 10 12 13 11 28 30 24 29 22 21 15 26 25 17 27
AVOIDER 1 7 2 4 3 9 8 5 6 19 23 16 20 18 14 10 12 13 11 29 28 24 30 22 21 15 26 25 17 27
AVOIDER 1 7 2 4 3 9 8 5 6 19 23 16 20 18 14 10 12 13 11 30 28 24 29 22 21 15 26 25 17 27
AVOIDER 1 7 2 4 3 9 8 5 6 19 23 16 20 18 14 10 12 13 11 28 29 30 24 22 21 15 26 25 17 27
AVOIDER 1 7 2 4 3 9 8 5 6 19 23 16 20 18 14 10 12 13 11 28 30 29 24 22 21 15 26 25 17 27
AVOIDER 1 7 2 4 3 9 8 5 6 19 23 16 20 18 14 10 12 13 11 29 28 30 24 22 21 15 26 25 17 27
AVOIDER 1 7 2 4 3 9 8 5 6 19 23 16 20 18 14 10 12 13 11 30 28 29 24 22 21 15 26 25 17 27
AVOIDER 1 7 2 4 3 9 8 5 6 19 23 16 20 18 14 10 12 13 11 29 30 28 24 22 21 15 26 25 17 27
AVOIDER 1 7 2 4 3 9 8 5 6 23 19 16 20 18 14 10 12 13 11 28 24 30 22 29 21 15 26 25 17 27
AVOIDER 1 7 2 4 3 9 8 5 6 23 19 16 20 18 14 10 12 13 11 28 30 24 22 29 21 15 26 25 17 27
AVOIDER 1 7 2 4 3 9 8 5 6 23 19 16 20 18 14 10 12 13 11 30 28 24 22 29 21 15 26 25 17 27
AVOIDER 1 7 2 4 3 9 8 5 6 23 19 16 20 18 14 10 12 13 11 28 24 29 30 22 21 15 26 25 17 27
AVOIDER 1 7 2 4 3 9 8 5 6 23 19 16 20 18 14 10 12 13 11 28 24 30 29 22 21 15 26 25 17 27
AVOIDER 1 7 2 4 3 9 8 5 6 23 19 16 20 18 14 10 12 13 11 28 29 24 30 22 21 15 26 25 17 27
AVOIDER 1 7 2 4 3 9 8 5 6 23 19 16 20 18 14 10 12 13 11 28 30 24 29 22 21 15 26 25 17 27
AVOIDER 1 7 2 4 3 9 8 5 6 23 19 16 20 18 14 10 12 13 11 29 28 24 30 22 21 15 26 25 17 27
AVOIDER 1 7 2 4 3 9 8 5 6 23 19 16 20 18 14 10 12 13 11 30 28 24 29 22 21 15 26 25 17 27
AVOIDER 1 7 2 4 3 9 8 5 6 23 19 16 20 18 14 10 12 13 11 28 29 30 24 22 21 15 26 25 17 27
AVOIDER 1 7 2 4 3 9 8 5 6 23 19 16 20 18 14 10 12 13 11 28 30 29 24 22 21 15 26 25 17 27
AVOIDER 1 7 2 4 3 9 8 5 6 23 19 16 20 18 14 10 12 13 11 29 28 30 24 22 21 15 26 25 17 27
AVOIDER 1 7 2 4 3 9 8 5 6 23 19 16 20 18 14 10 12 13 11 30 28 29 24 22 21 15 26 25 17 27
AVOIDER 1 7 2 4 3 9 8 5 6 23 19 16 20 18 14 10 12 13 11 29 30 28 24 22 21 15 26 25 17 27
AVOIDER 1 7 2 4 3 9 8 5 6 19 20 23 16 18 14 10 12 13 11 24 30 22 28 29 21 15 26 25 17 27
AVOIDER 1 7 2 4 3 9 8 5 6 19 20 23 16 18 14 10 12 13 11 30 24 22 28 29 21 15 26 25 17 27
AVOIDER 1 7 2 4 3 9 8 5 6 19 20 23 16 18 14 10 12 13 11 24 28 30 22 29 21 15 26 25 17 27
AVOIDER 1 7 2 4 3 9 8 5 6 19 20 23 16 18 14 10 12 13 11 24 30 28 22 29 21 15 26 25 17 27
AVOIDER 1 7 2 4 3 9 8 5 6 19 20 23 16 18 14 10 12 13 11 24 29 30 22 28 21 15 26 25 17 27
AVOIDER 1 7 2 4 3 9 8 5 6 19 20 23 16 18 14 10 12 13 11 28 24 30 22 29 21 15 26 25 17 27
AVOIDER 1 7 2 4 3 9 8 5 6 19 20 23 16 18 14 10 12 13 11 30 24 28 22 29 21 15 26 25 17 27
AVOIDER 1 7 2 4 3 9 8 5 6 19 20 23 16 18 14 10 12 13 11 29 24 30 22 28 21 15 26 25 17 27
AVOIDER 1 7 2 4 3 9 8 5 6 19 20 23 16 18 14 10 12 13 11 28 30 24 22 29 21 15 26 25 17 27
AVOIDER 1 7 2 4 3 9 8 5 6 19 20 23 16 18 14 10 12 13 11 30 28 24 22 29 21 15 26 25 17 27
AVOIDER 1 7 2 4 3 9 8 5 6 19 20 23 16 18 14 10 12 13 11 29 30 24 22 28 21 15 26 25 17 27
AVOIDER 1 7 2 4 3 9 8 5 6 19 20 23 16 18 14 10 12 13 11 24 28 29 30 22 21 15 26 25 17 27
AVOIDER 1 7 2 4 3 9 8 5 6 19 20 23 16 18 14 10 12 13 11 24 28 30 29 22 21 15 26 25 17 27
AVOIDER 1 7 2 4 3 9 8 5 6 19 20 23 16 18 14 10 12 13 11 24 29 28 30 22 21 15 26 25 17 27
AVOIDER 1 7 2 4 3 9 8 5 6 19 20 23 16 18 14 10 12 13 11 24 30 28 29 22 21 15 26 25 17 27
AVOIDER 1 7 2 4 3 9 8 5 6 19 20 23 16 18 14 10 12 13 11 24 29 30 28 22 21 15 26 25 17 27
AVOIDER 1 7 2 4 3 9 8 5 6 19 20 23 16 18 14 10 12 13 11 28 24 29 30 22 21 15 26 25 17 27
AVOIDER 1 7 2 4 3 9 8 5 6 19 20 23 16 18 14 10 12 13 11 28 24 30 29 22 21 15 26 25 17 27
AVOIDER 1 7 2 4 3 9 8 5 6 19 20 23 16 18 14 10 12 13 11 29 24 28 30 22 21 15 26 25 17 27
AVOIDER 1 7 2 4 3 9 8 5 6 19 20 23 16 18 14 10 12 13 11 30 24 28 29 22 21 15 26 25 17 27
AVOIDER 1 7 2 4 3 9 8 5 6 19 20 23 16 18 14 10 12 13 11 29 24 30 28 22 21 15 26 25 17 27
AVOIDER 1 7 2 4 3 9 8 5 6 19 20 23 16 18 14 10 12 13 11 28 29 24 30 22 21 15 26 25 17 27
AVOIDER 1 7 2 4 3 9 8 5 6 19 20 23 16 18 14 10 12 13 11 28 30 24 29 22 21 15 26 25 17 27
AVOIDER 1 7 2 4 3 9 8 5 6 19 20 23 16 18 14 10 12 13 11 29 28 24 30 22 21 15 26 25 17 27
AVOIDER 1 7 2 4 3 9 8 5 6 19 20 23 16 18 14 10 12 13 11 30 28 24 29 22 21 15 26 25 17 27
AVOIDER 1 7 2 4 3 9 8 5 6 19 20 23 16 18 14 10 12 13 11 29 30 24 28 22 21 15 26 25 17 27
AVOIDER 1 7 2 4 3 9 8 5 6 19 20 23 16 18 14 10 12 13 11 28 29 30 24 22 21 15 26 25 17 27
AVOIDER 1 7 2 4 3 9 8 5 6 19 20 23 16 18 14 10 12 13 11 28 30 29 24 22 21 15 26 25 17 27
AVOIDER 1 7 2 4 3 9 8 5 6 19 20 23 16 18 14 10 12 13 11 29 28 30 24 22 21 15 26 25 17 27
AVOIDER 1 7 2 4 3 9 8 5 6 19 20 23 16 18 14 10 12 13 11 30 28 29 24 22 21 15 26 25 17 27
AVOIDER 1 7 2 4 3 9 8 5 6 19 20 23 16 18 14 10 12 13 11 29 30 28 24 22 21 15 26 25 17 27
AVOIDER 1 7 2 4 3 9 8 5 6 19 23 20 16 18 14 10 12 13 11 24 30 22 28 29 21 15 26 25 17 27
AVOIDER 1 7 2 4 3 9 8 5 6 19 23 20 16 18 14 10 12 13 11 30 24 22 28 29 21 15 26 25 17 27
AVOIDER 1 7 2 4 3 9 8 5 6 19 23 20 16 18 14 10 12 13 11 24 28 30 22 29 21 15 26 25 17 27
AVOIDER 1 7 2 4 3 9 8 5 6 19 23 20 16 18 14 10 12 13 11 24 30 28 22 29 21 15 26 25 17 27
AVOIDER 1 7 2 4 3 9 8 5 6 19 23 20 16 18 14 10 12 13 11 24 29 30 22 28 21 15 26 25 17 27
AVOIDER 1 7 2 4 3 9 8 5 6 19 23 20 16 18 14 10 12 13 11 28 24 30 22 29 21 15 26 25 17 27
AVOIDER 1 7 2 4 3 9 8 5 6 19 23 20 16 18 14 10 12 13 11 30 24 28 22 29 21 15 26 25 17 27
AVOIDER 1 7 2 4 3 9 8 5 6 19 23 20 16 18 14 10 12 13 11 29 24 30 22 28 21 15 26 25 17 27
AVOIDER 1 7 2 4 3 9 8 5 6 19 23 20 16 18 14 10 12 13 11 28 30 24 22 29 21 15 26 25 17 27
AVOIDER 1 7 2 4 3 9 8 5 6 19 23 20 16 18 14 10 12 13 11 30 28 24 22 29 21 15 26 25 17 27
AVOIDER 1 7 2 4 3 9 8 5 6 19 23 20 16 18 14 10 12 13 11 29 30 24 22 28 21 15 26 25 17 27
AVOIDER 1 7 2 4 3 9 8 5 6 19 23 20 16 18 14 10 12 13 11 24 28 29 30 22 21 15 26 25 17 27
AVOIDER 1 7 2 4 3 9 8 5 6 19 23 20 16 18 14 10 12 13 11 24 28 30 29 22 21 15 26 25 17 27
AVOIDER 1 7 2 4 3 9 8 5 6 19 23 20 16 18 14 10 12 13 11 24 29 28 30 22 21 15 26 25 17 27
AVOIDER 1 7 2 4 3 9 8 5 6 19 23 20 16 18 14 10 12 13 11 24 30 28 29 22 21 15 26 25 17 27
AVOIDER 1 7 2 4 3 9 8 5 6 19 23 20 16 18 14 10 12 13 11 24 29 30 28 22 21 15 26 25 17 27
AVOIDER 1 7 2 4 3 9 8 5 6 19 23 20 16 18 14 10 12 13 11 28 24 29 30 22 21 15 26 25 17 27
AVOIDER 1 7 2 4 3 9 8 5 6 19 23 20 16 18 14 10 12 13 11 28 24 30 29 22 21 15 26 25 17 27
AVOIDER 1 7 2 4 3 9 8 5 6 19 23 20 16 18 14 10 12 13 11 29 24 28 30 22 21 15 26 25 17 27
AVOIDER 1 7 2 4 3 9 8 5 6 19 23 20 16 18 14 10 12 13 11 30 24 28 29 22 21 15 26 25 17 27
AVOIDER 1 7 2 4 3 9 8 5 6 19 23 20 16 18 14 10 12 13 11 29 24 30 28 22 21 15 26 25 17 27
AVOIDER 1 7 2 4 3 9 8 5 6 19 23 20 16 18 14 10 12 13 11 28 29 24 30 22 21 15 26 25 17 27
AVOIDER 1 7 2 4 3 9 8 5 6 19 23 20 16 18 14 10 12 13 11 28 30 24 29 22 21 15 26 25 17 27
AVOIDER 1 7 2 4 3 9 8 5 6 19 23 20 16 18 14 10 12 13 11 29 28 24 30 22 21 15 26 25 17 27
AVOIDER 1 7 2 4 3 9 8 5 6 19 23 20 16 18 14 10 12 13 11 30 28 24 29 22 21 15 26 25 17 27
AVOIDER 1 7 2 4 3 9 8 5 6 19 23 20 16 18 14 10 12 13 11 29 30 24 28 22 21 15 26 25 17 27
AVOIDER 1 7 2 4 3 9 8 5 6 19 23 20 16 18 14 10 12 13 11 28 29 30 24 22 21 15 26 25 17 27
AVOIDER 1 7 2 4 3 9 8 5 6 19 23 20 16 18 14 10 12 13 11 28 30 29 24 22 21 15 26 25 17 27
AVOIDER 1 7 2 4 3 9 8 5 6 19 23 20 16 18 14 10 12 13 11 29 28 30 24 22 21 15 26 25 17 27
AVOIDER 1 7 2 4 3 9 8 5 6 19 23 20 16 18 14 10 12 13 11 30 28 29 24 22 21 15 26 25 17 27
AVOIDER 1 7 2 4 3 9 8 5 6 19 23 20 16 18 14 10 12 13 11 29 30 28 24 22 21 15 26 25 17 27
AVOIDER 1 7 2 4 3 9 8 5 6 23 19 20 16 18 14 10 12 13 11 24 30 22 28 29 21 15 26 25 17 27
AVOIDER 1 7 2 4 3 9 8 5 6 23 19 20 16 18 14 10 12 13 11 30 24 22 28 29 21 15 26 25 17 27
AVOIDER 1 7 2 4 3 9 8 5 6 23 19 20 16 18 14 10 12 13 11 24 28 30 22 29 21 15 26 25 17 27
AVOIDER 1 7 2 4 3 9 8 5 6 23 19 20 16 18 14 10 12 13 11 24 30 28 22 29 21 15 26 25 17 27
AVOIDER 1 7 2 4 3 9 8 5 6 23 19 20 16 18 14 10 12 13 11 24 29 30 22 28 21 15 26 25 17 27
AVOIDER 1 7 2 4 3 9 8 5 6 23 19 20 16 18 14 10 12 13 11 28 24 30 22 29 21 15 26 25 17 27
AVOIDER 1 7 2 4 3 9 8 5 6 23 19 20 16 18 14 10 12 13 11 30 24 28 22 29 21 15 26 25 17 27
AVOIDER 1 7 2 4 3 9 8 5 6 23 19 20 16 18 14 10 12 13 11 29 24 30 22 28 21 15 26 25 17 27
AVOIDER 1 7 2 4 3 9 8 5 6 23 19 20 16 18 14 10 12 13 11 28 30 24 22 29 21 15 26 25 17 27
AVOIDER 1 7 2 4 3 9 8 5 6 23 19 20 16 18 14 10 12 13 11 30 28 24 22 29 21 15 26 25 17 27
AVOIDER 1 7 2 4 3 9 8 5 6 23 19 20 16 18 14 10 12 13 11 29 30 24 22 28 21 15 26 25 17 27
AVOIDER 1 7 2 4 3 9 8 5 6 23 19 20 16 18 14 10 12 13 11 24 28 29 30 22 21 15 26 25 17 27
AVOIDER 1 7 2 4 3 9 8 5 6 23 19 20 16 18 14 10 12 13 11 24 28 30 29 22 21 15 26 25 17 27
AVOIDER 1 7 2 4 3 9 8 5 6 23 19 20 16 18 14 10 12 13 11 24 29 28 30 22 21 15 26 25 17 27
AVOIDER 1 7 2 4 3 9 8 5 6 23 19 20 16 18 14 10 12 13 11 24 30 28 29 22 21 15 26 25 17 27
AVOIDER 1 7 2 4 3 9 8 5 6 23 19 20 16 18 14 10 12 13 11 24 29 30 28 22 21 15 26 25 17 27
AVOIDER 1 7 2 4 3 9 8 5 6 23 19 20 16 18 14 10 12 13 11 28 24 29 30 22 21 15 26 25 17 27
AVOIDER 1 7 2 4 3 9 8 5 6 23 19 20 16 18 14 10 12 13 11 28 24 30 29 22 21 15 26 25 17 27
AVOIDER 1 7 2 4 3 9 8 5 6 23 19 20 16 18 14 10 12 13 11 29 24 28 30 22 21 15 26 25 17 27
AVOIDER 1 7 2 4 3 9 8 5 6 23 19 20 16 18 14 10 12 13 11 30 24 28 29 22 21 15 26 25 17 27
AVOIDER 1 7 2 4 3 9 8 5 6 23 19 20 16 18 14 10 12 13 11 29 24 30 28 22 21 15 26 25 17 27
AVOIDER 1 7 2 4 3 9 8 5 6 23 19 20 16 18 14 10 12 13 11 28 29 24 30 22 21 15 26 25 17 27
AVOIDER 1 7 2 4 3 9 8 5 6 23 19 20 16 18 14 10 12 13 11 28 30 24 29 22 21 15 26 25 17 27
AVOIDER 1 7 2 4 3 9 8 5 6 23 19 20 16 18 14 10 12 13 11 29 28 24 30 22 21 15 26 25 17 27
AVOIDER 1 7 2 4 3 9 8 5 6 23 19 20 16 18 14 10 12 13 11 30 28 24 29 22 21 15 26 25 17 27
AVOIDER 1 7 2 4 3 9 8 5 6 23 19 20 16 18 14 10 12 13 11 29 30 24 28 22 21 15 26 25 17 27
AVOIDER 1 7 2 4 3 9 8 5 6 23 19 20 16 18 14 10 12 13 11 28 29 30 24 22 21 15 26 25 17 27
AVOIDER 1 7 2 4 3 9 8 5 6 23 19 20 16 18 14 10 12 13 11 28 30 29 24 22 21 15 26 25 17 27
AVOIDER 1 7 2 4 3 9 8 5 6 23 19 20 16 18 14 10 12 13 11 29 28 30 24 22 21 15 26 25 17 27
AVOIDER 1 7 2 4 3 9 8 5 6 23 19 20 16 18 14 10 12 13 11 30 28 29 24 22 21 15 26 25 17 27
AVOIDER 1 7 2 4 3 9 8 5 6 23 19 20 16 18 14 10 12 13 11 29 30 28 24 22 21 15 26 25 17 27
AVOIDER 1 7 2 4 3 9 8 5 6 19 23 16 20 18 12 14 10 13 11 28 24 30 22 29 21 15 26 25 17 27
AVOIDER 1 7 2 4 3 9 8 5 6 19 23 16 20 18 12 14 10 13 11 28 30 24 22 29 21 15 26 25 17 27
AVOIDER 1 7 2 4 3 9 8 5 6 19 23 16 20 18 12 14 10 13 11 30 28 24 22 29 21 15 26 25 17 27
AVOIDER 1 7 2 4 3 9 8 5 6 19 23 16 20 18 12 14 10 13 11 28 24 29 30 22 21 15 26 25 17 27
AVOIDER 1 7 2 4 3 9 8 5 6 19 23 16 20 18 12 14 10 13 11 28 24 30 29 22 21 15 26 25 17 27
AVOIDER 1 7 2 4 3 9 8 5 6 19 23 16 20 18 12 14 10 13 11 28 29 24 30 22 21 15 26 25 17 27
AVOIDER 1 7 2 4 3 9 8 5 6 19 23 16 20 18 12 14 10 13 11 28 30 24 29 22 21 15 26 25 17 27
AVOIDER 1 7 2 4 3 9 8 5 6 19 23 16 20 18 12 14 10 13 11 29 28 24 30 22 21 15 26 25 17 27
AVOIDER 1 7 2 4 3 9 8 5 6 19 23 16 20 18 12 14 10 13 11 30 28 24 29 22 21 15 26 25 17 27
AVOIDER 1 7 2 4 3 9 8 5 6 19 23 16 20 18 12 14 10 13 11 28 29 30 24 22 21 15 26 25 17 27
AVOIDER 1 7 2 4 3 9 8 5 6 19 23 16 20 18 12 14 10 13 11 28 30 29 24 22 21 15 26 25 17 27
AVOIDER 1 7 2 4 3 9 8 5 6 19 23 16 20 18 12 14 10 13 11 29 28 30 24 22 21 15 26 25 17 27
AVOIDER 1 7 2 4 3 9 8 5 6 19 23 16 20 18 12 14 10 13 11 30 28 29 24 22 21 15 26 25 17 27
AVOIDER 1 7 2 4 3 9 8 5 6 19 23 16 20 18 12 14 10 13 11 29 30 28 24 22 21 15 26 25 17 27
AVOIDER 1 7 2 4 3 9 8 5 6 23 19 16 20 18 12 14 10 13 11 28 24 30 22 29 21 15 26 25 17 27
AVOIDER 1 7 2 4 3 9 8 5 6 23 19 16 20 18 12 14 10 13 11 28 30 24 22 29 21 15 26 25 17 27
AVOIDER 1 7 2 4 3 9 8 5 6 23 19 16 20 18 12 14 10 13 11 30 28 24 22 29 21 15 26 25 17 27
AVOIDER 1 7 2 4 3 9 8 5 6 23 19 16 20 18 12 14 10 13 11 28 24 29 30 22 21 15 26 25 17 27
AVOIDER 1 7 2 4 3 9 8 5 6 23 19 16 20 18 12 14 10 13 11 28 24 30 29 22 21 15 26 25 17 27
AVOIDER 1 7 2 4 3 9 8 5 6 23 19 16 20 18 12 14 10 13 11 28 29 24 30 22 21 15 26 25 17 27
AVOIDER 1 7 2 4 3 9 8 5 6 23 19 16 20 18 12 14 10 13 11 28 30 24 29 22 21 15 26 25 17 27
AVOIDER 1 7 2 4 3 9 8 5 6 23 19 16 20 18 12 14 10 13 11 29 28 24 30 22 21 15 26 25 17 27
AVOIDER 1 7 2 4 3 9 8 5 6 23 19 16 20 18 12 14 10 13 11 30 28 24 29 22 21 15 26 25 17 27
AVOIDER 1 7 2 4 3 9 8 5 6 23 19 16 20 18 12 14 10 13 11 28 29 30 24 22 21 15 26 25 17 27
AVOIDER 1 7 2 4 3 9 8 5 6 23 19 16 20 18 12 14 10 13 11 28 30 29 24 22 21 15 26 25 17 27
AVOIDER 1 7 2 4 3 9 8 5 6 23 19 16 20 18 12 14 10 13 11 29 28 30 24 22 21 15 26 25 17 27
AVOIDER 1 7 2 4 3 9 8 5 6 23 19 16 20 18 12 14 10 13 11 30 28 29 24 22 21 15 26 25 17 27
AVOIDER 1 7 2 4 3 9 8 5 6 23 19 16 20 18 12 14 10 13 11 29 30 28 24 22 21 15 26 25 17 27
AVOIDER 1 7 2 4 3 9 8 5 6 19 18 23 16 20 12 14 10 13 11 28 24 30 22 29 21 15 26 25 17 27
AVOIDER 1 7 2 4 3 9 8 5 6 19 18 23 16 20 12 14 10 13 11 28 30 24 22 29 21 15 26 25 17 27
AVOIDER 1 7 2 4 3 9 8 5 6 19 18 23 16 20 12 14 10 13 11 30 28 24 22 29 21 15 26 25 17 27
AVOIDER 1 7 2 4 3 9 8 5 6 19 18 23 16 20 12 14 10 13 11 28 24 29 30 22 21 15 26 25 17 27
AVOIDER 1 7 2 4 3 9 8 5 6 19 18 23 16 20 12 14 10 13 11 28 24 30 29 22 21 15 26 25 17 27
AVOIDER 1 7 2 4 3 9 8 5 6 19 18 23 16 20 12 14 10 13 11 28 29 24 30 22 21 15 26 25 17 27
AVOIDER 1 7 2 4 3 9 8 5 6 19 18 23 16 20 12 14 10 13 11 28 30 24 29 22 21 15 26 25 17 27
AVOIDER 1 7 2 4 3 9 8 5 6 19 18 23 16 20 12 14 10 13 11 29 28 24 30 22 21 15 26 25 17 27
AVOIDER 1 7 2 4 3 9 8 5 6 19 18 23 16 20 12 14 10 13 11 30 28 24 29 22 21 15 26 25 17 27
AVOIDER 1 7 2 4 3 9 8 5 6 19 18 23 16 20 12 14 10 13 11 28 29 30 24 22 21 15 26 25 17 27
AVOIDER 1 7 2 4 3 9 8 5 6 19 18 23 16 20 12 14 10 13 11 28 30 29 24 22 21 15 26 25 17 27
AVOIDER 1 7 2 4 3 9 8 5 6 19 18 23 16 20 12 14 10 13 11 29 28 30 24 22 21 15 26 25 17 27
AVOIDER 1 7 2 4 3 9 8 5 6 19 18 23 16 20 12 14 10 13 11 30 28 29 24 22 21 15 26 25 17 27
AVOIDER 1 7 2 4 3 9 8 5 6 19 18 23 16 20 12 14 10 13 11 29 30 28 24 22 21 15 26 25 17 27
AVOIDER 1 7 2 4 3 9 8 5 6 19 23 18 16 20 12 14 10 13 11 28 24 30 22 29 21 15 26 25 17 27
AVOIDER 1 7 2 4 3 9 8 5 6 19 23 18 16 20 12 14 10 13 11 28 30 24 22 29 21 15 26 25 17 27
AVOIDER 1 7 2 4 3 9 8 5 6 19 23 18 16 20 12 14 10 13 11 30 28 24 22 29 21 15 26 25 17 27
AVOIDER 1 7 2 4 3 9 8 5 6 19 23 18 16 20 12 14 10 13 11 28 24 29 30 22 21 15 26 25 17 27
AVOIDER 1 7 2 4 3 9 8 5 6 19 23 18 16 20 12 14 10 13 11 28 24 30 29 22 21 15 26 25 17 27
AVOIDER 1 7 2 4 3 9 8 5 6 19 23 18 16 20 12 14 10 13 11 28 29 24 30 22 21 15 26 25 17 27
AVOIDER 1 7 2 4 3 9 8 5 6 19 23 18 16 20 12 14 10 13 11 28 30 24 29 22 21 15 26 25 17 27
AVOIDER 1 7 2 4 3 9 8 5 6 19 23 18 16 20 12 14 10 13 11 29 28 24 30 22 21 15 26 25 17 27
AVOIDER 1 7 2 4 3 9 8 5 6 19 23 18 16 20 12 14 10 13 11 30 28 24 29 22 21 15 26 25 17 27
AVOIDER 1 7 2 4 3 9 8 5 6 19 23 18 16 20 12 14 10 13 11 28 29 30 24 22 21 15 26 25 17 27
AVOIDER 1 7 2 4 3 9 8 5 6 19 23 18 16 20 12 14 10 13 11 28 30 29 24 22 21 15 26 25 17 27
AVOIDER 1 7 2 4 3 9 8 5 6 19 23 18 16 20 12 14 10 13 11 29 28 30 24 22 21 15 26 25 17 27
AVOIDER 1 7 2 4 3 9 8 5 6 19 23 18 16 20 12 14 10 13 11 30 28 29 24 22 21 15 26 25 17 27
AVOIDER 1 7 2 4 3 9 8 5 6 19 23 18 16 20 12 14 10 13 11 29 30 28 24 22 21 15 26 25 17 27
AVOIDER 1 7 2 4 3 9 8 5 6 23 19 18 16 20 12 14 10 13 11 28 24 30 22 29 21 15 26 25 17 27
AVOIDER 1 7 2 4 3 9 8 5 6 23 19 18 16 20 12 14 10 13 11 28 30 24 22 29 21 15 26 25 17 27
AVOIDER 1 7 2 4 3 9 8 5 6 23 19 18 16 20 12 14 10 13 11 30 28 24 22 29 21 15 26 25 17 27
AVOIDER 1 7 2 4 3 9 8 5 6 23 19 18 16 20 12 14 10 13 11 28 24 29 30 22 21 15 26 25 17 27
AVOIDER 1 7 2 4 3 9 8 5 6 23 19 18 16 20 12 14 10 13 11 28 24 30 29 22 21 15 26 25 17 27
AVOIDER 1 7 2 4 3 9 8 5 6 23 19 18 16 20 12 14 10 13 11 28 29 24 30 22 21 15 26 25 17 27
AVOIDER 1 7 2 4 3 9 8 5 6 23 19 18 16 20 12 14 10 13 11 28 30 24 29 22 21 15 26 25 17 27
AVOIDER 1 7 2 4 3 9 8 5 6 23 19 18 16 20 12 14 10 13 11 29 28 24 30 22 21 15 26 25 17 27
AVOIDER 1 7 2 4 3 9 8 5 6 23 19 18 16 20 12 14 10 13 11 30 28 24 29 22 21 15 26 25 17 27
AVOIDER 1 7 2 4 3 9 8 5 6 23 19 18 16 20 12 14 10 13 11 28 29 30 24 22 21 15 26 25 17 27
AVOIDER 1 7 2 4 3 9 8 5 6 23 19 18 16 20 12 14 10 13 11 28 30 29 24 22 21 15 26 25 17 27
AVOIDER 1 7 2 4 3 9 8 5 6 23 19 18 16 20 12 14 10 13 11 29 28 30 24 22 21 15 26 25 17 27
AVOIDER 1 7 2 4 3 9 8 5 6 23 19 18 16 20 12 14 10 13 11 30 28 29 24 22 21 15 26 25 17 27
AVOIDER 1 7 2 4 3 9 8 5 6 23 19 18 16 20 12 14 10 13 11 29 30 28 24 22 21 15 26 25 17 27
AVOIDER 1 7 2 4 3 9 8 5 6 19 20 23 16 18 12 14 10 13 11 24 30 22 28 29 21 15 26 25 17 27
AVOIDER 1 7 2 4 3 9 8 5 6 19 20 23 16 18 12 14 10 13 11 30 24 22 28 29 21 15 26 25 17 27
AVOIDER 1 7 2 4 3 9 8 5 6 19 20 23 16 18 12 14 10 13 11 24 28 30 22 29 21 15 26 25 17 27
AVOIDER 1 7 2 4 3 9 8 5 6 19 20 23 16 18 12 14 10 13 11 24 30 28 22 29 21 15 26 25 17 27
AVOIDER 1 7 2 4 3 9 8 5 6 19 20 23 16 18 12 14 10 13 11 24 29 30 22 28 21 15 26 25 17 27
AVOIDER 1 7 2 4 3 9 8 5 6 19 20 23 16 18 12 14 10 13 11 28 24 30 22 29 21 15 26 25 17 27
AVOIDER 1 7 2 4 3 9 8 5 6 19 20 23 16 18 12 14 10 13 11 30 24 28 22 29 21 15 26 25 17 27
AVOIDER 1 7 2 4 3 9 8 5 6 19 20 23 16 18 12 14 10 13 11 29 24 30 22 28 21 15 26 25 17 27
AVOIDER 1 7 2 4 3 9 8 5 6 19 20 23 16 18 12 14 10 13 11 28 30 24 22 29 21 15 26 25 17 27
AVOIDER 1 7 2 4 3 9 8 5 6 19 20 23 16 18 12 14 10 13 11 30 28 24 22 29 21 15 26 25 17 27
AVOIDER 1 7 2 4 3 9 8 5 6 19 20 23 16 18 12 14 10 13 11 29 30 24 22 28 21 15 26 25 17 27
AVOIDER 1 7 2 4 3 9 8 5 6 19 20 23 16 18 12 14 10 13 11 24 28 29 30 22 21 15 26 25 17 27
AVOIDER 1 7 2 4 3 9 8 5 6 19 20 23 16 18 12 14 10 13 11 24 28 30 29 22 21 15 26 25 17 27
AVOIDER 1 7 2 4 3 9 8 5 6 19 20 23 16 18 12 14 10 13 11 24 29 28 30 22 21 15 26 25 17 27
AVOIDER 1 7 2 4 3 9 8 5 6 19 20 23 16 18 12 14 10 13 11 24 30 28 29 22 21 15 26 25 17 27
AVOIDER 1 7 2 4 3 9 8 5 6 19 20 23 16 18 12 14 10 13 11 24 29 30 28 22 21 15 26 25 17 27
AVOIDER 1 7 2 4 3 9 8 5 6 19 20 23 16 18 12 14 10 13 11 28 24 29 30 22 21 15 26 25 17 27
AVOIDER 1 7 2 4 3 9 8 5 6 19 20 23 16 18 12 14 10 13 11 28 24 30 29 22 21 15 26 25 17 27
AVOIDER 1 7 2 4 3 9 8 5 6 19 20 23 16 18 12 14 10 13 11 29 24 28 30 22 21 15 26 25 17 27
AVOIDER 1 7 2 4 3 9 8 5 6 19 20 23 16 18 12 14 10 13 11 30 24 28 29 22 21 15 26 25 17 27
AVOIDER 1 7 2 4 3 9 8 5 6 19 20 23 16 18 12 14 10 13 11 29 24 30 28 22 21 15 26 25 17 27
AVOIDER 1 7 2 4 3 9 8 5 6 19 20 23 16 18 12 14 10 13 11 28 29 24 30 22 21 15 26 25 17 27
AVOIDER 1 7 2 4 3 9 8 5 6 19 20 23 16 18 12 14 10 13 11 28 30 24 29 22 21 15 26 25 17 27
AVOIDER 1 7 2 4 3 9 8 5 6 19 20 23 16 18 12 14 10 13 11 29 28 24 30 22 21 15 26 25 17 27
AVOIDER 1 7 2 4 3 9 8 5 6 19 20 23 16 18 12 14 10 13 11 30 28 24 29 22 21 15 26 25 17 27
AVOIDER 1 7 2 4 3 9 8 5 6 19 20 23 16 18 12 14 10 13 11 29 30 24 28 22 21 15 26 25 17 27
AVOIDER 1 7 2 4 3 9 8 5 6 19 20 23 16 18 12 14 10 13 11 28 29 30 24 22 21 15 26 25 17 27
AVOIDER 1 7 2 4 3 9 8 5 6 19 20 23 16 18 12 14 10 13 11 28 30 29 24 22 21 15 26 25 17 27
AVOIDER 1 7 2 4 3 9 8 5 6 19 20 23 16 18 12 14 10 13 11 29 28 30 24 22 21 15 26 25 17 27
AVOIDER 1 7 2 4 3 9 8 5 6 19 20 23 16 18 12 14 10 13 11 30 28 29 24 22 21 15 26 25 17 27
AVOIDER 1 7 2 4 3 9 8 5 6 19 20 23 16 18 12 14 10 13 11 29 30 28 24 22 21 15 26 25 17 27
AVOIDER 1 7 2 4 3 9 8 5 6 19 23 20 16 18 12 14 10 13 11 24 30 22 28 29 21 15 26 25 17 27
AVOIDER 1 7 2 4 3 9 8 5 6 19 23 20 16 18 12 14 10 13 11 30 24 22 28 29 21 15 26 25 17 27
AVOIDER 1 7 2 4 3 9 8 5 6 19 23 20 16 18 12 14 10 13 11 24 28 30 22 29 21 15 26 25 17 27
AVOIDER 1 7 2 4 3 9 8 5 6 19 23 20 16 18 12 14 10 13 11 24 30 28 22 29 21 15 26 25 17 27
AVOIDER 1 7 2 4 3 9 8 5 6 19 23 20 16 18 12 14 10 13 11 24 29 30 22 28 21 15 26 25 17 27
AVOIDER 1 7 2 4 3 9 8 5 6 19 23 20 16 18 12 14 10 13 11 28 24 30 22 29 21 15 26 25 17 27
AVOIDER 1 7 2 4 3 9 8 5 6 19 23 20 16 18 12 14 10 13 11 30 24 28 22 29 21 15 26 25 17 27
AVOIDER 1 7 2 4 3 9 8 5 6 19 23 20 16 18 12 14 10 13 11 29 24 30 22 28 21 15 26 25 17 27
AVOIDER 1 7 2 4 3 9 8 5 6 19 23 20 16 18 12 14 10 13 11 28 30 24 22 29 21 15 26 25 17 27
AVOIDER 1 7 2 4 3 9 8 5 6 19 23 20 16 18 12 14 10 13 11 30 28 24 22 29 21 15 26 25 17 27
AVOIDER 1 7 2 4 3 9 8 5 6 19 23 20 16 18 12 14 10 13 11 29 30 24 22 28 21 15 26 25 17 27
AVOIDER 1 7 2 4 3 9 8 5 6 19 23 20 16 18 12 14 10 13 11 24 28 29 30 22 21 15 26 25 17 27
AVOIDER 1 7 2 4 3 9 8 5 6 19 23 20 16 18 12 14 10 13 11 24 28 30 29 22 21 15 26 25 17 27
AVOIDER 1 7 2 4 3 9 8 5 6 19 23 20 16 18 12 14 10 13 11 24 29 28 30 22 21 15 26 25 17 27
AVOIDER 1 7 2 4 3 9 8 5 6 19 23 20 16 18 12 14 10 13 11 24 30 28 29 22 21 15 26 25 17 27
AVOIDER 1 7 2 4 3 9 8 5 6 19 23 20 16 18 12 14 10 13 11 24 29 30 28 22 21 15 26 25 17 27
AVOIDER 1 7 2 4 3 9 8 5 6 19 23 20 16 18 12 14 10 13 11 28 24 29 30 22 21 15 26 25 17 27
AVOIDER 1 7 2 4 3 9 8 5 6 19 23 20 16 18 12 14 10 13 11 28 24 30 29 22 21 15 26 25 17 27
AVOIDER 1 7 2 4 3 9 8 5 6 19 23 20 16 18 12 14 10 13 11 29 24 28 30 22 21 15 26 25 17 27
AVOIDER 1 7 2 4 3 9 8 5 6 19 23 20 16 18 12 14 10 13 11 30 24 28 29 22 21 15 26 25 17 27
AVOIDER 1 7 2 4 3 9 8 5 6 19 23 20 16 18 12 14 10 13 11 29 24 30 28 22 21 15 26 25 17 27
AVOIDER 1 7 2 4 3 9 8 5 6 19 23 20 16 18 12 14 10 13 11 28 29 24 30 22 21 15 26 25 17 27
AVOIDER 1 7 2 4 3 9 8 5 6 19 23 20 16 18 12 14 10 13 11 28 30 24 29 22 21 15 26 25 17 27
AVOIDER 1 7 2 4 3 9 8 5 6 19 23 20 16 18 12 14 10 13 11 29 28 24 30 22 21 15 26 25 17 27
AVOIDER 1 7 2 4 3 9 8 5 6 19 23 20 16 18 12 14 10 13 11 30 28 24 29 22 21 15 26 25 17 27
AVOIDER 1 7 2 4 3 9 8 5 6 19 23 20 16 18 12 14 10 13 11 29 30 24 28 22 21 15 26 25 17 27
AVOIDER 1 7 2 4 3 9 8 5 6 19 23 20 16 18 12 14 10 13 11 28 29 30 24 22 21 15 26 25 17 27
AVOIDER 1 7 2 4 3 9 8 5 6 19 23 20 16 18 12 14 10 13 11 28 30 29 24 22 21 15 26 25 17 27
AVOIDER 1 7 2 4 3 9 8 5 6 19 23 20 16 18 12 14 10 13 11 29 28 30 24 22 21 15 26 25 17 27
AVOIDER 1 7 2 4 3 9 8 5 6 19 23 20 16 18 12 14 10 13 11 30 28 29 24 22 21 15 26 25 17 27
AVOIDER 1 7 2 4 3 9 8 5 6 19 23 20 16 18 12 14 10 13 11 29 30 28 24 22 21 15 26 25 17 27
AVOIDER 1 7 2 4 3 9 8 5 6 23 19 20 16 18 12 14 10 13 11 24 30 22 28 29 21 15 26 25 17 27
AVOIDER 1 7 2 4 3 9 8 5 6 23 19 20 16 18 12 14 10 13 11 30 24 22 28 29 21 15 26 25 17 27
AVOIDER 1 7 2 4 3 9 8 5 6 23 19 20 16 18 12 14 10 13 11 24 28 30 22 29 21 15 26 25 17 27
AVOIDER 1 7 2 4 3 9 8 5 6 23 19 20 16 18 12 14 10 13 11 24 30 28 22 29 21 15 26 25 17 27
AVOIDER 1 7 2 4 3 9 8 5 6 23 19 20 16 18 12 14 10 13 11 24 29 30 22 28 21 15 26 25 17 27
AVOIDER 1 7 2 4 3 9 8 5 6 23 19 20 16 18 12 14 10 13 11 28 24 30 22 29 21 15 26 25 17 27
AVOIDER 1 7 2 4 3 9 8 5 6 23 19 20 16 18 12 14 10 13 11 30 24 28 22 29 21 15 26 25 17 27
AVOIDER 1 7 2 4 3 9 8 5 6 23 19 20 16 18 12 14 10 13 11 29 24 30 22 28 21 15 26 25 17 27
AVOIDER 1 7 2 4 3 9 8 5 6 23 19 20 16 18 12 14 10 13 11 28 30 24 22 29 21 15 26 25 17 27
AVOIDER 1 7 2 4 3 9 8 5 6 23 19 20 16 18 12 14 10 13 11 30 28 24 22 29 21 15 26 25 17 27
AVOIDER 1 7 2 4 3 9 8 5 6 23 19 20 16 18 12 14 10 13 11 29 30 24 22 28 21 15 26 25 17 27
AVOIDER 1 7 2 4 3 9 8 5 6 23 19 20 16 18 12 14 10 13 11 24 28 29 30 22 21 15 26 25 17 27
AVOIDER 1 7 2 4 3 9 8 5 6 23 19 20 16 18 12 14 10 13 11 24 28 30 29 22 21 15 26 25 17 27
AVOIDER 1 7 2 4 3 9 8 5 6 23 19 20 16 18 12 14 10 13 11 24 29 28 30 22 21 15 26 25 17 27
AVOIDER 1 7 2 4 3 9 8 5 6 23 19 20 16 18 12 14 10 13 11 24 30 28 29 22 21 15 26 25 17 27
AVOIDER 1 7 2 4 3 9 8 5 6 23 19 20 16 18 12 14 10 13 11 24 29 30 28 22 21 15 26 25 17 27
AVOIDER 1 7 2 4 3 9 8 5 6 23 19 20 16 18 12 14 10 13 11 28 24 29 30 22 21 15 26 25 17 27
AVOIDER 1 7 2 4 3 9 8 5 6 23 19 20 16 18 12 14 10 13 11 28 24 30 29 22 21 15 26 25 17 27
AVOIDER 1 7 2 4 3 9 8 5 6 23 19 20 16 18 12 14 10 13 11 29 24 28 30 22 21 15 26 25 17 27
AVOIDER 1 7 2 4 3 9 8 5 6 23 19 20 16 18 12 14 10 13 11 30 24 28 29 22 21 15 26 25 17 27
AVOIDER 1 7 2 4 3 9 8 5 6 23 19 20 16 18 12 14 10 13 11 29 24 30 28 22 21 15 26 25 17 27
AVOIDER 1 7 2 4 3 9 8 5 6 23 19 20 16 18 12 14 10 13 11 28 29 24 30 22 21 15 26 25 17 27
AVOIDER 1 7 2 4 3 9 8 5 6 23 19 20 16 18 12 14 10 13 11 28 30 24 29 22 21 15 26 25 17 27
AVOIDER 1 7 2 4 3 9 8 5 6 23 19 20 16 18 12 14 10 13 11 29 28 24 30 22 21 15 26 25 17 27
AVOIDER 1 7 2 4 3 9 8 5 6 23 19 20 16 18 12 14 10 13 11 30 28 24 29 22 21 15 26 25 17 27
AVOIDER 1 7 2 4 3 9 8 5 6 23 19 20 16 18 12 14 10 13 11 29 30 24 28 22 21 15 26 25 17 27
AVOIDER 1 7 2 4 3 9 8 5 6 23 19 20 16 18 12 14 10 13 11 28 29 30 24 22 21 15 26 25 17 27
AVOIDER 1 7 2 4 3 9 8 5 6 23 19 20 16 18 12 14 10 13 11 28 30 29 24 22 21 15 26 25 17 27
AVOIDER 1 7 2 4 3 9 8 5 6 23 19 20 16 18 12 14 10 13 11 29 28 30 24 22 21 15 26 25 17 27
AVOIDER 1 7 2 4 3 9 8 5 6 23 19 20 16 18 12 14 10 13 11 30 28 29 24 22 21 15 26 25 17 27
AVOIDER 1 7 2 4 3 9 8 5 6 23 19 20 16 18 12 14 10 13 11 29 30 28 24 22 21 15 26 25 17 27
AVOIDER 1 7 2 4 3 9 8 5 6 18 20 19 23 16 12 14 10 13 11 24 28 29 30 21 22 15 26 25 17 27
AVOIDER 1 7 2 4 3 9 8 5 6 18 20 19 23 16 12 14 10 13 11 24 28 30 29 21 22 15 26 25 17 27
AVOIDER 1 7 2 4 3 9 8 5 6 18 20 19 23 16 12 14 10 13 11 24 29 28 30 21 22 15 26 25 17 27
AVOIDER 1 7 2 4 3 9 8 5 6 18 20 19 23 16 12 14 10 13 11 24 30 28 29 21 22 15 26 25 17 27
AVOIDER 1 7 2 4 3 9 8 5 6 18 20 19 23 16 12 14 10 13 11 24 29 30 28 21 22 15 26 25 17 27
AVOIDER 1 7 2 4 3 9 8 5 6 18 20 19 23 16 12 14 10 13 11 28 24 29 30 21 22 15 26 25 17 27
AVOIDER 1 7 2 4 3 9 8 5 6 18 20 19 23 16 12 14 10 13 11 28 24 30 29 21 22 15 26 25 17 27
AVOIDER 1 7 2 4 3 9 8 5 6 18 20 19 23 16 12 14 10 13 11 29 24 28 30 21 22 15 26 25 17 27
AVOIDER 1 7 2 4 3 9 8 5 6 18 20 19 23 16 12 14 10 13 11 30 24 28 29 21 22 15 26 25 17 27
AVOIDER 1 7 2 4 3 9 8 5 6 18 20 19 23 16 12 14 10 13 11 29 24 30 28 21 22 15 26 25 17 27
AVOIDER 1 7 2 4 3 9 8 5 6 18 20 19 23 16 12 14 10 13 11 28 29 24 30 21 22 15 26 25 17 27
AVOIDER 1 7 2 4 3 9 8 5 6 18 20 19 23 16 12 14 10 13 11 28 30 24 29 21 22 15 26 25 17 27
AVOIDER 1 7 2 4 3 9 8 5 6 18 20 19 23 16 12 14 10 13 11 29 28 24 30 21 22 15 26 25 17 27
AVOIDER 1 7 2 4 3 9 8 5 6 18 20 19 23 16 12 14 10 13 11 30 28 24 29 21 22 15 26 25 17 27
AVOIDER 1 7 2 4 3 9 8 5 6 18 20 19 23 16 12 14 10 13 11 29 30 24 28 21 22 15 26 25 17 27
AVOIDER 1 7 2 4 3 9 8 5 6 18 20 19 23 16 12 14 10 13 11 28 29 30 24 21 22 15 26 25 17 27
AVOIDER 1 7 2 4 3 9 8 5 6 18 20 19 23 16 12 14 10 13 11 28 30 29 24 21 22 15 26 25 17 27
AVOIDER 1 7 2 4 3 9 8 5 6 18 20 19 23 16 12 14 10 13 11 29 28 30 24 21 22 15 26 25 17 27
AVOIDER 1 7 2 4 3 9 8 5 6 18 20 19 23 16 12 14 10 13 11 30 28 29 24 21 22 15 26 25 17 27
AVOIDER 1 7 2 4 3 9 8 5 6 18 20 19 23 16 12 14 10 13 11 29 30 28 24 21 22 15 26 25 17 27
AVOIDER 1 7 2 4 3 9 8 5 6 18 20 19 23 16 12 14 10 13 11 24 30 22 28 29 21 15 26 25 17 27
AVOIDER 1 7 2 4 3 9 8 5 6 18 20 19 23 16 12 14 10 13 11 30 24 22 28 29 21 15 26 25 17 27
AVOIDER 1 7 2 4 3 9 8 5 6 18 20 19 23 16 12 14 10 13 11 24 28 30 22 29 21 15 26 25 17 27
AVOIDER 1 7 2 4 3 9 8 5 6 18 20 19 23 16 12 14 10 13 11 24 30 28 22 29 21 15 26 25 17 27
AVOIDER 1 7 2 4 3 9 8 5 6 18 20 19 23 16 12 14 10 13 11 24 29 30 22 28 21 15 26 25 17 27
AVOIDER 1 7 2 4 3 9 8 5 6 18 20 19 23 16 12 14 10 13 11 28 24 30 22 29 21 15 26 25 17 27
AVOIDER 1 7 2 4 3 9 8 5 6 18 20 19 23 16 12 14 10 13 11 30 24 28 22 29 21 15 26 25 17 27
AVOIDER 1 7 2 4 3 9 8 5 6 18 20 19 23 16 12 14 10 13 11 29 24 30 22 28 21 15 26 25 17 27
AVOIDER 1 7 2 4 3 9 8 5 6 18 20 19 23 16 12 14 10 13 11 28 30 24 22 29 21 15 26 25 17 27
AVOIDER 1 7 2 4 3 9 8 5 6 18 20 19 23 16 12 14 10 13 11 30 28 24 22 29 21 15 26 25 17 27
AVOIDER 1 7 2 4 3 9 8 5 6 18 20 19 23 16 12 14 10 13 11 29 30 24 22 28 21 15 26 25 17 27
AVOIDER 1 7 2 4 3 9 8 5 6 18 20 19 23 16 12 14 10 13 11 24 28 29 30 22 21 15 26 25 17 27
AVOIDER 1 7 2 4 3 9 8 5 6 18 20 19 23 16 12 14 10 13 11 24 28 30 29 22 21 15 26 25 17 27
AVOIDER 1 7 2 4 3 9 8 5 6 18 20 19 23 16 12 14 10 13 11 24 29 28 30 22 21 15 26 25 17 27
AVOIDER 1 7 2 4 3 9 8 5 6 18 20 19 23 16 12 14 10 13 11 24 30 28 29 22 21 15 26 25 17 27
AVOIDER 1 7 2 4 3 9 8 5 6 18 20 19 23 16 12 14 10 13 11 24 29 30 28 22 21 15 26 25 17 27
AVOIDER 1 7 2 4 3 9 8 5 6 18 20 19 23 16 12 14 10 13 11 28 24 29 30 22 21 15 26 25 17 27
AVOIDER 1 7 2 4 3 9 8 5 6 18 20 19 23 16 12 14 10 13 11 28 24 30 29 22 21 15 26 25 17 27
AVOIDER 1 7 2 4 3 9 8 5 6 18 20 19 23 16 12 14 10 13 11 29 24 28 30 22 21 15 26 25 17 27
AVOIDER 1 7 2 4 3 9 8 5 6 18 20 19 23 16 12 14 10 13 11 30 24 28 29 22 21 15 26 25 17 27
AVOIDER 1 7 2 4 3 9 8 5 6 18 20 19 23 16 12 14 10 13 11 29 24 30 28 22 21 15 26 25 17 27
AVOIDER 1 7 2 4 3 9 8 5 6 18 20 19 23 16 12 14 10 13 11 28 29 24 30 22 21 15 26 25 17 27
AVOIDER 1 7 2 4 3 9 8 5 6 18 20 19 23 16 12 14 10 13 11 28 30 24 29 22 21 15 26 25 17 27
AVOIDER 1 7 2 4 3 9 8 5 6 18 20 19 23 16 12 14 10 13 11 29 28 24 30 22 21 15 26 25 17 27
AVOIDER 1 7 2 4 3 9 8 5 6 18 20 19 23 16 12 14 10 13 11 30 28 24 29 22 21 15 26 25 17 27
AVOIDER 1 7 2 4 3 9 8 5 6 18 20 19 23 16 12 14 10 13 11 29 30 24 28 22 21 15 26 25 17 27
AVOIDER 1 7 2 4 3 9 8 5 6 18 20 19 23 16 12 14 10 13 11 28 29 30 24 22 21 15 26 25 17 27
AVOIDER 1 7 2 4 3 9 8 5 6 18 20 19 23 16 12 14 10 13 11 28 30 29 24 22 21 15 26 25 17 27
AVOIDER 1 7 2 4 3 9 8 5 6 18 20 19 23 16 12 14 10 13 11 29 28 30 24 22 21 15 26 25 17 27
AVOIDER 1 7 2 4 3 9 8 5 6 18 20 19 23 16 12 14 10 13 11 30 28 29 24 22 21 15 26 25 17 27
AVOIDER 1 7 2 4 3 9 8 5 6 18 20 19 23 16 12 14 10 13 11 29 30 28 24 22 21 15 26 25 17 27
AVOIDER 1 7 2 4 3 9 8 5 6 18 20 23 19 16 12 14 10 13 11 24 28 29 30 21 22 15 26 25 17 27
AVOIDER 1 7 2 4 3 9 8 5 6 18 20 23 19 16 12 14 10 13 11 24 28 30 29 21 22 15 26 25 17 27
AVOIDER 1 7 2 4 3 9 8 5 6 18 20 23 19 16 12 14 10 13 11 24 29 28 30 21 22 15 26 25 17 27
AVOIDER 1 7 2 4 3 9 8 5 6 18 20 23 19 16 12 14 10 13 11 24 30 28 29 21 22 15 26 25 17 27
AVOIDER 1 7 2 4 3 9 8 5 6 18 20 23 19 16 12 14 10 13 11 24 29 30 28 21 22 15 26 25 17 27
AVOIDER 1 7 2 4 3 9 8 5 6 18 20 23 19 16 12 14 10 13 11 28 24 29 30 21 22 15 26 25 17 27
AVOIDER 1 7 2 4 3 9 8 5 6 18 20 23 19 16 12 14 10 13 11 28 24 30 29 21 22 15 26 25 17 27
AVOIDER 1 7 2 4 3 9 8 5 6 18 20 23 19 16 12 14 10 13 11 29 24 28 30 21 22 15 26 25 17 27
AVOIDER 1 7 2 4 3 9 8 5 6 18 20 23 19 16 12 14 10 13 11 30 24 28 29 21 22 15 26 25 17 27
AVOIDER 1 7 2 4 3 9 8 5 6 18 20 23 19 16 12 14 10 13 11 29 24 30 28 21 22 15 26 25 17 27
AVOIDER 1 7 2 4 3 9 8 5 6 18 20 23 19 16 12 14 10 13 11 28 29 24 30 21 22 15 26 25 17 27
AVOIDER 1 7 2 4 3 9 8 5 6 18 20 23 19 16 12 14 10 13 11 28 30 24 29 21 22 15 26 25 17 27
AVOIDER 1 7 2 4 3 9 8 5 6 18 20 23 19 16 12 14 10 13 11 29 28 24 30 21 22 15 26 25 17 27
AVOIDER 1 7 2 4 3 9 8 5 6 18 20 23 19 16 12 14 10 13 11 30 28 24 29 21 22 15 26 25 17 27
AVOIDER 1 7 2 4 3 9 8 5 6 18 20 23 19 16 12 14 10 13 11 29 30 24 28 21 22 15 26 25 17 27
AVOIDER 1 7 2 4 3 9 8 5 6 18 20 23 19 16 12 14 10 13 11 28 29 30 24 21 22 15 26 25 17 27
AVOIDER 1 7 2 4 3 9 8 5 6 18 20 23 19 16 12 14 10 13 11 28 30 29 24 21 22 15 26 25 17 27
AVOIDER 1 7 2 4 3 9 8 5 6 18 20 23 19 16 12 14 10 13 11 29 28 30 24 21 22 15 26 25 17 27
AVOIDER 1 7 2 4 3 9 8 5 6 18 20 23 19 16 12 14 10 13 11 30 28 29 24 21 22 15 26 25 17 27
AVOIDER 1 7 2 4 3 9 8 5 6 18 20 23 19 16 12 14 10 13 11 29 30 28 24 21 22 15 26 25 17 27
AVOIDER 1 7 2 4 3 9 8 5 6 18 20 23 19 16 12 14 10 13 11 24 30 22 28 29 21 15 26 25 17 27
AVOIDER 1 7 2 4 3 9 8 5 6 18 20 23 19 16 12 14 10 13 11 30 24 22 28 29 21 15 26 25 17 27
AVOIDER 1 7 2 4 3 9 8 5 6 18 20 23 19 16 12 14 10 13 11 24 28 30 22 29 21 15 26 25 17 27
AVOIDER 1 7 2 4 3 9 8 5 6 18 20 23 19 16 12 14 10 13 11 24 30 28 22 29 21 15 26 25 17 27
AVOIDER 1 7 2 4 3 9 8 5 6 18 20 23 19 16 12 14 10 13 11 24 29 30 22 28 21 15 26 25 17 27
AVOIDER 1 7 2 4 3 9 8 5 6 18 20 23 19 16 12 14 10 13 11 28 24 30 22 29 21 15 26 25 17 27
AVOIDER 1 7 2 4 3 9 8 5 6 18 20 23 19 16 12 14 10 13 11 30 24 28 22 29 21 15 26 25 17 27
AVOIDER 1 7 2 4 3 9 8 5 6 18 20 23 19 16 12 14 10 13 11 29 24 30 22 28 21 15 26 25 17 27
AVOIDER 1 7 2 4 3 9 8 5 6 18 20 23 19 16 12 14 10 13 11 28 30 24 22 29 21 15 26 25 17 27
AVOIDER 1 7 2 4 3 9 8 5 6 18 20 23 19 16 12 14 10 13 11 30 28 24 22 29 21 15 26 25 17 27
AVOIDER 1 7 2 4 3 9 8 5 6 18 20 23 19 16 12 14 10 13 11 29 30 24 22 28 21 15 26 25 17 27
AVOIDER 1 7 2 4 3 9 8 5 6 18 20 23 19 16 12 14 10 13 11 24 28 29 30 22 21 15 26 25 17 27
AVOIDER 1 7 2 4 3 9 8 5 6 18 20 23 19 16 12 14 10 13 11 24 28 30 29 22 21 15 26 25 17 27
AVOIDER 1 7 2 4 3 9 8 5 6 18 20 23 19 16 12 14 10 13 11 24 29 28 30 22 21 15 26 25 17 27
AVOIDER 1 7 2 4 3 9 8 5 6 18 20 23 19 16 12 14 10 13 11 24 30 28 29 22 21 15 26 25 17 27
AVOIDER 1 7 2 4 3 9 8 5 6 18 20 23 19 16 12 14 10 13 11 24 29 30 28 22 21 15 26 25 17 27
AVOIDER 1 7 2 4 3 9 8 5 6 18 20 23 19 16 12 14 10 13 11 28 24 29 30 22 21 15 26 25 17 27
AVOIDER 1 7 2 4 3 9 8 5 6 18 20 23 19 16 12 14 10 13 11 28 24 30 29 22 21 15 26 25 17 27
AVOIDER 1 7 2 4 3 9 8 5 6 18 20 23 19 16 12 14 10 13 11 29 24 28 30 22 21 15 26 25 17 27
AVOIDER 1 7 2 4 3 9 8 5 6 18 20 23 19 16 12 14 10 13 11 30 24 28 29 22 21 15 26 25 17 27
AVOIDER 1 7 2 4 3 9 8 5 6 18 20 23 19 16 12 14 10 13 11 29 24 30 28 22 21 15 26 25 17 27
AVOIDER 1 7 2 4 3 9 8 5 6 18 20 23 19 16 12 14 10 13 11 28 29 24 30 22 21 15 26 25 17 27
AVOIDER 1 7 2 4 3 9 8 5 6 18 20 23 19 16 12 14 10 13 11 28 30 24 29 22 21 15 26 25 17 27
AVOIDER 1 7 2 4 3 9 8 5 6 18 20 23 19 16 12 14 10 13 11 29 28 24 30 22 21 15 26 25 17 27
AVOIDER 1 7 2 4 3 9 8 5 6 18 20 23 19 16 12 14 10 13 11 30 28 24 29 22 21 15 26 25 17 27
AVOIDER 1 7 2 4 3 9 8 5 6 18 20 23 19 16 12 14 10 13 11 29 30 24 28 22 21 15 26 25 17 27
AVOIDER 1 7 2 4 3 9 8 5 6 18 20 23 19 16 12 14 10 13 11 28 29 30 24 22 21 15 26 25 17 27
AVOIDER 1 7 2 4 3 9 8 5 6 18 20 23 19 16 12 14 10 13 11 28 30 29 24 22 21 15 26 25 17 27
AVOIDER 1 7 2 4 3 9 8 5 6 18 20 23 19 16 12 14 10 13 11 29 28 30 24 22 21 15 26 25 17 27
AVOIDER 1 7 2 4 3 9 8 5 6 18 20 23 19 16 12 14 10 13 11 30 28 29 24 22 21 15 26 25 17 27
AVOIDER 1 7 2 4 3 9 8 5 6 18 20 23 19 16 12 14 10 13 11 29 30 28 24 22 21 15 26 25 17 27
AVOIDER 1 7 2 4 3 9 8 5 6 18 23 20 19 16 12 14 10 13 11 24 28 29 30 21 22 15 26 25 17 27
AVOIDER 1 7 2 4 3 9 8 5 6 18 23 20 19 16 12 14 10 13 11 24 28 30 29 21 22 15 26 25 17 27
AVOIDER 1 7 2 4 3 9 8 5 6 18 23 20 19 16 12 14 10 13 11 24 29 28 30 21 22 15 26 25 17 27
AVOIDER 1 7 2 4 3 9 8 5 6 18 23 20 19 16 12 14 10 13 11 24 30 28 29 21 22 15 26 25 17 27
AVOIDER 1 7 2 4 3 9 8 5 6 18 23 20 19 16 12 14 10 13 11 24 29 30 28 21 22 15 26 25 17 27
AVOIDER 1 7 2 4 3 9 8 5 6 18 23 20 19 16 12 14 10 13 11 28 24 29 30 21 22 15 26 25 17 27
AVOIDER 1 7 2 4 3 9 8 5 6 18 23 20 19 16 12 14 10 13 11 28 24 30 29 21 22 15 26 25 17 27
AVOIDER 1 7 2 4 3 9 8 5 6 18 23 20 19 16 12 14 10 13 11 29 24 28 30 21 22 15 26 25 17 27
AVOIDER 1 7 2 4 3 9 8 5 6 18 23 20 19 16 12 14 10 13 11 30 24 28 29 21 22 15 26 25 17 27
AVOIDER 1 7 2 4 3 9 8 5 6 18 23 20 19 16 12 14 10 13 11 29 24 30 28 21 22 15 26 25 17 27
AVOIDER 1 7 2 4 3 9 8 5 6 18 23 20 19 16 12 14 10 13 11 28 29 24 30 21 22 15 26 25 17 27
AVOIDER 1 7 2 4 3 9 8 5 6 18 23 20 19 16 12 14 10 13 11 28 30 24 29 21 22 15 26 25 17 27
AVOIDER 1 7 2 4 3 9 8 5 6 18 23 20 19 16 12 14 10 13 11 29 28 24 30 21 22 15 26 25 17 27
AVOIDER 1 7 2 4 3 9 8 5 6 18 23 20 19 16 12 14 10 13 11 30 28 24 29 21 22 15 26 25 17 27
AVOIDER 1 7 2 4 3 9 8 5 6 18 23 20 19 16 12 14 10 13 11 29 30 24 28 21 22 15 26 25 17 27
AVOIDER 1 7 2 4 3 9 8 5 6 18 23 20 19 16 12 14 10 13 11 28 29 30 24 21 22 15 26 25 17 27
AVOIDER 1 7 2 4 3 9 8 5 6 18 23 20 19 16 12 14 10 13 11 28 30 29 24 21 22 15 26 25 17 27
AVOIDER 1 7 2 4 3 9 8 5 6 18 23 20 19 16 12 14 10 13 11 29 28 30 24 21 22 15 26 25 17 27
AVOIDER 1 7 2 4 3 9 8 5 6 18 23 20 19 16 12 14 10 13 11 30 28 29 24 21 22 15 26 25 17 27
AVOIDER 1 7 2 4 3 9 8 5 6 18 23 20 19 16 12 14 10 13 11 29 30 28 24 21 22 15 26 25 17 27
AVOIDER 1 7 2 4 3 9 8 5 6 18 23 20 19 16 12 14 10 13 11 24 30 22 28 29 21 15 26 25 17 27
AVOIDER 1 7 2 4 3 9 8 5 6 18 23 20 19 16 12 14 10 13 11 30 24 22 28 29 21 15 26 25 17 27
AVOIDER 1 7 2 4 3 9 8 5 6 18 23 20 19 16 12 14 10 13 11 24 28 30 22 29 21 15 26 25 17 27
AVOIDER 1 7 2 4 3 9 8 5 6 18 23 20 19 16 12 14 10 13 11 24 30 28 22 29 21 15 26 25 17 27
AVOIDER 1 7 2 4 3 9 8 5 6 18 23 20 19 16 12 14 10 13 11 24 29 30 22 28 21 15 26 25 17 27
AVOIDER 1 7 2 4 3 9 8 5 6 18 23 20 19 16 12 14 10 13 11 28 24 30 22 29 21 15 26 25 17 27
AVOIDER 1 7 2 4 3 9 8 5 6 18 23 20 19 16 12 14 10 13 11 30 24 28 22 29 21 15 26 25 17 27
AVOIDER 1 7 2 4 3 9 8 5 6 18 23 20 19 16 12 14 10 13 11 29 24 30 22 28 21 15 26 25 17 27
AVOIDER 1 7 2 4 3 9 8 5 6 18 23 20 19 16 12 14 10 13 11 28 30 24 22 29 21 15 26 25 17 27
AVOIDER 1 7 2 4 3 9 8 5 6 18 23 20 19 16 12 14 10 13 11 30 28 24 22 29 21 15 26 25 17 27
AVOIDER 1 7 2 4 3 9 8 5 6 18 23 20 19 16 12 14 10 13 11 29 30 24 22 28 21 15 26 25 17 27
AVOIDER 1 7 2 4 3 9 8 5 6 18 23 20 19 16 12 14 10 13 11 24 28 29 30 22 21 15 26 25 17 27
AVOIDER 1 7 2 4 3 9 8 5 6 18 23 20 19 16 12 14 10 13 11 24 28 30 29 22 21 15 26 25 17 27
AVOIDER 1 7 2 4 3 9 8 5 6 18 23 20 19 16 12 14 10 13 11 24 29 28 30 22 21 15 26 25 17 27
AVOIDER 1 7 2 4 3 9 8 5 6 18 23 20 19 16 12 14 10 13 11 24 30 28 29 22 21 15 26 25 17 27
AVOIDER 1 7 2 4 3 9 8 5 6 18 23 20 19 16 12 14 10 13 11 24 29 30 28 22 21 15 26 25 17 27
AVOIDER 1 7 2 4 3 9 8 5 6 18 23 20 19 16 12 14 10 13 11 28 24 29 30 22 21 15 26 25 17 27
AVOIDER 1 7 2 4 3 9 8 5 6 18 23 20 19 16 12 14 10 13 11 28 24 30 29 22 21 15 26 25 17 27
AVOIDER 1 7 2 4 3 9 8 5 6 18 23 20 19 16 12 14 10 13 11 29 24 28 30 22 21 15 26 25 17 27
AVOIDER 1 7 2 4 3 9 8 5 6 18 23 20 19 16 12 14 10 13 11 30 24 28 29 22 21 15 26 25 17 27
AVOIDER 1 7 2 4 3 9 8 5 6 18 23 20 19 16 12 14 10 13 11 29 24 30 28 22 21 15 26 25 17 27
AVOIDER 1 7 2 4 3 9 8 5 6 18 23 20 19 16 12 14 10 13 11 28 29 24 30 22 21 15 26 25 17 27
AVOIDER 1 7 2 4 3 9 8 5 6 18 23 20 19 16 12 14 10 13 11 28 30 24 29 22 21 15 26 25 17 27
AVOIDER 1 7 2 4 3 9 8 5 6 18 23 20 19 16 12 14 10 13 11 29 28 24 30 22 21 15 26 25 17 27
AVOIDER 1 7 2 4 3 9 8 5 6 18 23 20 19 16 12 14 10 13 11 30 28 24 29 22 21 15 26 25 17 27
AVOIDER 1 7 2 4 3 9 8 5 6 18 23 20 19 16 12 14 10 13 11 29 30 24 28 22 21 15 26 25 17 27
AVOIDER 1 7 2 4 3 9 8 5 6 18 23 20 19 16 12 14 10 13 11 28 29 30 24 22 21 15 26 25 17 27
AVOIDER 1 7 2 4 3 9 8 5 6 18 23 20 19 16 12 14 10 13 11 28 30 29 24 22 21 15 26 25 17 27
AVOIDER 1 7 2 4 3 9 8 5 6 18 23 20 19 16 12 14 10 13 11 29 28 30 24 22 21 15 26 25 17 27
AVOIDER 1 7 2 4 3 9 8 5 6 18 23 20 19 16 12 14 10 13 11 30 28 29 24 22 21 15 26 25 17 27
AVOIDER 1 7 2 4 3 9 8 5 6 18 23 20 19 16 12 14 10 13 11 29 30 28 24 22 21 15 26 25 17 27
AVOIDER 1 7 2 4 3 9 8 5 6 19 18 20 23 16 12 14 10 13 11 24 30 22 28 29 21 15 26 25 17 27
AVOIDER 1 7 2 4 3 9 8 5 6 19 18 20 23 16 12 14 10 13 11 30 24 22 28 29 21 15 26 25 17 27
AVOIDER 1 7 2 4 3 9 8 5 6 19 18 20 23 16 12 14 10 13 11 24 28 30 22 29 21 15 26 25 17 27
AVOIDER 1 7 2 4 3 9 8 5 6 19 18 20 23 16 12 14 10 13 11 24 30 28 22 29 21 15 26 25 17 27
AVOIDER 1 7 2 4 3 9 8 5 6 19 18 20 23 16 12 14 10 13 11 24 29 30 22 28 21 15 26 25 17 27
AVOIDER 1 7 2 4 3 9 8 5 6 19 18 20 23 16 12 14 10 13 11 28 24 30 22 29 21 15 26 25 17 27
AVOIDER 1 7 2 4 3 9 8 5 6 19 18 20 23 16 12 14 10 13 11 30 24 28 22 29 21 15 26 25 17 27
AVOIDER 1 7 2 4 3 9 8 5 6 19 18 20 23 16 12 14 10 13 11 29 24 30 22 28 21 15 26 25 17 27
AVOIDER 1 7 2 4 3 9 8 5 6 19 18 20 23 16 12 14 10 13 11 28 30 24 22 29 21 15 26 25 17 27
AVOIDER 1 7 2 4 3 9 8 5 6 19 18 20 23 16 12 14 10 13 11 30 28 24 22 29 21 15 26 25 17 27
AVOIDER 1 7 2 4 3 9 8 5 6 19 18 20 23 16 12 14 10 13 11 29 30 24 22 28 21 15 26 25 17 27
AVOIDER 1 7 2 4 3 9 8 5 6 19 18 20 23 16 12 14 10 13 11 24 28 29 30 22 21 15 26 25 17 27
AVOIDER 1 7 2 4 3 9 8 5 6 19 18 20 23 16 12 14 10 13 11 24 28 30 29 22 21 15 26 25 17 27
AVOIDER 1 7 2 4 3 9 8 5 6 19 18 20 23 16 12 14 10 13 11 24 29 28 30 22 21 15 26 25 17 27
AVOIDER 1 7 2 4 3 9 8 5 6 19 18 20 23 16 12 14 10 13 11 24 30 28 29 22 21 15 26 25 17 27
AVOIDER 1 7 2 4 3 9 8 5 6 19 18 20 23 16 12 14 10 13 11 24 29 30 28 22 21 15 26 25 17 27
AVOIDER 1 7 2 4 3 9 8 5 6 19 18 20 23 16 12 14 10 13 11 28 24 29 30 22 21 15 26 25 17 27
AVOIDER 1 7 2 4 3 9 8 5 6 19 18 20 23 16 12 14 10 13 11 28 24 30 29 22 21 15 26 25 17 27
AVOIDER 1 7 2 4 3 9 8 5 6 19 18 20 23 16 12 14 10 13 11 29 24 28 30 22 21 15 26 25 17 27
AVOIDER 1 7 2 4 3 9 8 5 6 19 18 20 23 16 12 14 10 13 11 30 24 28 29 22 21 15 26 25 17 27
AVOIDER 1 7 2 4 3 9 8 5 6 19 18 20 23 16 12 14 10 13 11 29 24 30 28 22 21 15 26 25 17 27
AVOIDER 1 7 2 4 3 9 8 5 6 19 18 20 23 16 12 14 10 13 11 28 29 24 30 22 21 15 26 25 17 27
AVOIDER 1 7 2 4 3 9 8 5 6 19 18 20 23 16 12 14 10 13 11 28 30 24 29 22 21 15 26 25 17 27
AVOIDER 1 7 2 4 3 9 8 5 6 19 18 20 23 16 12 14 10 13 11 29 28 24 30 22 21 15 26 25 17 27
AVOIDER 1 7 2 4 3 9 8 5 6 19 18 20 23 16 12 14 10 13 11 30 28 24 29 22 21 15 26 25 17 27
AVOIDER 1 7 2 4 3 9 8 5 6 19 18 20 23 16 12 14 10 13 11 29 30 24 28 22 21 15 26 25 17 27
AVOIDER 1 7 2 4 3 9 8 5 6 19 18 20 23 16 12 14 10 13 11 28 29 30 24 22 21 15 26 25 17 27
AVOIDER 1 7 2 4 3 9 8 5 6 19 18 20 23 16 12 14 10 13 11 28 30 29 24 22 21 15 26 25 17 27
AVOIDER 1 7 2 4 3 9 8 5 6 19 18 20 23 16 12 14 10 13 11 29 28 30 24 22 21 15 26 25 17 27
AVOIDER 1 7 2 4 3 9 8 5 6 19 18 20 23 16 12 14 10 13 11 30 28 29 24 22 21 15 26 25 17 27
AVOIDER 1 7 2 4 3 9 8 5 6 19 18 20 23 16 12 14 10 13 11 29 30 28 24 22 21 15 26 25 17 27
AVOIDER 1 7 2 4 3 9 8 5 6 19 18 23 20 16 12 14 10 13 11 24 30 22 28 29 21 15 26 25 17 27
AVOIDER 1 7 2 4 3 9 8 5 6 19 18 23 20 16 12 14 10 13 11 30 24 22 28 29 21 15 26 25 17 27
AVOIDER 1 7 2 4 3 9 8 5 6 19 18 23 20 16 12 14 10 13 11 24 28 30 22 29 21 15 26 25 17 27
AVOIDER 1 7 2 4 3 9 8 5 6 19 18 23 20 16 12 14 10 13 11 24 30 28 22 29 21 15 26 25 17 27
AVOIDER 1 7 2 4 3 9 8 5 6 19 18 23 20 16 12 14 10 13 11 24 29 30 22 28 21 15 26 25 17 27
AVOIDER 1 7 2 4 3 9 8 5 6 19 18 23 20 16 12 14 10 13 11 28 24 30 22 29 21 15 26 25 17 27
AVOIDER 1 7 2 4 3 9 8 5 6 19 18 23 20 16 12 14 10 13 11 30 24 28 22 29 21 15 26 25 17 27
AVOIDER 1 7 2 4 3 9 8 5 6 19 18 23 20 16 12 14 10 13 11 29 24 30 22 28 21 15 26 25 17 27
AVOIDER 1 7 2 4 3 9 8 5 6 19 18 23 20 16 12 14 10 13 11 28 30 24 22 29 21 15 26 25 17 27
AVOIDER 1 7 2 4 3 9 8 5 6 19 18 23 20 16 12 14 10 13 11 30 28 24 22 29 21 15 26 25 17 27
AVOIDER 1 7 2 4 3 9 8 5 6 19 18 23 20 16 12 14 10 13 11 29 30 24 22 28 21 15 26 25 17 27
AVOIDER 1 7 2 4 3 9 8 5 6 19 18 23 20 16 12 14 10 13 11 24 28 29 30 22 21 15 26 25 17 27
AVOIDER 1 7 2 4 3 9 8 5 6 19 18 23 20 16 12 14 10 13 11 24 28 30 29 22 21 15 26 25 17 27
AVOIDER 1 7 2 4 3 9 8 5 6 19 18 23 20 16 12 14 10 13 11 24 29 28 30 22 21 15 26 25 17 27
AVOIDER 1 7 2 4 3 9 8 5 6 19 18 23 20 16 12 14 10 13 11 24 30 28 29 22 21 15 26 25 17 27
AVOIDER 1 7 2 4 3 9 8 5 6 19 18 23 20 16 12 14 10 13 11 24 29 30 28 22 21 15 26 25 17 27
AVOIDER 1 7 2 4 3 9 8 5 6 19 18 23 20 16 12 14 10 13 11 28 24 29 30 22 21 15 26 25 17 27
AVOIDER 1 7 2 4 3 9 8 5 6 19 18 23 20 16 12 14 10 13 11 28 24 30 29 22 21 15 26 25 17 27
AVOIDER 1 7 2 4 3 9 8 5 6 19 18 23 20 16 12 14 10 13 11 29 24 28 30 22 21 15 26 25 17 27
AVOIDER 1 7 2 4 3 9 8 5 6 19 18 23 20 16 12 14 10 13 11 30 24 28 29 22 21 15 26 25 17 27
AVOIDER 1 7 2 4 3 9 8 5 6 19 18 23 20 16 12 14 10 13 11 29 24 30 28 22 21 15 26 25 17 27
AVOIDER 1 7 2 4 3 9 8 5 6 19 18 23 20 16 12 14 10 13 11 28 29 24 30 22 21 15 26 25 17 27
AVOIDER 1 7 2 4 3 9 8 5 6 19 18 23 20 16 12 14 10 13 11 28 30 24 29 22 21 15 26 25 17 27
AVOIDER 1 7 2 4 3 9 8 5 6 19 18 23 20 16 12 14 10 13 11 29 28 24 30 22 21 15 26 25 17 27
AVOIDER 1 7 2 4 3 9 8 5 6 19 18 23 20 16 12 14 10 13 11 30 28 24 29 22 21 15 26 25 17 27
AVOIDER 1 7 2 4 3 9 8 5 6 19 18 23 20 16 12 14 10 13 11 29 30 24 28 22 21 15 26 25 17 27
AVOIDER 1 7 2 4 3 9 8 5 6 19 18 23 20 16 12 14 10 13 11 28 29 30 24 22 21 15 26 25 17 27
AVOIDER 1 7 2 4 3 9 8 5 6 19 18 23 20 16 12 14 10 13 11 28 30 29 24 22 21 15 26 25 17 27
AVOIDER 1 7 2 4 3 9 8 5 6 19 18 23 20 16 12 14 10 13 11 29 28 30 24 22 21 15 26 25 17 27
AVOIDER 1 7 2 4 3 9 8 5 6 19 18 23 20 16 12 14 10 13 11 30 28 29 24 22 21 15 26 25 17 27
AVOIDER 1 7 2 4 3 9 8 5 6 19 18 23 20 16 12 14 10 13 11 29 30 28 24 22 21 15 26 25 17 27
AVOIDER 1 7 2 4 3 9 8 5 6 23 18 20 19 16 12 14 10 13 11 24 28 29 30 21 22 15 26 25 17 27
AVOIDER 1 7 2 4 3 9 8 5 6 23 18 20 19 16 12 14 10 13 11 24 28 30 29 21 22 15 26 25 17 27
AVOIDER 1 7 2 4 3 9 8 5 6 23 18 20 19 16 12 14 10 13 11 24 29 28 30 21 22 15 26 25 17 27
AVOIDER 1 7 2 4 3 9 8 5 6 23 18 20 19 16 12 14 10 13 11 24 30 28 29 21 22 15 26 25 17 27
AVOIDER 1 7 2 4 3 9 8 5 6 23 18 20 19 16 12 14 10 13 11 24 29 30 28 21 22 15 26 25 17 27
AVOIDER 1 7 2 4 3 9 8 5 6 23 18 20 19 16 12 14 10 13 11 28 24 29 30 21 22 15 26 25 17 27
AVOIDER 1 7 2 4 3 9 8 5 6 23 18 20 19 16 12 14 10 13 11 28 24 30 29 21 22 15 26 25 17 27
AVOIDER 1 7 2 4 3 9 8 5 6 23 18 20 19 16 12 14 10 13 11 29 24 28 30 21 22 15 26 25 17 27
AVOIDER 1 7 2 4 3 9 8 5 6 23 18 20 19 16 12 14 10 13 11 30 24 28 29 21 22 15 26 25 17 27
AVOIDER 1 7 2 4 3 9 8 5 6 23 18 20 19 16 12 14 10 13 11 29 24 30 28 21 22 15 26 25 17 27
AVOIDER 1 7 2 4 3 9 8 5 6 23 18 20 19 16 12 14 10 13 11 28 29 24 30 21 22 15 26 25 17 27
AVOIDER 1 7 2 4 3 9 8 5 6 23 18 20 19 16 12 14 10 13 11 28 30 24 29 21 22 15 26 25 17 27
AVOIDER 1 7 2 4 3 9 8 5 6 23 18 20 19 16 12 14 10 13 11 29 28 24 30 21 22 15 26 25 17 27
AVOIDER 1 7 2 4 3 9 8 5 6 23 18 20 19 16 12 14 10 13 11 30 28 24 29 21 22 15 26 25 17 27
AVOIDER 1 7 2 4 3 9 8 5 6 23 18 20 19 16 12 14 10 13 11 29 30 24 28 21 22 15 26 25 17 27
AVOIDER 1 7 2 4 3 9 8 5 6 23 18 20 19 16 12 14 10 13 11 28 29 30 24 21 22 15 26 25 17 27
AVOIDER 1 7 2 4 3 9 8 5 6 23 18 20 19 16 12 14 10 13 11 28 30 29 24 21 22 15 26 25 17 27
AVOIDER 1 7 2 4 3 9 8 5 6 23 18 20 19 16 12 14 10 13 11 29 28 30 24 21 22 15 26 25 17 27
AVOIDER 1 7 2 4 3 9 8 5 6 23 18 20 19 16 12 14 10 13 11 30 28 29 24 21 22 15 26 25 17 27
AVOIDER 1 7 2 4 3 9 8 5 6 23 18 20 19 16 12 14 10 13 11 29 30 28 24 21 22 15 26 25 17 27
AVOIDER 1 7 2 4 3 9 8 5 6 23 18 20 19 16 12 14 10 13 11 24 30 22 28 29 21 15 26 25 17 27
AVOIDER 1 7 2 4 3 9 8 5 6 23 18 20 19 16 12 14 10 13 11 30 24 22 28 29 21 15 26 25 17 27
AVOIDER 1 7 2 4 3 9 8 5 6 23 18 20 19 16 12 14 10 13 11 24 28 30 22 29 21 15 26 25 17 27
AVOIDER 1 7 2 4 3 9 8 5 6 23 18 20 19 16 12 14 10 13 11 24 30 28 22 29 21 15 26 25 17 27
AVOIDER 1 7 2 4 3 9 8 5 6 23 18 20 19 16 12 14 10 13 11 24 29 30 22 28 21 15 26 25 17 27
AVOIDER 1 7 2 4 3 9 8 5 6 23 18 20 19 16 12 14 10 13 11 28 24 30 22 29 21 15 26 25 17 27
AVOIDER 1 7 2 4 3 9 8 5 6 23 18 20 19 16 12 14 10 13 11 30 24 28 22 29 21 15 26 25 17 27
AVOIDER 1 7 2 4 3 9 8 5 6 23 18 20 19 16 12 14 10 13 11 29 24 30 22 28 21 15 26 25 17 27
AVOIDER 1 7 2 4 3 9 8 5 6 23 18 20 19 16 12 14 10 13 11 28 30 24 22 29 21 15 26 25 17 27
AVOIDER 1 7 2 4 3 9 8 5 6 23 18 20 19 16 12 14 10 13 11 30 28 24 22 29 21 15 26 25 17 27
AVOIDER 1 7 2 4 3 9 8 5 6 23 18 20 19 16 12 14 10 13 11 29 30 24 22 28 21 15 26 25 17 27
AVOIDER 1 7 2 4 3 9 8 5 6 23 18 20 19 16 12 14 10 13 11 24 28 29 30 22 21 15 26 25 17 27
AVOIDER 1 7 2 4 3 9 8 5 6 23 18 20 19 16 12 14 10 13 11 24 28 30 29 22 21 15 26 25 17 27
AVOIDER 1 7 2 4 3 9 8 5 6 23 18 20 19 16 12 14 10 13 11 24 29 28 30 22 21 15 26 25 17 27
AVOIDER 1 7 2 4 3 9 8 5 6 23 18 20 19 16 12 14 10 13 11 24 30 28 29 22 21 15 26 25 17 27
AVOIDER 1 7 2 4 3 9 8 5 6 23 18 20 19 16 12 14 10 13 11 24 29 30 28 22 21 15 26 25 17 27
AVOIDER 1 7 2 4 3 9 8 5 6 23 18 20 19 16 12 14 10 13 11 28 24 29 30 22 21 15 26 25 17 27
AVOIDER 1 7 2 4 3 9 8 5 6 23 18 20 19 16 12 14 10 13 11 28 24 30 29 22 21 15 26 25 17 27
AVOIDER 1 7 2 4 3 9 8 5 6 23 18 20 19 16 12 14 10 13 11 29 24 28 30 22 21 15 26 25 17 27
AVOIDER 1 7 2 4 3 9 8 5 6 23 18 20 19 16 12 14 10 13 11 30 24 28 29 22 21 15 26 25 17 27
AVOIDER 1 7 2 4 3 9 8 5 6 23 18 20 19 16 12 14 10 13 11 29 24 30 28 22 21 15 26 25 17 27
AVOIDER 1 7 2 4 3 9 8 5 6 23 18 20 19 16 12 14 10 13 11 28 29 24 30 22 21 15 26 25 17 27
AVOIDER 1 7 2 4 3 9 8 5 6 23 18 20 19 16 12 14 10 13 11 28 30 24 29 22 21 15 26 25 17 27
AVOIDER 1 7 2 4 3 9 8 5 6 23 18 20 19 16 12 14 10 13 11 29 28 24 30 22 21 15 26 25 17 27
AVOIDER 1 7 2 4 3 9 8 5 6 23 18 20 19 16 12 14 10 13 11 30 28 24 29 22 21 15 26 25 17 27
AVOIDER 1 7 2 4 3 9 8 5 6 23 18 20 19 16 12 14 10 13 11 29 30 24 28 22 21 15 26 25 17 27
AVOIDER 1 7 2 4 3 9 8 5 6 23 18 20 19 16 12 14 10 13 11 28 29 30 24 22 21 15 26 25 17 27
AVOIDER 1 7 2 4 3 9 8 5 6 23 18 20 19 16 12 14 10 13 11 28 30 29 24 22 21 15 26 25 17 27
AVOIDER 1 7 2 4 3 9 8 5 6 23 18 20 19 16 12 14 10 13 11 29 28 30 24 22 21 15 26 25 17 27
AVOIDER 1 7 2 4 3 9 8 5 6 23 18 20 19 16 12 14 10 13 11 30 28 29 24 22 21 15 26 25 17 27
AVOIDER 1 7 2 4 3 9 8 5 6 23 18 20 19 16 12 14 10 13 11 29 30 28 24 22 21 15 26 25 17 27
AVOIDER 1 7 2 4 3 9 8 5 6 19 23 18 20 16 12 14 10 13 11 24 30 22 28 29 21 15 26 25 17 27
AVOIDER 1 7 2 4 3 9 8 5 6 19 23 18 20 16 12 14 10 13 11 30 24 22 28 29 21 15 26 25 17 27
AVOIDER 1 7 2 4 3 9 8 5 6 19 23 18 20 16 12 14 10 13 11 24 28 30 22 29 21 15 26 25 17 27
AVOIDER 1 7 2 4 3 9 8 5 6 19 23 18 20 16 12 14 10 13 11 24 30 28 22 29 21 15 26 25 17 27
AVOIDER 1 7 2 4 3 9 8 5 6 19 23 18 20 16 12 14 10 13 11 24 29 30 22 28 21 15 26 25 17 27
AVOIDER 1 7 2 4 3 9 8 5 6 19 23 18 20 16 12 14 10 13 11 28 24 30 22 29 21 15 26 25 17 27
AVOIDER 1 7 2 4 3 9 8 5 6 19 23 18 20 16 12 14 10 13 11 30 24 28 22 29 21 15 26 25 17 27
AVOIDER 1 7 2 4 3 9 8 5 6 19 23 18 20 16 12 14 10 13 11 29 24 30 22 28 21 15 26 25 17 27
AVOIDER 1 7 2 4 3 9 8 5 6 19 23 18 20 16 12 14 10 13 11 28 30 24 22 29 21 15 26 25 17 27
AVOIDER 1 7 2 4 3 9 8 5 6 19 23 18 20 16 12 14 10 13 11 30 28 24 22 29 21 15 26 25 17 27
AVOIDER 1 7 2 4 3 9 8 5 6 19 23 18 20 16 12 14 10 13 11 29 30 24 22 28 21 15 26 25 17 27
AVOIDER 1 7 2 4 3 9 8 5 6 19 23 18 20 16 12 14 10 13 11 24 28 29 30 22 21 15 26 25 17 27
AVOIDER 1 7 2 4 3 9 8 5 6 19 23 18 20 16 12 14 10 13 11 24 28 30 29 22 21 15 26 25 17 27
AVOIDER 1 7 2 4 3 9 8 5 6 19 23 18 20 16 12 14 10 13 11 24 29 28 30 22 21 15 26 25 17 27
AVOIDER 1 7 2 4 3 9 8 5 6 19 23 18 20 16 12 14 10 13 11 24 30 28 29 22 21 15 26 25 17 27
AVOIDER 1 7 2 4 3 9 8 5 6 19 23 18 20 16 12 14 10 13 11 24 29 30 28 22 21 15 26 25 17 27
AVOIDER 1 7 2 4 3 9 8 5 6 19 23 18 20 16 12 14 10 13 11 28 24 29 30 22 21 15 26 25 17 27
AVOIDER 1 7 2 4 3 9 8 5 6 19 23 18 20 16 12 14 10 13 11 28 24 30 29 22 21 15 26 25 17 27
AVOIDER 1 7 2 4 3 9 8 5 6 19 23 18 20 16 12 14 10 13 11 29 24 28 30 22 21 15 26 25 17 27
AVOIDER 1 7 2 4 3 9 8 5 6 19 23 18 20 16 12 14 10 13 11 30 24 28 29 22 21 15 26 25 17 27
AVOIDER 1 7 2 4 3 9 8 5 6 19 23 18 20 16 12 14 10 13 11 29 24 30 28 22 21 15 26 25 17 27
AVOIDER 1 7 2 4 3 9 8 5 6 19 23 18 20 16 12 14 10 13 11 28 29 24 30 22 21 15 26 25 17 27
AVOIDER 1 7 2 4 3 9 8 5 6 19 23 18 20 16 12 14 10 13 11 28 30 24 29 22 21 15 26 25 17 27
AVOIDER 1 7 2 4 3 9 8 5 6 19 23 18 20 16 12 14 10 13 11 29 28 24 30 22 21 15 26 25 17 27
AVOIDER 1 7 2 4 3 9 8 5 6 19 23 18 20 16 12 14 10 13 11 30 28 24 29 22 21 15 26 25 17 27
AVOIDER 1 7 2 4 3 9 8 5 6 19 23 18 20 16 12 14 10 13 11 29 30 24 28 22 21 15 26 25 17 27
AVOIDER 1 7 2 4 3 9 8 5 6 19 23 18 20 16 12 14 10 13 11 28 29 30 24 22 21 15 26 25 17 27
AVOIDER 1 7 2 4 3 9 8 5 6 19 23 18 20 16 12 14 10 13 11 28 30 29 24 22 21 15 26 25 17 27
AVOIDER 1 7 2 4 3 9 8 5 6 19 23 18 20 16 12 14 10 13 11 29 28 30 24 22 21 15 26 25 17 27
AVOIDER 1 7 2 4 3 9 8 5 6 19 23 18 20 16 12 14 10 13 11 30 28 29 24 22 21 15 26 25 17 27
AVOIDER 1 7 2 4 3 9 8 5 6 19 23 18 20 16 12 14 10 13 11 29 30 28 24 22 21 15 26 25 17 27
AVOIDER 1 7 2 4 3 9 8 5 6 23 19 18 20 16 12 14 10 13 11 24 30 22 28 29 21 15 26 25 17 27
AVOIDER 1 7 2 4 3 9 8 5 6 23 19 18 20 16 12 14 10 13 11 30 24 22 28 29 21 15 26 25 17 27
AVOIDER 1 7 2 4 3 9 8 5 6 23 19 18 20 16 12 14 10 13 11 24 28 30 22 29 21 15 26 25 17 27
AVOIDER 1 7 2 4 3 9 8 5 6 23 19 18 20 16 12 14 10 13 11 24 30 28 22 29 21 15 26 25 17 27
AVOIDER 1 7 2 4 3 9 8 5 6 23 19 18 20 16 12 14 10 13 11 24 29 30 22 28 21 15 26 25 17 27
AVOIDER 1 7 2 4 3 9 8 5 6 23 19 18 20 16 12 14 10 13 11 28 24 30 22 29 21 15 26 25 17 27
AVOIDER 1 7 2 4 3 9 8 5 6 23 19 18 20 16 12 14 10 13 11 30 24 28 22 29 21 15 26 25 17 27
AVOIDER 1 7 2 4 3 9 8 5 6 23 19 18 20 16 12 14 10 13 11 29 24 30 22 28 21 15 26 25 17 27
AVOIDER 1 7 2 4 3 9 8 5 6 23 19 18 20 16 12 14 10 13 11 28 30 24 22 29 21 15 26 25 17 27
AVOIDER 1 7 2 4 3 9 8 5 6 23 19 18 20 16 12 14 10 13 11 30 28 24 22 29 21 15 26 25 17 27
AVOIDER 1 7 2 4 3 9 8 5 6 23 19 18 20 16 12 14 10 13 11 29 30 24 22 28 21 15 26 25 17 27
AVOIDER 1 7 2 4 3 9 8 5 6 23 19 18 20 16 12 14 10 13 11 24 28 29 30 22 21 15 26 25 17 27
AVOIDER 1 7 2 4 3 9 8 5 6 23 19 18 20 16 12 14 10 13 11 24 28 30 29 22 21 15 26 25 17 27
AVOIDER 1 7 2 4 3 9 8 5 6 23 19 18 20 16 12 14 10 13 11 24 29 28 30 22 21 15 26 25 17 27
AVOIDER 1 7 2 4 3 9 8 5 6 23 19 18 20 16 12 14 10 13 11 24 30 28 29 22 21 15 26 25 17 27
AVOIDER 1 7 2 4 3 9 8 5 6 23 19 18 20 16 12 14 10 13 11 24 29 30 28 22 21 15 26 25 17 27
AVOIDER 1 7 2 4 3 9 8 5 6 23 19 18 20 16 12 14 10 13 11 28 24 29 30 22 21 15 26 25 17 27
AVOIDER 1 7 2 4 3 9 8 5 6 23 19 18 20 16 12 14 10 13 11 28 24 30 29 22 21 15 26 25 17 27
AVOIDER 1 7 2 4 3 9 8 5 6 23 19 18 20 16 12 14 10 13 11 29 24 28 30 22 21 15 26 25 17 27
AVOIDER 1 7 2 4 3 9 8 5 6 23 19 18 20 16 12 14 10 13 11 30 24 28 29 22 21 15 26 25 17 27
AVOIDER 1 7 2 4 3 9 8 5 6 23 19 18 20 16 12 14 10 13 11 29 24 30 28 22 21 15 26 25 17 27
AVOIDER 1 7 2 4 3 9 8 5 6 23 19 18 20 16 12 14 10 13 11 28 29 24 30 22 21 15 26 25 17 27
AVOIDER 1 7 2 4 3 9 8 5 6 23 19 18 20 16 12 14 10 13 11 28 30 24 29 22 21 15 26 25 17 27
AVOIDER 1 7 2 4 3 9 8 5 6 23 19 18 20 16 12 14 10 13 11 29 28 24 30 22 21 15 26 25 17 27
AVOIDER 1 7 2 4 3 9 8 5 6 23 19 18 20 16 12 14 10 13 11 30 28 24 29 22 21 15 26 25 17 27
AVOIDER 1 7 2 4 3 9 8 5 6 23 19 18 20 16 12 14 10 13 11 29 30 24 28 22 21 15 26 25 17 27
AVOIDER 1 7 2 4 3 9 8 5 6 23 19 18 20 16 12 14 10 13 11 28 29 30 24 22 21 15 26 25 17 27
AVOIDER 1 7 2 4 3 9 8 5 6 23 19 18 20 16 12 14 10 13 11 28 30 29 24 22 21 15 26 25 17 27
AVOIDER 1 7 2 4 3 9 8 5 6 23 19 18 20 16 12 14 10 13 11 29 28 30 24 22 21 15 26 25 17 27
AVOIDER 1 7 2 4 3 9 8 5 6 23 19 18 20 16 12 14 10 13 11 30 28 29 24 22 21 15 26 25 17 27
AVOIDER 1 7 2 4 3 9 8 5 6 23 19 18 20 16 12 14 10 13 11 29 30 28 24 22 21 15 26 25 17 27
AVOIDER 1 7 2 4 3 9 8 5 6 18 20 19 14 23 16 12 10 13 11 24 28 29 30 21 22 15 26 25 17 27
AVOIDER 1 7 2 4 3 9 8 5 6 18 20 19 14 23 16 12 10 13 11 24 28 30 29 21 22 15 26 25 17 27
AVOIDER 1 7 2 4 3 9 8 5 6 18 20 19 14 23 16 12 10 13 11 24 29 28 30 21 22 15 26 25 17 27
AVOIDER 1 7 2 4 3 9 8 5 6 18 20 19 14 23 16 12 10 13 11 24 30 28 29 21 22 15 26 25 17 27
AVOIDER 1 7 2 4 3 9 8 5 6 18 20 19 14 23 16 12 10 13 11 24 29 30 28 21 22 15 26 25 17 27
AVOIDER 1 7 2 4 3 9 8 5 6 18 20 19 14 23 16 12 10 13 11 28 24 29 30 21 22 15 26 25 17 27
AVOIDER 1 7 2 4 3 9 8 5 6 18 20 19 14 23 16 12 10 13 11 28 24 30 29 21 22 15 26 25 17 27
AVOIDER 1 7 2 4 3 9 8 5 6 18 20 19 14 23 16 12 10 13 11 29 24 28 30 21 22 15 26 25 17 27
AVOIDER 1 7 2 4 3 9 8 5 6 18 20 19 14 23 16 12 10 13 11 30 24 28 29 21 22 15 26 25 17 27
AVOIDER 1 7 2 4 3 9 8 5 6 18 20 19 14 23 16 12 10 13 11 29 24 30 28 21 22 15 26 25 17 27
AVOIDER 1 7 2 4 3 9 8 5 6 18 20 19 14 23 16 12 10 13 11 28 29 24 30 21 22 15 26 25 17 27
AVOIDER 1 7 2 4 3 9 8 5 6 18 20 19 14 23 16 12 10 13 11 28 30 24 29 21 22 15 26 25 17 27
AVOIDER 1 7 2 4 3 9 8 5 6 18 20 19 14 23 16 12 10 13 11 29 28 24 30 21 22 15 26 25 17 27
AVOIDER 1 7 2 4 3 9 8 5 6 18 20 19 14 23 16 12 10 13 11 30 28 24 29 21 22 15 26 25 17 27
AVOIDER 1 7 2 4 3 9 8 5 6 18 20 19 14 23 16 12 10 13 11 29 30 24 28 21 22 15 26 25 17 27
AVOIDER 1 7 2 4 3 9 8 5 6 18 20 19 14 23 16 12 10 13 11 28 29 30 24 21 22 15 26 25 17 27
AVOIDER 1 7 2 4 3 9 8 5 6 18 20 19 14 23 16 12 10 13 11 28 30 29 24 21 22 15 26 25 17 27
AVOIDER 1 7 2 4 3 9 8 5 6 18 20 19 14 23 16 12 10 13 11 29 28 30 24 21 22 15 26 25 17 27
AVOIDER 1 7 2 4 3 9 8 5 6 18 20 19 14 23 16 12 10 13 11 30 28 29 24 21 22 15 26 25 17 27
AVOIDER 1 7 2 4 3 9 8 5 6 18 20 19 14 23 16 12 10 13 11 29 30 28 24 21 22 15 26 25 17 27
AVOIDER 1 7 2 4 3 9 8 5 6 18 20 19 14 23 16 12 10 13 11 24 30 22 28 29 21 15 26 25 17 27
AVOIDER 1 7 2 4 3 9 8 5 6 18 20 19 14 23 16 12 10 13 11 30 24 22 28 29 21 15 26 25 17 27
AVOIDER 1 7 2 4 3 9 8 5 6 18 20 19 14 23 16 12 10 13 11 24 28 30 22 29 21 15 26 25 17 27
AVOIDER 1 7 2 4 3 9 8 5 6 18 20 19 14 23 16 12 10 13 11 24 30 28 22 29 21 15 26 25 17 27
AVOIDER 1 7 2 4 3 9 8 5 6 18 20 19 14 23 16 12 10 13 11 24 29 30 22 28 21 15 26 25 17 27
AVOIDER 1 7 2 4 3 9 8 5 6 18 20 19 14 23 16 12 10 13 11 28 24 30 22 29 21 15 26 25 17 27
AVOIDER 1 7 2 4 3 9 8 5 6 18 20 19 14 23 16 12 10 13 11 30 24 28 22 29 21 15 26 25 17 27
AVOIDER 1 7 2 4 3 9 8 5 6 18 20 19 14 23 16 12 10 13 11 29 24 30 22 28 21 15 26 25 17 27
AVOIDER 1 7 2 4 3 9 8 5 6 18 20 19 14 23 16 12 10 13 11 28 30 24 22 29 21 15 26 25 17 27
AVOIDER 1 7 2 4 3 9 8 5 6 18 20 19 14 23 16 12 10 13 11 30 28 24 22 29 21 15 26 25 17 27
AVOIDER 1 7 2 4 3 9 8 5 6 18 20 19 14 23 16 12 10 13 11 29 30 24 22 28 21 15 26 25 17 27
AVOIDER 1 7 2 4 3 9 8 5 6 18 20 19 14 23 16 12 10 13 11 24 28 29 30 22 21 15 26 25 17 27
AVOIDER 1 7 2 4 3 9 8 5 6 18 20 19 14 23 16 12 10 13 11 24 28 30 29 22 21 15 26 25 17 27
AVOIDER 1 7 2 4 3 9 8 5 6 18 20 19 14 23 16 12 10 13 11 24 29 28 30 22 21 15 26 25 17 27
AVOIDER 1 7 2 4 3 9 8 5 6 18 20 19 14 23 16 12 10 13 11 24 30 28 29 22 21 15 26 25 17 27
AVOIDER 1 7 2 4 3 9 8 5 6 18 20 19 14 23 16 12 10 13 11 24 29 30 28 22 21 15 26 25 17 27
AVOIDER 1 7 2 4 3 9 8 5 6 18 20 19 14 23 16 12 10 13 11 28 24 29 30 22 21 15 26 25 17 27
AVOIDER 1 7 2 4 3 9 8 5 6 18 20 19 14 23 16 12 10 13 11 28 24 30 29 22 21 15 26 25 17 27
AVOIDER 1 7 2 4 3 9 8 5 6 18 20 19 14 23 16 12 10 13 11 29 24 28 30 22 21 15 26 25 17 27
AVOIDER 1 7 2 4 3 9 8 5 6 18 20 19 14 23 16 12 10 13 11 30 24 28 29 22 21 15 26 25 17 27
AVOIDER 1 7 2 4 3 9 8 5 6 18 20 19 14 23 16 12 10 13 11 29 24 30 28 22 21 15 26 25 17 27
AVOIDER 1 7 2 4 3 9 8 5 6 18 20 19 14 23 16 12 10 13 11 28 29 24 30 22 21 15 26 25 17 27
AVOIDER 1 7 2 4 3 9 8 5 6 18 20 19 14 23 16 12 10 13 11 28 30 24 29 22 21 15 26 25 17 27
AVOIDER 1 7 2 4 3 9 8 5 6 18 20 19 14 23 16 12 10 13 11 29 28 24 30 22 21 15 26 25 17 27
AVOIDER 1 7 2 4 3 9 8 5 6 18 20 19 14 23 16 12 10 13 11 30 28 24 29 22 21 15 26 25 17 27
AVOIDER 1 7 2 4 3 9 8 5 6 18 20 19 14 23 16 12 10 13 11 29 30 24 28 22 21 15 26 25 17 27
AVOIDER 1 7 2 4 3 9 8 5 6 18 20 19 14 23 16 12 10 13 11 28 29 30 24 22 21 15 26 25 17 27
AVOIDER 1 7 2 4 3 9 8 5 6 18 20 19 14 23 16 12 10 13 11 28 30 29 24 22 21 15 26 25 17 27
AVOIDER 1 7 2 4 3 9 8 5 6 18 20 19 14 23 16 12 10 13 11 29 28 30 24 22 21 15 26 25 17 27
AVOIDER 1 7 2 4 3 9 8 5 6 18 20 19 14 23 16 12 10 13 11 30 28 29 24 22 21 15 26 25 17 27
AVOIDER 1 7 2 4 3 9 8 5 6 18 20 19 14 23 16 12 10 13 11 29 30 28 24 22 21 15 26 25 17 27
AVOIDER 1 7 2 4 3 9 8 5 6 19 18 20 14 23 16 12 10 13 11 24 30 22 28 29 21 15 26 25 17 27
AVOIDER 1 7 2 4 3 9 8 5 6 19 18 20 14 23 16 12 10 13 11 30 24 22 28 29 21 15 26 25 17 27
AVOIDER 1 7 2 4 3 9 8 5 6 19 18 20 14 23 16 12 10 13 11 24 28 30 22 29 21 15 26 25 17 27
AVOIDER 1 7 2 4 3 9 8 5 6 19 18 20 14 23 16 12 10 13 11 24 30 28 22 29 21 15 26 25 17 27
AVOIDER 1 7 2 4 3 9 8 5 6 19 18 20 14 23 16 12 10 13 11 24 29 30 22 28 21 15 26 25 17 27
AVOIDER 1 7 2 4 3 9 8 5 6 19 18 20 14 23 16 12 10 13 11 28 24 30 22 29 21 15 26 25 17 27
AVOIDER 1 7 2 4 3 9 8 5 6 19 18 20 14 23 16 12 10 13 11 30 24 28 22 29 21 15 26 25 17 27
AVOIDER 1 7 2 4 3 9 8 5 6 19 18 20 14 23 16 12 10 13 11 29 24 30 22 28 21 15 26 25 17 27
AVOIDER 1 7 2 4 3 9 8 5 6 19 18 20 14 23 16 12 10 13 11 28 30 24 22 29 21 15 26 25 17 27
AVOIDER 1 7 2 4 3 9 8 5 6 19 18 20 14 23 16 12 10 13 11 30 28 24 22 29 21 15 26 25 17 27
AVOIDER 1 7 2 4 3 9 8 5 6 19 18 20 14 23 16 12 10 13 11 29 30 24 22 28 21 15 26 25 17 27
AVOIDER 1 7 2 4 3 9 8 5 6 19 18 20 14 23 16 12 10 13 11 24 28 29 30 22 21 15 26 25 17 27
AVOIDER 1 7 2 4 3 9 8 5 6 19 18 20 14 23 16 12 10 13 11 24 28 30 29 22 21 15 26 25 17 27
AVOIDER 1 7 2 4 3 9 8 5 6 19 18 20 14 23 16 12 10 13 11 24 29 28 30 22 21 15 26 25 17 27
AVOIDER 1 7 2 4 3 9 8 5 6 19 18 20 14 23 16 12 10 13 11 24 30 28 29 22 21 15 26 25 17 27
AVOIDER 1 7 2 4 3 9 8 5 6 19 18 20 14 23 16 12 10 13 11 24 29 30 28 22 21 15 26 25 17 27
AVOIDER 1 7 2 4 3 9 8 5 6 19 18 20 14 23 16 12 10 13 11 28 24 29 30 22 21 15 26 25 17 27
AVOIDER 1 7 2 4 3 9 8 5 6 19 18 20 14 23 16 12 10 13 11 28 24 30 29 22 21 15 26 25 17 27
AVOIDER 1 7 2 4 3 9 8 5 6 19 18 20 14 23 16 12 10 13 11 29 24 28 30 22 21 15 26 25 17 27
AVOIDER 1 7 2 4 3 9 8 5 6 19 18 20 14 23 16 12 10 13 11 30 24 28 29 22 21 15 26 25 17 27
AVOIDER 1 7 2 4 3 9 8 5 6 19 18 20 14 23 16 12 10 13 11 29 24 30 28 22 21 15 26 25 17 27
AVOIDER 1 7 2 4 3 9 8 5 6 19 18 20 14 23 16 12 10 13 11 28 29 24 30 22 21 15 26 25 17 27
AVOIDER 1 7 2 4 3 9 8 5 6 19 18 20 14 23 16 12 10 13 11 28 30 24 29 22 21 15 26 25 17 27
AVOIDER 1 7 2 4 3 9 8 5 6 19 18 20 14 23 16 12 10 13 11 29 28 24 30 22 21 15 26 25 17 27
AVOIDER 1 7 2 4 3 9 8 5 6 19 18 20 14 23 16 12 10 13 11 30 28 24 29 22 21 15 26 25 17 27
AVOIDER 1 7 2 4 3 9 8 5 6 19 18 20 14 23 16 12 10 13 11 29 30 24 28 22 21 15 26 25 17 27
AVOIDER 1 7 2 4 3 9 8 5 6 19 18 20 14 23 16 12 10 13 11 28 29 30 24 22 21 15 26 25 17 27
AVOIDER 1 7 2 4 3 9 8 5 6 19 18 20 14 23 16 12 10 13 11 28 30 29 24 22 21 15 26 25 17 27
AVOIDER 1 7 2 4 3 9 8 5 6 19 18 20 14 23 16 12 10 13 11 29 28 30 24 22 21 15 26 25 17 27
AVOIDER 1 7 2 4 3 9 8 5 6 19 18 20 14 23 16 12 10 13 11 30 28 29 24 22 21 15 26 25 17 27
AVOIDER 1 7 2 4 3 9 8 5 6 19 18 20 14 23 16 12 10 13 11 29 30 28 24 22 21 15 26 25 17 27
AVOIDER 1 7 2 4 3 9 8 5 6 20 18 19 14 23 16 12 10 13 11 24 28 29 30 21 22 15 26 25 17 27
AVOIDER 1 7 2 4 3 9 8 5 6 20 18 19 14 23 16 12 10 13 11 24 28 30 29 21 22 15 26 25 17 27
AVOIDER 1 7 2 4 3 9 8 5 6 20 18 19 14 23 16 12 10 13 11 24 29 28 30 21 22 15 26 25 17 27
AVOIDER 1 7 2 4 3 9 8 5 6 20 18 19 14 23 16 12 10 13 11 24 30 28 29 21 22 15 26 25 17 27
AVOIDER 1 7 2 4 3 9 8 5 6 20 18 19 14 23 16 12 10 13 11 24 29 30 28 21 22 15 26 25 17 27
AVOIDER 1 7 2 4 3 9 8 5 6 20 18 19 14 23 16 12 10 13 11 28 24 29 30 21 22 15 26 25 17 27
AVOIDER 1 7 2 4 3 9 8 5 6 20 18 19 14 23 16 12 10 13 11 28 24 30 29 21 22 15 26 25 17 27
AVOIDER 1 7 2 4 3 9 8 5 6 20 18 19 14 23 16 12 10 13 11 29 24 28 30 21 22 15 26 25 17 27
AVOIDER 1 7 2 4 3 9 8 5 6 20 18 19 14 23 16 12 10 13 11 30 24 28 29 21 22 15 26 25 17 27
AVOIDER 1 7 2 4 3 9 8 5 6 20 18 19 14 23 16 12 10 13 11 29 24 30 28 21 22 15 26 25 17 27
AVOIDER 1 7 2 4 3 9 8 5 6 20 18 19 14 23 16 12 10 13 11 28 29 24 30 21 22 15 26 25 17 27
AVOIDER 1 7 2 4 3 9 8 5 6 20 18 19 14 23 16 12 10 13 11 28 30 24 29 21 22 15 26 25 17 27
AVOIDER 1 7 2 4 3 9 8 5 6 20 18 19 14 23 16 12 10 13 11 29 28 24 30 21 22 15 26 25 17 27
AVOIDER 1 7 2 4 3 9 8 5 6 20 18 19 14 23 16 12 10 13 11 30 28 24 29 21 22 15 26 25 17 27
AVOIDER 1 7 2 4 3 9 8 5 6 20 18 19 14 23 16 12 10 13 11 29 30 24 28 21 22 15 26 25 17 27
AVOIDER 1 7 2 4 3 9 8 5 6 20 18 19 14 23 16 12 10 13 11 28 29 30 24 21 22 15 26 25 17 27
AVOIDER 1 7 2 4 3 9 8 5 6 20 18 19 14 23 16 12 10 13 11 28 30 29 24 21 22 15 26 25 17 27
AVOIDER 1 7 2 4 3 9 8 5 6 20 18 19 14 23 16 12 10 13 11 29 28 30 24 21 22 15 26 25 17 27
AVOIDER 1 7 2 4 3 9 8 5 6 20 18 19 14 23 16 12 10 13 11 30 28 29 24 21 22 15 26 25 17 27
AVOIDER 1 7 2 4 3 9 8 5 6 20 18 19 14 23 16 12 10 13 11 29 30 28 24 21 22 15 26 25 17 27
AVOIDER 1 7 2 4 3 9 8 5 6 20 18 19 14 23 16 12 10 13 11 24 30 22 28 29 21 15 26 25 17 27
AVOIDER 1 7 2 4 3 9 8 5 6 20 18 19 14 23 16 12 10 13 11 30 24 22 28 29 21 15 26 25 17 27
AVOIDER 1 7 2 4 3 9 8 5 6 20 18 19 14 23 16 12 10 13 11 24 28 30 22 29 21 15 26 25 17 27
AVOIDER 1 7 2 4 3 9 8 5 6 20 18 19 14 23 16 12 10 13 11 24 30 28 22 29 21 15 26 25 17 27
AVOIDER 1 7 2 4 3 9 8 5 6 20 18 19 14 23 16 12 10 13 11 24 29 30 22 28 21 15 26 25 17 27
AVOIDER 1 7 2 4 3 9 8 5 6 20 18 19 14 23 16 12 10 13 11 28 24 30 22 29 21 15 26 25 17 27
AVOIDER 1 7 2 4 3 9 8 5 6 20 18 19 14 23 16 12 10 13 11 30 24 28 22 29 21 15 26 25 17 27
AVOIDER 1 7 2 4 3 9 8 5 6 20 18 19 14 23 16 12 10 13 11 29 24 30 22 28 21 15 26 25 17 27
AVOIDER 1 7 2 4 3 9 8 5 6 20 18 19 14 23 16 12 10 13 11 28 30 24 22 29 21 15 26 25 17 27
AVOIDER 1 7 2 4 3 9 8 5 6 20 18 19 14 23 16 12 10 13 11 30 28 24 22 29 21 15 26 25 17 27
AVOIDER 1 7 2 4 3 9 8 5 6 20 18 19 14 23 16 12 10 13 11 29 30 24 22 28 21 15 26 25 17 27
AVOIDER 1 7 2 4 3 9 8 5 6 20 18 19 14 23 16 12 10 13 11 24 28 29 30 22 21 15 26 25 17 27
AVOIDER 1 7 2 4 3 9 8 5 6 20 18 19 14 23 16 12 10 13 11 24 28 30 29 22 21 15 26 25 17 27
AVOIDER 1 7 2 4 3 9 8 5 6 20 18 19 14 23 16 12 10 13 11 24 29 28 30 22 21 15 26 25 17 27
AVOIDER 1 7 2 4 3 9 8 5 6 20 18 19 14 23 16 12 10 13 11 24 30 28 29 22 21 15 26 25 17 27
AVOIDER 1 7 2 4 3 9 8 5 6 20 18 19 14 23 16 12 10 13 11 24 29 30 28 22 21 15 26 25 17 27
AVOIDER 1 7 2 4 3 9 8 5 6 20 18 19 14 23 16 12 10 13 11 28 24 29 30 22 21 15 26 25 17 27
AVOIDER 1 7 2 4 3 9 8 5 6 20 18 19 14 23 16 12 10 13 11 28 24 30 29 22 21 15 26 25 17 27
AVOIDER 1 7 2 4 3 9 8 5 6 20 18 19 14 23 16 12 10 13 11 29 24 28 30 22 21 15 26 25 17 27
AVOIDER 1 7 2 4 3 9 8 5 6 20 18 19 14 23 16 12 10 13 11 30 24 28 29 22 21 15 26 25 17 27
AVOIDER 1 7 2 4 3 9 8 5 6 20 18 19 14 23 16 12 10 13 11 29 24 30 28 22 21 15 26 25 17 27
AVOIDER 1 7 2 4 3 9 8 5 6 20 18 19 14 23 16 12 10 13 11 28 29 24 30 22 21 15 26 25 17 27
AVOIDER 1 7 2 4 3 9 8 5 6 20 18 19 14 23 16 12 10 13 11 28 30 24 29 22 21 15 26 25 17 27
AVOIDER 1 7 2 4 3 9 8 5 6 20 18 19 14 23 16 12 10 13 11 29 28 24 30 22 21 15 26 25 17 27
AVOIDER 1 7 2 4 3 9 8 5 6 20 18 19 14 23 16 12 10 13 11 30 28 24 29 22 21 15 26 25 17 27
AVOIDER 1 7 2 4 3 9 8 5 6 20 18 19 14 23 16 12 10 13 11 29 30 24 28 22 21 15 26 25 17 27
AVOIDER 1 7 2 4 3 9 8 5 6 20 18 19 14 23 16 12 10 13 11 28 29 30 24 22 21 15 26 25 17 27
AVOIDER 1 7 2 4 3 9 8 5 6 20 18 19 14 23 16 12 10 13 11 28 30 29 24 22 21 15 26 25 17 27
AVOIDER 1 7 2 4 3 9 8 5 6 20 18 19 14 23 16 12 10 13 11 29 28 30 24 22 21 15 26 25 17 27
AVOIDER 1 7 2 4 3 9 8 5 6 20 18 19 14 23 16 12 10 13 11 30 28 29 24 22 21 15 26 25 17 27
AVOIDER 1 7 2 4 3 9 8 5 6 20 18 19 14 23 16 12 10 13 11 29 30 28 24 22 21 15 26 25 17 27
AVOIDER 1 7 2 4 3 9 8 5 6 19 20 18 14 23 16 12 10 13 11 24 30 22 28 29 21 15 26 25 17 27
AVOIDER 1 7 2 4 3 9 8 5 6 19 20 18 14 23 16 12 10 13 11 30 24 22 28 29 21 15 26 25 17 27
AVOIDER 1 7 2 4 3 9 8 5 6 19 20 18 14 23 16 12 10 13 11 24 28 30 22 29 21 15 26 25 17 27
AVOIDER 1 7 2 4 3 9 8 5 6 19 20 18 14 23 16 12 10 13 11 24 30 28 22 29 21 15 26 25 17 27
AVOIDER 1 7 2 4 3 9 8 5 6 19 20 18 14 23 16 12 10 13 11 24 29 30 22 28 21 15 26 25 17 27
AVOIDER 1 7 2 4 3 9 8 5 6 19 20 18 14 23 16 12 10 13 11 28 24 30 22 29 21 15 26 25 17 27
AVOIDER 1 7 2 4 3 9 8 5 6 19 20 18 14 23 16 12 10 13 11 30 24 28 22 29 21 15 26 25 17 27
AVOIDER 1 7 2 4 3 9 8 5 6 19 20 18 14 23 16 12 10 13 11 29 24 30 22 28 21 15 26 25 17 27
AVOIDER 1 7 2 4 3 9 8 5 6 19 20 18 14 23 16 12 10 13 11 28 30 24 22 29 21 15 26 25 17 27
AVOIDER 1 7 2 4 3 9 8 5 6 19 20 18 14 23 16 12 10 13 11 30 28 24 22 29 21 15 26 25 17 27
AVOIDER 1 7 2 4 3 9 8 5 6 19 20 18 14 23 16 12 10 13 11 29 30 24 22 28 21 15 26 25 17 27
AVOIDER 1 7 2 4 3 9 8 5 6 19 20 18 14 23 16 12 10 13 11 24 28 29 30 22 21 15 26 25 17 27
AVOIDER 1 7 2 4 3 9 8 5 6 19 20 18 14 23 16 12 10 13 11 24 28 30 29 22 21 15 26 25 17 27
AVOIDER 1 7 2 4 3 9 8 5 6 19 20 18 14 23 16 12 10 13 11 24 29 28 30 22 21 15 26 25 17 27
AVOIDER 1 7 2 4 3 9 8 5 6 19 20 18 14 23 16 12 10 13 11 24 30 28 29 22 21 15 26 25 17 27
AVOIDER 1 7 2 4 3 9 8 5 6 19 20 18 14 23 16 12 10 13 11 24 29 30 28 22 21 15 26 25 17 27
AVOIDER 1 7 2 4 3 9 8 5 6 19 20 18 14 23 16 12 10 13 11 28 24 29 30 22 21 15 26 25 17 27
AVOIDER 1 7 2 4 3 9 8 5 6 19 20 18 14 23 16 12 10 13 11 28 24 30 29 22 21 15 26 25 17 27
AVOIDER 1 7 2 4 3 9 8 5 6 19 20 18 14 23 16 12 10 13 11 29 24 28 30 22 21 15 26 25 17 27
AVOIDER 1 7 2 4 3 9 8 5 6 19 20 18 14 23 16 12 10 13 11 30 24 28 29 22 21 15 26 25 17 27
AVOIDER 1 7 2 4 3 9 8 5 6 19 20 18 14 23 16 12 10 13 11 29 24 30 28 22 21 15 26 25 17 27
AVOIDER 1 7 2 4 3 9 8 5 6 19 20 18 14 23 16 12 10 13 11 28 29 24 30 22 21 15 26 25 17 27
AVOIDER 1 7 2 4 3 9 8 5 6 19 20 18 14 23 16 12 10 13 11 28 30 24 29 22 21 15 26 25 17 27
AVOIDER 1 7 2 4 3 9 8 5 6 19 20 18 14 23 16 12 10 13 11 29 28 24 30 22 21 15 26 25 17 27
AVOIDER 1 7 2 4 3 9 8 5 6 19 20 18 14 23 16 12 10 13 11 30 28 24 29 22 21 15 26 25 17 27
AVOIDER 1 7 2 4 3 9 8 5 6 19 20 18 14 23 16 12 10 13 11 29 30 24 28 22 21 15 26 25 17 27
AVOIDER 1 7 2 4 3 9 8 5 6 19 20 18 14 23 16 12 10 13 11 28 29 30 24 22 21 15 26 25 17 27
AVOIDER 1 7 2 4 3 9 8 5 6 19 20 18 14 23 16 12 10 13 11 28 30 29 24 22 21 15 26 25 17 27
AVOIDER 1 7 2 4 3 9 8 5 6 19 20 18 14 23 16 12 10 13 11 29 28 30 24 22 21 15 26 25 17 27
AVOIDER 1 7 2 4 3 9 8 5 6 19 20 18 14 23 16 12 10 13 11 30 28 29 24 22 21 15 26 25 17 27
AVOIDER 1 7 2 4 3 9 8 5 6 19 20 18 14 23 16 12 10 13 11 29 30 28 24 22 21 15 26 25 17 27
AVOIDER 1 7 2 4 3 9 8 5 6 18 20 19 23 14 16 12 10 13 11 24 28 29 30 21 22 15 26 25 17 27
AVOIDER 1 7 2 4 3 9 8 5 6 18 20 19 23 14 16 12 10 13 11 24 28 30 29 21 22 15 26 25 17 27
AVOIDER 1 7 2 4 3 9 8 5 6 18 20 19 23 14 16 12 10 13 11 24 29 28 30 21 22 15 26 25 17 27
AVOIDER 1 7 2 4 3 9 8 5 6 18 20 19 23 14 16 12 10 13 11 24 30 28 29 21 22 15 26 25 17 27
AVOIDER 1 7 2 4 3 9 8 5 6 18 20 19 23 14 16 12 10 13 11 24 29 30 28 21 22 15 26 25 17 27
AVOIDER 1 7 2 4 3 9 8 5 6 18 20 19 23 14 16 12 10 13 11 28 24 29 30 21 22 15 26 25 17 27
AVOIDER 1 7 2 4 3 9 8 5 6 18 20 19 23 14 16 12 10 13 11 28 24 30 29 21 22 15 26 25 17 27
AVOIDER 1 7 2 4 3 9 8 5 6 18 20 19 23 14 16 12 10 13 11 29 24 28 30 21 22 15 26 25 17 27
AVOIDER 1 7 2 4 3 9 8 5 6 18 20 19 23 14 16 12 10 13 11 30 24 28 29 21 22 15 26 25 17 27
AVOIDER 1 7 2 4 3 9 8 5 6 18 20 19 23 14 16 12 10 13 11 29 24 30 28 21 22 15 26 25 17 27
AVOIDER 1 7 2 4 3 9 8 5 6 18 20 19 23 14 16 12 10 13 11 28 29 24 30 21 22 15 26 25 17 27
AVOIDER 1 7 2 4 3 9 8 5 6 18 20 19 23 14 16 12 10 13 11 28 30 24 29 21 22 15 26 25 17 27
AVOIDER 1 7 2 4 3 9 8 5 6 18 20 19 23 14 16 12 10 13 11 29 28 24 30 21 22 15 26 25 17 27
AVOIDER 1 7 2 4 3 9 8 5 6 18 20 19 23 14 16 12 10 13 11 30 28 24 29 21 22 15 26 25 17 27
AVOIDER 1 7 2 4 3 9 8 5 6 18 20 19 23 14 16 12 10 13 11 29 30 24 28 21 22 15 26 25 17 27
AVOIDER 1 7 2 4 3 9 8 5 6 18 20 19 23 14 16 12 10 13 11 28 29 30 24 21 22 15 26 25 17 27
AVOIDER 1 7 2 4 3 9 8 5 6 18 20 19 23 14 16 12 10 13 11 28 30 29 24 21 22 15 26 25 17 27
AVOIDER 1 7 2 4 3 9 8 5 6 18 20 19 23 14 16 12 10 13 11 29 28 30 24 21 22 15 26 25 17 27
AVOIDER 1 7 2 4 3 9 8 5 6 18 20 19 23 14 16 12 10 13 11 30 28 29 24 21 22 15 26 25 17 27
AVOIDER 1 7 2 4 3 9 8 5 6 18 20 19 23 14 16 12 10 13 11 29 30 28 24 21 22 15 26 25 17 27
AVOIDER 1 7 2 4 3 9 8 5 6 18 20 19 23 14 16 12 10 13 11 24 30 22 28 29 21 15 26 25 17 27
AVOIDER 1 7 2 4 3 9 8 5 6 18 20 19 23 14 16 12 10 13 11 30 24 22 28 29 21 15 26 25 17 27
AVOIDER 1 7 2 4 3 9 8 5 6 18 20 19 23 14 16 12 10 13 11 24 28 30 22 29 21 15 26 25 17 27
AVOIDER 1 7 2 4 3 9 8 5 6 18 20 19 23 14 16 12 10 13 11 24 30 28 22 29 21 15 26 25 17 27
AVOIDER 1 7 2 4 3 9 8 5 6 18 20 19 23 14 16 12 10 13 11 24 29 30 22 28 21 15 26 25 17 27
AVOIDER 1 7 2 4 3 9 8 5 6 18 20 19 23 14 16 12 10 13 11 28 24 30 22 29 21 15 26 25 17 27
AVOIDER 1 7 2 4 3 9 8 5 6 18 20 19 23 14 16 12 10 13 11 30 24 28 22 29 21 15 26 25 17 27
AVOIDER 1 7 2 4 3 9 8 5 6 18 20 19 23 14 16 12 10 13 11 29 24 30 22 28 21 15 26 25 17 27
AVOIDER 1 7 2 4 3 9 8 5 6 18 20 19 23 14 16 12 10 13 11 28 30 24 22 29 21 15 26 25 17 27
AVOIDER 1 7 2 4 3 9 8 5 6 18 20 19 23 14 16 12 10 13 11 30 28 24 22 29 21 15 26 25 17 27
AVOIDER 1 7 2 4 3 9 8 5 6 18 20 19 23 14 16 12 10 13 11 29 30 24 22 28 21 15 26 25 17 27
AVOIDER 1 7 2 4 3 9 8 5 6 18 20 19 23 14 16 12 10 13 11 24 28 29 30 22 21 15 26 25 17 27
AVOIDER 1 7 2 4 3 9 8 5 6 18 20 19 23 14 16 12 10 13 11 24 28 30 29 22 21 15 26 25 17 27
AVOIDER 1 7 2 4 3 9 8 5 6 18 20 19 23 14 16 12 10 13 11 24 29 28 30 22 21 15 26 25 17 27
AVOIDER 1 7 2 4 3 9 8 5 6 18 20 19 23 14 16 12 10 13 11 24 30 28 29 22 21 15 26 25 17 27
AVOIDER 1 7 2 4 3 9 8 5 6 18 20 19 23 14 16 12 10 13 11 24 29 30 28 22 21 15 26 25 17 27
AVOIDER 1 7 2 4 3 9 8 5 6 18 20 19 23 14 16 12 10 13 11 28 24 29 30 22 21 15 26 25 17 27
AVOIDER 1 7 2 4 3 9 8 5 6 18 20 19 23 14 16 12 10 13 11 28 24 30 29 22 21 15 26 25 17 27
AVOIDER 1 7 2 4 3 9 8 5 6 18 20 19 23 14 16 12 10 13 11 29 24 28 30 22 21 15 26 25 17 27
AVOIDER 1 7 2 4 3 9 8 5 6 18 20 19 23 14 16 12 10 13 11 30 24 28 29 22 21 15 26 25 17 27
AVOIDER 1 7 2 4 3 9 8 5 6 18 20 19 23 14 16 12 10 13 11 29 24 30 28 22 21 15 26 25 17 27
AVOIDER 1 7 2 4 3 9 8 5 6 18 20 19 23 14 16 12 10 13 11 28 29 24 30 22 21 15 26 25 17 27
AVOIDER 1 7 2 4 3 9 8 5 6 18 20 19 23 14 16 12 10 13 11 28 30 24 29 22 21 15 26 25 17 27
AVOIDER 1 7 2 4 3 9 8 5 6 18 20 19 23 14 16 12 10 13 11 29 28 24 30 22 21 15 26 25 17 27
AVOIDER 1 7 2 4 3 9 8 5 6 18 20 19 23 14 16 12 10 13 11 30 28 24 29 22 21 15 26 25 17 27
AVOIDER 1 7 2 4 3 9 8 5 6 18 20 19 23 14 16 12 10 13 11 29 30 24 28 22 21 15 26 25 17 27
AVOIDER 1 7 2 4 3 9 8 5 6 18 20 19 23 14 16 12 10 13 11 28 29 30 24 22 21 15 26 25 17 27
AVOIDER 1 7 2 4 3 9 8 5 6 18 20 19 23 14 16 12 10 13 11 28 30 29 24 22 21 15 26 25 17 27
AVOIDER 1 7 2 4 3 9 8 5 6 18 20 19 23 14 16 12 10 13 11 29 28 30 24 22 21 15 26 25 17 27
AVOIDER 1 7 2 4 3 9 8 5 6 18 20 19 23 14 16 12 10 13 11 30 28 29 24 22 21 15 26 25 17 27
AVOIDER 1 7 2 4 3 9 8 5 6 18 20 19 23 14 16 12 10 13 11 29 30 28 24 22 21 15 26 25 17 27
AVOIDER 1 7 2 4 3 9 8 5 6 18 20 23 19 14 16 12 10 13 11 24 28 29 30 21 22 15 26 25 17 27
AVOIDER 1 7 2 4 3 9 8 5 6 18 20 23 19 14 16 12 10 13 11 24 28 30 29 21 22 15 26 25 17 27
AVOIDER 1 7 2 4 3 9 8 5 6 18 20 23 19 14 16 12 10 13 11 24 29 28 30 21 22 15 26 25 17 27
AVOIDER 1 7 2 4 3 9 8 5 6 18 20 23 19 14 16 12 10 13 11 24 30 28 29 21 22 15 26 25 17 27
AVOIDER 1 7 2 4 3 9 8 5 6 18 20 23 19 14 16 12 10 13 11 24 29 30 28 21 22 15 26 25 17 27
AVOIDER 1 7 2 4 3 9 8 5 6 18 20 23 19 14 16 12 10 13 11 28 24 29 30 21 22 15 26 25 17 27
AVOIDER 1 7 2 4 3 9 8 5 6 18 20 23 19 14 16 12 10 13 11 28 24 30 29 21 22 15 26 25 17 27
AVOIDER 1 7 2 4 3 9 8 5 6 18 20 23 19 14 16 12 10 13 11 29 24 28 30 21 22 15 26 25 17 27
AVOIDER 1 7 2 4 3 9 8 5 6 18 20 23 19 14 16 12 10 13 11 30 24 28 29 21 22 15 26 25 17 27
AVOIDER 1 7 2 4 3 9 8 5 6 18 20 23 19 14 16 12 10 13 11 29 24 30 28 21 22 15 26 25 17 27
AVOIDER 1 7 2 4 3 9 8 5 6 18 20 23 19 14 16 12 10 13 11 28 29 24 30 21 22 15 26 25 17 27
AVOIDER 1 7 2 4 3 9 8 5 6 18 20 23 19 14 16 12 10 13 11 28 30 24 29 21 22 15 26 25 17 27
AVOIDER 1 7 2 4 3 9 8 5 6 18 20 23 19 14 16 12 10 13 11 29 28 24 30 21 22 15 26 25 17 27
AVOIDER 1 7 2 4 3 9 8 5 6 18 20 23 19 14 16 12 10 13 11 30 28 24 29 21 22 15 26 25 17 27
AVOIDER 1 7 2 4 3 9 8 5 6 18 20 23 19 14 16 12 10 13 11 29 30 24 28 21 22 15 26 25 17 27
AVOIDER 1 7 2 4 3 9 8 5 6 18 20 23 19 14 16 12 10 13 11 28 29 30 24 21 22 15 26 25 17 27
AVOIDER 1 7 2 4 3 9 8 5 6 18 20 23 19 14 16 12 10 13 11 28 30 29 24 21 22 15 26 25 17 27
AVOIDER 1 7 2 4 3 9 8 5 6 18 20 23 19 14 16 12 10 13 11 29 28 30 24 21 22 15 26 25 17 27
AVOIDER 1 7 2 4 3 9 8 5 6 18 20 23 19 14 16 12 10 13 11 30 28 29 24 21 22 15 26 25 17 27
AVOIDER 1 7 2 4 3 9 8 5 6 18 20 23 19 14 16 12 10 13 11 29 30 28 24 21 22 15 26 25 17 27
AVOIDER 1 7 2 4 3 9 8 5 6 18 20 23 19 14 16 12 10 13 11 24 30 22 28 29 21 15 26 25 17 27
AVOIDER 1 7 2 4 3 9 8 5 6 18 20 23 19 14 16 12 10 13 11 30 24 22 28 29 21 15 26 25 17 27
AVOIDER 1 7 2 4 3 9 8 5 6 18 20 23 19 14 16 12 10 13 11 24 28 30 22 29 21 15 26 25 17 27
AVOIDER 1 7 2 4 3 9 8 5 6 18 20 23 19 14 16 12 10 13 11 24 30 28 22 29 21 15 26 25 17 27
AVOIDER 1 7 2 4 3 9 8 5 6 18 20 23 19 14 16 12 10 13 11 24 29 30 22 28 21 15 26 25 17 27
AVOIDER 1 7 2 4 3 9 8 5 6 18 20 23 19 14 16 12 10 13 11 28 24 30 22 29 21 15 26 25 17 27
AVOIDER 1 7 2 4 3 9 8 5 6 18 20 23 19 14 16 12 10 13 11 30 24 28 22 29 21 15 26 25 17 27
AVOIDER 1 7 2 4 3 9 8 5 6 18 20 23 19 14 16 12 10 13 11 29 24 30 22 28 21 15 26 25 17 27
AVOIDER 1 7 2 4 3 9 8 5 6 18 20 23 19 14 16 12 10 13 11 28 30 24 22 29 21 15 26 25 17 27
AVOIDER 1 7 2 4 3 9 8 5 6 18 20 23 19 14 16 12 10 13 11 30 28 24 22 29 21 15 26 25 17 27
AVOIDER 1 7 2 4 3 9 8 5 6 18 20 23 19 14 16 12 10 13 11 29 30 24 22 28 21 15 26 25 17 27
AVOIDER 1 7 2 4 3 9 8 5 6 18 20 23 19 14 16 12 10 13 11 24 28 29 30 22 21 15 26 25 17 27
AVOIDER 1 7 2 4 3 9 8 5 6 18 20 23 19 14 16 12 10 13 11 24 28 30 29 22 21 15 26 25 17 27
AVOIDER 1 7 2 4 3 9 8 5 6 18 20 23 19 14 16 12 10 13 11 24 29 28 30 22 21 15 26 25 17 27
AVOIDER 1 7 2 4 3 9 8 5 6 18 20 23 19 14 16 12 10 13 11 24 30 28 29 22 21 15 26 25 17 27
AVOIDER 1 7 2 4 3 9 8 5 6 18 20 23 19 14 16 12 10 13 11 24 29 30 28 22 21 15 26 25 17 27
AVOIDER 1 7 2 4 3 9 8 5 6 18 20 23 19 14 16 12 10 13 11 28 24 29 30 22 21 15 26 25 17 27
AVOIDER 1 7 2 4 3 9 8 5 6 18 20 23 19 14 16 12 10 13 11 28 24 30 29 22 21 15 26 25 17 27
AVOIDER 1 7 2 4 3 9 8 5 6 18 20 23 19 14 16 12 10 13 11 29 24 28 30 22 21 15 26 25 17 27
AVOIDER 1 7 2 4 3 9 8 5 6 18 20 23 19 14 16 12 10 13 11 30 24 28 29 22 21 15 26 25 17 27
AVOIDER 1 7 2 4 3 9 8 5 6 18 20 23 19 14 16 12 10 13 11 29 24 30 28 22 21 15 26 25 17 27
AVOIDER 1 7 2 4 3 9 8 5 6 18 20 23 19 14 16 12 10 13 11 28 29 24 30 22 21 15 26 25 17 27
AVOIDER 1 7 2 4 3 9 8 5 6 18 20 23 19 14 16 12 10 13 11 28 30 24 29 22 21 15 26 25 17 27
AVOIDER 1 7 2 4 3 9 8 5 6 18 20 23 19 14 16 12 10 13 11 29 28 24 30 22 21 15 26 25 17 27
AVOIDER 1 7 2 4 3 9 8 5 6 18 20 23 19 14 16 12 10 13 11 30 28 24 29 22 21 15 26 25 17 27
AVOIDER 1 7 2 4 3 9 8 5 6 18 20 23 19 14 16 12 10 13 11 29 30 24 28 22 21 15 26 25 17 27
AVOIDER 1 7 2 4 3 9 8 5 6 18 20 23 19 14 16 12 10 13 11 28 29 30 24 22 21 15 26 25 17 27
AVOIDER 1 7 2 4 3 9 8 5 6 18 20 23 19 14 16 12 10 13 11 28 30 29 24 22 21 15 26 25 17 27
AVOIDER 1 7 2 4 3 9 8 5 6 18 20 23 19 14 16 12 10 13 11 29 28 30 24 22 21 15 26 25 17 27
AVOIDER 1 7 2 4 3 9 8 5 6 18 20 23 19 14 16 12 10 13 11 30 28 29 24 22 21 15 26 25 17 27
AVOIDER 1 7 2 4 3 9 8 5 6 18 20 23 19 14 16 12 10 13 11 29 30 28 24 22 21 15 26 25 17 27
AVOIDER 1 7 2 4 3 9 8 5 6 18 23 20 19 14 16 12 10 13 11 24 28 29 30 21 22 15 26 25 17 27
AVOIDER 1 7 2 4 3 9 8 5 6 18 23 20 19 14 16 12 10 13 11 24 28 30 29 21 22 15 26 25 17 27
AVOIDER 1 7 2 4 3 9 8 5 6 18 23 20 19 14 16 12 10 13 11 24 29 28 30 21 22 15 26 25 17 27
AVOIDER 1 7 2 4 3 9 8 5 6 18 23 20 19 14 16 12 10 13 11 24 30 28 29 21 22 15 26 25 17 27
AVOIDER 1 7 2 4 3 9 8 5 6 18 23 20 19 14 16 12 10 13 11 24 29 30 28 21 22 15 26 25 17 27
AVOIDER 1 7 2 4 3 9 8 5 6 18 23 20 19 14 16 12 10 13 11 28 24 29 30 21 22 15 26 25 17 27
AVOIDER 1 7 2 4 3 9 8 5 6 18 23 20 19 14 16 12 10 13 11 28 24 30 29 21 22 15 26 25 17 27
AVOIDER 1 7 2 4 3 9 8 5 6 18 23 20 19 14 16 12 10 13 11 29 24 28 30 21 22 15 26 25 17 27
AVOIDER 1 7 2 4 3 9 8 5 6 18 23 20 19 14 16 12 10 13 11 30 24 28 29 21 22 15 26 25 17 27
AVOIDER 1 7 2 4 3 9 8 5 6 18 23 20 19 14 16 12 10 13 11 29 24 30 28 21 22 15 26 25 17 27
AVOIDER 1 7 2 4 3 9 8 5 6 18 23 20 19 14 16 12 10 13 11 28 29 24 30 21 22 15 26 25 17 27
AVOIDER 1 7 2 4 3 9 8 5 6 18 23 20 19 14 16 12 10 13 11 28 30 24 29 21 22 15 26 25 17 27
AVOIDER 1 7 2 4 3 9 8 5 6 18 23 20 19 14 16 12 10 13 11 29 28 24 30 21 22 15 26 25 17 27
AVOIDER 1 7 2 4 3 9 8 5 6 18 23 20 19 14 16 12 10 13 11 30 28 24 29 21 22 15 26 25 17 27
AVOIDER 1 7 2 4 3 9 8 5 6 18 23 20 19 14 16 12 10 13 11 29 30 24 28 21 22 15 26 25 17 27
AVOIDER 1 7 2 4 3 9 8 5 6 18 23 20 19 14 16 12 10 13 11 28 29 30 24 21 22 15 26 25 17 27
AVOIDER 1 7 2 4 3 9 8 5 6 18 23 20 19 14 16 12 10 13 11 28 30 29 24 21 22 15 26 25 17 27
AVOIDER 1 7 2 4 3 9 8 5 6 18 23 20 19 14 16 12 10 13 11 29 28 30 24 21 22 15 26 25 17 27
AVOIDER 1 7 2 4 3 9 8 5 6 18 23 20 19 14 16 12 10 13 11 30 28 29 24 21 22 15 26 25 17 27
AVOIDER 1 7 2 4 3 9 8 5 6 18 23 20 19 14 16 12 10 13 11 29 30 28 24 21 22 15 26 25 17 27
AVOIDER 1 7 2 4 3 9 8 5 6 18 23 20 19 14 16 12 10 13 11 24 30 22 28 29 21 15 26 25 17 27
AVOIDER 1 7 2 4 3 9 8 5 6 18 23 20 19 14 16 12 10 13 11 30 24 22 28 29 21 15 26 25 17 27
AVOIDER 1 7 2 4 3 9 8 5 6 18 23 20 19 14 16 12 10 13 11 24 28 30 22 29 21 15 26 25 17 27
AVOIDER 1 7 2 4 3 9 8 5 6 18 23 20 19 14 16 12 10 13 11 24 30 28 22 29 21 15 26 25 17 27
AVOIDER 1 7 2 4 3 9 8 5 6 18 23 20 19 14 16 12 10 13 11 24 29 30 22 28 21 15 26 25 17 27
AVOIDER 1 7 2 4 3 9 8 5 6 18 23 20 19 14 16 12 10 13 11 28 24 30 22 29 21 15 26 25 17 27
AVOIDER 1 7 2 4 3 9 8 5 6 18 23 20 19 14 16 12 10 13 11 30 24 28 22 29 21 15 26 25 17 27
AVOIDER 1 7 2 4 3 9 8 5 6 18 23 20 19 14 16 12 10 13 11 29 24 30 22 28 21 15 26 25 17 27
AVOIDER 1 7 2 4 3 9 8 5 6 18 23 20 19 14 16 12 10 13 11 28 30 24 22 29 21 15 26 25 17 27
AVOIDER 1 7 2 4 3 9 8 5 6 18 23 20 19 14 16 12 10 13 11 30 28 24 22 29 21 15 26 25 17 27
AVOIDER 1 7 2 4 3 9 8 5 6 18 23 20 19 14 16 12 10 13 11 29 30 24 22 28 21 15 26 25 17 27
AVOIDER 1 7 2 4 3 9 8 5 6 18 23 20 19 14 16 12 10 13 11 24 28 29 30 22 21 15 26 25 17 27
AVOIDER 1 7 2 4 3 9 8 5 6 18 23 20 19 14 16 12 10 13 11 24 28 30 29 22 21 15 26 25 17 27
AVOIDER 1 7 2 4 3 9 8 5 6 18 23 20 19 14 16 12 10 13 11 24 29 28 30 22 21 15 26 25 17 27
AVOIDER 1 7 2 4 3 9 8 5 6 18 23 20 19 14 16 12 10 13 11 24 30 28 29 22 21 15 26 25 17 27
AVOIDER 1 7 2 4 3 9 8 5 6 18 23 20 19 14 16 12 10 13 11 24 29 30 28 22 21 15 26 25 17 27
AVOIDER 1 7 2 4 3 9 8 5 6 18 23 20 19 14 16 12 10 13 11 28 24 29 30 22 21 15 26 25 17 27
AVOIDER 1 7 2 4 3 9 8 5 6 18 23 20 19 14 16 12 10 13 11 28 24 30 29 22 21 15 26 25 17 27
AVOIDER 1 7 2 4 3 9 8 5 6 18 23 20 19 14 16 12 10 13 11 29 24 28 30 22 21 15 26 25 17 27
AVOIDER 1 7 2 4 3 9 8 5 6 18 23 20 19 14 16 12 10 13 11 30 24 28 29 22 21 15 26 25 17 27
AVOIDER 1 7 2 4 3 9 8 5 6 18 23 20 19 14 16 12 10 13 11 29 24 30 28 22 21 15 26 25 17 27
AVOIDER 1 7 2 4 3 9 8 5 6 18 23 20 19 14 16 12 10 13 11 28 29 24 30 22 21 15 26 25 17 27
AVOIDER 1 7 2 4 3 9 8 5 6 18 23 20 19 14 16 12 10 13 11 28 30 24 29 22 21 15 26 25 17 27
AVOIDER 1 7 2 4 3 9 8 5 6 18 23 20 19 14 16 12 10 13 11 29 28 24 30 22 21 15 26 25 17 27
AVOIDER 1 7 2 4 3 9 8 5 6 18 23 20 19 14 16 12 10 13 11 30 28 24 29 22 21 15 26 25 17 27
AVOIDER 1 7 2 4 3 9 8 5 6 18 23 20 19 14 16 12 10 13 11 29 30 24 28 22 21 15 26 25 17 27
AVOIDER 1 7 2 4 3 9 8 5 6 18 23 20 19 14 16 12 10 13 11 28 29 30 24 22 21 15 26 25 17 27
AVOIDER 1 7 2 4 3 9 8 5 6 18 23 20 19 14 16 12 10 13 11 28 30 29 24 22 21 15 26 25 17 27
AVOIDER 1 7 2 4 3 9 8 5 6 18 23 20 19 14 16 12 10 13 11 29 28 30 24 22 21 15 26 25 17 27
AVOIDER 1 7 2 4 3 9 8 5 6 18 23 20 19 14 16 12 10 13 11 30 28 29 24 22 21 15 26 25 17 27
AVOIDER 1 7 2 4 3 9 8 5 6 18 23 20 19 14 16 12 10 13 11 29 30 28 24 22 21 15 26 25 17 27
AVOIDER 1 7 2 4 3 9 8 5 6 19 18 20 23 14 16 12 10 13 11 24 30 22 28 29 21 15 26 25 17 27
AVOIDER 1 7 2 4 3 9 8 5 6 19 18 20 23 14 16 12 10 13 11 30 24 22 28 29 21 15 26 25 17 27
AVOIDER 1 7 2 4 3 9 8 5 6 19 18 20 23 14 16 12 10 13 11 24 28 30 22 29 21 15 26 25 17 27
AVOIDER 1 7 2 4 3 9 8 5 6 19 18 20 23 14 16 12 10 13 11 24 30 28 22 29 21 15 26 25 17 27
AVOIDER 1 7 2 4 3 9 8 5 6 19 18 20 23 14 16 12 10 13 11 24 29 30 22 28 21 15 26 25 17 27
AVOIDER 1 7 2 4 3 9 8 5 6 19 18 20 23 14 16 12 10 13 11 28 24 30 22 29 21 15 26 25 17 27
AVOIDER 1 7 2 4 3 9 8 5 6 19 18 20 23 14 16 12 10 13 11 30 24 28 22 29 21 15 26 25 17 27
AVOIDER 1 7 2 4 3 9 8 5 6 19 18 20 23 14 16 12 10 13 11 29 24 30 22 28 21 15 26 25 17 27
AVOIDER 1 7 2 4 3 9 8 5 6 19 18 20 23 14 16 12 10 13 11 28 30 24 22 29 21 15 26 25 17 27
AVOIDER 1 7 2 4 3 9 8 5 6 19 18 20 23 14 16 12 10 13 11 30 28 24 22 29 21 15 26 25 17 27
AVOIDER 1 7 2 4 3 9 8 5 6 19 18 20 23 14 16 12 10 13 11 29 30 24 22 28 21 15 26 25 17 27
AVOIDER 1 7 2 4 3 9 8 5 6 19 18 20 23 14 16 12 10 13 11 24 28 29 30 22 21 15 26 25 17 27
AVOIDER 1 7 2 4 3 9 8 5 6 19 18 20 23 14 16 12 10 13 11 24 28 30 29 22 21 15 26 25 17 27
AVOIDER 1 7 2 4 3 9 8 5 6 19 18 20 23 14 16 12 10 13 11 24 29 28 30 22 21 15 26 25 17 27
AVOIDER 1 7 2 4 3 9 8 5 6 19 18 20 23 14 16 12 10 13 11 24 30 28 29 22 21 15 26 25 17 27
AVOIDER 1 7 2 4 3 9 8 5 6 19 18 20 23 14 16 12 10 13 11 24 29 30 28 22 21 15 26 25 17 27
AVOIDER 1 7 2 4 3 9 8 5 6 19 18 20 23 14 16 12 10 13 11 28 24 29 30 22 21 15 26 25 17 27
AVOIDER 1 7 2 4 3 9 8 5 6 19 18 20 23 14 16 12 10 13 11 28 24 30 29 22 21 15 26 25 17 27
AVOIDER 1 7 2 4 3 9 8 5 6 19 18 20 23 14 16 12 10 13 11 29 24 28 30 22 21 15 26 25 17 27
AVOIDER 1 7 2 4 3 9 8 5 6 19 18 20 23 14 16 12 10 13 11 30 24 28 29 22 21 15 26 25 17 27
AVOIDER 1 7 2 4 3 9 8 5 6 19 18 20 23 14 16 12 10 13 11 29 24 30 28 22 21 15 26 25 17 27
AVOIDER 1 7 2 4 3 9 8 5 6 19 18 20 23 14 16 12 10 13 11 28 29 24 30 22 21 15 26 25 17 27
AVOIDER 1 7 2 4 3 9 8 5 6 19 18 20 23 14 16 12 10 13 11 28 30 24 29 22 21 15 26 25 17 27
AVOIDER 1 7 2 4 3 9 8 5 6 19 18 20 23 14 16 12 10 13 11 29 28 24 30 22 21 15 26 25 17 27
AVOIDER 1 7 2 4 3 9 8 5 6 19 18 20 23 14 16 12 10 13 11 30 28 24 29 22 21 15 26 25 17 27
AVOIDER 1 7 2 4 3 9 8 5 6 19 18 20 23 14 16 12 10 13 11 29 30 24 28 22 21 15 26 25 17 27
AVOIDER 1 7 2 4 3 9 8 5 6 19 18 20 23 14 16 12 10 13 11 28 29 30 24 22 21 15 26 25 17 27
AVOIDER 1 7 2 4 3 9 8 5 6 19 18 20 23 14 16 12 10 13 11 28 30 29 24 22 21 15 26 25 17 27
AVOIDER 1 7 2 4 3 9 8 5 6 19 18 20 23 14 16 12 10 13 11 29 28 30 24 22 21 15 26 25 17 27
AVOIDER 1 7 2 4 3 9 8 5 6 19 18 20 23 14 16 12 10 13 11 30 28 29 24 22 21 15 26 25 17 27
AVOIDER 1 7 2 4 3 9 8 5 6 19 18 20 23 14 16 12 10 13 11 29 30 28 24 22 21 15 26 25 17 27
AVOIDER 1 7 2 4 3 9 8 5 6 19 18 23 20 14 16 12 10 13 11 24 30 22 28 29 21 15 26 25 17 27
AVOIDER 1 7 2 4 3 9 8 5 6 19 18 23 20 14 16 12 10 13 11 30 24 22 28 29 21 15 26 25 17 27
AVOIDER 1 7 2 4 3 9 8 5 6 19 18 23 20 14 16 12 10 13 11 24 28 30 22 29 21 15 26 25 17 27
AVOIDER 1 7 2 4 3 9 8 5 6 19 18 23 20 14 16 12 10 13 11 24 30 28 22 29 21 15 26 25 17 27
AVOIDER 1 7 2 4 3 9 8 5 6 19 18 23 20 14 16 12 10 13 11 24 29 30 22 28 21 15 26 25 17 27
AVOIDER 1 7 2 4 3 9 8 5 6 19 18 23 20 14 16 12 10 13 11 28 24 30 22 29 21 15 26 25 17 27
AVOIDER 1 7 2 4 3 9 8 5 6 19 18 23 20 14 16 12 10 13 11 30 24 28 22 29 21 15 26 25 17 27
AVOIDER 1 7 2 4 3 9 8 5 6 19 18 23 20 14 16 12 10 13 11 29 24 30 22 28 21 15 26 25 17 27
AVOIDER 1 7 2 4 3 9 8 5 6 19 18 23 20 14 16 12 10 13 11 28 30 24 22 29 21 15 26 25 17 27
AVOIDER 1 7 2 4 3 9 8 5 6 19 18 23 20 14 16 12 10 13 11 30 28 24 22 29 21 15 26 25 17 27
AVOIDER 1 7 2 4 3 9 8 5 6 19 18 23 20 14 16 12 10 13 11 29 30 24 22 28 21 15 26 25 17 27
AVOIDER 1 7 2 4 3 9 8 5 6 19 18 23 20 14 16 12 10 13 11 24 28 29 30 22 21 15 26 25 17 27
AVOIDER 1 7 2 4 3 9 8 5 6 19 18 23 20 14 16 12 10 13 11 24 28 30 29 22 21 15 26 25 17 27
AVOIDER 1 7 2 4 3 9 8 5 6 19 18 23 20 14 16 12 10 13 11 24 29 28 30 22 21 15 26 25 17 27
AVOIDER 1 7 2 4 3 9 8 5 6 19 18 23 20 14 16 12 10 13 11 24 30 28 29 22 21 15 26 25 17 27
AVOIDER 1 7 2 4 3 9 8 5 6 19 18 23 20 14 16 12 10 13 11 24 29 30 28 22 21 15 26 25 17 27
AVOIDER 1 7 2 4 3 9 8 5 6 19 18 23 20 14 16 12 10 13 11 28 24 29 30 22 21 15 26 25 17 27
AVOIDER 1 7 2 4 3 9 8 5 6 19 18 23 20 14 16 12 10 13 11 28 24 30 29 22 21 15 26 25 17 27
AVOIDER 1 7 2 4 3 9 8 5 6 19 18 23 20 14 16 12 10 13 11 29 24 28 30 22 21 15 26 25 17 27
AVOIDER 1 7 2 4 3 9 8 5 6 19 18 23 20 14 16 12 10 13 11 30 24 28 29 22 21 15 26 25 17 27
AVOIDER 1 7 2 4 3 9 8 5 6 19 18 23 20 14 16 12 10 13 11 29 24 30 28 22 21 15 26 25 17 27
AVOIDER 1 7 2 4 3 9 8 5 6 19 18 23 20 14 16 12 10 13 11 28 29 24 30 22 21 15 26 25 17 27
AVOIDER 1 7 2 4 3 9 8 5 6 19 18 23 20 14 16 12 10 13 11 28 30 24 29 22 21 15 26 25 17 27
AVOIDER 1 7 2 4 3 9 8 5 6 19 18 23 20 14 16 12 10 13 11 29 28 24 30 22 21 15 26 25 17 27
AVOIDER 1 7 2 4 3 9 8 5 6 19 18 23 20 14 16 12 10 13 11 30 28 24 29 22 21 15 26 25 17 27
AVOIDER 1 7 2 4 3 9 8 5 6 19 18 23 20 14 16 12 10 13 11 29 30 24 28 22 21 15 26 25 17 27
AVOIDER 1 7 2 4 3 9 8 5 6 19 18 23 20 14 16 12 10 13 11 28 29 30 24 22 21 15 26 25 17 27
AVOIDER 1 7 2 4 3 9 8 5 6 19 18 23 20 14 16 12 10 13 11 28 30 29 24 22 21 15 26 25 17 27
AVOIDER 1 7 2 4 3 9 8 5 6 19 18 23 20 14 16 12 10 13 11 29 28 30 24 22 21 15 26 25 17 27
AVOIDER 1 7 2 4 3 9 8 5 6 19 18 23 20 14 16 12 10 13 11 30 28 29 24 22 21 15 26 25 17 27
AVOIDER 1 7 2 4 3 9 8 5 6 19 18 23 20 14 16 12 10 13 11 29 30 28 24 22 21 15 26 25 17 27
AVOIDER 1 7 2 4 3 9 8 5 6 20 18 19 23 14 16 12 10 13 11 24 28 29 30 21 22 15 26 25 17 27
AVOIDER 1 7 2 4 3 9 8 5 6 20 18 19 23 14 16 12 10 13 11 24 28 30 29 21 22 15 26 25 17 27
AVOIDER 1 7 2 4 3 9 8 5 6 20 18 19 23 14 16 12 10 13 11 24 29 28 30 21 22 15 26 25 17 27
AVOIDER 1 7 2 4 3 9 8 5 6 20 18 19 23 14 16 12 10 13 11 24 30 28 29 21 22 15 26 25 17 27
AVOIDER 1 7 2 4 3 9 8 5 6 20 18 19 23 14 16 12 10 13 11 24 29 30 28 21 22 15 26 25 17 27
AVOIDER 1 7 2 4 3 9 8 5 6 20 18 19 23 14 16 12 10 13 11 28 24 29 30 21 22 15 26 25 17 27
AVOIDER 1 7 2 4 3 9 8 5 6 20 18 19 23 14 16 12 10 13 11 28 24 30 29 21 22 15 26 25 17 27
AVOIDER 1 7 2 4 3 9 8 5 6 20 18 19 23 14 16 12 10 13 11 29 24 28 30 21 22 15 26 25 17 27
AVOIDER 1 7 2 4 3 9 8 5 6 20 18 19 23 14 16 12 10 13 11 30 24 28 29 21 22 15 26 25 17 27
AVOIDER 1 7 2 4 3 9 8 5 6 20 18 19 23 14 16 12 10 13 11 29 24 30 28 21 22 15 26 25 17 27
AVOIDER 1 7 2 4 3 9 8 5 6 20 18 19 23 14 16 12 10 13 11 28 29 24 30 21 22 15 26 25 17 27
AVOIDER 1 7 2 4 3 9 8 5 6 20 18 19 23 14 16 12 10 13 11 28 30 24 29 21 22 15 26 25 17 27
AVOIDER 1 7 2 4 3 9 8 5 6 20 18 19 23 14 16 12 10 13 11 29 28 24 30 21 22 15 26 25 17 27
AVOIDER 1 7 2 4 3 9 8 5 6 20 18 19 23 14 16 12 10 13 11 30 28 24 29 21 22 15 26 25 17 27
AVOIDER 1 7 2 4 3 9 8 5 6 20 18 19 23 14 16 12 10 13 11 29 30 24 28 21 22 15 26 25 17 27
AVOIDER 1 7 2 4 3 9 8 5 6 20 18 19 23 14 16 12 10 13 11 28 29 30 24 21 22 15 26 25 17 27
AVOIDER 1 7 2 4 3 9 8 5 6 20 18 19 23 14 16 12 10 13 11 28 30 29 24 21 22 15 26 25 17 27
AVOIDER 1 7 2 4 3 9 8 5 6 20 18 19 23 14 16 12 10 13 11 29 28 30 24 21 22 15 26 25 17 27
AVOIDER 1 7 2 4 3 9 8 5 6 20 18 19 23 14 16 12 10 13 11 30 28 29 24 21 22 15 26 25 17 27
AVOIDER 1 7 2 4 3 9 8 5 6 20 18 19 23 14 16 12 10 13 11 29 30 28 24 21 22 15 26 25 17 27
AVOIDER 1 7 2 4 3 9 8 5 6 20 18 19 23 14 16 12 10 13 11 24 30 22 28 29 21 15 26 25 17 27
AVOIDER 1 7 2 4 3 9 8 5 6 20 18 19 23 14 16 12 10 13 11 30 24 22 28 29 21 15 26 25 17 27
AVOIDER 1 7 2 4 3 9 8 5 6 20 18 19 23 14 16 12 10 13 11 24 28 30 22 29 21 15 26 25 17 27
AVOIDER 1 7 2 4 3 9 8 5 6 20 18 19 23 14 16 12 10 13 11 24 30 28 22 29 21 15 26 25 17 27
AVOIDER 1 7 2 4 3 9 8 5 6 20 18 19 23 14 16 12 10 13 11 24 29 30 22 28 21 15 26 25 17 27
AVOIDER 1 7 2 4 3 9 8 5 6 20 18 19 23 14 16 12 10 13 11 28 24 30 22 29 21 15 26 25 17 27
AVOIDER 1 7 2 4 3 9 8 5 6 20 18 19 23 14 16 12 10 13 11 30 24 28 22 29 21 15 26 25 17 27
AVOIDER 1 7 2 4 3 9 8 5 6 20 18 19 23 14 16 12 10 13 11 29 24 30 22 28 21 15 26 25 17 27
AVOIDER 1 7 2 4 3 9 8 5 6 20 18 19 23 14 16 12 10 13 11 28 30 24 22 29 21 15 26 25 17 27
AVOIDER 1 7 2 4 3 9 8 5 6 20 18 19 23 14 16 12 10 13 11 30 28 24 22 29 21 15 26 25 17 27
AVOIDER 1 7 2 4 3 9 8 5 6 20 18 19 23 14 16 12 10 13 11 29 30 24 22 28 21 15 26 25 17 27
AVOIDER 1 7 2 4 3 9 8 5 6 20 18 19 23 14 16 12 10 13 11 24 28 29 30 22 21 15 26 25 17 27
AVOIDER 1 7 2 4 3 9 8 5 6 20 18 19 23 14 16 12 10 13 11 24 28 30 29 22 21 15 26 25 17 27
AVOIDER 1 7 2 4 3 9 8 5 6 20 18 19 23 14 16 12 10 13 11 24 29 28 30 22 21 15 26 25 17 27
AVOIDER 1 7 2 4 3 9 8 5 6 20 18 19 23 14 16 12 10 13 11 24 30 28 29 22 21 15 26 25 17 27
AVOIDER 1 7 2 4 3 9 8 5 6 20 18 19 23 14 16 12 10 13 11 24 29 30 28 22 21 15 26 25 17 27
AVOIDER 1 7 2 4 3 9 8 5 6 20 18 19 23 14 16 12 10 13 11 28 24 29 30 22 21 15 26 25 17 27
AVOIDER 1 7 2 4 3 9 8 5 6 20 18 19 23 14 16 12 10 13 11 28 24 30 29 22 21 15 26 25 17 27
AVOIDER 1 7 2 4 3 9 8 5 6 20 18 19 23 14 16 12 10 13 11 29 24 28 30 22 21 15 26 25 17 27
AVOIDER 1 7 2 4 3 9 8 5 6 20 18 19 23 14 16 12 10 13 11 30 24 28 29 22 21 15 26 25 17 27
AVOIDER 1 7 2 4 3 9 8 5 6 20 18 19 23 14 16 12 10 13 11 29 24 30 28 22 21 15 26 25 17 27
AVOIDER 1 7 2 4 3 9 8 5 6 20 18 19 23 14 16 12 10 13 11 28 29 24 30 22 21 15 26 25 17 27
AVOIDER 1 7 2 4 3 9 8 5 6 20 18 19 23 14 16 12 10 13 11 28 30 24 29 22 21 15 26 25 17 27
AVOIDER 1 7 2 4 3 9 8 5 6 20 18 19 23 14 16 12 10 13 11 29 28 24 30 22 21 15 26 25 17 27
AVOIDER 1 7 2 4 3 9 8 5 6 20 18 19 23 14 16 12 10 13 11 30 28 24 29 22 21 15 26 25 17 27
AVOIDER 1 7 2 4 3 9 8 5 6 20 18 19 23 14 16 12 10 13 11 29 30 24 28 22 21 15 26 25 17 27
AVOIDER 1 7 2 4 3 9 8 5 6 20 18 19 23 14 16 12 10 13 11 28 29 30 24 22 21 15 26 25 17 27
AVOIDER 1 7 2 4 3 9 8 5 6 20 18 19 23 14 16 12 10 13 11 28 30 29 24 22 21 15 26 25 17 27
AVOIDER 1 7 2 4 3 9 8 5 6 20 18 19 23 14 16 12 10 13 11 29 28 30 24 22 21 15 26 25 17 27
AVOIDER 1 7 2 4 3 9 8 5 6 20 18 19 23 14 16 12 10 13 11 30 28 29 24 22 21 15 26 25 17 27
AVOIDER 1 7 2 4 3 9 8 5 6 20 18 19 23 14 16 12 10 13 11 29 30 28 24 22 21 15 26 25 17 27
AVOIDER 1 7 2 4 3 9 8 5 6 20 18 23 19 14 16 12 10 13 11 24 28 29 30 21 22 15 26 25 17 27
AVOIDER 1 7 2 4 3 9 8 5 6 20 18 23 19 14 16 12 10 13 11 24 28 30 29 21 22 15 26 25 17 27
AVOIDER 1 7 2 4 3 9 8 5 6 20 18 23 19 14 16 12 10 13 11 24 29 28 30 21 22 15 26 25 17 27
AVOIDER 1 7 2 4 3 9 8 5 6 20 18 23 19 14 16 12 10 13 11 24 30 28 29 21 22 15 26 25 17 27
AVOIDER 1 7 2 4 3 9 8 5 6 20 18 23 19 14 16 12 10 13 11 24 29 30 28 21 22 15 26 25 17 27
AVOIDER 1 7 2 4 3 9 8 5 6 20 18 23 19 14 16 12 10 13 11 28 24 29 30 21 22 15 26 25 17 27
AVOIDER 1 7 2 4 3 9 8 5 6 20 18 23 19 14 16 12 10 13 11 28 24 30 29 21 22 15 26 25 17 27
AVOIDER 1 7 2 4 3 9 8 5 6 20 18 23 19 14 16 12 10 13 11 29 24 28 30 21 22 15 26 25 17 27
AVOIDER 1 7 2 4 3 9 8 5 6 20 18 23 19 14 16 12 10 13 11 30 24 28 29 21 22 15 26 25 17 27
AVOIDER 1 7 2 4 3 9 8 5 6 20 18 23 19 14 16 12 10 13 11 29 24 30 28 21 22 15 26 25 17 27
AVOIDER 1 7 2 4 3 9 8 5 6 20 18 23 19 14 16 12 10 13 11 28 29 24 30 21 22 15 26 25 17 27
AVOIDER 1 7 2 4 3 9 8 5 6 20 18 23 19 14 16 12 10 13 11 28 30 24 29 21 22 15 26 25 17 27
AVOIDER 1 7 2 4 3 9 8 5 6 20 18 23 19 14 16 12 10 13 11 29 28 24 30 21 22 15 26 25 17 27
AVOIDER 1 7 2 4 3 9 8 5 6 20 18 23 19 14 16 12 10 13 11 30 28 24 29 21 22 15 26 25 17 27
AVOIDER 1 7 2 4 3 9 8 5 6 20 18 23 19 14 16 12 10 13 11 29 30 24 28 21 22 15 26 25 17 27
AVOIDER 1 7 2 4 3 9 8 5 6 20 18 23 19 14 16 12 10 13 11 28 29 30 24 21 22 15 26 25 17 27
AVOIDER 1 7 2 4 3 9 8 5 6 20 18 23 19 14 16 12 10 13 11 28 30 29 24 21 22 15 26 25 17 27
AVOIDER 1 7 2 4 3 9 8 5 6 20 18 23 19 14 16 12 10 13 11 29 28 30 24 21 22 15 26 25 17 27
AVOIDER 1 7 2 4 3 9 8 5 6 20 18 23 19 14 16 12 10 13 11 30 28 29 24 21 22 15 26 25 17 27
AVOIDER 1 7 2 4 3 9 8 5 6 20 18 23 19 14 16 12 10 13 11 29 30 28 24 21 22 15 26 25 17 27
AVOIDER 1 7 2 4 3 9 8 5 6 20 18 23 19 14 16 12 10 13 11 24 30 22 28 29 21 15 26 25 17 27
AVOIDER 1 7 2 4 3 9 8 5 6 20 18 23 19 14 16 12 10 13 11 30 24 22 28 29 21 15 26 25 17 27
AVOIDER 1 7 2 4 3 9 8 5 6 20 18 23 19 14 16 12 10 13 11 24 28 30 22 29 21 15 26 25 17 27
AVOIDER 1 7 2 4 3 9 8 5 6 20 18 23 19 14 16 12 10 13 11 24 30 28 22 29 21 15 26 25 17 27
AVOIDER 1 7 2 4 3 9 8 5 6 20 18 23 19 14 16 12 10 13 11 24 29 30 22 28 21 15 26 25 17 27
AVOIDER 1 7 2 4 3 9 8 5 6 20 18 23 19 14 16 12 10 13 11 28 24 30 22 29 21 15 26 25 17 27
AVOIDER 1 7 2 4 3 9 8 5 6 20 18 23 19 14 16 12 10 13 11 30 24 28 22 29 21 15 26 25 17 27
AVOIDER 1 7 2 4 3 9 8 5 6 20 18 23 19 14 16 12 10 13 11 29 24 30 22 28 21 15 26 25 17 27
AVOIDER 1 7 2 4 3 9 8 5 6 20 18 23 19 14 16 12 10 13 11 28 30 24 22 29 21 15 26 25 17 27
AVOIDER 1 7 2 4 3 9 8 5 6 20 18 23 19 14 16 12 10 13 11 30 28 24 22 29 21 15 26 25 17 27
AVOIDER 1 7 2 4 3 9 8 5 6 20 18 23 19 14 16 12 10 13 11 29 30 24 22 28 21 15 26 25 17 27
AVOIDER 1 7 2 4 3 9 8 5 6 20 18 23 19 14 16 12 10 13 11 24 28 29 30 22 21 15 26 25 17 27
AVOIDER 1 7 2 4 3 9 8 5 6 20 18 23 19 14 16 12 10 13 11 24 28 30 29 22 21 15 26 25 17 27
AVOIDER 1 7 2 4 3 9 8 5 6 20 18 23 19 14 16 12 10 13 11 24 29 28 30 22 21 15 26 25 17 27
AVOIDER 1 7 2 4 3 9 8 5 6 20 18 23 19 14 16 12 10 13 11 24 30 28 29 22 21 15 26 25 17 27
AVOIDER 1 7 2 4 3 9 8 5 6 20 18 23 19 14 16 12 10 13 11 24 29 30 28 22 21 15 26 25 17 27
AVOIDER 1 7 2 4 3 9 8 5 6 20 18 23 19 14 16 12 10 13 11 28 24 29 30 22 21 15 26 25 17 27
AVOIDER 1 7 2 4 3 9 8 5 6 20 18 23 19 14 16 12 10 13 11 28 24 30 29 22 21 15 26 25 17 27
AVOIDER 1 7 2 4 3 9 8 5 6 20 18 23 19 14 16 12 10 13 11 29 24 28 30 22 21 15 26 25 17 27
AVOIDER 1 7 2 4 3 9 8 5 6 20 18 23 19 14 16 12 10 13 11 30 24 28 29 22 21 15 26 25 17 27
AVOIDER 1 7 2 4 3 9 8 5 6 20 18 23 19 14 16 12 10 13 11 29 24 30 28 22 21 15 26 25 17 27
AVOIDER 1 7 2 4 3 9 8 5 6 20 18 23 19 14 16 12 10 13 11 28 29 24 30 22 21 15 26 25 17 27
AVOIDER 1 7 2 4 3 9 8 5 6 20 18 23 19 14 16 12 10 13 11 28 30 24 29 22 21 15 26 25 17 27
AVOIDER 1 7 2 4 3 9 8 5 6 20 18 23 19 14 16 12 10 13 11 29 28 24 30 22 21 15 26 25 17 27
AVOIDER 1 7 2 4 3 9 8 5 6 20 18 23 19 14 16 12 10 13 11 30 28 24 29 22 21 15 26 25 17 27
AVOIDER 1 7 2 4 3 9 8 5 6 20 18 23 19 14 16 12 10 13 11 29 30 24 28 22 21 15 26 25 17 27
AVOIDER 1 7 2 4 3 9 8 5 6 20 18 23 19 14 16 12 10 13 11 28 29 30 24 22 21 15 26 25 17 27
AVOIDER 1 7 2 4 3 9 8 5 6 20 18 23 19 14 16 12 10 13 11 28 30 29 24 22 21 15 26 25 17 27
AVOIDER 1 7 2 4 3 9 8 5 6 20 18 23 19 14 16 12 10 13 11 29 28 30 24 22 21 15 26 25 17 27
AVOIDER 1 7 2 4 3 9 8 5 6 20 18 23 19 14 16 12 10 13 11 30 28 29 24 22 21 15 26 25 17 27
AVOIDER 1 7 2 4 3 9 8 5 6 20 18 23 19 14 16 12 10 13 11 29 30 28 24 22 21 15 26 25 17 27
AVOIDER 1 7 2 4 3 9 8 5 6 23 18 20 19 14 16 12 10 13 11 24 28 29 30 21 22 15 26 25 17 27
AVOIDER 1 7 2 4 3 9 8 5 6 23 18 20 19 14 16 12 10 13 11 24 28 30 29 21 22 15 26 25 17 27
AVOIDER 1 7 2 4 3 9 8 5 6 23 18 20 19 14 16 12 10 13 11 24 29 28 30 21 22 15 26 25 17 27
AVOIDER 1 7 2 4 3 9 8 5 6 23 18 20 19 14 16 12 10 13 11 24 30 28 29 21 22 15 26 25 17 27
AVOIDER 1 7 2 4 3 9 8 5 6 23 18 20 19 14 16 12 10 13 11 24 29 30 28 21 22 15 26 25 17 27
AVOIDER 1 7 2 4 3 9 8 5 6 23 18 20 19 14 16 12 10 13 11 28 24 29 30 21 22 15 26 25 17 27
AVOIDER 1 7 2 4 3 9 8 5 6 23 18 20 19 14 16 12 10 13 11 28 24 30 29 21 22 15 26 25 17 27
AVOIDER 1 7 2 4 3 9 8 5 6 23 18 20 19 14 16 12 10 13 11 29 24 28 30 21 22 15 26 25 17 27
AVOIDER 1 7 2 4 3 9 8 5 6 23 18 20 19 14 16 12 10 13 11 30 24 28 29 21 22 15 26 25 17 27
AVOIDER 1 7 2 4 3 9 8 5 6 23 18 20 19 14 16 12 10 13 11 29 24 30 28 21 22 15 26 25 17 27
AVOIDER 1 7 2 4 3 9 8 5 6 23 18 20 19 14 16 12 10 13 11 28 29 24 30 21 22 15 26 25 17 27
AVOIDER 1 7 2 4 3 9 8 5 6 23 18 20 19 14 16 12 10 13 11 28 30 24 29 21 22 15 26 25 17 27
AVOIDER 1 7 2 4 3 9 8 5 6 23 18 20 19 14 16 12 10 13 11 29 28 24 30 21 22 15 26 25 17 27
AVOIDER 1 7 2 4 3 9 8 5 6 23 18 20 19 14 16 12 10 13 11 30 28 24 29 21 22 15 26 25 17 27
AVOIDER 1 7 2 4 3 9 8 5 6 23 18 20 19 14 16 12 10 13 11 29 30 24 28 21 22 15 26 25 17 27
AVOIDER 1 7 2 4 3 9 8 5 6 23 18 20 19 14 16 12 10 13 11 28 29 30 24 21 22 15 26 25 17 27
AVOIDER 1 7 2 4 3 9 8 5 6 23 18 20 19 14 16 12 10 13 11 28 30 29 24 21 22 15 26 25 17 27
AVOIDER 1 7 2 4 3 9 8 5 6 23 18 20 19 14 16 12 10 13 11 29 28 30 24 21 22 15 26 25 17 27
AVOIDER 1 7 2 4 3 9 8 5 6 23 18 20 19 14 16 12 10 13 11 30 28 29 24 21 22 15 26 25 17 27
AVOIDER 1 7 2 4 3 9 8 5 6 23 18 20 19 14 16 12 10 13 11 29 30 28 24 21 22 15 26 25 17 27
AVOIDER 1 7 2 4 3 9 8 5 6 23 18 20 19 14 16 12 10 13 11 24 30 22 28 29 21 15 26 25 17 27
AVOIDER 1 7 2 4 3 9 8 5 6 23 18 20 19 14 16 12 10 13 11 30 24 22 28 29 21 15 26 25 17 27
AVOIDER 1 7 2 4 3 9 8 5 6 23 18 20 19 14 16 12 10 13 11 24 28 30 22 29 21 15 26 25 17 27
AVOIDER 1 7 2 4 3 9 8 5 6 23 18 20 19 14 16 12 10 13 11 24 30 28 22 29 21 15 26 25 17 27
AVOIDER 1 7 2 4 3 9 8 5 6 23 18 20 19 14 16 12 10 13 11 24 29 30 22 28 21 15 26 25 17 27
AVOIDER 1 7 2 4 3 9 8 5 6 23 18 20 19 14 16 12 10 13 11 28 24 30 22 29 21 15 26 25 17 27
AVOIDER 1 7 2 4 3 9 8 5 6 23 18 20 19 14 16 12 10 13 11 30 24 28 22 29 21 15 26 25 17 27
AVOIDER 1 7 2 4 3 9 8 5 6 23 18 20 19 14 16 12 10 13 11 29 24 30 22 28 21 15 26 25 17 27
AVOIDER 1 7 2 4 3 9 8 5 6 23 18 20 19 14 16 12 10 13 11 28 30 24 22 29 21 15 26 25 17 27
AVOIDER 1 7 2 4 3 9 8 5 6 23 18 20 19 14 16 12 10 13 11 30 28 24 22 29 21 15 26 25 17 27
AVOIDER 1 7 2 4 3 9 8 5 6 23 18 20 19 14 16 12 10 13 11 29 30 24 22 28 21 15 26 25 17 27
AVOIDER 1 7 2 4 3 9 8 5 6 23 18 20 19 14 16 12 10 13 11 24 28 29 30 22 21 15 26 25 17 27
AVOIDER 1 7 2 4 3 9 8 5 6 23 18 20 19 14 16 12 10 13 11 24 28 30 29 22 21 15 26 25 17 27
AVOIDER 1 7 2 4 3 9 8 5 6 23 18 20 19 14 16 12 10 13 11 24 29 28 30 22 21 15 26 25 17 27
AVOIDER 1 7 2 4 3 9 8 5 6 23 18 20 19 14 16 12 10 13 11 24 30 28 29 22 21 15 26 25 17 27
AVOIDER 1 7 2 4 3 9 8 5 6 23 18 20 19 14 16 12 10 13 11 24 29 30 28 22 21 15 26 25 17 27
AVOIDER 1 7 2 4 3 9 8 5 6 23 18 20 19 14 16 12 10 13 11 28 24 29 30 22 21 15 26 25 17 27
AVOIDER 1 7 2 4 3 9 8 5 6 23 18 20 19 14 16 12 10 13 11 28 24 30 29 22 21 15 26 25 17 27
AVOIDER 1 7 2 4 3 9 8 5 6 23 18 20 19 14 16 12 10 13 11 29 24 28 30 22 21 15 26 25 17 27
AVOIDER 1 7 2 4 3 9 8 5 6 23 18 20 19 14 16 12 10 13 11 30 24 28 29 22 21 15 26 25 17 27
AVOIDER 1 7 2 4 3 9 8 5 6 23 18 20 19 14 16 12 10 13 11 29 24 30 28 22 21 15 26 25 17 27
AVOIDER 1 7 2 4 3 9 8 5 6 23 18 20 19 14 16 12 10 13 11 28 29 24 30 22 21 15 26 25 17 27
AVOIDER 1 7 2 4 3 9 8 5 6 23 18 20 19 14 16 12 10 13 11 28 30 24 29 22 21 15 26 25 17 27
AVOIDER 1 7 2 4 3 9 8 5 6 23 18 20 19 14 16 12 10 13 11 29 28 24 30 22 21 15 26 25 17 27
AVOIDER 1 7 2 4 3 9 8 5 6 23 18 20 19 14 16 12 10 13 11 30 28 24 29 22 21 15 26 25 17 27
AVOIDER 1 7 2 4 3 9 8 5 6 23 18 20 19 14 16 12 10 13 11 29 30 24 28 22 21 15 26 25 17 27
AVOIDER 1 7 2 4 3 9 8 5 6 23 18 20 19 14 16 12 10 13 11 28 29 30 24 22 21 15 26 25 17 27
AVOIDER 1 7 2 4 3 9 8 5 6 23 18 20 19 14 16 12 10 13 11 28 30 29 24 22 21 15 26 25 17 27
AVOIDER 1 7 2 4 3 9 8 5 6 23 18 20 19 14 16 12 10 13 11 29 28 30 24 22 21 15 26 25 17 27
AVOIDER 1 7 2 4 3 9 8 5 6 23 18 20 19 14 16 12 10 13 11 30 28 29 24 22 21 15 26 25 17 27
AVOIDER 1 7 2 4 3 9 8 5 6 23 18 20 19 14 16 12 10 13 11 29 30 28 24 22 21 15 26 25 17 27
AVOIDER 1 7 2 4 3 9 8 5 6 19 20 18 23 14 16 12 10 13 11 24 30 22 28 29 21 15 26 25 17 27
AVOIDER 1 7 2 4 3 9 8 5 6 19 20 18 23 14 16 12 10 13 11 30 24 22 28 29 21 15 26 25 17 27
AVOIDER 1 7 2 4 3 9 8 5 6 19 20 18 23 14 16 12 10 13 11 24 28 30 22 29 21 15 26 25 17 27
AVOIDER 1 7 2 4 3 9 8 5 6 19 20 18 23 14 16 12 10 13 11 24 30 28 22 29 21 15 26 25 17 27
AVOIDER 1 7 2 4 3 9 8 5 6 19 20 18 23 14 16 12 10 13 11 24 29 30 22 28 21 15 26 25 17 27
AVOIDER 1 7 2 4 3 9 8 5 6 19 20 18 23 14 16 12 10 13 11 28 24 30 22 29 21 15 26 25 17 27
AVOIDER 1 7 2 4 3 9 8 5 6 19 20 18 23 14 16 12 10 13 11 30 24 28 22 29 21 15 26 25 17 27
AVOIDER 1 7 2 4 3 9 8 5 6 19 20 18 23 14 16 12 10 13 11 29 24 30 22 28 21 15 26 25 17 27
AVOIDER 1 7 2 4 3 9 8 5 6 19 20 18 23 14 16 12 10 13 11 28 30 24 22 29 21 15 26 25 17 27
AVOIDER 1 7 2 4 3 9 8 5 6 19 20 18 23 14 16 12 10 13 11 30 28 24 22 29 21 15 26 25 17 27
AVOIDER 1 7 2 4 3 9 8 5 6 19 20 18 23 14 16 12 10 13 11 29 30 24 22 28 21 15 26 25 17 27
AVOIDER 1 7 2 4 3 9 8 5 6 19 20 18 23 14 16 12 10 13 11 24 28 29 30 22 21 15 26 25 17 27
AVOIDER 1 7 2 4 3 9 8 5 6 19 20 18 23 14 16 12 10 13 11 24 28 30 29 22 21 15 26 25 17 27
AVOIDER 1 7 2 4 3 9 8 5 6 19 20 18 23 14 16 12 10 13 11 24 29 28 30 22 21 15 26 25 17 27
AVOIDER 1 7 2 4 3 9 8 5 6 19 20 18 23 14 16 12 10 13 11 24 30 28 29 22 21 15 26 25 17 27
AVOIDER 1 7 2 4 3 9 8 5 6 19 20 18 23 14 16 12 10 13 11 24 29 30 28 22 21 15 26 25 17 27
AVOIDER 1 7 2 4 3 9 8 5 6 19 20 18 23 14 16 12 10 13 11 28 24 29 30 22 21 15 26 25 17 27
AVOIDER 1 7 2 4 3 9 8 5 6 19 20 18 23 14 16 12 10 13 11 28 24 30 29 22 21 15 26 25 17 27
AVOIDER 1 7 2 4 3 9 8 5 6 19 20 18 23 14 16 12 10 13 11 29 24 28 30 22 21 15 26 25 17 27
AVOIDER 1 7 2 4 3 9 8 5 6 19 20 18 23 14 16 12 10 13 11 30 24 28 29 22 21 15 26 25 17 27
AVOIDER 1 7 2 4 3 9 8 5 6 19 20 18 23 14 16 12 10 13 11 29 24 30 28 22 21 15 26 25 17 27
AVOIDER 1 7 2 4 3 9 8 5 6 19 20 18 23 14 16 12 10 13 11 28 29 24 30 22 21 15 26 25 17 27
AVOIDER 1 7 2 4 3 9 8 5 6 19 20 18 23 14 16 12 10 13 11 28 30 24 29 22 21 15 26 25 17 27
AVOIDER 1 7 2 4 3 9 8 5 6 19 20 18 23 14 16 12 10 13 11 29 28 24 30 22 21 15 26 25 17 27
AVOIDER 1 7 2 4 3 9 8 5 6 19 20 18 23 14 16 12 10 13 11 30 28 24 29 22 21 15 26 25 17 27
AVOIDER 1 7 2 4 3 9 8 5 6 19 20 18 23 14 16 12 10 13 11 29 30 24 28 22 21 15 26 25 17 27
AVOIDER 1 7 2 4 3 9 8 5 6 19 20 18 23 14 16 12 10 13 11 28 29 30 24 22 21 15 26 25 17 27
AVOIDER 1 7 2 4 3 9 8 5 6 19 20 18 23 14 16 12 10 13 11 28 30 29 24 22 21 15 26 25 17 27
AVOIDER 1 7 2 4 3 9 8 5 6 19 20 18 23 14 16 12 10 13 11 29 28 30 24 22 21 15 26 25 17 27
AVOIDER 1 7 2 4 3 9 8 5 6 19 20 18 23 14 16 12 10 13 11 30 28 29 24 22 21 15 26 25 17 27
AVOIDER 1 7 2 4 3 9 8 5 6 19 20 18 23 14 16 12 10 13 11 29 30 28 24 22 21 15 26 25 17 27
AVOIDER 1 7 2 4 3 9 8 5 6 19 23 18 20 14 16 12 10 13 11 24 30 22 28 29 21 15 26 25 17 27
AVOIDER 1 7 2 4 3 9 8 5 6 19 23 18 20 14 16 12 10 13 11 30 24 22 28 29 21 15 26 25 17 27
AVOIDER 1 7 2 4 3 9 8 5 6 19 23 18 20 14 16 12 10 13 11 24 28 30 22 29 21 15 26 25 17 27
AVOIDER 1 7 2 4 3 9 8 5 6 19 23 18 20 14 16 12 10 13 11 24 30 28 22 29 21 15 26 25 17 27
AVOIDER 1 7 2 4 3 9 8 5 6 19 23 18 20 14 16 12 10 13 11 24 29 30 22 28 21 15 26 25 17 27
AVOIDER 1 7 2 4 3 9 8 5 6 19 23 18 20 14 16 12 10 13 11 28 24 30 22 29 21 15 26 25 17 27
AVOIDER 1 7 2 4 3 9 8 5 6 19 23 18 20 14 16 12 10 13 11 30 24 28 22 29 21 15 26 25 17 27
AVOIDER 1 7 2 4 3 9 8 5 6 19 23 18 20 14 16 12 10 13 11 29 24 30 22 28 21 15 26 25 17 27
AVOIDER 1 7 2 4 3 9 8 5 6 19 23 18 20 14 16 12 10 13 11 28 30 24 22 29 21 15 26 25 17 27
AVOIDER 1 7 2 4 3 9 8 5 6 19 23 18 20 14 16 12 10 13 11 30 28 24 22 29 21 15 26 25 17 27
AVOIDER 1 7 2 4 3 9 8 5 6 19 23 18 20 14 16 12 10 13 11 29 30 24 22 28 21 15 26 25 17 27
AVOIDER 1 7 2 4 3 9 8 5 6 19 23 18 20 14 16 12 10 13 11 24 28 29 30 22 21 15 26 25 17 27
AVOIDER 1 7 2 4 3 9 8 5 6 19 23 18 20 14 16 12 10 13 11 24 28 30 29 22 21 15 26 25 17 27
AVOIDER 1 7 2 4 3 9 8 5 6 19 23 18 20 14 16 12 10 13 11 24 29 28 30 22 21 15 26 25 17 27
AVOIDER 1 7 2 4 3 9 8 5 6 19 23 18 20 14 16 12 10 13 11 24 30 28 29 22 21 15 26 25 17 27
AVOIDER 1 7 2 4 3 9 8 5 6 19 23 18 20 14 16 12 10 13 11 24 29 30 28 22 21 15 26 25 17 27
AVOIDER 1 7 2 4 3 9 8 5 6 19 23 18 20 14 16 12 10 13 11 28 24 29 30 22 21 15 26 25 17 27
AVOIDER 1 7 2 4 3 9 8 5 6 19 23 18 20 14 16 12 10 13 11 28 24 30 29 22 21 15 26 25 17 27
AVOIDER 1 7 2 4 3 9 8 5 6 19 23 18 20 14 16 12 10 13 11 29 24 28 30 22 21 15 26 25 17 27
AVOIDER 1 7 2 4 3 9 8 5 6 19 23 18 20 14 16 12 10 13 11 30 24 28 29 22 21 15 26 25 17 27
AVOIDER 1 7 2 4 3 9 8 5 6 19 23 18 20 14 16 12 10 13 11 29 24 30 28 22 21 15 26 25 17 27
AVOIDER 1 7 2 4 3 9 8 5 6 19 23 18 20 14 16 12 10 13 11 28 29 24 30 22 21 15 26 25 17 27
AVOIDER 1 7 2 4 3 9 8 5 6 19 23 18 20 14 16 12 10 13 11 28 30 24 29 22 21 15 26 25 17 27
AVOIDER 1 7 2 4 3 9 8 5 6 19 23 18 20 14 16 12 10 13 11 29 28 24 30 22 21 15 26 25 17 27
AVOIDER 1 7 2 4 3 9 8 5 6 19 23 18 20 14 16 12 10 13 11 30 28 24 29 22 21 15 26 25 17 27
AVOIDER 1 7 2 4 3 9 8 5 6 19 23 18 20 14 16 12 10 13 11 29 30 24 28 22 21 15 26 25 17 27
AVOIDER 1 7 2 4 3 9 8 5 6 19 23 18 20 14 16 12 10 13 11 28 29 30 24 22 21 15 26 25 17 27
AVOIDER 1 7 2 4 3 9 8 5 6 19 23 18 20 14 16 12 10 13 11 28 30 29 24 22 21 15 26 25 17 27
AVOIDER 1 7 2 4 3 9 8 5 6 19 23 18 20 14 16 12 10 13 11 29 28 30 24 22 21 15 26 25 17 27
AVOIDER 1 7 2 4 3 9 8 5 6 19 23 18 20 14 16 12 10 13 11 30 28 29 24 22 21 15 26 25 17 27
AVOIDER 1 7 2 4 3 9 8 5 6 19 23 18 20 14 16 12 10 13 11 29 30 28 24 22 21 15 26 25 17 27
AVOIDER 1 7 2 4 3 9 8 5 6 23 19 18 20 14 16 12 10 13 11 24 30 22 28 29 21 15 26 25 17 27
AVOIDER 1 7 2 4 3 9 8 5 6 23 19 18 20 14 16 12 10 13 11 30 24 22 28 29 21 15 26 25 17 27
AVOIDER 1 7 2 4 3 9 8 5 6 23 19 18 20 14 16 12 10 13 11 24 28 30 22 29 21 15 26 25 17 27
AVOIDER 1 7 2 4 3 9 8 5 6 23 19 18 20 14 16 12 10 13 11 24 30 28 22 29 21 15 26 25 17 27
AVOIDER 1 7 2 4 3 9 8 5 6 23 19 18 20 14 16 12 10 13 11 24 29 30 22 28 21 15 26 25 17 27
AVOIDER 1 7 2 4 3 9 8 5 6 23 19 18 20 14 16 12 10 13 11 28 24 30 22 29 21 15 26 25 17 27
AVOIDER 1 7 2 4 3 9 8 5 6 23 19 18 20 14 16 12 10 13 11 30 24 28 22 29 21 15 26 25 17 27
AVOIDER 1 7 2 4 3 9 8 5 6 23 19 18 20 14 16 12 10 13 11 29 24 30 22 28 21 15 26 25 17 27
AVOIDER 1 7 2 4 3 9 8 5 6 23 19 18 20 14 16 12 10 13 11 28 30 24 22 29 21 15 26 25 17 27
AVOIDER 1 7 2 4 3 9 8 5 6 23 19 18 20 14 16 12 10 13 11 30 28 24 22 29 21 15 26 25 17 27
AVOIDER 1 7 2 4 3 9 8 5 6 23 19 18 20 14 16 12 10 13 11 29 30 24 22 28 21 15 26 25 17 27
AVOIDER 1 7 2 4 3 9 8 5 6 23 19 18 20 14 16 12 10 13 11 24 28 29 30 22 21 15 26 25 17 27
AVOIDER 1 7 2 4 3 9 8 5 6 23 19 18 20 14 16 12 10 13 11 24 28 30 29 22 21 15 26 25 17 27
AVOIDER 1 7 2 4 3 9 8 5 6 23 19 18 20 14 16 12 10 13 11 24 29 28 30 22 21 15 26 25 17 27
AVOIDER 1 7 2 4 3 9 8 5 6 23 19 18 20 14 16 12 10 13 11 24 30 28 29 22 21 15 26 25 17 27
AVOIDER 1 7 2 4 3 9 8 5 6 23 19 18 20 14 16 12 10 13 11 24 29 30 28 22 21 15 26 25 17 27
AVOIDER 1 7 2 4 3 9 8 5 6 23 19 18 20 14 16 12 10 13 11 28 24 29 30 22 21 15 26 25 17 27
AVOIDER 1 7 2 4 3 9 8 5 6 23 19 18 20 14 16 12 10 13 11 28 24 30 29 22 21 15 26 25 17 27
AVOIDER 1 7 2 4 3 9 8 5 6 23 19 18 20 14 16 12 10 13 11 29 24 28 30 22 21 15 26 25 17 27
AVOIDER 1 7 2 4 3 9 8 5 6 23 19 18 20 14 16 12 10 13 11 30 24 28 29 22 21 15 26 25 17 27
AVOIDER 1 7 2 4 3 9 8 5 6 23 19 18 20 14 16 12 10 13 11 29 24 30 28 22 21 15 26 25 17 27
AVOIDER 1 7 2 4 3 9 8 5 6 23 19 18 20 14 16 12 10 13 11 28 29 24 30 22 21 15 26 25 17 27
AVOIDER 1 7 2 4 3 9 8 5 6 23 19 18 20 14 16 12 10 13 11 28 30 24 29 22 21 15 26 25 17 27
AVOIDER 1 7 2 4 3 9 8 5 6 23 19 18 20 14 16 12 10 13 11 29 28 24 30 22 21 15 26 25 17 27
AVOIDER 1 7 2 4 3 9 8 5 6 23 19 18 20 14 16 12 10 13 11 30 28 24 29 22 21 15 26 25 17 27
AVOIDER 1 7 2 4 3 9 8 5 6 23 19 18 20 14 16 12 10 13 11 29 30 24 28 22 21 15 26 25 17 27
AVOIDER 1 7 2 4 3 9 8 5 6 23 19 18 20 14 16 12 10 13 11 28 29 30 24 22 21 15 26 25 17 27
AVOIDER 1 7 2 4 3 9 8 5 6 23 19 18 20 14 16 12 10 13 11 28 30 29 24 22 21 15 26 25 17 27
AVOIDER 1 7 2 4 3 9 8 5 6 23 19 18 20 14 16 12 10 13 11 29 28 30 24 22 21 15 26 25 17 27
AVOIDER 1 7 2 4 3 9 8 5 6 23 19 18 20 14 16 12 10 13 11 30 28 29 24 22 21 15 26 25 17 27
AVOIDER 1 7 2 4 3 9 8 5 6 23 19 18 20 14 16 12 10 13 11 29 30 28 24 22 21 15 26 25 17 27
AVOIDER 1 7 2 4 3 9 8 5 6 20 23 18 19 14 16 12 10 13 11 24 28 29 30 21 22 15 26 25 17 27
AVOIDER 1 7 2 4 3 9 8 5 6 20 23 18 19 14 16 12 10 13 11 24 28 30 29 21 22 15 26 25 17 27
AVOIDER 1 7 2 4 3 9 8 5 6 20 23 18 19 14 16 12 10 13 11 24 29 28 30 21 22 15 26 25 17 27
AVOIDER 1 7 2 4 3 9 8 5 6 20 23 18 19 14 16 12 10 13 11 24 30 28 29 21 22 15 26 25 17 27
AVOIDER 1 7 2 4 3 9 8 5 6 20 23 18 19 14 16 12 10 13 11 24 29 30 28 21 22 15 26 25 17 27
AVOIDER 1 7 2 4 3 9 8 5 6 20 23 18 19 14 16 12 10 13 11 28 24 29 30 21 22 15 26 25 17 27
AVOIDER 1 7 2 4 3 9 8 5 6 20 23 18 19 14 16 12 10 13 11 28 24 30 29 21 22 15 26 25 17 27
AVOIDER 1 7 2 4 3 9 8 5 6 20 23 18 19 14 16 12 10 13 11 29 24 28 30 21 22 15 26 25 17 27
AVOIDER 1 7 2 4 3 9 8 5 6 20 23 18 19 14 16 12 10 13 11 30 24 28 29 21 22 15 26 25 17 27
AVOIDER 1 7 2 4 3 9 8 5 6 20 23 18 19 14 16 12 10 13 11 29 24 30 28 21 22 15 26 25 17 27
AVOIDER 1 7 2 4 3 9 8 5 6 20 23 18 19 14 16 12 10 13 11 28 29 24 30 21 22 15 26 25 17 27
AVOIDER 1 7 2 4 3 9 8 5 6 20 23 18 19 14 16 12 10 13 11 28 30 24 29 21 22 15 26 25 17 27
AVOIDER 1 7 2 4 3 9 8 5 6 20 23 18 19 14 16 12 10 13 11 29 28 24 30 21 22 15 26 25 17 27
AVOIDER 1 7 2 4 3 9 8 5 6 20 23 18 19 14 16 12 10 13 11 30 28 24 29 21 22 15 26 25 17 27
AVOIDER 1 7 2 4 3 9 8 5 6 20 23 18 19 14 16 12 10 13 11 29 30 24 28 21 22 15 26 25 17 27
AVOIDER 1 7 2 4 3 9 8 5 6 20 23 18 19 14 16 12 10 13 11 28 29 30 24 21 22 15 26 25 17 27
AVOIDER 1 7 2 4 3 9 8 5 6 20 23 18 19 14 16 12 10 13 11 28 30 29 24 21 22 15 26 25 17 27
AVOIDER 1 7 2 4 3 9 8 5 6 20 23 18 19 14 16 12 10 13 11 29 28 30 24 21 22 15 26 25 17 27
AVOIDER 1 7 2 4 3 9 8 5 6 20 23 18 19 14 16 12 10 13 11 30 28 29 24 21 22 15 26 25 17 27
AVOIDER 1 7 2 4 3 9 8 5 6 20 23 18 19 14 16 12 10 13 11 29 30 28 24 21 22 15 26 25 17 27
AVOIDER 1 7 2 4 3 9 8 5 6 20 23 18 19 14 16 12 10 13 11 24 30 22 28 29 21 15 26 25 17 27
AVOIDER 1 7 2 4 3 9 8 5 6 20 23 18 19 14 16 12 10 13 11 30 24 22 28 29 21 15 26 25 17 27
AVOIDER 1 7 2 4 3 9 8 5 6 20 23 18 19 14 16 12 10 13 11 24 28 30 22 29 21 15 26 25 17 27
AVOIDER 1 7 2 4 3 9 8 5 6 20 23 18 19 14 16 12 10 13 11 24 30 28 22 29 21 15 26 25 17 27
AVOIDER 1 7 2 4 3 9 8 5 6 20 23 18 19 14 16 12 10 13 11 24 29 30 22 28 21 15 26 25 17 27
AVOIDER 1 7 2 4 3 9 8 5 6 20 23 18 19 14 16 12 10 13 11 28 24 30 22 29 21 15 26 25 17 27
AVOIDER 1 7 2 4 3 9 8 5 6 20 23 18 19 14 16 12 10 13 11 30 24 28 22 29 21 15 26 25 17 27
AVOIDER 1 7 2 4 3 9 8 5 6 20 23 18 19 14 16 12 10 13 11 29 24 30 22 28 21 15 26 25 17 27
AVOIDER 1 7 2 4 3 9 8 5 6 20 23 18 19 14 16 12 10 13 11 28 30 24 22 29 21 15 26 25 17 27
AVOIDER 1 7 2 4 3 9 8 5 6 20 23 18 19 14 16 12 10 13 11 30 28 24 22 29 21 15 26 25 17 27
AVOIDER 1 7 2 4 3 9 8 5 6 20 23 18 19 14 16 12 10 13 11 29 30 24 22 28 21 15 26 25 17 27
AVOIDER 1 7 2 4 3 9 8 5 6 20 23 18 19 14 16 12 10 13 11 24 28 29 30 22 21 15 26 25 17 27
AVOIDER 1 7 2 4 3 9 8 5 6 20 23 18 19 14 16 12 10 13 11 24 28 30 29 22 21 15 26 25 17 27
AVOIDER 1 7 2 4 3 9 8 5 6 20 23 18 19 14 16 12 10 13 11 24 29 28 30 22 21 15 26 25 17 27
AVOIDER 1 7 2 4 3 9 8 5 6 20 23 18 19 14 16 12 10 13 11 24 30 28 29 22 21 15 26 25 17 27
AVOIDER 1 7 2 4 3 9 8 5 6 20 23 18 19 14 16 12 10 13 11 24 29 30 28 22 21 15 26 25 17 27
AVOIDER 1 7 2 4 3 9 8 5 6 20 23 18 19 14 16 12 10 13 11 28 24 29 30 22 21 15 26 25 17 27
AVOIDER 1 7 2 4 3 9 8 5 6 20 23 18 19 14 16 12 10 13 11 28 24 30 29 22 21 15 26 25 17 27
AVOIDER 1 7 2 4 3 9 8 5 6 20 23 18 19 14 16 12 10 13 11 29 24 28 30 22 21 15 26 25 17 27
AVOIDER 1 7 2 4 3 9 8 5 6 20 23 18 19 14 16 12 10 13 11 30 24 28 29 22 21 15 26 25 17 27
AVOIDER 1 7 2 4 3 9 8 5 6 20 23 18 19 14 16 12 10 13 11 29 24 30 28 22 21 15 26 25 17 27
AVOIDER 1 7 2 4 3 9 8 5 6 20 23 18 19 14 16 12 10 13 11 28 29 24 30 22 21 15 26 25 17 27
AVOIDER 1 7 2 4 3 9 8 5 6 20 23 18 19 14 16 12 10 13 11 28 30 24 29 22 21 15 26 25 17 27
AVOIDER 1 7 2 4 3 9 8 5 6 20 23 18 19 14 16 12 10 13 11 29 28 24 30 22 21 15 26 25 17 27
AVOIDER 1 7 2 4 3 9 8 5 6 20 23 18 19 14 16 12 10 13 11 30 28 24 29 22 21 15 26 25 17 27
AVOIDER 1 7 2 4 3 9 8 5 6 20 23 18 19 14 16 12 10 13 11 29 30 24 28 22 21 15 26 25 17 27
AVOIDER 1 7 2 4 3 9 8 5 6 20 23 18 19 14 16 12 10 13 11 28 29 30 24 22 21 15 26 25 17 27
AVOIDER 1 7 2 4 3 9 8 5 6 20 23 18 19 14 16 12 10 13 11 28 30 29 24 22 21 15 26 25 17 27
AVOIDER 1 7 2 4 3 9 8 5 6 20 23 18 19 14 16 12 10 13 11 29 28 30 24 22 21 15 26 25 17 27
AVOIDER 1 7 2 4 3 9 8 5 6 20 23 18 19 14 16 12 10 13 11 30 28 29 24 22 21 15 26 25 17 27
AVOIDER 1 7 2 4 3 9 8 5 6 20 23 18 19 14 16 12 10 13 11 29 30 28 24 22 21 15 26 25 17 27
AVOIDER 1 7 2 4 3 9 8 5 6 23 20 18 19 14 16 12 10 13 11 24 28 29 30 21 22 15 26 25 17 27
AVOIDER 1 7 2 4 3 9 8 5 6 23 20 18 19 14 16 12 10 13 11 24 28 30 29 21 22 15 26 25 17 27
AVOIDER 1 7 2 4 3 9 8 5 6 23 20 18 19 14 16 12 10 13 11 24 29 28 30 21 22 15 26 25 17 27
AVOIDER 1 7 2 4 3 9 8 5 6 23 20 18 19 14 16 12 10 13 11 24 30 28 29 21 22 15 26 25 17 27
AVOIDER 1 7 2 4 3 9 8 5 6 23 20 18 19 14 16 12 10 13 11 24 29 30 28 21 22 15 26 25 17 27
AVOIDER 1 7 2 4 3 9 8 5 6 23 20 18 19 14 16 12 10 13 11 28 24 29 30 21 22 15 26 25 17 27
AVOIDER 1 7 2 4 3 9 8 5 6 23 20 18 19 14 16 12 10 13 11 28 24 30 29 21 22 15 26 25 17 27
AVOIDER 1 7 2 4 3 9 8 5 6 23 20 18 19 14 16 12 10 13 11 29 24 28 30 21 22 15 26 25 17 27
AVOIDER 1 7 2 4 3 9 8 5 6 23 20 18 19 14 16 12 10 13 11 30 24 28 29 21 22 15 26 25 17 27
AVOIDER 1 7 2 4 3 9 8 5 6 23 20 18 19 14 16 12 10 13 11 29 24 30 28 21 22 15 26 25 17 27
AVOIDER 1 7 2 4 3 9 8 5 6 23 20 18 19 14 16 12 10 13 11 28 29 24 30 21 22 15 26 25 17 27
AVOIDER 1 7 2 4 3 9 8 5 6 23 20 18 19 14 16 12 10 13 11 28 30 24 29 21 22 15 26 25 17 27
AVOIDER 1 7 2 4 3 9 8 5 6 23 20 18 19 14 16 12 10 13 11 29 28 24 30 21 22 15 26 25 17 27
AVOIDER 1 7 2 4 3 9 8 5 6 23 20 18 19 14 16 12 10 13 11 30 28 24 29 21 22 15 26 25 17 27
AVOIDER 1 7 2 4 3 9 8 5 6 23 20 18 19 14 16 12 10 13 11 29 30 24 28 21 22 15 26 25 17 27
AVOIDER 1 7 2 4 3 9 8 5 6 23 20 18 19 14 16 12 10 13 11 28 29 30 24 21 22 15 26 25 17 27
AVOIDER 1 7 2 4 3 9 8 5 6 23 20 18 19 14 16 12 10 13 11 28 30 29 24 21 22 15 26 25 17 27
AVOIDER 1 7 2 4 3 9 8 5 6 23 20 18 19 14 16 12 10 13 11 29 28 30 24 21 22 15 26 25 17 27
AVOIDER 1 7 2 4 3 9 8 5 6 23 20 18 19 14 16 12 10 13 11 30 28 29 24 21 22 15 26 25 17 27
AVOIDER 1 7 2 4 3 9 8 5 6 23 20 18 19 14 16 12 10 13 11 29 30 28 24 21 22 15 26 25 17 27
AVOIDER 1 7 2 4 3 9 8 5 6 23 20 18 19 14 16 12 10 13 11 24 30 22 28 29 21 15 26 25 17 27
AVOIDER 1 7 2 4 3 9 8 5 6 23 20 18 19 14 16 12 10 13 11 30 24 22 28 29 21 15 26 25 17 27
AVOIDER 1 7 2 4 3 9 8 5 6 23 20 18 19 14 16 12 10 13 11 24 28 30 22 29 21 15 26 25 17 27
AVOIDER 1 7 2 4 3 9 8 5 6 23 20 18 19 14 16 12 10 13 11 24 30 28 22 29 21 15 26 25 17 27
AVOIDER 1 7 2 4 3 9 8 5 6 23 20 18 19 14 16 12 10 13 11 24 29 30 22 28 21 15 26 25 17 27
AVOIDER 1 7 2 4 3 9 8 5 6 23 20 18 19 14 16 12 10 13 11 28 24 30 22 29 21 15 26 25 17 27
AVOIDER 1 7 2 4 3 9 8 5 6 23 20 18 19 14 16 12 10 13 11 30 24 28 22 29 21 15 26 25 17 27
AVOIDER 1 7 2 4 3 9 8 5 6 23 20 18 19 14 16 12 10 13 11 29 24 30 22 28 21 15 26 25 17 27
AVOIDER 1 7 2 4 3 9 8 5 6 23 20 18 19 14 16 12 10 13 11 28 30 24 22 29 21 15 26 25 17 27
AVOIDER 1 7 2 4 3 9 8 5 6 23 20 18 19 14 16 12 10 13 11 30 28 24 22 29 21 15 26 25 17 27
AVOIDER 1 7 2 4 3 9 8 5 6 23 20 18 19 14 16 12 10 13 11 29 30 24 22 28 21 15 26 25 17 27
AVOIDER 1 7 2 4 3 9 8 5 6 23 20 18 19 14 16 12 10 13 11 24 28 29 30 22 21 15 26 25 17 27
AVOIDER 1 7 2 4 3 9 8 5 6 23 20 18 19 14 16 12 10 13 11 24 28 30 29 22 21 15 26 25 17 27
AVOIDER 1 7 2 4 3 9 8 5 6 23 20 18 19 14 16 12 10 13 11 24 29 28 30 22 21 15 26 25 17 27
AVOIDER 1 7 2 4 3 9 8 5 6 23 20 18 19 14 16 12 10 13 11 24 30 28 29 22 21 15 26 25 17 27
AVOIDER 1 7 2 4 3 9 8 5 6 23 20 18 19 14 16 12 10 13 11 24 29 30 28 22 21 15 26 25 17 27
AVOIDER 1 7 2 4 3 9 8 5 6 23 20 18 19 14 16 12 10 13 11 28 24 29 30 22 21 15 26 25 17 27
AVOIDER 1 7 2 4 3 9 8 5 6 23 20 18 19 14 16 12 10 13 11 28 24 30 29 22 21 15 26 25 17 27
AVOIDER 1 7 2 4 3 9 8 5 6 23 20 18 19 14 16 12 10 13 11 29 24 28 30 22 21 15 26 25 17 27
AVOIDER 1 7 2 4 3 9 8 5 6 23 20 18 19 14 16 12 10 13 11 30 24 28 29 22 21 15 26 25 17 27
AVOIDER 1 7 2 4 3 9 8 5 6 23 20 18 19 14 16 12 10 13 11 29 24 30 28 22 21 15 26 25 17 27
AVOIDER 1 7 2 4 3 9 8 5 6 23 20 18 19 14 16 12 10 13 11 28 29 24 30 22 21 15 26 25 17 27
AVOIDER 1 7 2 4 3 9 8 5 6 23 20 18 19 14 16 12 10 13 11 28 30 24 29 22 21 15 26 25 17 27
AVOIDER 1 7 2 4 3 9 8 5 6 23 20 18 19 14 16 12 10 13 11 29 28 24 30 22 21 15 26 25 17 27
AVOIDER 1 7 2 4 3 9 8 5 6 23 20 18 19 14 16 12 10 13 11 30 28 24 29 22 21 15 26 25 17 27
AVOIDER 1 7 2 4 3 9 8 5 6 23 20 18 19 14 16 12 10 13 11 29 30 24 28 22 21 15 26 25 17 27
AVOIDER 1 7 2 4 3 9 8 5 6 23 20 18 19 14 16 12 10 13 11 28 29 30 24 22 21 15 26 25 17 27
AVOIDER 1 7 2 4 3 9 8 5 6 23 20 18 19 14 16 12 10 13 11 28 30 29 24 22 21 15 26 25 17 27
AVOIDER 1 7 2 4 3 9 8 5 6 23 20 18 19 14 16 12 10 13 11 29 28 30 24 22 21 15 26 25 17 27
AVOIDER 1 7 2 4 3 9 8 5 6 23 20 18 19 14 16 12 10 13 11 30 28 29 24 22 21 15 26 25 17 27
AVOIDER 1 7 2 4 3 9 8 5 6 23 20 18 19 14 16 12 10 13 11 29 30 28 24 22 21 15 26 25 17 27
AVOIDER 1 7 2 4 3 9 8 5 6 19 20 23 18 14 16 12 10 13 11 24 30 22 28 29 21 15 26 25 17 27
AVOIDER 1 7 2 4 3 9 8 5 6 19 20 23 18 14 16 12 10 13 11 30 24 22 28 29 21 15 26 25 17 27
AVOIDER 1 7 2 4 3 9 8 5 6 19 20 23 18 14 16 12 10 13 11 24 28 30 22 29 21 15 26 25 17 27
AVOIDER 1 7 2 4 3 9 8 5 6 19 20 23 18 14 16 12 10 13 11 24 30 28 22 29 21 15 26 25 17 27
AVOIDER 1 7 2 4 3 9 8 5 6 19 20 23 18 14 16 12 10 13 11 24 29 30 22 28 21 15 26 25 17 27
AVOIDER 1 7 2 4 3 9 8 5 6 19 20 23 18 14 16 12 10 13 11 28 24 30 22 29 21 15 26 25 17 27
AVOIDER 1 7 2 4 3 9 8 5 6 19 20 23 18 14 16 12 10 13 11 30 24 28 22 29 21 15 26 25 17 27
AVOIDER 1 7 2 4 3 9 8 5 6 19 20 23 18 14 16 12 10 13 11 29 24 30 22 28 21 15 26 25 17 27
AVOIDER 1 7 2 4 3 9 8 5 6 19 20 23 18 14 16 12 10 13 11 28 30 24 22 29 21 15 26 25 17 27
AVOIDER 1 7 2 4 3 9 8 5 6 19 20 23 18 14 16 12 10 13 11 30 28 24 22 29 21 15 26 25 17 27
AVOIDER 1 7 2 4 3 9 8 5 6 19 20 23 18 14 16 12 10 13 11 29 30 24 22 28 21 15 26 25 17 27
AVOIDER 1 7 2 4 3 9 8 5 6 19 20 23 18 14 16 12 10 13 11 24 28 29 30 22 21 15 26 25 17 27
AVOIDER 1 7 2 4 3 9 8 5 6 19 20 23 18 14 16 12 10 13 11 24 28 30 29 22 21 15 26 25 17 27
AVOIDER 1 7 2 4 3 9 8 5 6 19 20 23 18 14 16 12 10 13 11 24 29 28 30 22 21 15 26 25 17 27
AVOIDER 1 7 2 4 3 9 8 5 6 19 20 23 18 14 16 12 10 13 11 24 30 28 29 22 21 15 26 25 17 27
AVOIDER 1 7 2 4 3 9 8 5 6 19 20 23 18 14 16 12 10 13 11 24 29 30 28 22 21 15 26 25 17 27
AVOIDER 1 7 2 4 3 9 8 5 6 19 20 23 18 14 16 12 10 13 11 28 24 29 30 22 21 15 26 25 17 27
AVOIDER 1 7 2 4 3 9 8 5 6 19 20 23 18 14 16 12 10 13 11 28 24 30 29 22 21 15 26 25 17 27
AVOIDER 1 7 2 4 3 9 8 5 6 19 20 23 18 14 16 12 10 13 11 29 24 28 30 22 21 15 26 25 17 27
AVOIDER 1 7 2 4 3 9 8 5 6 19 20 23 18 14 16 12 10 13 11 30 24 28 29 22 21 15 26 25 17 27
AVOIDER 1 7 2 4 3 9 8 5 6 19 20 23 18 14 16 12 10 13 11 29 24 30 28 22 21 15 26 25 17 27
AVOIDER 1 7 2 4 3 9 8 5 6 19 20 23 18 14 16 12 10 13 11 28 29 24 30 22 21 15 26 25 17 27
AVOIDER 1 7 2 4 3 9 8 5 6 19 20 23 18 14 16 12 10 13 11 28 30 24 29 22 21 15 26 25 17 27
AVOIDER 1 7 2 4 3 9 8 5 6 19 20 23 18 14 16 12 10 13 11 29 28 24 30 22 21 15 26 25 17 27
AVOIDER 1 7 2 4 3 9 8 5 6 19 20 23 18 14 16 12 10 13 11 30 28 24 29 22 21 15 26 25 17 27
AVOIDER 1 7 2 4 3 9 8 5 6 19 20 23 18 14 16 12 10 13 11 29 30 24 28 22 21 15 26 25 17 27
AVOIDER 1 7 2 4 3 9 8 5 6 19 20 23 18 14 16 12 10 13 11 28 29 30 24 22 21 15 26 25 17 27
AVOIDER 1 7 2 4 3 9 8 5 6 19 20 23 18 14 16 12 10 13 11 28 30 29 24 22 21 15 26 25 17 27
AVOIDER 1 7 2 4 3 9 8 5 6 19 20 23 18 14 16 12 10 13 11 29 28 30 24 22 21 15 26 25 17 27
AVOIDER 1 7 2 4 3 9 8 5 6 19 20 23 18 14 16 12 10 13 11 30 28 29 24 22 21 15 26 25 17 27
AVOIDER 1 7 2 4 3 9 8 5 6 19 20 23 18 14 16 12 10 13 11 29 30 28 24 22 21 15 26 25 17 27
AVOIDER 1 7 2 4 3 9 8 5 6 19 23 20 18 14 16 12 10 13 11 24 30 22 28 29 21 15 26 25 17 27
AVOIDER 1 7 2 4 3 9 8 5 6 19 23 20 18 14 16 12 10 13 11 30 24 22 28 29 21 15 26 25 17 27
AVOIDER 1 7 2 4 3 9 8 5 6 19 23 20 18 14 16 12 10 13 11 24 28 30 22 29 21 15 26 25 17 27
AVOIDER 1 7 2 4 3 9 8 5 6 19 23 20 18 14 16 12 10 13 11 24 30 28 22 29 21 15 26 25 17 27
AVOIDER 1 7 2 4 3 9 8 5 6 19 23 20 18 14 16 12 10 13 11 24 29 30 22 28 21 15 26 25 17 27
AVOIDER 1 7 2 4 3 9 8 5 6 19 23 20 18 14 16 12 10 13 11 28 24 30 22 29 21 15 26 25 17 27
AVOIDER 1 7 2 4 3 9 8 5 6 19 23 20 18 14 16 12 10 13 11 30 24 28 22 29 21 15 26 25 17 27
AVOIDER 1 7 2 4 3 9 8 5 6 19 23 20 18 14 16 12 10 13 11 29 24 30 22 28 21 15 26 25 17 27
AVOIDER 1 7 2 4 3 9 8 5 6 19 23 20 18 14 16 12 10 13 11 28 30 24 22 29 21 15 26 25 17 27
AVOIDER 1 7 2 4 3 9 8 5 6 19 23 20 18 14 16 12 10 13 11 30 28 24 22 29 21 15 26 25 17 27
AVOIDER 1 7 2 4 3 9 8 5 6 19 23 20 18 14 16 12 10 13 11 29 30 24 22 28 21 15 26 25 17 27
AVOIDER 1 7 2 4 3 9 8 5 6 19 23 20 18 14 16 12 10 13 11 24 28 29 30 22 21 15 26 25 17 27
AVOIDER 1 7 2 4 3 9 8 5 6 19 23 20 18 14 16 12 10 13 11 24 28 30 29 22 21 15 26 25 17 27
AVOIDER 1 7 2 4 3 9 8 5 6 19 23 20 18 14 16 12 10 13 11 24 29 28 30 22 21 15 26 25 17 27
AVOIDER 1 7 2 4 3 9 8 5 6 19 23 20 18 14 16 12 10 13 11 24 30 28 29 22 21 15 26 25 17 27
AVOIDER 1 7 2 4 3 9 8 5 6 19 23 20 18 14 16 12 10 13 11 24 29 30 28 22 21 15 26 25 17 27
AVOIDER 1 7 2 4 3 9 8 5 6 19 23 20 18 14 16 12 10 13 11 28 24 29 30 22 21 15 26 25 17 27
AVOIDER 1 7 2 4 3 9 8 5 6 19 23 20 18 14 16 12 10 13 11 28 24 30 29 22 21 15 26 25 17 27
AVOIDER 1 7 2 4 3 9 8 5 6 19 23 20 18 14 16 12 10 13 11 29 24 28 30 22 21 15 26 25 17 27
AVOIDER 1 7 2 4 3 9 8 5 6 19 23 20 18 14 16 12 10 13 11 30 24 28 29 22 21 15 26 25 17 27
AVOIDER 1 7 2 4 3 9 8 5 6 19 23 20 18 14 16 12 10 13 11 29 24 30 28 22 21 15 26 25 17 27
AVOIDER 1 7 2 4 3 9 8 5 6 19 23 20 18 14 16 12 10 13 11 28 29 24 30 22 21 15 26 25 17 27
AVOIDER 1 7 2 4 3 9 8 5 6 19 23 20 18 14 16 12 10 13 11 28 30 24 29 22 21 15 26 25 17 27
AVOIDER 1 7 2 4 3 9 8 5 6 19 23 20 18 14 16 12 10 13 11 29 28 24 30 22 21 15 26 25 17 27
AVOIDER 1 7 2 4 3 9 8 5 6 19 23 20 18 14 16 12 10 13 11 30 28 24 29 22 21 15 26 25 17 27
AVOIDER 1 7 2 4 3 9 8 5 6 19 23 20 18 14 16 12 10 13 11 29 30 24 28 22 21 15 26 25 17 27
AVOIDER 1 7 2 4 3 9 8 5 6 19 23 20 18 14 16 12 10 13 11 28 29 30 24 22 21 15 26 25 17 27
AVOIDER 1 7 2 4 3 9 8 5 6 19 23 20 18 14 16 12 10 13 11 28 30 29 24 22 21 15 26 25 17 27
AVOIDER 1 7 2 4 3 9 8 5 6 19 23 20 18 14 16 12 10 13 11 29 28 30 24 22 21 15 26 25 17 27
AVOIDER 1 7 2 4 3 9 8 5 6 19 23 20 18 14 16 12 10 13 11 30 28 29 24 22 21 15 26 25 17 27
AVOIDER 1 7 2 4 3 9 8 5 6 19 23 20 18 14 16 12 10 13 11 29 30 28 24 22 21 15 26 25 17 27
AVOIDER 1 7 2 4 3 9 8 5 6 23 19 20 18 14 16 12 10 13 11 24 30 22 28 29 21 15 26 25 17 27
AVOIDER 1 7 2 4 3 9 8 5 6 23 19 20 18 14 16 12 10 13 11 30 24 22 28 29 21 15 26 25 17 27
AVOIDER 1 7 2 4 3 9 8 5 6 23 19 20 18 14 16 12 10 13 11 24 28 30 22 29 21 15 26 25 17 27
AVOIDER 1 7 2 4 3 9 8 5 6 23 19 20 18 14 16 12 10 13 11 24 30 28 22 29 21 15 26 25 17 27
AVOIDER 1 7 2 4 3 9 8 5 6 23 19 20 18 14 16 12 10 13 11 24 29 30 22 28 21 15 26 25 17 27
AVOIDER 1 7 2 4 3 9 8 5 6 23 19 20 18 14 16 12 10 13 11 28 24 30 22 29 21 15 26 25 17 27
AVOIDER 1 7 2 4 3 9 8 5 6 23 19 20 18 14 16 12 10 13 11 30 24 28 22 29 21 15 26 25 17 27
AVOIDER 1 7 2 4 3 9 8 5 6 23 19 20 18 14 16 12 10 13 11 29 24 30 22 28 21 15 26 25 17 27
AVOIDER 1 7 2 4 3 9 8 5 6 23 19 20 18 14 16 12 10 13 11 28 30 24 22 29 21 15 26 25 17 27
AVOIDER 1 7 2 4 3 9 8 5 6 23 19 20 18 14 16 12 10 13 11 30 28 24 22 29 21 15 26 25 17 27
AVOIDER 1 7 2 4 3 9 8 5 6 23 19 20 18 14 16 12 10 13 11 29 30 24 22 28 21 15 26 25 17 27
AVOIDER 1 7 2 4 3 9 8 5 6 23 19 20 18 14 16 12 10 13 11 24 28 29 30 22 21 15 26 25 17 27
AVOIDER 1 7 2 4 3 9 8 5 6 23 19 20 18 14 16 12 10 13 11 24 28 30 29 22 21 15 26 25 17 27
AVOIDER 1 7 2 4 3 9 8 5 6 23 19 20 18 14 16 12 10 13 11 24 29 28 30 22 21 15 26 25 17 27
AVOIDER 1 7 2 4 3 9 8 5 6 23 19 20 18 14 16 12 10 13 11 24 30 28 29 22 21 15 26 25 17 27
AVOIDER 1 7 2 4 3 9 8 5 6 23 19 20 18 14 16 12 10 13 11 24 29 30 28 22 21 15 26 25 17 27
AVOIDER 1 7 2 4 3 9 8 5 6 23 19 20 18 14 16 12 10 13 11 28 24 29 30 22 21 15 26 25 17 27
AVOIDER 1 7 2 4 3 9 8 5 6 23 19 20 18 14 16 12 10 13 11 28 24 30 29 22 21 15 26 25 17 27
AVOIDER 1 7 2 4 3 9 8 5 6 23 19 20 18 14 16 12 10 13 11 29 24 28 30 22 21 15 26 25 17 27
AVOIDER 1 7 2 4 3 9 8 5 6 23 19 20 18 14 16 12 10 13 11 30 24 28 29 22 21 15 26 25 17 27
AVOIDER 1 7 2 4 3 9 8 5 6 23 19 20 18 14 16 12 10 13 11 29 24 30 28 22 21 15 26 25 17 27
AVOIDER 1 7 2 4 3 9 8 5 6 23 19 20 18 14 16 12 10 13 11 28 29 24 30 22 21 15 26 25 17 27
AVOIDER 1 7 2 4 3 9 8 5 6 23 19 20 18 14 16 12 10 13 11 28 30 24 29 22 21 15 26 25 17 27
AVOIDER 1 7 2 4 3 9 8 5 6 23 19 20 18 14 16 12 10 13 11 29 28 24 30 22 21 15 26 25 17 27
AVOIDER 1 7 2 4 3 9 8 5 6 23 19 20 18 14 16 12 10 13 11 30 28 24 29 22 21 15 26 25 17 27
AVOIDER 1 7 2 4 3 9 8 5 6 23 19 20 18 14 16 12 10 13 11 29 30 24 28 22 21 15 26 25 17 27
AVOIDER 1 7 2 4 3 9 8 5 6 23 19 20 18 14 16 12 10 13 11 28 29 30 24 22 21 15 26 25 17 27
AVOIDER 1 7 2 4 3 9 8 5 6 23 19 20 18 14 16 12 10 13 11 28 30 29 24 22 21 15 26 25 17 27
AVOIDER 1 7 2 4 3 9 8 5 6 23 19 20 18 14 16 12 10 13 11 29 28 30 24 22 21 15 26 25 17 27
AVOIDER 1 7 2 4 3 9 8 5 6 23 19 20 18 14 16 12 10 13 11 30 28 29 24 22 21 15 26 25 17 27
AVOIDER 1 7 2 4 3 9 8 5 6 23 19 20 18 14 16 12 10 13 11 29 30 28 24 22 21 15 26 25 17 27
AVOIDER 1 7 2 4 3 9 8 5 6 18 20 19 13 14 23 16 10 12 11 24 28 29 30 21 22 15 26 25 17 27
AVOIDER 1 7 2 4 3 9 8 5 6 18 20 19 13 14 23 16 10 12 11 24 28 30 29 21 22 15 26 25 17 27
AVOIDER 1 7 2 4 3 9 8 5 6 18 20 19 13 14 23 16 10 12 11 24 29 28 30 21 22 15 26 25 17 27
AVOIDER 1 7 2 4 3 9 8 5 6 18 20 19 13 14 23 16 10 12 11 24 30 28 29 21 22 15 26 25 17 27
AVOIDER 1 7 2 4 3 9 8 5 6 18 20 19 13 14 23 16 10 12 11 24 29 30 28 21 22 15 26 25 17 27
AVOIDER 1 7 2 4 3 9 8 5 6 18 20 19 13 14 23 16 10 12 11 28 24 29 30 21 22 15 26 25 17 27
AVOIDER 1 7 2 4 3 9 8 5 6 18 20 19 13 14 23 16 10 12 11 28 24 30 29 21 22 15 26 25 17 27
AVOIDER 1 7 2 4 3 9 8 5 6 18 20 19 13 14 23 16 10 12 11 29 24 28 30 21 22 15 26 25 17 27
AVOIDER 1 7 2 4 3 9 8 5 6 18 20 19 13 14 23 16 10 12 11 30 24 28 29 21 22 15 26 25 17 27
AVOIDER 1 7 2 4 3 9 8 5 6 18 20 19 13 14 23 16 10 12 11 29 24 30 28 21 22 15 26 25 17 27
AVOIDER 1 7 2 4 3 9 8 5 6 18 20 19 13 14 23 16 10 12 11 28 29 24 30 21 22 15 26 25 17 27
AVOIDER 1 7 2 4 3 9 8 5 6 18 20 19 13 14 23 16 10 12 11 28 30 24 29 21 22 15 26 25 17 27
AVOIDER 1 7 2 4 3 9 8 5 6 18 20 19 13 14 23 16 10 12 11 29 28 24 30 21 22 15 26 25 17 27
AVOIDER 1 7 2 4 3 9 8 5 6 18 20 19 13 14 23 16 10 12 11 30 28 24 29 21 22 15 26 25 17 27
AVOIDER 1 7 2 4 3 9 8 5 6 18 20 19 13 14 23 16 10 12 11 29 30 24 28 21 22 15 26 25 17 27
AVOIDER 1 7 2 4 3 9 8 5 6 18 20 19 13 14 23 16 10 12 11 28 29 30 24 21 22 15 26 25 17 27
AVOIDER 1 7 2 4 3 9 8 5 6 18 20 19 13 14 23 16 10 12 11 28 30 29 24 21 22 15 26 25 17 27
AVOIDER 1 7 2 4 3 9 8 5 6 18 20 19 13 14 23 16 10 12 11 29 28 30 24 21 22 15 26 25 17 27
AVOIDER 1 7 2 4 3 9 8 5 6 18 20 19 13 14 23 16 10 12 11 30 28 29 24 21 22 15 26 25 17 27
AVOIDER 1 7 2 4 3 9 8 5 6 18 20 19 13 14 23 16 10 12 11 29 30 28 24 21 22 15 26 25 17 27
AVOIDER 1 7 2 4 3 9 8 5 6 18 20 19 13 14 23 16 10 12 11 24 30 22 28 29 21 15 26 25 17 27
AVOIDER 1 7 2 4 3 9 8 5 6 18 20 19 13 14 23 16 10 12 11 30 24 22 28 29 21 15 26 25 17 27
AVOIDER 1 7 2 4 3 9 8 5 6 18 20 19 13 14 23 16 10 12 11 24 28 30 22 29 21 15 26 25 17 27
AVOIDER 1 7 2 4 3 9 8 5 6 18 20 19 13 14 23 16 10 12 11 24 30 28 22 29 21 15 26 25 17 27
AVOIDER 1 7 2 4 3 9 8 5 6 18 20 19 13 14 23 16 10 12 11 24 29 30 22 28 21 15 26 25 17 27
AVOIDER 1 7 2 4 3 9 8 5 6 18 20 19 13 14 23 16 10 12 11 28 24 30 22 29 21 15 26 25 17 27
AVOIDER 1 7 2 4 3 9 8 5 6 18 20 19 13 14 23 16 10 12 11 30 24 28 22 29 21 15 26 25 17 27
AVOIDER 1 7 2 4 3 9 8 5 6 18 20 19 13 14 23 16 10 12 11 29 24 30 22 28 21 15 26 25 17 27
AVOIDER 1 7 2 4 3 9 8 5 6 18 20 19 13 14 23 16 10 12 11 28 30 24 22 29 21 15 26 25 17 27
AVOIDER 1 7 2 4 3 9 8 5 6 18 20 19 13 14 23 16 10 12 11 30 28 24 22 29 21 15 26 25 17 27
AVOIDER 1 7 2 4 3 9 8 5 6 18 20 19 13 14 23 16 10 12 11 29 30 24 22 28 21 15 26 25 17 27
AVOIDER 1 7 2 4 3 9 8 5 6 18 20 19 13 14 23 16 10 12 11 24 28 29 30 22 21 15 26 25 17 27
AVOIDER 1 7 2 4 3 9 8 5 6 18 20 19 13 14 23 16 10 12 11 24 28 30 29 22 21 15 26 25 17 27
AVOIDER 1 7 2 4 3 9 8 5 6 18 20 19 13 14 23 16 10 12 11 24 29 28 30 22 21 15 26 25 17 27
AVOIDER 1 7 2 4 3 9 8 5 6 18 20 19 13 14 23 16 10 12 11 24 30 28 29 22 21 15 26 25 17 27
AVOIDER 1 7 2 4 3 9 8 5 6 18 20 19 13 14 23 16 10 12 11 24 29 30 28 22 21 15 26 25 17 27
AVOIDER 1 7 2 4 3 9 8 5 6 18 20 19 13 14 23 16 10 12 11 28 24 29 30 22 21 15 26 25 17 27
AVOIDER 1 7 2 4 3 9 8 5 6 18 20 19 13 14 23 16 10 12 11 28 24 30 29 22 21 15 26 25 17 27
AVOIDER 1 7 2 4 3 9 8 5 6 18 20 19 13 14 23 16 10 12 11 29 24 28 30 22 21 15 26 25 17 27
AVOIDER 1 7 2 4 3 9 8 5 6 18 20 19 13 14 23 16 10 12 11 30 24 28 29 22 21 15 26 25 17 27
AVOIDER 1 7 2 4 3 9 8 5 6 18 20 19 13 14 23 16 10 12 11 29 24 30 28 22 21 15 26 25 17 27
AVOIDER 1 7 2 4 3 9 8 5 6 18 20 19 13 14 23 16 10 12 11 28 29 24 30 22 21 15 26 25 17 27
AVOIDER 1 7 2 4 3 9 8 5 6 18 20 19 13 14 23 16 10 12 11 28 30 24 29 22 21 15 26 25 17 27
AVOIDER 1 7 2 4 3 9 8 5 6 18 20 19 13 14 23 16 10 12 11 29 28 24 30 22 21 15 26 25 17 27
AVOIDER 1 7 2 4 3 9 8 5 6 18 20 19 13 14 23 16 10 12 11 30 28 24 29 22 21 15 26 25 17 27
AVOIDER 1 7 2 4 3 9 8 5 6 18 20 19 13 14 23 16 10 12 11 29 30 24 28 22 21 15 26 25 17 27
AVOIDER 1 7 2 4 3 9 8 5 6 18 20 19 13 14 23 16 10 12 11 28 29 30 24 22 21 15 26 25 17 27
AVOIDER 1 7 2 4 3 9 8 5 6 18 20 19 13 14 23 16 10 12 11 28 30 29 24 22 21 15 26 25 17 27
AVOIDER 1 7 2 4 3 9 8 5 6 18 20 19 13 14 23 16 10 12 11 29 28 30 24 22 21 15 26 25 17 27
AVOIDER 1 7 2 4 3 9 8 5 6 18 20 19 13 14 23 16 10 12 11 30 28 29 24 22 21 15 26 25 17 27
AVOIDER 1 7 2 4 3 9 8 5 6 18 20 19 13 14 23 16 10 12 11 29 30 28 24 22 21 15 26 25 17 27
AVOIDER 1 7 2 4 3 9 8 5 6 19 18 20 13 14 23 16 10 12 11 24 30 22 28 29 21 15 26 25 17 27
AVOIDER 1 7 2 4 3 9 8 5 6 19 18 20 13 14 23 16 10 12 11 30 24 22 28 29 21 15 26 25 17 27
AVOIDER 1 7 2 4 3 9 8 5 6 19 18 20 13 14 23 16 10 12 11 24 28 30 22 29 21 15 26 25 17 27
AVOIDER 1 7 2 4 3 9 8 5 6 19 18 20 13 14 23 16 10 12 11 24 30 28 22 29 21 15 26 25 17 27
AVOIDER 1 7 2 4 3 9 8 5 6 19 18 20 13 14 23 16 10 12 11 24 29 30 22 28 21 15 26 25 17 27
AVOIDER 1 7 2 4 3 9 8 5 6 19 18 20 13 14 23 16 10 12 11 28 24 30 22 29 21 15 26 25 17 27
AVOIDER 1 7 2 4 3 9 8 5 6 19 18 20 13 14 23 16 10 12 11 30 24 28 22 29 21 15 26 25 17 27
AVOIDER 1 7 2 4 3 9 8 5 6 19 18 20 13 14 23 16 10 12 11 29 24 30 22 28 21 15 26 25 17 27
AVOIDER 1 7 2 4 3 9 8 5 6 19 18 20 13 14 23 16 10 12 11 28 30 24 22 29 21 15 26 25 17 27
AVOIDER 1 7 2 4 3 9 8 5 6 19 18 20 13 14 23 16 10 12 11 30 28 24 22 29 21 15 26 25 17 27
AVOIDER 1 7 2 4 3 9 8 5 6 19 18 20 13 14 23 16 10 12 11 29 30 24 22 28 21 15 26 25 17 27
AVOIDER 1 7 2 4 3 9 8 5 6 19 18 20 13 14 23 16 10 12 11 24 28 29 30 22 21 15 26 25 17 27
AVOIDER 1 7 2 4 3 9 8 5 6 19 18 20 13 14 23 16 10 12 11 24 28 30 29 22 21 15 26 25 17 27
AVOIDER 1 7 2 4 3 9 8 5 6 19 18 20 13 14 23 16 10 12 11 24 29 28 30 22 21 15 26 25 17 27
AVOIDER 1 7 2 4 3 9 8 5 6 19 18 20 13 14 23 16 10 12 11 24 30 28 29 22 21 15 26 25 17 27
AVOIDER 1 7 2 4 3 9 8 5 6 19 18 20 13 14 23 16 10 12 11 24 29 30 28 22 21 15 26 25 17 27
AVOIDER 1 7 2 4 3 9 8 5 6 19 18 20 13 14 23 16 10 12 11 28 24 29 30 22 21 15 26 25 17 27
AVOIDER 1 7 2 4 3 9 8 5 6 19 18 20 13 14 23 16 10 12 11 28 24 30 29 22 21 15 26 25 17 27
AVOIDER 1 7 2 4 3 9 8 5 6 19 18 20 13 14 23 16 10 12 11 29 24 28 30 22 21 15 26 25 17 27
AVOIDER 1 7 2 4 3 9 8 5 6 19 18 20 13 14 23 16 10 12 11 30 24 28 29 22 21 15 26 25 17 27
AVOIDER 1 7 2 4 3 9 8 5 6 19 18 20 13 14 23 16 10 12 11 29 24 30 28 22 21 15 26 25 17 27
AVOIDER 1 7 2 4 3 9 8 5 6 19 18 20 13 14 23 16 10 12 11 28 29 24 30 22 21 15 26 25 17 27
AVOIDER 1 7 2 4 3 9 8 5 6 19 18 20 13 14 23 16 10 12 11 28 30 24 29 22 21 15 26 25 17 27
AVOIDER 1 7 2 4 3 9 8 5 6 19 18 20 13 14 23 16 10 12 11 29 28 24 30 22 21 15 26 25 17 27
AVOIDER 1 7 2 4 3 9 8 5 6 19 18 20 13 14 23 16 10 12 11 30 28 24 29 22 21 15 26 25 17 27
AVOIDER 1 7 2 4 3 9 8 5 6 19 18 20 13 14 23 16 10 12 11 29 30 24 28 22 21 15 26 25 17 27
AVOIDER 1 7 2 4 3 9 8 5 6 19 18 20 13 14 23 16 10 12 11 28 29 30 24 22 21 15 26 25 17 27
AVOIDER 1 7 2 4 3 9 8 5 6 19 18 20 13 14 23 16 10 12 11 28 30 29 24 22 21 15 26 25 17 27
AVOIDER 1 7 2 4 3 9 8 5 6 19 18 20 13 14 23 16 10 12 11 29 28 30 24 22 21 15 26 25 17 27
AVOIDER 1 7 2 4 3 9 8 5 6 19 18 20 13 14 23 16 10 12 11 30 28 29 24 22 21 15 26 25 17 27
AVOIDER 1 7 2 4 3 9 8 5 6 19 18 20 13 14 23 16 10 12 11 29 30 28 24 22 21 15 26 25 17 27
AVOIDER 1 7 2 4 3 9 8 5 6 20 18 19 13 14 23 16 10 12 11 24 28 29 30 21 22 15 26 25 17 27
AVOIDER 1 7 2 4 3 9 8 5 6 20 18 19 13 14 23 16 10 12 11 24 28 30 29 21 22 15 26 25 17 27
AVOIDER 1 7 2 4 3 9 8 5 6 20 18 19 13 14 23 16 10 12 11 24 29 28 30 21 22 15 26 25 17 27
AVOIDER 1 7 2 4 3 9 8 5 6 20 18 19 13 14 23 16 10 12 11 24 30 28 29 21 22 15 26 25 17 27
AVOIDER 1 7 2 4 3 9 8 5 6 20 18 19 13 14 23 16 10 12 11 24 29 30 28 21 22 15 26 25 17 27
AVOIDER 1 7 2 4 3 9 8 5 6 20 18 19 13 14 23 16 10 12 11 28 24 29 30 21 22 15 26 25 17 27
AVOIDER 1 7 2 4 3 9 8 5 6 20 18 19 13 14 23 16 10 12 11 28 24 30 29 21 22 15 26 25 17 27
AVOIDER 1 7 2 4 3 9 8 5 6 20 18 19 13 14 23 16 10 12 11 29 24 28 30 21 22 15 26 25 17 27
AVOIDER 1 7 2 4 3 9 8 5 6 20 18 19 13 14 23 16 10 12 11 30 24 28 29 21 22 15 26 25 17 27
AVOIDER 1 7 2 4 3 9 8 5 6 20 18 19 13 14 23 16 10 12 11 29 24 30 28 21 22 15 26 25 17 27
AVOIDER 1 7 2 4 3 9 8 5 6 20 18 19 13 14 23 16 10 12 11 28 29 24 30 21 22 15 26 25 17 27
AVOIDER 1 7 2 4 3 9 8 5 6 20 18 19 13 14 23 16 10 12 11 28 30 24 29 21 22 15 26 25 17 27
AVOIDER 1 7 2 4 3 9 8 5 6 20 18 19 13 14 23 16 10 12 11 29 28 24 30 21 22 15 26 25 17 27
AVOIDER 1 7 2 4 3 9 8 5 6 20 18 19 13 14 23 16 10 12 11 30 28 24 29 21 22 15 26 25 17 27
AVOIDER 1 7 2 4 3 9 8 5 6 20 18 19 13 14 23 16 10 12 11 29 30 24 28 21 22 15 26 25 17 27
AVOIDER 1 7 2 4 3 9 8 5 6 20 18 19 13 14 23 16 10 12 11 28 29 30 24 21 22 15 26 25 17 27
AVOIDER 1 7 2 4 3 9 8 5 6 20 18 19 13 14 23 16 10 12 11 28 30 29 24 21 22 15 26 25 17 27
AVOIDER 1 7 2 4 3 9 8 5 6 20 18 19 13 14 23 16 10 12 11 29 28 30 24 21 22 15 26 25 17 27
AVOIDER 1 7 2 4 3 9 8 5 6 20 18 19 13 14 23 16 10 12 11 30 28 29 24 21 22 15 26 25 17 27
AVOIDER 1 7 2 4 3 9 8 5 6 20 18 19 13 14 23 16 10 12 11 29 30 28 24 21 22 15 26 25 17 27
AVOIDER 1 7 2 4 3 9 8 5 6 20 18 19 13 14 23 16 10 12 11 24 30 22 28 29 21 15 26 25 17 27
AVOIDER 1 7 2 4 3 9 8 5 6 20 18 19 13 14 23 16 10 12 11 30 24 22 28 29 21 15 26 25 17 27
AVOIDER 1 7 2 4 3 9 8 5 6 20 18 19 13 14 23 16 10 12 11 24 28 30 22 29 21 15 26 25 17 27
AVOIDER 1 7 2 4 3 9 8 5 6 20 18 19 13 14 23 16 10 12 11 24 30 28 22 29 21 15 26 25 17 27
AVOIDER 1 7 2 4 3 9 8 5 6 20 18 19 13 14 23 16 10 12 11 24 29 30 22 28 21 15 26 25 17 27
AVOIDER 1 7 2 4 3 9 8 5 6 20 18 19 13 14 23 16 10 12 11 28 24 30 22 29 21 15 26 25 17 27
AVOIDER 1 7 2 4 3 9 8 5 6 20 18 19 13 14 23 16 10 12 11 30 24 28 22 29 21 15 26 25 17 27
AVOIDER 1 7 2 4 3 9 8 5 6 20 18 19 13 14 23 16 10 12 11 29 24 30 22 28 21 15 26 25 17 27
AVOIDER 1 7 2 4 3 9 8 5 6 20 18 19 13 14 23 16 10 12 11 28 30 24 22 29 21 15 26 25 17 27
AVOIDER 1 7 2 4 3 9 8 5 6 20 18 19 13 14 23 16 10 12 11 30 28 24 22 29 21 15 26 25 17 27
AVOIDER 1 7 2 4 3 9 8 5 6 20 18 19 13 14 23 16 10 12 11 29 30 24 22 28 21 15 26 25 17 27
AVOIDER 1 7 2 4 3 9 8 5 6 20 18 19 13 14 23 16 10 12 11 24 28 29 30 22 21 15 26 25 17 27
AVOIDER 1 7 2 4 3 9 8 5 6 20 18 19 13 14 23 16 10 12 11 24 28 30 29 22 21 15 26 25 17 27
AVOIDER 1 7 2 4 3 9 8 5 6 20 18 19 13 14 23 16 10 12 11 24 29 28 30 22 21 15 26 25 17 27
AVOIDER 1 7 2 4 3 9 8 5 6 20 18 19 13 14 23 16 10 12 11 24 30 28 29 22 21 15 26 25 17 27
AVOIDER 1 7 2 4 3 9 8 5 6 20 18 19 13 14 23 16 10 12 11 24 29 30 28 22 21 15 26 25 17 27
AVOIDER 1 7 2 4 3 9 8 5 6 20 18 19 13 14 23 16 10 12 11 28 24 29 30 22 21 15 26 25 17 27
AVOIDER 1 7 2 4 3 9 8 5 6 20 18 19 13 14 23 16 10 12 11 28 24 30 29 22 21 15 26 25 17 27
AVOIDER 1 7 2 4 3 9 8 5 6 20 18 19 13 14 23 16 10 12 11 29 24 28 30 22 21 15 26 25 17 27
AVOIDER 1 7 2 4 3 9 8 5 6 20 18 19 13 14 23 16 10 12 11 30 24 28 29 22 21 15 26 25 17 27
AVOIDER 1 7 2 4 3 9 8 5 6 20 18 19 13 14 23 16 10 12 11 29 24 30 28 22 21 15 26 25 17 27
AVOIDER 1 7 2 4 3 9 8 5 6 20 18 19 13 14 23 16 10 12 11 28 29 24 30 22 21 15 26 25 17 27
AVOIDER 1 7 2 4 3 9 8 5 6 20 18 19 13 14 23 16 10 12 11 28 30 24 29 22 21 15 26 25 17 27
AVOIDER 1 7 2 4 3 9 8 5 6 20 18 19 13 14 23 16 10 12 11 29 28 24 30 22 21 15 26 25 17 27
AVOIDER 1 7 2 4 3 9 8 5 6 20 18 19 13 14 23 16 10 12 11 30 28 24 29 22 21 15 26 25 17 27
AVOIDER 1 7 2 4 3 9 8 5 6 20 18 19 13 14 23 16 10 12 11 29 30 24 28 22 21 15 26 25 17 27
AVOIDER 1 7 2 4 3 9 8 5 6 20 18 19 13 14 23 16 10 12 11 28 29 30 24 22 21 15 26 25 17 27
AVOIDER 1 7 2 4 3 9 8 5 6 20 18 19 13 14 23 16 10 12 11 28 30 29 24 22 21 15 26 25 17 27
AVOIDER 1 7 2 4 3 9 8 5 6 20 18 19 13 14 23 16 10 12 11 29 28 30 24 22 21 15 26 25 17 27
AVOIDER 1 7 2 4 3 9 8 5 6 20 18 19 13 14 23 16 10 12 11 30 28 29 24 22 21 15 26 25 17 27
AVOIDER 1 7 2 4 3 9 8 5 6 20 18 19 13 14 23 16 10 12 11 29 30 28 24 22 21 15 26 25 17 27
AVOIDER 1 7 2 4 3 9 8 5 6 19 20 18 13 14 23 16 10 12 11 24 30 22 28 29 21 15 26 25 17 27
AVOIDER 1 7 2 4 3 9 8 5 6 19 20 18 13 14 23 16 10 12 11 30 24 22 28 29 21 15 26 25 17 27
AVOIDER 1 7 2 4 3 9 8 5 6 19 20 18 13 14 23 16 10 12 11 24 28 30 22 29 21 15 26 25 17 27
AVOIDER 1 7 2 4 3 9 8 5 6 19 20 18 13 14 23 16 10 12 11 24 30 28 22 29 21 15 26 25 17 27
AVOIDER 1 7 2 4 3 9 8 5 6 19 20 18 13 14 23 16 10 12 11 24 29 30 22 28 21 15 26 25 17 27
AVOIDER 1 7 2 4 3 9 8 5 6 19 20 18 13 14 23 16 10 12 11 28 24 30 22 29 21 15 26 25 17 27
AVOIDER 1 7 2 4 3 9 8 5 6 19 20 18 13 14 23 16 10 12 11 30 24 28 22 29 21 15 26 25 17 27
AVOIDER 1 7 2 4 3 9 8 5 6 19 20 18 13 14 23 16 10 12 11 29 24 30 22 28 21 15 26 25 17 27
AVOIDER 1 7 2 4 3 9 8 5 6 19 20 18 13 14 23 16 10 12 11 28 30 24 22 29 21 15 26 25 17 27
AVOIDER 1 7 2 4 3 9 8 5 6 19 20 18 13 14 23 16 10 12 11 30 28 24 22 29 21 15 26 25 17 27
AVOIDER 1 7 2 4 3 9 8 5 6 19 20 18 13 14 23 16 10 12 11 29 30 24 22 28 21 15 26 25 17 27
AVOIDER 1 7 2 4 3 9 8 5 6 19 20 18 13 14 23 16 10 12 11 24 28 29 30 22 21 15 26 25 17 27
AVOIDER 1 7 2 4 3 9 8 5 6 19 20 18 13 14 23 16 10 12 11 24 28 30 29 22 21 15 26 25 17 27
AVOIDER 1 7 2 4 3 9 8 5 6 19 20 18 13 14 23 16 10 12 11 24 29 28 30 22 21 15 26 25 17 27
AVOIDER 1 7 2 4 3 9 8 5 6 19 20 18 13 14 23 16 10 12 11 24 30 28 29 22 21 15 26 25 17 27
AVOIDER 1 7 2 4 3 9 8 5 6 19 20 18 13 14 23 16 10 12 11 24 29 30 28 22 21 15 26 25 17 27
AVOIDER 1 7 2 4 3 9 8 5 6 19 20 18 13 14 23 16 10 12 11 28 24 29 30 22 21 15 26 25 17 27
AVOIDER 1 7 2 4 3 9 8 5 6 19 20 18 13 14 23 16 10 12 11 28 24 30 29 22 21 15 26 25 17 27
AVOIDER 1 7 2 4 3 9 8 5 6 19 20 18 13 14 23 16 10 12 11 29 24 28 30 22 21 15 26 25 17 27
AVOIDER 1 7 2 4 3 9 8 5 6 19 20 18 13 14 23 16 10 12 11 30 24 28 29 22 21 15 26 25 17 27
AVOIDER 1 7 2 4 3 9 8 5 6 19 20 18 13 14 23 16 10 12 11 29 24 30 28 22 21 15 26 25 17 27
AVOIDER 1 7 2 4 3 9 8 5 6 19 20 18 13 14 23 16 10 12 11 28 29 24 30 22 21 15 26 25 17 27
AVOIDER 1 7 2 4 3 9 8 5 6 19 20 18 13 14 23 16 10 12 11 28 30 24 29 22 21 15 26 25 17 27
AVOIDER 1 7 2 4 3 9 8 5 6 19 20 18 13 14 23 16 10 12 11 29 28 24 30 22 21 15 26 25 17 27
AVOIDER 1 7 2 4 3 9 8 5 6 19 20 18 13 14 23 16 10 12 11 30 28 24 29 22 21 15 26 25 17 27
AVOIDER 1 7 2 4 3 9 8 5 6 19 20 18 13 14 23 16 10 12 11 29 30 24 28 22 21 15 26 25 17 27
AVOIDER 1 7 2 4 3 9 8 5 6 19 20 18 13 14 23 16 10 12 11 28 29 30 24 22 21 15 26 25 17 27
AVOIDER 1 7 2 4 3 9 8 5 6 19 20 18 13 14 23 16 10 12 11 28 30 29 24 22 21 15 26 25 17 27
AVOIDER 1 7 2 4 3 9 8 5 6 19 20 18 13 14 23 16 10 12 11 29 28 30 24 22 21 15 26 25 17 27
AVOIDER 1 7 2 4 3 9 8 5 6 19 20 18 13 14 23 16 10 12 11 30 28 29 24 22 21 15 26 25 17 27
AVOIDER 1 7 2 4 3 9 8 5 6 19 20 18 13 14 23 16 10 12 11 29 30 28 24 22 21 15 26 25 17 27
AVOIDER 1 7 2 4 3 9 8 5 6 18 20 19 13 23 14 16 10 12 11 24 28 29 30 21 22 15 26 25 17 27
AVOIDER 1 7 2 4 3 9 8 5 6 18 20 19 13 23 14 16 10 12 11 24 28 30 29 21 22 15 26 25 17 27
AVOIDER 1 7 2 4 3 9 8 5 6 18 20 19 13 23 14 16 10 12 11 24 29 28 30 21 22 15 26 25 17 27
AVOIDER 1 7 2 4 3 9 8 5 6 18 20 19 13 23 14 16 10 12 11 24 30 28 29 21 22 15 26 25 17 27
AVOIDER 1 7 2 4 3 9 8 5 6 18 20 19 13 23 14 16 10 12 11 24 29 30 28 21 22 15 26 25 17 27
AVOIDER 1 7 2 4 3 9 8 5 6 18 20 19 13 23 14 16 10 12 11 28 24 29 30 21 22 15 26 25 17 27
AVOIDER 1 7 2 4 3 9 8 5 6 18 20 19 13 23 14 16 10 12 11 28 24 30 29 21 22 15 26 25 17 27
AVOIDER 1 7 2 4 3 9 8 5 6 18 20 19 13 23 14 16 10 12 11 29 24 28 30 21 22 15 26 25 17 27
AVOIDER 1 7 2 4 3 9 8 5 6 18 20 19 13 23 14 16 10 12 11 30 24 28 29 21 22 15 26 25 17 27
AVOIDER 1 7 2 4 3 9 8 5 6 18 20 19 13 23 14 16 10 12 11 29 24 30 28 21 22 15 26 25 17 27
AVOIDER 1 7 2 4 3 9 8 5 6 18 20 19 13 23 14 16 10 12 11 28 29 24 30 21 22 15 26 25 17 27
AVOIDER 1 7 2 4 3 9 8 5 6 18 20 19 13 23 14 16 10 12 11 28 30 24 29 21 22 15 26 25 17 27
AVOIDER 1 7 2 4 3 9 8 5 6 18 20 19 13 23 14 16 10 12 11 29 28 24 30 21 22 15 26 25 17 27
AVOIDER 1 7 2 4 3 9 8 5 6 18 20 19 13 23 14 16 10 12 11 30 28 24 29 21 22 15 26 25 17 27
AVOIDER 1 7 2 4 3 9 8 5 6 18 20 19 13 23 14 16 10 12 11 29 30 24 28 21 22 15 26 25 17 27
AVOIDER 1 7 2 4 3 9 8 5 6 18 20 19 13 23 14 16 10 12 11 28 29 30 24 21 22 15 26 25 17 27
AVOIDER 1 7 2 4 3 9 8 5 6 18 20 19 13 23 14 16 10 12 11 28 30 29 24 21 22 15 26 25 17 27
AVOIDER 1 7 2 4 3 9 8 5 6 18 20 19 13 23 14 16 10 12 11 29 28 30 24 21 22 15 26 25 17 27
AVOIDER 1 7 2 4 3 9 8 5 6 18 20 19 13 23 14 16 10 12 11 30 28 29 24 21 22 15 26 25 17 27
AVOIDER 1 7 2 4 3 9 8 5 6 18 20 19 13 23 14 16 10 12 11 29 30 28 24 21 22 15 26 25 17 27
AVOIDER 1 7 2 4 3 9 8 5 6 18 20 19 13 23 14 16 10 12 11 24 30 22 28 29 21 15 26 25 17 27
AVOIDER 1 7 2 4 3 9 8 5 6 18 20 19 13 23 14 16 10 12 11 30 24 22 28 29 21 15 26 25 17 27
AVOIDER 1 7 2 4 3 9 8 5 6 18 20 19 13 23 14 16 10 12 11 24 28 30 22 29 21 15 26 25 17 27
AVOIDER 1 7 2 4 3 9 8 5 6 18 20 19 13 23 14 16 10 12 11 24 30 28 22 29 21 15 26 25 17 27
AVOIDER 1 7 2 4 3 9 8 5 6 18 20 19 13 23 14 16 10 12 11 24 29 30 22 28 21 15 26 25 17 27
AVOIDER 1 7 2 4 3 9 8 5 6 18 20 19 13 23 14 16 10 12 11 28 24 30 22 29 21 15 26 25 17 27
AVOIDER 1 7 2 4 3 9 8 5 6 18 20 19 13 23 14 16 10 12 11 30 24 28 22 29 21 15 26 25 17 27
AVOIDER 1 7 2 4 3 9 8 5 6 18 20 19 13 23 14 16 10 12 11 29 24 30 22 28 21 15 26 25 17 27
AVOIDER 1 7 2 4 3 9 8 5 6 18 20 19 13 23 14 16 10 12 11 28 30 24 22 29 21 15 26 25 17 27
AVOIDER 1 7 2 4 3 9 8 5 6 18 20 19 13 23 14 16 10 12 11 30 28 24 22 29 21 15 26 25 17 27
AVOIDER 1 7 2 4 3 9 8 5 6 18 20 19 13 23 14 16 10 12 11 29 30 24 22 28 21 15 26 25 17 27
AVOIDER 1 7 2 4 3 9 8 5 6 18 20 19 13 23 14 16 10 12 11 24 28 29 30 22 21 15 26 25 17 27
AVOIDER 1 7 2 4 3 9 8 5 6 18 20 19 13 23 14 16 10 12 11 24 28 30 29 22 21 15 26 25 17 27
AVOIDER 1 7 2 4 3 9 8 5 6 18 20 19 13 23 14 16 10 12 11 24 29 28 30 22 21 15 26 25 17 27
AVOIDER 1 7 2 4 3 9 8 5 6 18 20 19 13 23 14 16 10 12 11 24 30 28 29 22 21 15 26 25 17 27
AVOIDER 1 7 2 4 3 9 8 5 6 18 20 19 13 23 14 16 10 12 11 24 29 30 28 22 21 15 26 25 17 27
AVOIDER 1 7 2 4 3 9 8 5 6 18 20 19 13 23 14 16 10 12 11 28 24 29 30 22 21 15 26 25 17 27
AVOIDER 1 7 2 4 3 9 8 5 6 18 20 19 13 23 14 16 10 12 11 28 24 30 29 22 21 15 26 25 17 27
AVOIDER 1 7 2 4 3 9 8 5 6 18 20 19 13 23 14 16 10 12 11 29 24 28 30 22 21 15 26 25 17 27
AVOIDER 1 7 2 4 3 9 8 5 6 18 20 19 13 23 14 16 10 12 11 30 24 28 29 22 21 15 26 25 17 27
AVOIDER 1 7 2 4 3 9 8 5 6 18 20 19 13 23 14 16 10 12 11 29 24 30 28 22 21 15 26 25 17 27
AVOIDER 1 7 2 4 3 9 8 5 6 18 20 19 13 23 14 16 10 12 11 28 29 24 30 22 21 15 26 25 17 27
AVOIDER 1 7 2 4 3 9 8 5 6 18 20 19 13 23 14 16 10 12 11 28 30 24 29 22 21 15 26 25 17 27
AVOIDER 1 7 2 4 3 9 8 5 6 18 20 19 13 23 14 16 10 12 11 29 28 24 30 22 21 15 26 25 17 27
AVOIDER 1 7 2 4 3 9 8 5 6 18 20 19 13 23 14 16 10 12 11 30 28 24 29 22 21 15 26 25 17 27
AVOIDER 1 7 2 4 3 9 8 5 6 18 20 19 13 23 14 16 10 12 11 29 30 24 28 22 21 15 26 25 17 27
AVOIDER 1 7 2 4 3 9 8 5 6 18 20 19 13 23 14 16 10 12 11 28 29 30 24 22 21 15 26 25 17 27
AVOIDER 1 7 2 4 3 9 8 5 6 18 20 19 13 23 14 16 10 12 11 28 30 29 24 22 21 15 26 25 17 27
AVOIDER 1 7 2 4 3 9 8 5 6 18 20 19 13 23 14 16 10 12 11 29 28 30 24 22 21 15 26 25 17 27
AVOIDER 1 7 2 4 3 9 8 5 6 18 20 19 13 23 14 16 10 12 11 30 28 29 24 22 21 15 26 25 17 27
AVOIDER 1 7 2 4 3 9 8 5 6 18 20 19 13 23 14 16 10 12 11 29 30 28 24 22 21 15 26 25 17 27
AVOIDER 1 7 2 4 3 9 8 5 6 19 18 20 13 23 14 16 10 12 11 24 30 22 28 29 21 15 26 25 17 27
AVOIDER 1 7 2 4 3 9 8 5 6 19 18 20 13 23 14 16 10 12 11 30 24 22 28 29 21 15 26 25 17 27
AVOIDER 1 7 2 4 3 9 8 5 6 19 18 20 13 23 14 16 10 12 11 24 28 30 22 29 21 15 26 25 17 27
AVOIDER 1 7 2 4 3 9 8 5 6 19 18 20 13 23 14 16 10 12 11 24 30 28 22 29 21 15 26 25 17 27
AVOIDER 1 7 2 4 3 9 8 5 6 19 18 20 13 23 14 16 10 12 11 24 29 30 22 28 21 15 26 25 17 27
AVOIDER 1 7 2 4 3 9 8 5 6 19 18 20 13 23 14 16 10 12 11 28 24 30 22 29 21 15 26 25 17 27
AVOIDER 1 7 2 4 3 9 8 5 6 19 18 20 13 23 14 16 10 12 11 30 24 28 22 29 21 15 26 25 17 27
AVOIDER 1 7 2 4 3 9 8 5 6 19 18 20 13 23 14 16 10 12 11 29 24 30 22 28 21 15 26 25 17 27
AVOIDER 1 7 2 4 3 9 8 5 6 19 18 20 13 23 14 16 10 12 11 28 30 24 22 29 21 15 26 25 17 27
AVOIDER 1 7 2 4 3 9 8 5 6 19 18 20 13 23 14 16 10 12 11 30 28 24 22 29 21 15 26 25 17 27
AVOIDER 1 7 2 4 3 9 8 5 6 19 18 20 13 23 14 16 10 12 11 29 30 24 22 28 21 15 26 25 17 27
AVOIDER 1 7 2 4 3 9 8 5 6 19 18 20 13 23 14 16 10 12 11 24 28 29 30 22 21 15 26 25 17 27
AVOIDER 1 7 2 4 3 9 8 5 6 19 18 20 13 23 14 16 10 12 11 24 28 30 29 22 21 15 26 25 17 27
AVOIDER 1 7 2 4 3 9 8 5 6 19 18 20 13 23 14 16 10 12 11 24 29 28 30 22 21 15 26 25 17 27
AVOIDER 1 7 2 4 3 9 8 5 6 19 18 20 13 23 14 16 10 12 11 24 30 28 29 22 21 15 26 25 17 27
AVOIDER 1 7 2 4 3 9 8 5 6 19 18 20 13 23 14 16 10 12 11 24 29 30 28 22 21 15 26 25 17 27
AVOIDER 1 7 2 4 3 9 8 5 6 19 18 20 13 23 14 16 10 12 11 28 24 29 30 22 21 15 26 25 17 27
AVOIDER 1 7 2 4 3 9 8 5 6 19 18 20 13 23 14 16 10 12 11 28 24 30 29 22 21 15 26 25 17 27
AVOIDER 1 7 2 4 3 9 8 5 6 19 18 20 13 23 14 16 10 12 11 29 24 28 30 22 21 15 26 25 17 27
AVOIDER 1 7 2 4 3 9 8 5 6 19 18 20 13 23 14 16 10 12 11 30 24 28 29 22 21 15 26 25 17 27
AVOIDER 1 7 2 4 3 9 8 5 6 19 18 20 13 23 14 16 10 12 11 29 24 30 28 22 21 15 26 25 17 27
AVOIDER 1 7 2 4 3 9 8 5 6 19 18 20 13 23 14 16 10 12 11 28 29 24 30 22 21 15 26 25 17 27
AVOIDER 1 7 2 4 3 9 8 5 6 19 18 20 13 23 14 16 10 12 11 28 30 24 29 22 21 15 26 25 17 27
AVOIDER 1 7 2 4 3 9 8 5 6 19 18 20 13 23 14 16 10 12 11 29 28 24 30 22 21 15 26 25 17 27
AVOIDER 1 7 2 4 3 9 8 5 6 19 18 20 13 23 14 16 10 12 11 30 28 24 29 22 21 15 26 25 17 27
AVOIDER 1 7 2 4 3 9 8 5 6 19 18 20 13 23 14 16 10 12 11 29 30 24 28 22 21 15 26 25 17 27
AVOIDER 1 7 2 4 3 9 8 5 6 19 18 20 13 23 14 16 10 12 11 28 29 30 24 22 21 15 26 25 17 27
AVOIDER 1 7 2 4 3 9 8 5 6 19 18 20 13 23 14 16 10 12 11 28 30 29 24 22 21 15 26 25 17 27
AVOIDER 1 7 2 4 3 9 8 5 6 19 18 20 13 23 14 16 10 12 11 29 28 30 24 22 21 15 26 25 17 27
AVOIDER 1 7 2 4 3 9 8 5 6 19 18 20 13 23 14 16 10 12 11 30 28 29 24 22 21 15 26 25 17 27
AVOIDER 1 7 2 4 3 9 8 5 6 19 18 20 13 23 14 16 10 12 11 29 30 28 24 22 21 15 26 25 17 27
AVOIDER 1 7 2 4 3 9 8 5 6 20 18 19 13 23 14 16 10 12 11 24 28 29 30 21 22 15 26 25 17 27
AVOIDER 1 7 2 4 3 9 8 5 6 20 18 19 13 23 14 16 10 12 11 24 28 30 29 21 22 15 26 25 17 27
AVOIDER 1 7 2 4 3 9 8 5 6 20 18 19 13 23 14 16 10 12 11 24 29 28 30 21 22 15 26 25 17 27
AVOIDER 1 7 2 4 3 9 8 5 6 20 18 19 13 23 14 16 10 12 11 24 30 28 29 21 22 15 26 25 17 27
AVOIDER 1 7 2 4 3 9 8 5 6 20 18 19 13 23 14 16 10 12 11 24 29 30 28 21 22 15 26 25 17 27
AVOIDER 1 7 2 4 3 9 8 5 6 20 18 19 13 23 14 16 10 12 11 28 24 29 30 21 22 15 26 25 17 27
AVOIDER 1 7 2 4 3 9 8 5 6 20 18 19 13 23 14 16 10 12 11 28 24 30 29 21 22 15 26 25 17 27
AVOIDER 1 7 2 4 3 9 8 5 6 20 18 19 13 23 14 16 10 12 11 29 24 28 30 21 22 15 26 25 17 27
AVOIDER 1 7 2 4 3 9 8 5 6 20 18 19 13 23 14 16 10 12 11 30 24 28 29 21 22 15 26 25 17 27
AVOIDER 1 7 2 4 3 9 8 5 6 20 18 19 13 23 14 16 10 12 11 29 24 30 28 21 22 15 26 25 17 27
AVOIDER 1 7 2 4 3 9 8 5 6 20 18 19 13 23 14 16 10 12 11 28 29 24 30 21 22 15 26 25 17 27
AVOIDER 1 7 2 4 3 9 8 5 6 20 18 19 13 23 14 16 10 12 11 28 30 24 29 21 22 15 26 25 17 27
AVOIDER 1 7 2 4 3 9 8 5 6 20 18 19 13 23 14 16 10 12 11 29 28 24 30 21 22 15 26 25 17 27
AVOIDER 1 7 2 4 3 9 8 5 6 20 18 19 13 23 14 16 10 12 11 30 28 24 29 21 22 15 26 25 17 27
AVOIDER 1 7 2 4 3 9 8 5 6 20 18 19 13 23 14 16 10 12 11 29 30 24 28 21 22 15 26 25 17 27
AVOIDER 1 7 2 4 3 9 8 5 6 20 18 19 13 23 14 16 10 12 11 28 29 30 24 21 22 15 26 25 17 27
AVOIDER 1 7 2 4 3 9 8 5 6 20 18 19 13 23 14 16 10 12 11 28 30 29 24 21 22 15 26 25 17 27
AVOIDER 1 7 2 4 3 9 8 5 6 20 18 19 13 23 14 16 10 12 11 29 28 30 24 21 22 15 26 25 17 27
AVOIDER 1 7 2 4 3 9 8 5 6 20 18 19 13 23 14 16 10 12 11 30 28 29 24 21 22 15 26 25 17 27
AVOIDER 1 7 2 4 3 9 8 5 6 20 18 19 13 23 14 16 10 12 11 29 30 28 24 21 22 15 26 25 17 27
AVOIDER 1 7 2 4 3 9 8 5 6 20 18 19 13 23 14 16 10 12 11 24 30 22 28 29 21 15 26 25 17 27
AVOIDER 1 7 2 4 3 9 8 5 6 20 18 19 13 23 14 16 10 12 11 30 24 22 28 29 21 15 26 25 17 27
AVOIDER 1 7 2 4 3 9 8 5 6 20 18 19 13 23 14 16 10 12 11 24 28 30 22 29 21 15 26 25 17 27
AVOIDER 1 7 2 4 3 9 8 5 6 20 18 19 13 23 14 16 10 12 11 24 30 28 22 29 21 15 26 25 17 27
AVOIDER 1 7 2 4 3 9 8 5 6 20 18 19 13 23 14 16 10 12 11 24 29 30 22 28 21 15 26 25 17 27
AVOIDER 1 7 2 4 3 9 8 5 6 20 18 19 13 23 14 16 10 12 11 28 24 30 22 29 21 15 26 25 17 27
AVOIDER 1 7 2 4 3 9 8 5 6 20 18 19 13 23 14 16 10 12 11 30 24 28 22 29 21 15 26 25 17 27
AVOIDER 1 7 2 4 3 9 8 5 6 20 18 19 13 23 14 16 10 12 11 29 24 30 22 28 21 15 26 25 17 27
AVOIDER 1 7 2 4 3 9 8 5 6 20 18 19 13 23 14 16 10 12 11 28 30 24 22 29 21 15 26 25 17 27
AVOIDER 1 7 2 4 3 9 8 5 6 20 18 19 13 23 14 16 10 12 11 30 28 24 22 29 21 15 26 25 17 27
AVOIDER 1 7 2 4 3 9 8 5 6 20 18 19 13 23 14 16 10 12 11 29 30 24 22 28 21 15 26 25 17 27
AVOIDER 1 7 2 4 3 9 8 5 6 20 18 19 13 23 14 16 10 12 11 24 28 29 30 22 21 15 26 25 17 27
AVOIDER 1 7 2 4 3 9 8 5 6 20 18 19 13 23 14 16 10 12 11 24 28 30 29 22 21 15 26 25 17 27
AVOIDER 1 7 2 4 3 9 8 5 6 20 18 19 13 23 14 16 10 12 11 24 29 28 30 22 21 15 26 25 17 27
AVOIDER 1 7 2 4 3 9 8 5 6 20 18 19 13 23 14 16 10 12 11 24 30 28 29 22 21 15 26 25 17 27
AVOIDER 1 7 2 4 3 9 8 5 6 20 18 19 13 23 14 16 10 12 11 24 29 30 28 22 21 15 26 25 17 27
AVOIDER 1 7 2 4 3 9 8 5 6 20 18 19 13 23 14 16 10 12 11 28 24 29 30 22 21 15 26 25 17 27
AVOIDER 1 7 2 4 3 9 8 5 6 20 18 19 13 23 14 16 10 12 11 28 24 30 29 22 21 15 26 25 17 27
AVOIDER 1 7 2 4 3 9 8 5 6 20 18 19 13 23 14 16 10 12 11 29 24 28 30 22 21 15 26 25 17 27
AVOIDER 1 7 2 4 3 9 8 5 6 20 18 19 13 23 14 16 10 12 11 30 24 28 29 22 21 15 26 25 17 27
AVOIDER 1 7 2 4 3 9 8 5 6 20 18 19 13 23 14 16 10 12 11 29 24 30 28 22 21 15 26 25 17 27
AVOIDER 1 7 2 4 3 9 8 5 6 20 18 19 13 23 14 16 10 12 11 28 29 24 30 22 21 15 26 25 17 27
AVOIDER 1 7 2 4 3 9 8 5 6 20 18 19 13 23 14 16 10 12 11 28 30 24 29 22 21 15 26 25 17 27
AVOIDER 1 7 2 4 3 9 8 5 6 20 18 19 13 23 14 16 10 12 11 29 28 24 30 22 21 15 26 25 17 27
AVOIDER 1 7 2 4 3 9 8 5 6 20 18 19 13 23 14 16 10 12 11 30 28 24 29 22 21 15 26 25 17 27
AVOIDER 1 7 2 4 3 9 8 5 6 20 18 19 13 23 14 16 10 12 11 29 30 24 28 22 21 15 26 25 17 27
AVOIDER 1 7 2 4 3 9 8 5 6 20 18 19 13 23 14 16 10 12 11 28 29 30 24 22 21 15 26 25 17 27
AVOIDER 1 7 2 4 3 9 8 5 6 20 18 19 13 23 14 16 10 12 11 28 30 29 24 22 21 15 26 25 17 27
AVOIDER 1 7 2 4 3 9 8 5 6 20 18 19 13 23 14 16 10 12 11 29 28 30 24 22 21 15 26 25 17 27
AVOIDER 1 7 2 4 3 9 8 5 6 20 18 19 13 23 14 16 10 12 11 30 28 29 24 22 21 15 26 25 17 27
AVOIDER 1 7 2 4 3 9 8 5 6 20 18 19 13 23 14 16 10 12 11 29 30 28 24 22 21 15 26 25 17 27
AVOIDER 1 7 2 4 3 9 8 5 6 19 20 18 13 23 14 16 10 12 11 24 30 22 28 29 21 15 26 25 17 27
AVOIDER 1 7 2 4 3 9 8 5 6 19 20 18 13 23 14 16 10 12 11 30 24 22 28 29 21 15 26 25 17 27
AVOIDER 1 7 2 4 3 9 8 5 6 19 20 18 13 23 14 16 10 12 11 24 28 30 22 29 21 15 26 25 17 27
AVOIDER 1 7 2 4 3 9 8 5 6 19 20 18 13 23 14 16 10 12 11 24 30 28 22 29 21 15 26 25 17 27
AVOIDER 1 7 2 4 3 9 8 5 6 19 20 18 13 23 14 16 10 12 11 24 29 30 22 28 21 15 26 25 17 27
AVOIDER 1 7 2 4 3 9 8 5 6 19 20 18 13 23 14 16 10 12 11 28 24 30 22 29 21 15 26 25 17 27
AVOIDER 1 7 2 4 3 9 8 5 6 19 20 18 13 23 14 16 10 12 11 30 24 28 22 29 21 15 26 25 17 27
AVOIDER 1 7 2 4 3 9 8 5 6 19 20 18 13 23 14 16 10 12 11 29 24 30 22 28 21 15 26 25 17 27
AVOIDER 1 7 2 4 3 9 8 5 6 19 20 18 13 23 14 16 10 12 11 28 30 24 22 29 21 15 26 25 17 27
AVOIDER 1 7 2 4 3 9 8 5 6 19 20 18 13 23 14 16 10 12 11 30 28 24 22 29 21 15 26 25 17 27
AVOIDER 1 7 2 4 3 9 8 5 6 19 20 18 13 23 14 16 10 12 11 29 30 24 22 28 21 15 26 25 17 27
AVOIDER 1 7 2 4 3 9 8 5 6 19 20 18 13 23 14 16 10 12 11 24 28 29 30 22 21 15 26 25 17 27
AVOIDER 1 7 2 4 3 9 8 5 6 19 20 18 13 23 14 16 10 12 11 24 28 30 29 22 21 15 26 25 17 27
AVOIDER 1 7 2 4 3 9 8 5 6 19 20 18 13 23 14 16 10 12 11 24 29 28 30 22 21 15 26 25 17 27
AVOIDER 1 7 2 4 3 9 8 5 6 19 20 18 13 23 14 16 10 12 11 24 30 28 29 22 21 15 26 25 17 27
AVOIDER 1 7 2 4 3 9 8 5 6 19 20 18 13 23 14 16 10 12 11 24 29 30 28 22 21 15 26 25 17 27
AVOIDER 1 7 2 4 3 9 8 5 6 19 20 18 13 23 14 16 10 12 11 28 24 29 30 22 21 15 26 25 17 27
AVOIDER 1 7 2 4 3 9 8 5 6 19 20 18 13 23 14 16 10 12 11 28 24 30 29 22 21 15 26 25 17 27
AVOIDER 1 7 2 4 3 9 8 5 6 19 20 18 13 23 14 16 10 12 11 29 24 28 30 22 21 15 26 25 17 27
AVOIDER 1 7 2 4 3 9 8 5 6 19 20 18 13 23 14 16 10 12 11 30 24 28 29 22 21 15 26 25 17 27
AVOIDER 1 7 2 4 3 9 8 5 6 19 20 18 13 23 14 16 10 12 11 29 24 30 28 22 21 15 26 25 17 27
AVOIDER 1 7 2 4 3 9 8 5 6 19 20 18 13 23 14 16 10 12 11 28 29 24 30 22 21 15 26 25 17 27
AVOIDER 1 7 2 4 3 9 8 5 6 19 20 18 13 23 14 16 10 12 11 28 30 24 29 22 21 15 26 25 17 27
AVOIDER 1 7 2 4 3 9 8 5 6 19 20 18 13 23 14 16 10 12 11 29 28 24 30 22 21 15 26 25 17 27
AVOIDER 1 7 2 4 3 9 8 5 6 19 20 18 13 23 14 16 10 12 11 30 28 24 29 22 21 15 26 25 17 27
AVOIDER 1 7 2 4 3 9 8 5 6 19 20 18 13 23 14 16 10 12 11 29 30 24 28 22 21 15 26 25 17 27
AVOIDER 1 7 2 4 3 9 8 5 6 19 20 18 13 23 14 16 10 12 11 28 29 30 24 22 21 15 26 25 17 27
AVOIDER 1 7 2 4 3 9 8 5 6 19 20 18 13 23 14 16 10 12 11 28 30 29 24 22 21 15 26 25 17 27
AVOIDER 1 7 2 4 3 9 8 5 6 19 20 18 13 23 14 16 10 12 11 29 28 30 24 22 21 15 26 25 17 27
AVOIDER 1 7 2 4 3 9 8 5 6 19 20 18 13 23 14 16 10 12 11 30 28 29 24 22 21 15 26 25 17 27
AVOIDER 1 7 2 4 3 9 8 5 6 19 20 18 13 23 14 16 10 12 11 29 30 28 24 22 21 15 26 25 17 27
AVOIDER 1 7 2 4 3 9 8 5 6 18 20 19 23 13 14 16 10 12 11 24 28 29 30 21 22 15 26 25 17 27
AVOIDER 1 7 2 4 3 9 8 5 6 18 20 19 23 13 14 16 10 12 11 24 28 30 29 21 22 15 26 25 17 27
AVOIDER 1 7 2 4 3 9 8 5 6 18 20 19 23 13 14 16 10 12 11 24 29 28 30 21 22 15 26 25 17 27
AVOIDER 1 7 2 4 3 9 8 5 6 18 20 19 23 13 14 16 10 12 11 24 30 28 29 21 22 15 26 25 17 27
AVOIDER 1 7 2 4 3 9 8 5 6 18 20 19 23 13 14 16 10 12 11 24 29 30 28 21 22 15 26 25 17 27
AVOIDER 1 7 2 4 3 9 8 5 6 18 20 19 23 13 14 16 10 12 11 28 24 29 30 21 22 15 26 25 17 27
AVOIDER 1 7 2 4 3 9 8 5 6 18 20 19 23 13 14 16 10 12 11 28 24 30 29 21 22 15 26 25 17 27
AVOIDER 1 7 2 4 3 9 8 5 6 18 20 19 23 13 14 16 10 12 11 29 24 28 30 21 22 15 26 25 17 27
AVOIDER 1 7 2 4 3 9 8 5 6 18 20 19 23 13 14 16 10 12 11 30 24 28 29 21 22 15 26 25 17 27
AVOIDER 1 7 2 4 3 9 8 5 6 18 20 19 23 13 14 16 10 12 11 29 24 30 28 21 22 15 26 25 17 27
AVOIDER 1 7 2 4 3 9 8 5 6 18 20 19 23 13 14 16 10 12 11 28 29 24 30 21 22 15 26 25 17 27
AVOIDER 1 7 2 4 3 9 8 5 6 18 20 19 23 13 14 16 10 12 11 28 30 24 29 21 22 15 26 25 17 27
AVOIDER 1 7 2 4 3 9 8 5 6 18 20 19 23 13 14 16 10 12 11 29 28 24 30 21 22 15 26 25 17 27
AVOIDER 1 7 2 4 3 9 8 5 6 18 20 19 23 13 14 16 10 12 11 30 28 24 29 21 22 15 26 25 17 27
AVOIDER 1 7 2 4 3 9 8 5 6 18 20 19 23 13 14 16 10 12 11 29 30 24 28 21 22 15 26 25 17 27
AVOIDER 1 7 2 4 3 9 8 5 6 18 20 19 23 13 14 16 10 12 11 28 29 30 24 21 22 15 26 25 17 27
AVOIDER 1 7 2 4 3 9 8 5 6 18 20 19 23 13 14 16 10 12 11 28 30 29 24 21 22 15 26 25 17 27
AVOIDER 1 7 2 4 3 9 8 5 6 18 20 19 23 13 14 16 10 12 11 29 28 30 24 21 22 15 26 25 17 27
AVOIDER 1 7 2 4 3 9 8 5 6 18 20 19 23 13 14 16 10 12 11 30 28 29 24 21 22 15 26 25 17 27
AVOIDER 1 7 2 4 3 9 8 5 6 18 20 19 23 13 14 16 10 12 11 29 30 28 24 21 22 15 26 25 17 27
AVOIDER 1 7 2 4 3 9 8 5 6 18 20 19 23 13 14 16 10 12 11 24 30 22 28 29 21 15 26 25 17 27
AVOIDER 1 7 2 4 3 9 8 5 6 18 20 19 23 13 14 16 10 12 11 30 24 22 28 29 21 15 26 25 17 27
AVOIDER 1 7 2 4 3 9 8 5 6 18 20 19 23 13 14 16 10 12 11 24 28 30 22 29 21 15 26 25 17 27
AVOIDER 1 7 2 4 3 9 8 5 6 18 20 19 23 13 14 16 10 12 11 24 30 28 22 29 21 15 26 25 17 27
AVOIDER 1 7 2 4 3 9 8 5 6 18 20 19 23 13 14 16 10 12 11 24 29 30 22 28 21 15 26 25 17 27
AVOIDER 1 7 2 4 3 9 8 5 6 18 20 19 23 13 14 16 10 12 11 28 24 30 22 29 21 15 26 25 17 27
AVOIDER 1 7 2 4 3 9 8 5 6 18 20 19 23 13 14 16 10 12 11 30 24 28 22 29 21 15 26 25 17 27
AVOIDER 1 7 2 4 3 9 8 5 6 18 20 19 23 13 14 16 10 12 11 29 24 30 22 28 21 15 26 25 17 27
AVOIDER 1 7 2 4 3 9 8 5 6 18 20 19 23 13 14 16 10 12 11 28 30 24 22 29 21 15 26 25 17 27
AVOIDER 1 7 2 4 3 9 8 5 6 18 20 19 23 13 14 16 10 12 11 30 28 24 22 29 21 15 26 25 17 27
AVOIDER 1 7 2 4 3 9 8 5 6 18 20 19 23 13 14 16 10 12 11 29 30 24 22 28 21 15 26 25 17 27
AVOIDER 1 7 2 4 3 9 8 5 6 18 20 19 23 13 14 16 10 12 11 24 28 29 30 22 21 15 26 25 17 27
AVOIDER 1 7 2 4 3 9 8 5 6 18 20 19 23 13 14 16 10 12 11 24 28 30 29 22 21 15 26 25 17 27
AVOIDER 1 7 2 4 3 9 8 5 6 18 20 19 23 13 14 16 10 12 11 24 29 28 30 22 21 15 26 25 17 27
AVOIDER 1 7 2 4 3 9 8 5 6 18 20 19 23 13 14 16 10 12 11 24 30 28 29 22 21 15 26 25 17 27
AVOIDER 1 7 2 4 3 9 8 5 6 18 20 19 23 13 14 16 10 12 11 24 29 30 28 22 21 15 26 25 17 27
AVOIDER 1 7 2 4 3 9 8 5 6 18 20 19 23 13 14 16 10 12 11 28 24 29 30 22 21 15 26 25 17 27
AVOIDER 1 7 2 4 3 9 8 5 6 18 20 19 23 13 14 16 10 12 11 28 24 30 29 22 21 15 26 25 17 27
AVOIDER 1 7 2 4 3 9 8 5 6 18 20 19 23 13 14 16 10 12 11 29 24 28 30 22 21 15 26 25 17 27
AVOIDER 1 7 2 4 3 9 8 5 6 18 20 19 23 13 14 16 10 12 11 30 24 28 29 22 21 15 26 25 17 27
AVOIDER 1 7 2 4 3 9 8 5 6 18 20 19 23 13 14 16 10 12 11 29 24 30 28 22 21 15 26 25 17 27
AVOIDER 1 7 2 4 3 9 8 5 6 18 20 19 23 13 14 16 10 12 11 28 29 24 30 22 21 15 26 25 17 27
AVOIDER 1 7 2 4 3 9 8 5 6 18 20 19 23 13 14 16 10 12 11 28 30 24 29 22 21 15 26 25 17 27
AVOIDER 1 7 2 4 3 9 8 5 6 18 20 19 23 13 14 16 10 12 11 29 28 24 30 22 21 15 26 25 17 27
AVOIDER 1 7 2 4 3 9 8 5 6 18 20 19 23 13 14 16 10 12 11 30 28 24 29 22 21 15 26 25 17 27
AVOIDER 1 7 2 4 3 9 8 5 6 18 20 19 23 13 14 16 10 12 11 29 30 24 28 22 21 15 26 25 17 27
AVOIDER 1 7 2 4 3 9 8 5 6 18 20 19 23 13 14 16 10 12 11 28 29 30 24 22 21 15 26 25 17 27
AVOIDER 1 7 2 4 3 9 8 5 6 18 20 19 23 13 14 16 10 12 11 28 30 29 24 22 21 15 26 25 17 27
AVOIDER 1 7 2 4 3 9 8 5 6 18 20 19 23 13 14 16 10 12 11 29 28 30 24 22 21 15 26 25 17 27
AVOIDER 1 7 2 4 3 9 8 5 6 18 20 19 23 13 14 16 10 12 11 30 28 29 24 22 21 15 26 25 17 27
AVOIDER 1 7 2 4 3 9 8 5 6 18 20 19 23 13 14 16 10 12 11 29 30 28 24 22 21 15 26 25 17 27
AVOIDER 1 7 2 4 3 9 8 5 6 18 20 23 19 13 14 16 10 12 11 24 28 29 30 21 22 15 26 25 17 27
AVOIDER 1 7 2 4 3 9 8 5 6 18 20 23 19 13 14 16 10 12 11 24 28 30 29 21 22 15 26 25 17 27
AVOIDER 1 7 2 4 3 9 8 5 6 18 20 23 19 13 14 16 10 12 11 24 29 28 30 21 22 15 26 25 17 27
AVOIDER 1 7 2 4 3 9 8 5 6 18 20 23 19 13 14 16 10 12 11 24 30 28 29 21 22 15 26 25 17 27
AVOIDER 1 7 2 4 3 9 8 5 6 18 20 23 19 13 14 16 10 12 11 24 29 30 28 21 22 15 26 25 17 27
AVOIDER 1 7 2 4 3 9 8 5 6 18 20 23 19 13 14 16 10 12 11 28 24 29 30 21 22 15 26 25 17 27
AVOIDER 1 7 2 4 3 9 8 5 6 18 20 23 19 13 14 16 10 12 11 28 24 30 29 21 22 15 26 25 17 27
AVOIDER 1 7 2 4 3 9 8 5 6 18 20 23 19 13 14 16 10 12 11 29 24 28 30 21 22 15 26 25 17 27
AVOIDER 1 7 2 4 3 9 8 5 6 18 20 23 19 13 14 16 10 12 11 30 24 28 29 21 22 15 26 25 17 27
AVOIDER 1 7 2 4 3 9 8 5 6 18 20 23 19 13 14 16 10 12 11 29 24 30 28 21 22 15 26 25 17 27
AVOIDER 1 7 2 4 3 9 8 5 6 18 20 23 19 13 14 16 10 12 11 28 29 24 30 21 22 15 26 25 17 27
AVOIDER 1 7 2 4 3 9 8 5 6 18 20 23 19 13 14 16 10 12 11 28 30 24 29 21 22 15 26 25 17 27
AVOIDER 1 7 2 4 3 9 8 5 6 18 20 23 19 13 14 16 10 12 11 29 28 24 30 21 22 15 26 25 17 27
AVOIDER 1 7 2 4 3 9 8 5 6 18 20 23 19 13 14 16 10 12 11 30 28 24 29 21 22 15 26 25 17 27
AVOIDER 1 7 2 4 3 9 8 5 6 18 20 23 19 13 14 16 10 12 11 29 30 24 28 21 22 15 26 25 17 27
AVOIDER 1 7 2 4 3 9 8 5 6 18 20 23 19 13 14 16 10 12 11 28 29 30 24 21 22 15 26 25 17 27
AVOIDER 1 7 2 4 3 9 8 5 6 18 20 23 19 13 14 16 10 12 11 28 30 29 24 21 22 15 26 25 17 27
AVOIDER 1 7 2 4 3 9 8 5 6 18 20 23 19 13 14 16 10 12 11 29 28 30 24 21 22 15 26 25 17 27
AVOIDER 1 7 2 4 3 9 8 5 6 18 20 23 19 13 14 16 10 12 11 30 28 29 24 21 22 15 26 25 17 27
AVOIDER 1 7 2 4 3 9 8 5 6 18 20 23 19 13 14 16 10 12 11 29 30 28 24 21 22 15 26 25 17 27
AVOIDER 1 7 2 4 3 9 8 5 6 18 20 23 19 13 14 16 10 12 11 24 30 22 28 29 21 15 26 25 17 27
AVOIDER 1 7 2 4 3 9 8 5 6 18 20 23 19 13 14 16 10 12 11 30 24 22 28 29 21 15 26 25 17 27
AVOIDER 1 7 2 4 3 9 8 5 6 18 20 23 19 13 14 16 10 12 11 24 28 30 22 29 21 15 26 25 17 27
AVOIDER 1 7 2 4 3 9 8 5 6 18 20 23 19 13 14 16 10 12 11 24 30 28 22 29 21 15 26 25 17 27
AVOIDER 1 7 2 4 3 9 8 5 6 18 20 23 19 13 14 16 10 12 11 24 29 30 22 28 21 15 26 25 17 27
AVOIDER 1 7 2 4 3 9 8 5 6 18 20 23 19 13 14 16 10 12 11 28 24 30 22 29 21 15 26 25 17 27
AVOIDER 1 7 2 4 3 9 8 5 6 18 20 23 19 13 14 16 10 12 11 30 24 28 22 29 21 15 26 25 17 27
AVOIDER 1 7 2 4 3 9 8 5 6 18 20 23 19 13 14 16 10 12 11 29 24 30 22 28 21 15 26 25 17 27
AVOIDER 1 7 2 4 3 9 8 5 6 18 20 23 19 13 14 16 10 12 11 28 30 24 22 29 21 15 26 25 17 27
AVOIDER 1 7 2 4 3 9 8 5 6 18 20 23 19 13 14 16 10 12 11 30 28 24 22 29 21 15 26 25 17 27
AVOIDER 1 7 2 4 3 9 8 5 6 18 20 23 19 13 14 16 10 12 11 29 30 24 22 28 21 15 26 25 17 27
AVOIDER 1 7 2 4 3 9 8 5 6 18 20 23 19 13 14 16 10 12 11 24 28 29 30 22 21 15 26 25 17 27
AVOIDER 1 7 2 4 3 9 8 5 6 18 20 23 19 13 14 16 10 12 11 24 28 30 29 22 21 15 26 25 17 27
AVOIDER 1 7 2 4 3 9 8 5 6 18 20 23 19 13 14 16 10 12 11 24 29 28 30 22 21 15 26 25 17 27
AVOIDER 1 7 2 4 3 9 8 5 6 18 20 23 19 13 14 16 10 12 11 24 30 28 29 22 21 15 26 25 17 27
AVOIDER 1 7 2 4 3 9 8 5 6 18 20 23 19 13 14 16 10 12 11 24 29 30 28 22 21 15 26 25 17 27
AVOIDER 1 7 2 4 3 9 8 5 6 18 20 23 19 13 14 16 10 12 11 28 24 29 30 22 21 15 26 25 17 27
AVOIDER 1 7 2 4 3 9 8 5 6 18 20 23 19 13 14 16 10 12 11 28 24 30 29 22 21 15 26 25 17 27
AVOIDER 1 7 2 4 3 9 8 5 6 18 20 23 19 13 14 16 10 12 11 29 24 28 30 22 21 15 26 25 17 27
AVOIDER 1 7 2 4 3 9 8 5 6 18 20 23 19 13 14 16 10 12 11 30 24 28 29 22 21 15 26 25 17 27
AVOIDER 1 7 2 4 3 9 8 5 6 18 20 23 19 13 14 16 10 12 11 29 24 30 28 22 21 15 26 25 17 27
AVOIDER 1 7 2 4 3 9 8 5 6 18 20 23 19 13 14 16 10 12 11 28 29 24 30 22 21 15 26 25 17 27
AVOIDER 1 7 2 4 3 9 8 5 6 18 20 23 19 13 14 16 10 12 11 28 30 24 29 22 21 15 26 25 17 27
AVOIDER 1 7 2 4 3 9 8 5 6 18 20 23 19 13 14 16 10 12 11 29 28 24 30 22 21 15 26 25 17 27
AVOIDER 1 7 2 4 3 9 8 5 6 18 20 23 19 13 14 16 10 12 11 30 28 24 29 22 21 15 26 25 17 27
AVOIDER 1 7 2 4 3 9 8 5 6 18 20 23 19 13 14 16 10 12 11 29 30 24 28 22 21 15 26 25 17 27
AVOIDER 1 7 2 4 3 9 8 5 6 18 20 23 19 13 14 16 10 12 11 28 29 30 24 22 21 15 26 25 17 27
AVOIDER 1 7 2 4 3 9 8 5 6 18 20 23 19 13 14 16 10 12 11 28 30 29 24 22 21 15 26 25 17 27
AVOIDER 1 7 2 4 3 9 8 5 6 18 20 23 19 13 14 16 10 12 11 29 28 30 24 22 21 15 26 25 17 27
AVOIDER 1 7 2 4 3 9 8 5 6 18 20 23 19 13 14 16 10 12 11 30 28 29 24 22 21 15 26 25 17 27
AVOIDER 1 7 2 4 3 9 8 5 6 18 20 23 19 13 14 16 10 12 11 29 30 28 24 22 21 15 26 25 17 27
AVOIDER 1 7 2 4 3 9 8 5 6 18 23 20 19 13 14 16 10 12 11 24 28 29 30 21 22 15 26 25 17 27
AVOIDER 1 7 2 4 3 9 8 5 6 18 23 20 19 13 14 16 10 12 11 24 28 30 29 21 22 15 26 25 17 27
AVOIDER 1 7 2 4 3 9 8 5 6 18 23 20 19 13 14 16 10 12 11 24 29 28 30 21 22 15 26 25 17 27
AVOIDER 1 7 2 4 3 9 8 5 6 18 23 20 19 13 14 16 10 12 11 24 30 28 29 21 22 15 26 25 17 27
AVOIDER 1 7 2 4 3 9 8 5 6 18 23 20 19 13 14 16 10 12 11 24 29 30 28 21 22 15 26 25 17 27
AVOIDER 1 7 2 4 3 9 8 5 6 18 23 20 19 13 14 16 10 12 11 28 24 29 30 21 22 15 26 25 17 27
AVOIDER 1 7 2 4 3 9 8 5 6 18 23 20 19 13 14 16 10 12 11 28 24 30 29 21 22 15 26 25 17 27
AVOIDER 1 7 2 4 3 9 8 5 6 18 23 20 19 13 14 16 10 12 11 29 24 28 30 21 22 15 26 25 17 27
AVOIDER 1 7 2 4 3 9 8 5 6 18 23 20 19 13 14 16 10 12 11 30 24 28 29 21 22 15 26 25 17 27
AVOIDER 1 7 2 4 3 9 8 5 6 18 23 20 19 13 14 16 10 12 11 29 24 30 28 21 22 15 26 25 17 27
AVOIDER 1 7 2 4 3 9 8 5 6 18 23 20 19 13 14 16 10 12 11 28 29 24 30 21 22 15 26 25 17 27
AVOIDER 1 7 2 4 3 9 8 5 6 18 23 20 19 13 14 16 10 12 11 28 30 24 29 21 22 15 26 25 17 27
AVOIDER 1 7 2 4 3 9 8 5 6 18 23 20 19 13 14 16 10 12 11 29 28 24 30 21 22 15 26 25 17 27
AVOIDER 1 7 2 4 3 9 8 5 6 18 23 20 19 13 14 16 10 12 11 30 28 24 29 21 22 15 26 25 17 27
AVOIDER 1 7 2 4 3 9 8 5 6 18 23 20 19 13 14 16 10 12 11 29 30 24 28 21 22 15 26 25 17 27
AVOIDER 1 7 2 4 3 9 8 5 6 18 23 20 19 13 14 16 10 12 11 28 29 30 24 21 22 15 26 25 17 27
AVOIDER 1 7 2 4 3 9 8 5 6 18 23 20 19 13 14 16 10 12 11 28 30 29 24 21 22 15 26 25 17 27
AVOIDER 1 7 2 4 3 9 8 5 6 18 23 20 19 13 14 16 10 12 11 29 28 30 24 21 22 15 26 25 17 27
AVOIDER 1 7 2 4 3 9 8 5 6 18 23 20 19 13 14 16 10 12 11 30 28 29 24 21 22 15 26 25 17 27
AVOIDER 1 7 2 4 3 9 8 5 6 18 23 20 19 13 14 16 10 12 11 29 30 28 24 21 22 15 26 25 17 27
AVOIDER 1 7 2 4 3 9 8 5 6 18 23 20 19 13 14 16 10 12 11 24 30 22 28 29 21 15 26 25 17 27
AVOIDER 1 7 2 4 3 9 8 5 6 18 23 20 19 13 14 16 10 12 11 30 24 22 28 29 21 15 26 25 17 27
AVOIDER 1 7 2 4 3 9 8 5 6 18 23 20 19 13 14 16 10 12 11 24 28 30 22 29 21 15 26 25 17 27
AVOIDER 1 7 2 4 3 9 8 5 6 18 23 20 19 13 14 16 10 12 11 24 30 28 22 29 21 15 26 25 17 27
AVOIDER 1 7 2 4 3 9 8 5 6 18 23 20 19 13 14 16 10 12 11 24 29 30 22 28 21 15 26 25 17 27
AVOIDER 1 7 2 4 3 9 8 5 6 18 23 20 19 13 14 16 10 12 11 28 24 30 22 29 21 15 26 25 17 27
AVOIDER 1 7 2 4 3 9 8 5 6 18 23 20 19 13 14 16 10 12 11 30 24 28 22 29 21 15 26 25 17 27
AVOIDER 1 7 2 4 3 9 8 5 6 18 23 20 19 13 14 16 10 12 11 29 24 30 22 28 21 15 26 25 17 27
AVOIDER 1 7 2 4 3 9 8 5 6 18 23 20 19 13 14 16 10 12 11 28 30 24 22 29 21 15 26 25 17 27
AVOIDER 1 7 2 4 3 9 8 5 6 18 23 20 19 13 14 16 10 12 11 30 28 24 22 29 21 15 26 25 17 27
AVOIDER 1 7 2 4 3 9 8 5 6 18 23 20 19 13 14 16 10 12 11 29 30 24 22 28 21 15 26 25 17 27
AVOIDER 1 7 2 4 3 9 8 5 6 18 23 20 19 13 14 16 10 12 11 24 28 29 30 22 21 15 26 25 17 27
AVOIDER 1 7 2 4 3 9 8 5 6 18 23 20 19 13 14 16 10 12 11 24 28 30 29 22 21 15 26 25 17 27
AVOIDER 1 7 2 4 3 9 8 5 6 18 23 20 19 13 14 16 10 12 11 24 29 28 30 22 21 15 26 25 17 27
AVOIDER 1 7 2 4 3 9 8 5 6 18 23 20 19 13 14 16 10 12 11 24 30 28 29 22 21 15 26 25 17 27
AVOIDER 1 7 2 4 3 9 8 5 6 18 23 20 19 13 14 16 10 12 11 24 29 30 28 22 21 15 26 25 17 27
AVOIDER 1 7 2 4 3 9 8 5 6 18 23 20 19 13 14 16 10 12 11 28 24 29 30 22 21 15 26 25 17 27
AVOIDER 1 7 2 4 3 9 8 5 6 18 23 20 19 13 14 16 10 12 11 28 24 30 29 22 21 15 26 25 17 27
AVOIDER 1 7 2 4 3 9 8 5 6 18 23 20 19 13 14 16 10 12 11 29 24 28 30 22 21 15 26 25 17 27
AVOIDER 1 7 2 4 3 9 8 5 6 18 23 20 19 13 14 16 10 12 11 30 24 28 29 22 21 15 26 25 17 27
AVOIDER 1 7 2 4 3 9 8 5 6 18 23 20 19 13 14 16 10 12 11 29 24 30 28 22 21 15 26 25 17 27
AVOIDER 1 7 2 4 3 9 8 5 6 18 23 20 19 13 14 16 10 12 11 28 29 24 30 22 21 15 26 25 17 27
AVOIDER 1 7 2 4 3 9 8 5 6 18 23 20 19 13 14 16 10 12 11 28 30 24 29 22 21 15 26 25 17 27
AVOIDER 1 7 2 4 3 9 8 5 6 18 23 20 19 13 14 16 10 12 11 29 28 24 30 22 21 15 26 25 17 27
AVOIDER 1 7 2 4 3 9 8 5 6 18 23 20 19 13 14 16 10 12 11 30 28 24 29 22 21 15 26 25 17 27
AVOIDER 1 7 2 4 3 9 8 5 6 18 23 20 19 13 14 16 10 12 11 29 30 24 28 22 21 15 26 25 17 27
AVOIDER 1 7 2 4 3 9 8 5 6 18 23 20 19 13 14 16 10 12 11 28 29 30 24 22 21 15 26 25 17 27
AVOIDER 1 7 2 4 3 9 8 5 6 18 23 20 19 13 14 16 10 12 11 28 30 29 24 22 21 15 26 25 17 27
AVOIDER 1 7 2 4 3 9 8 5 6 18 23 20 19 13 14 16 10 12 11 29 28 30 24 22 21 15 26 25 17 27
AVOIDER 1 7 2 4 3 9 8 5 6 18 23 20 19 13 14 16 10 12 11 30 28 29 24 22 21 15 26 25 17 27
AVOIDER 1 7 2 4 3 9 8 5 6 18 23 20 19 13 14 16 10 12 11 29 30 28 24 22 21 15 26 25 17 27
AVOIDER 1 7 2 4 3 9 8 5 6 19 18 20 23 13 14 16 10 12 11 24 30 22 28 29 21 15 26 25 17 27
AVOIDER 1 7 2 4 3 9 8 5 6 19 18 20 23 13 14 16 10 12 11 30 24 22 28 29 21 15 26 25 17 27
AVOIDER 1 7 2 4 3 9 8 5 6 19 18 20 23 13 14 16 10 12 11 24 28 30 22 29 21 15 26 25 17 27
AVOIDER 1 7 2 4 3 9 8 5 6 19 18 20 23 13 14 16 10 12 11 24 30 28 22 29 21 15 26 25 17 27
AVOIDER 1 7 2 4 3 9 8 5 6 19 18 20 23 13 14 16 10 12 11 24 29 30 22 28 21 15 26 25 17 27
AVOIDER 1 7 2 4 3 9 8 5 6 19 18 20 23 13 14 16 10 12 11 28 24 30 22 29 21 15 26 25 17 27
AVOIDER 1 7 2 4 3 9 8 5 6 19 18 20 23 13 14 16 10 12 11 30 24 28 22 29 21 15 26 25 17 27
AVOIDER 1 7 2 4 3 9 8 5 6 19 18 20 23 13 14 16 10 12 11 29 24 30 22 28 21 15 26 25 17 27
AVOIDER 1 7 2 4 3 9 8 5 6 19 18 20 23 13 14 16 10 12 11 28 30 24 22 29 21 15 26 25 17 27
AVOIDER 1 7 2 4 3 9 8 5 6 19 18 20 23 13 14 16 10 12 11 30 28 24 22 29 21 15 26 25 17 27
AVOIDER 1 7 2 4 3 9 8 5 6 19 18 20 23 13 14 16 10 12 11 29 30 24 22 28 21 15 26 25 17 27
AVOIDER 1 7 2 4 3 9 8 5 6 19 18 20 23 13 14 16 10 12 11 24 28 29 30 22 21 15 26 25 17 27
AVOIDER 1 7 2 4 3 9 8 5 6 19 18 20 23 13 14 16 10 12 11 24 28 30 29 22 21 15 26 25 17 27
AVOIDER 1 7 2 4 3 9 8 5 6 19 18 20 23 13 14 16 10 12 11 24 29 28 30 22 21 15 26 25 17 27
AVOIDER 1 7 2 4 3 9 8 5 6 19 18 20 23 13 14 16 10 12 11 24 30 28 29 22 21 15 26 25 17 27
AVOIDER 1 7 2 4 3 9 8 5 6 19 18 20 23 13 14 16 10 12 11 24 29 30 28 22 21 15 26 25 17 27
AVOIDER 1 7 2 4 3 9 8 5 6 19 18 20 23 13 14 16 10 12 11 28 24 29 30 22 21 15 26 25 17 27
AVOIDER 1 7 2 4 3 9 8 5 6 19 18 20 23 13 14 16 10 12 11 28 24 30 29 22 21 15 26 25 17 27
AVOIDER 1 7 2 4 3 9 8 5 6 19 18 20 23 13 14 16 10 12 11 29 24 28 30 22 21 15 26 25 17 27
AVOIDER 1 7 2 4 3 9 8 5 6 19 18 20 23 13 14 16 10 12 11 30 24 28 29 22 21 15 26 25 17 27
AVOIDER 1 7 2 4 3 9 8 5 6 19 18 20 23 13 14 16 10 12 11 29 24 30 28 22 21 15 26 25 17 27
AVOIDER 1 7 2 4 3 9 8 5 6 19 18 20 23 13 14 16 10 12 11 28 29 24 30 22 21 15 26 25 17 27
AVOIDER 1 7 2 4 3 9 8 5 6 19 18 20 23 13 14 16 10 12 11 28 30 24 29 22 21 15 26 25 17 27
AVOIDER 1 7 2 4 3 9 8 5 6 19 18 20 23 13 14 16 10 12 11 29 28 24 30 22 21 15 26 25 17 27
AVOIDER 1 7 2 4 3 9 8 5 6 19 18 20 23 13 14 16 10 12 11 30 28 24 29 22 21 15 26 25 17 27
AVOIDER 1 7 2 4 3 9 8 5 6 19 18 20 23 13 14 16 10 12 11 29 30 24 28 22 21 15 26 25 17 27
AVOIDER 1 7 2 4 3 9 8 5 6 19 18 20 23 13 14 16 10 12 11 28 29 30 24 22 21 15 26 25 17 27
AVOIDER 1 7 2 4 3 9 8 5 6 19 18 20 23 13 14 16 10 12 11 28 30 29 24 22 21 15 26 25 17 27
AVOIDER 1 7 2 4 3 9 8 5 6 19 18 20 23 13 14 16 10 12 11 29 28 30 24 22 21 15 26 25 17 27
AVOIDER 1 7 2 4 3 9 8 5 6 19 18 20 23 13 14 16 10 12 11 30 28 29 24 22 21 15 26 25 17 27
AVOIDER 1 7 2 4 3 9 8 5 6 19 18 20 23 13 14 16 10 12 11 29 30 28 24 22 21 15 26 25 17 27
AVOIDER 1 7 2 4 3 9 8 5 6 19 18 23 20 13 14 16 10 12 11 24 30 22 28 29 21 15 26 25 17 27
AVOIDER 1 7 2 4 3 9 8 5 6 19 18 23 20 13 14 16 10 12 11 30 24 22 28 29 21 15 26 25 17 27
AVOIDER 1 7 2 4 3 9 8 5 6 19 18 23 20 13 14 16 10 12 11 24 28 30 22 29 21 15 26 25 17 27
AVOIDER 1 7 2 4 3 9 8 5 6 19 18 23 20 13 14 16 10 12 11 24 30 28 22 29 21 15 26 25 17 27
AVOIDER 1 7 2 4 3 9 8 5 6 19 18 23 20 13 14 16 10 12 11 24 29 30 22 28 21 15 26 25 17 27
AVOIDER 1 7 2 4 3 9 8 5 6 19 18 23 20 13 14 16 10 12 11 28 24 30 22 29 21 15 26 25 17 27
AVOIDER 1 7 2 4 3 9 8 5 6 19 18 23 20 13 14 16 10 12 11 30 24 28 22 29 21 15 26 25 17 27
AVOIDER 1 7 2 4 3 9 8 5 6 19 18 23 20 13 14 16 10 12 11 29 24 30 22 28 21 15 26 25 17 27
AVOIDER 1 7 2 4 3 9 8 5 6 19 18 23 20 13 14 16 10 12 11 28 30 24 22 29 21 15 26 25 17 27
AVOIDER 1 7 2 4 3 9 8 5 6 19 18 23 20 13 14 16 10 12 11 30 28 24 22 29 21 15 26 25 17 27
AVOIDER 1 7 2 4 3 9 8 5 6 19 18 23 20 13 14 16 10 12 11 29 30 24 22 28 21 15 26 25 17 27
AVOIDER 1 7 2 4 3 9 8 5 6 19 18 23 20 13 14 16 10 12 11 24 28 29 30 22 21 15 26 25 17 27
AVOIDER 1 7 2 4 3 9 8 5 6 19 18 23 20 13 14 16 10 12 11 24 28 30 29 22 21 15 26 25 17 27
AVOIDER 1 7 2 4 3 9 8 5 6 19 18 23 20 13 14 16 10 12 11 24 29 28 30 22 21 15 26 25 17 27
AVOIDER 1 7 2 4 3 9 8 5 6 19 18 23 20 13 14 16 10 12 11 24 30 28 29 22 21 15 26 25 17 27
AVOIDER 1 7 2 4 3 9 8 5 6 19 18 23 20 13 14 16 10 12 11 24 29 30 28 22 21 15 26 25 17 27
AVOIDER 1 7 2 4 3 9 8 5 6 19 18 23 20 13 14 16 10 12 11 28 24 29 30 22 21 15 26 25 17 27
AVOIDER 1 7 2 4 3 9 8 5 6 19 18 23 20 13 14 16 10 12 11 28 24 30 29 22 21 15 26 25 17 27
AVOIDER 1 7 2 4 3 9 8 5 6 19 18 23 20 13 14 16 10 12 11 29 24 28 30 22 21 15 26 25 17 27
AVOIDER 1 7 2 4 3 9 8 5 6 19 18 23 20 13 14 16 10 12 11 30 24 28 29 22 21 15 26 25 17 27
AVOIDER 1 7 2 4 3 9 8 5 6 19 18 23 20 13 14 16 10 12 11 29 24 30 28 22 21 15 26 25 17 27
AVOIDER 1 7 2 4 3 9 8 5 6 19 18 23 20 13 14 16 10 12 11 28 29 24 30 22 21 15 26 25 17 27
AVOIDER 1 7 2 4 3 9 8 5 6 19 18 23 20 13 14 16 10 12 11 28 30 24 29 22 21 15 26 25 17 27
AVOIDER 1 7 2 4 3 9 8 5 6 19 18 23 20 13 14 16 10 12 11 29 28 24 30 22 21 15 26 25 17 27
AVOIDER 1 7 2 4 3 9 8 5 6 19 18 23 20 13 14 16 10 12 11 30 28 24 29 22 21 15 26 25 17 27
AVOIDER 1 7 2 4 3 9 8 5 6 19 18 23 20 13 14 16 10 12 11 29 30 24 28 22 21 15 26 25 17 27
AVOIDER 1 7 2 4 3 9 8 5 6 19 18 23 20 13 14 16 10 12 11 28 29 30 24 22 21 15 26 25 17 27
AVOIDER 1 7 2 4 3 9 8 5 6 19 18 23 20 13 14 16 10 12 11 28 30 29 24 22 21 15 26 25 17 27
AVOIDER 1 7 2 4 3 9 8 5 6 19 18 23 20 13 14 16 10 12 11 29 28 30 24 22 21 15 26 25 17 27
AVOIDER 1 7 2 4 3 9 8 5 6 19 18 23 20 13 14 16 10 12 11 30 28 29 24 22 21 15 26 25 17 27
AVOIDER 1 7 2 4 3 9 8 5 6 19 18 23 20 13 14 16 10 12 11 29 30 28 24 22 21 15 26 25 17 27
AVOIDER 1 7 2 4 3 9 8 5 6 20 18 19 23 13 14 16 10 12 11 24 28 29 30 21 22 15 26 25 17 27
AVOIDER 1 7 2 4 3 9 8 5 6 20 18 19 23 13 14 16 10 12 11 24 28 30 29 21 22 15 26 25 17 27
AVOIDER 1 7 2 4 3 9 8 5 6 20 18 19 23 13 14 16 10 12 11 24 29 28 30 21 22 15 26 25 17 27
AVOIDER 1 7 2 4 3 9 8 5 6 20 18 19 23 13 14 16 10 12 11 24 30 28 29 21 22 15 26 25 17 27
AVOIDER 1 7 2 4 3 9 8 5 6 20 18 19 23 13 14 16 10 12 11 24 29 30 28 21 22 15 26 25 17 27
AVOIDER 1 7 2 4 3 9 8 5 6 20 18 19 23 13 14 16 10 12 11 28 24 29 30 21 22 15 26 25 17 27
AVOIDER 1 7 2 4 3 9 8 5 6 20 18 19 23 13 14 16 10 12 11 28 24 30 29 21 22 15 26 25 17 27
AVOIDER 1 7 2 4 3 9 8 5 6 20 18 19 23 13 14 16 10 12 11 29 24 28 30 21 22 15 26 25 17 27
AVOIDER 1 7 2 4 3 9 8 5 6 20 18 19 23 13 14 16 10 12 11 30 24 28 29 21 22 15 26 25 17 27
AVOIDER 1 7 2 4 3 9 8 5 6 20 18 19 23 13 14 16 10 12 11 29 24 30 28 21 22 15 26 25 17 27
AVOIDER 1 7 2 4 3 9 8 5 6 20 18 19 23 13 14 16 10 12 11 28 29 24 30 21 22 15 26 25 17 27
AVOIDER 1 7 2 4 3 9 8 5 6 20 18 19 23 13 14 16 10 12 11 28 30 24 29 21 22 15 26 25 17 27
AVOIDER 1 7 2 4 3 9 8 5 6 20 18 19 23 13 14 16 10 12 11 29 28 24 30 21 22 15 26 25 17 27
AVOIDER 1 7 2 4 3 9 8 5 6 20 18 19 23 13 14 16 10 12 11 30 28 24 29 21 22 15 26 25 17 27
AVOIDER 1 7 2 4 3 9 8 5 6 20 18 19 23 13 14 16 10 12 11 29 30 24 28 21 22 15 26 25 17 27
AVOIDER 1 7 2 4 3 9 8 5 6 20 18 19 23 13 14 16 10 12 11 28 29 30 24 21 22 15 26 25 17 27
AVOIDER 1 7 2 4 3 9 8 5 6 20 18 19 23 13 14 16 10 12 11 28 30 29 24 21 22 15 26 25 17 27
AVOIDER 1 7 2 4 3 9 8 5 6 20 18 19 23 13 14 16 10 12 11 29 28 30 24 21 22 15 26 25 17 27
AVOIDER 1 7 2 4 3 9 8 5 6 20 18 19 23 13 14 16 10 12 11 30 28 29 24 21 22 15 26 25 17 27
AVOIDER 1 7 2 4 3 9 8 5 6 20 18 19 23 13 14 16 10 12 11 29 30 28 24 21 22 15 26 25 17 27
AVOIDER 1 7 2 4 3 9 8 5 6 20 18 19 23 13 14 16 10 12 11 24 30 22 28 29 21 15 26 25 17 27
AVOIDER 1 7 2 4 3 9 8 5 6 20 18 19 23 13 14 16 10 12 11 30 24 22 28 29 21 15 26 25 17 27
AVOIDER 1 7 2 4 3 9 8 5 6 20 18 19 23 13 14 16 10 12 11 24 28 30 22 29 21 15 26 25 17 27
AVOIDER 1 7 2 4 3 9 8 5 6 20 18 19 23 13 14 16 10 12 11 24 30 28 22 29 21 15 26 25 17 27
AVOIDER 1 7 2 4 3 9 8 5 6 20 18 19 23 13 14 16 10 12 11 24 29 30 22 28 21 15 26 25 17 27
AVOIDER 1 7 2 4 3 9 8 5 6 20 18 19 23 13 14 16 10 12 11 28 24 30 22 29 21 15 26 25 17 27
AVOIDER 1 7 2 4 3 9 8 5 6 20 18 19 23 13 14 16 10 12 11 30 24 28 22 29 21 15 26 25 17 27
AVOIDER 1 7 2 4 3 9 8 5 6 20 18 19 23 13 14 16 10 12 11 29 24 30 22 28 21 15 26 25 17 27
AVOIDER 1 7 2 4 3 9 8 5 6 20 18 19 23 13 14 16 10 12 11 28 30 24 22 29 21 15 26 25 17 27
AVOIDER 1 7 2 4 3 9 8 5 6 20 18 19 23 13 14 16 10 12 11 30 28 24 22 29 21 15 26 25 17 27
AVOIDER 1 7 2 4 3 9 8 5 6 20 18 19 23 13 14 16 10 12 11 29 30 24 22 28 21 15 26 25 17 27
AVOIDER 1 7 2 4 3 9 8 5 6 20 18 19 23 13 14 16 10 12 11 24 28 29 30 22 21 15 26 25 17 27
AVOIDER 1 7 2 4 3 9 8 5 6 20 18 19 23 13 14 16 10 12 11 24 28 30 29 22 21 15 26 25 17 27
AVOIDER 1 7 2 4 3 9 8 5 6 20 18 19 23 13 14 16 10 12 11 24 29 28 30 22 21 15 26 25 17 27
AVOIDER 1 7 2 4 3 9 8 5 6 20 18 19 23 13 14 16 10 12 11 24 30 28 29 22 21 15 26 25 17 27
AVOIDER 1 7 2 4 3 9 8 5 6 20 18 19 23 13 14 16 10 12 11 24 29 30 28 22 21 15 26 25 17 27
AVOIDER 1 7 2 4 3 9 8 5 6 20 18 19 23 13 14 16 10 12 11 28 24 29 30 22 21 15 26 25 17 27
AVOIDER 1 7 2 4 3 9 8 5 6 20 18 19 23 13 14 16 10 12 11 28 24 30 29 22 21 15 26 25 17 27
AVOIDER 1 7 2 4 3 9 8 5 6 20 18 19 23 13 14 16 10 12 11 29 24 28 30 22 21 15 26 25 17 27
AVOIDER 1 7 2 4 3 9 8 5 6 20 18 19 23 13 14 16 10 12 11 30 24 28 29 22 21 15 26 25 17 27
AVOIDER 1 7 2 4 3 9 8 5 6 20 18 19 23 13 14 16 10 12 11 29 24 30 28 22 21 15 26 25 17 27
AVOIDER 1 7 2 4 3 9 8 5 6 20 18 19 23 13 14 16 10 12 11 28 29 24 30 22 21 15 26 25 17 27
AVOIDER 1 7 2 4 3 9 8 5 6 20 18 19 23 13 14 16 10 12 11 28 30 24 29 22 21 15 26 25 17 27
AVOIDER 1 7 2 4 3 9 8 5 6 20 18 19 23 13 14 16 10 12 11 29 28 24 30 22 21 15 26 25 17 27
AVOIDER 1 7 2 4 3 9 8 5 6 20 18 19 23 13 14 16 10 12 11 30 28 24 29 22 21 15 26 25 17 27
AVOIDER 1 7 2 4 3 9 8 5 6 20 18 19 23 13 14 16 10 12 11 29 30 24 28 22 21 15 26 25 17 27
AVOIDER 1 7 2 4 3 9 8 5 6 20 18 19 23 13 14 16 10 12 11 28 29 30 24 22 21 15 26 25 17 27
AVOIDER 1 7 2 4 3 9 8 5 6 20 18 19 23 13 14 16 10 12 11 28 30 29 24 22 21 15 26 25 17 27
AVOIDER 1 7 2 4 3 9 8 5 6 20 18 19 23 13 14 16 10 12 11 29 28 30 24 22 21 15 26 25 17 27
AVOIDER 1 7 2 4 3 9 8 5 6 20 18 19 23 13 14 16 10 12 11 30 28 29 24 22 21 15 26 25 17 27
AVOIDER 1 7 2 4 3 9 8 5 6 20 18 19 23 13 14 16 10 12 11 29 30 28 24 22 21 15 26 25 17 27
AVOIDER 1 7 2 4 3 9 8 5 6 20 18 23 19 13 14 16 10 12 11 24 28 29 30 21 22 15 26 25 17 27
AVOIDER 1 7 2 4 3 9 8 5 6 20 18 23 19 13 14 16 10 12 11 24 28 30 29 21 22 15 26 25 17 27
AVOIDER 1 7 2 4 3 9 8 5 6 20 18 23 19 13 14 16 10 12 11 24 29 28 30 21 22 15 26 25 17 27
AVOIDER 1 7 2 4 3 9 8 5 6 20 18 23 19 13 14 16 10 12 11 24 30 28 29 21 22 15 26 25 17 27
AVOIDER 1 7 2 4 3 9 8 5 6 20 18 23 19 13 14 16 10 12 11 24 29 30 28 21 22 15 26 25 17 27
AVOIDER 1 7 2 4 3 9 8 5 6 20 18 23 19 13 14 16 10 12 11 28 24 29 30 21 22 15 26 25 17 27
AVOIDER 1 7 2 4 3 9 8 5 6 20 18 23 19 13 14 16 10 12 11 28 24 30 29 21 22 15 26 25 17 27
AVOIDER 1 7 2 4 3 9 8 5 6 20 18 23 19 13 14 16 10 12 11 29 24 28 30 21 22 15 26 25 17 27
AVOIDER 1 7 2 4 3 9 8 5 6 20 18 23 19 13 14 16 10 12 11 30 24 28 29 21 22 15 26 25 17 27
AVOIDER 1 7 2 4 3 9 8 5 6 20 18 23 19 13 14 16 10 12 11 29 24 30 28 21 22 15 26 25 17 27
AVOIDER 1 7 2 4 3 9 8 5 6 20 18 23 19 13 14 16 10 12 11 28 29 24 30 21 22 15 26 25 17 27
AVOIDER 1 7 2 4 3 9 8 5 6 20 18 23 19 13 14 16 10 12 11 28 30 24 29 21 22 15 26 25 17 27
AVOIDER 1 7 2 4 3 9 8 5 6 20 18 23 19 13 14 16 10 12 11 29 28 24 30 21 22 15 26 25 17 27
AVOIDER 1 7 2 4 3 9 8 5 6 20 18 23 19 13 14 16 10 12 11 30 28 24 29 21 22 15 26 25 17 27
AVOIDER 1 7 2 4 3 9 8 5 6 20 18 23 19 13 14 16 10 12 11 29 30 24 28 21 22 15 26 25 17 27
AVOIDER 1 7 2 4 3 9 8 5 6 20 18 23 19 13 14 16 10 12 11 28 29 30 24 21 22 15 26 25 17 27
AVOIDER 1 7 2 4 3 9 8 5 6 20 18 23 19 13 14 16 10 12 11 28 30 29 24 21 22 15 26 25 17 27
AVOIDER 1 7 2 4 3 9 8 5 6 20 18 23 19 13 14 16 10 12 11 29 28 30 24 21 22 15 26 25 17 27
AVOIDER 1 7 2 4 3 9 8 5 6 20 18 23 19 13 14 16 10 12 11 30 28 29 24 21 22 15 26 25 17 27
AVOIDER 1 7 2 4 3 9 8 5 6 20 18 23 19 13 14 16 10 12 11 29 30 28 24 21 22 15 26 25 17 27
AVOIDER 1 7 2 4 3 9 8 5 6 20 18 23 19 13 14 16 10 12 11 24 30 22 28 29 21 15 26 25 17 27
AVOIDER 1 7 2 4 3 9 8 5 6 20 18 23 19 13 14 16 10 12 11 30 24 22 28 29 21 15 26 25 17 27
AVOIDER 1 7 2 4 3 9 8 5 6 20 18 23 19 13 14 16 10 12 11 24 28 30 22 29 21 15 26 25 17 27
AVOIDER 1 7 2 4 3 9 8 5 6 20 18 23 19 13 14 16 10 12 11 24 30 28 22 29 21 15 26 25 17 27
AVOIDER 1 7 2 4 3 9 8 5 6 20 18 23 19 13 14 16 10 12 11 24 29 30 22 28 21 15 26 25 17 27
AVOIDER 1 7 2 4 3 9 8 5 6 20 18 23 19 13 14 16 10 12 11 28 24 30 22 29 21 15 26 25 17 27
AVOIDER 1 7 2 4 3 9 8 5 6 20 18 23 19 13 14 16 10 12 11 30 24 28 22 29 21 15 26 25 17 27
AVOIDER 1 7 2 4 3 9 8 5 6 20 18 23 19 13 14 16 10 12 11 29 24 30 22 28 21 15 26 25 17 27
AVOIDER 1 7 2 4 3 9 8 5 6 20 18 23 19 13 14 16 10 12 11 28 30 24 22 29 21 15 26 25 17 27
AVOIDER 1 7 2 4 3 9 8 5 6 20 18 23 19 13 14 16 10 12 11 30 28 24 22 29 21 15 26 25 17 27
AVOIDER 1 7 2 4 3 9 8 5 6 20 18 23 19 13 14 16 10 12 11 29 30 24 22 28 21 15 26 25 17 27
AVOIDER 1 7 2 4 3 9 8 5 6 20 18 23 19 13 14 16 10 12 11 24 28 29 30 22 21 15 26 25 17 27
AVOIDER 1 7 2 4 3 9 8 5 6 20 18 23 19 13 14 16 10 12 11 24 28 30 29 22 21 15 26 25 17 27
AVOIDER 1 7 2 4 3 9 8 5 6 20 18 23 19 13 14 16 10 12 11 24 29 28 30 22 21 15 26 25 17 27
AVOIDER 1 7 2 4 3 9 8 5 6 20 18 23 19 13 14 16 10 12 11 24 30 28 29 22 21 15 26 25 17 27
AVOIDER 1 7 2 4 3 9 8 5 6 20 18 23 19 13 14 16 10 12 11 24 29 30 28 22 21 15 26 25 17 27
AVOIDER 1 7 2 4 3 9 8 5 6 20 18 23 19 13 14 16 10 12 11 28 24 29 30 22 21 15 26 25 17 27
AVOIDER 1 7 2 4 3 9 8 5 6 20 18 23 19 13 14 16 10 12 11 28 24 30 29 22 21 15 26 25 17 27
AVOIDER 1 7 2 4 3 9 8 5 6 20 18 23 19 13 14 16 10 12 11 29 24 28 30 22 21 15 26 25 17 27
AVOIDER 1 7 2 4 3 9 8 5 6 20 18 23 19 13 14 16 10 12 11 30 24 28 29 22 21 15 26 25 17 27
AVOIDER 1 7 2 4 3 9 8 5 6 20 18 23 19 13 14 16 10 12 11 29 24 30 28 22 21 15 26 25 17 27
AVOIDER 1 7 2 4 3 9 8 5 6 20 18 23 19 13 14 16 10 12 11 28 29 24 30 22 21 15 26 25 17 27
AVOIDER 1 7 2 4 3 9 8 5 6 20 18 23 19 13 14 16 10 12 11 28 30 24 29 22 21 15 26 25 17 27
AVOIDER 1 7 2 4 3 9 8 5 6 20 18 23 19 13 14 16 10 12 11 29 28 24 30 22 21 15 26 25 17 27
AVOIDER 1 7 2 4 3 9 8 5 6 20 18 23 19 13 14 16 10 12 11 30 28 24 29 22 21 15 26 25 17 27
AVOIDER 1 7 2 4 3 9 8 5 6 20 18 23 19 13 14 16 10 12 11 29 30 24 28 22 21 15 26 25 17 27
AVOIDER 1 7 2 4 3 9 8 5 6 20 18 23 19 13 14 16 10 12 11 28 29 30 24 22 21 15 26 25 17 27
AVOIDER 1 7 2 4 3 9 8 5 6 20 18 23 19 13 14 16 10 12 11 28 30 29 24 22 21 15 26 25 17 27
AVOIDER 1 7 2 4 3 9 8 5 6 20 18 23 19 13 14 16 10 12 11 29 28 30 24 22 21 15 26 25 17 27
AVOIDER 1 7 2 4 3 9 8 5 6 20 18 23 19 13 14 16 10 12 11 30 28 29 24 22 21 15 26 25 17 27
AVOIDER 1 7 2 4 3 9 8 5 6 20 18 23 19 13 14 16 10 12 11 29 30 28 24 22 21 15 26 25 17 27
AVOIDER 1 7 2 4 3 9 8 5 6 23 18 20 19 13 14 16 10 12 11 24 28 29 30 21 22 15 26 25 17 27
AVOIDER 1 7 2 4 3 9 8 5 6 23 18 20 19 13 14 16 10 12 11 24 28 30 29 21 22 15 26 25 17 27
AVOIDER 1 7 2 4 3 9 8 5 6 23 18 20 19 13 14 16 10 12 11 24 29 28 30 21 22 15 26 25 17 27
AVOIDER 1 7 2 4 3 9 8 5 6 23 18 20 19 13 14 16 10 12 11 24 30 28 29 21 22 15 26 25 17 27
AVOIDER 1 7 2 4 3 9 8 5 6 23 18 20 19 13 14 16 10 12 11 24 29 30 28 21 22 15 26 25 17 27
AVOIDER 1 7 2 4 3 9 8 5 6 23 18 20 19 13 14 16 10 12 11 28 24 29 30 21 22 15 26 25 17 27
AVOIDER 1 7 2 4 3 9 8 5 6 23 18 20 19 13 14 16 10 12 11 28 24 30 29 21 22 15 26 25 17 27
AVOIDER 1 7 2 4 3 9 8 5 6 23 18 20 19 13 14 16 10 12 11 29 24 28 30 21 22 15 26 25 17 27
AVOIDER 1 7 2 4 3 9 8 5 6 23 18 20 19 13 14 16 10 12 11 30 24 28 29 21 22 15 26 25 17 27
AVOIDER 1 7 2 4 3 9 8 5 6 23 18 20 19 13 14 16 10 12 11 29 24 30 28 21 22 15 26 25 17 27
AVOIDER 1 7 2 4 3 9 8 5 6 23 18 20 19 13 14 16 10 12 11 28 29 24 30 21 22 15 26 25 17 27
AVOIDER 1 7 2 4 3 9 8 5 6 23 18 20 19 13 14 16 10 12 11 28 30 24 29 21 22 15 26 25 17 27
AVOIDER 1 7 2 4 3 9 8 5 6 23 18 20 19 13 14 16 10 12 11 29 28 24 30 21 22 15 26 25 17 27
AVOIDER 1 7 2 4 3 9 8 5 6 23 18 20 19 13 14 16 10 12 11 30 28 24 29 21 22 15 26 25 17 27
AVOIDER 1 7 2 4 3 9 8 5 6 23 18 20 19 13 14 16 10 12 11 29 30 24 28 21 22 15 26 25 17 27
AVOIDER 1 7 2 4 3 9 8 5 6 23 18 20 19 13 14 16 10 12 11 28 29 30 24 21 22 15 26 25 17 27
AVOIDER 1 7 2 4 3 9 8 5 6 23 18 20 19 13 14 16 10 12 11 28 30 29 24 21 22 15 26 25 17 27
AVOIDER 1 7 2 4 3 9 8 5 6 23 18 20 19 13 14 16 10 12 11 29 28 30 24 21 22 15 26 25 17 27
AVOIDER 1 7 2 4 3 9 8 5 6 23 18 20 19 13 14 16 10 12 11 30 28 29 24 21 22 15 26 25 17 27
AVOIDER 1 7 2 4 3 9 8 5 6 23 18 20 19 13 14 16 10 12 11 29 30 28 24 21 22 15 26 25 17 27
AVOIDER 1 7 2 4 3 9 8 5 6 23 18 20 19 13 14 16 10 12 11 24 30 22 28 29 21 15 26 25 17 27
AVOIDER 1 7 2 4 3 9 8 5 6 23 18 20 19 13 14 16 10 12 11 30 24 22 28 29 21 15 26 25 17 27
AVOIDER 1 7 2 4 3 9 8 5 6 23 18 20 19 13 14 16 10 12 11 24 28 30 22 29 21 15 26 25 17 27
AVOIDER 1 7 2 4 3 9 8 5 6 23 18 20 19 13 14 16 10 12 11 24 30 28 22 29 21 15 26 25 17 27
AVOIDER 1 7 2 4 3 9 8 5 6 23 18 20 19 13 14 16 10 12 11 24 29 30 22 28 21 15 26 25 17 27
AVOIDER 1 7 2 4 3 9 8 5 6 23 18 20 19 13 14 16 10 12 11 28 24 30 22 29 21 15 26 25 17 27
AVOIDER 1 7 2 4 3 9 8 5 6 23 18 20 19 13 14 16 10 12 11 30 24 28 22 29 21 15 26 25 17 27
AVOIDER 1 7 2 4 3 9 8 5 6 23 18 20 19 13 14 16 10 12 11 29 24 30 22 28 21 15 26 25 17 27
AVOIDER 1 7 2 4 3 9 8 5 6 23 18 20 19 13 14 16 10 12 11 28 30 24 22 29 21 15 26 25 17 27
AVOIDER 1 7 2 4 3 9 8 5 6 23 18 20 19 13 14 16 10 12 11 30 28 24 22 29 21 15 26 25 17 27
AVOIDER 1 7 2 4 3 9 8 5 6 23 18 20 19 13 14 16 10 12 11 29 30 24 22 28 21 15 26 25 17 27
AVOIDER 1 7 2 4 3 9 8 5 6 23 18 20 19 13 14 16 10 12 11 24 28 29 30 22 21 15 26 25 17 27
AVOIDER 1 7 2 4 3 9 8 5 6 23 18 20 19 13 14 16 10 12 11 24 28 30 29 22 21 15 26 25 17 27
AVOIDER 1 7 2 4 3 9 8 5 6 23 18 20 19 13 14 16 10 12 11 24 29 28 30 22 21 15 26 25 17 27
AVOIDER 1 7 2 4 3 9 8 5 6 23 18 20 19 13 14 16 10 12 11 24 30 28 29 22 21 15 26 25 17 27
AVOIDER 1 7 2 4 3 9 8 5 6 23 18 20 19 13 14 16 10 12 11 24 29 30 28 22 21 15 26 25 17 27
AVOIDER 1 7 2 4 3 9 8 5 6 23 18 20 19 13 14 16 10 12 11 28 24 29 30 22 21 15 26 25 17 27
AVOIDER 1 7 2 4 3 9 8 5 6 23 18 20 19 13 14 16 10 12 11 28 24 30 29 22 21 15 26 25 17 27
AVOIDER 1 7 2 4 3 9 8 5 6 23 18 20 19 13 14 16 10 12 11 29 24 28 30 22 21 15 26 25 17 27
AVOIDER 1 7 2 4 3 9 8 5 6 23 18 20 19 13 14 16 10 12 11 30 24 28 29 22 21 15 26 25 17 27
AVOIDER 1 7 2 4 3 9 8 5 6 23 18 20 19 13 14 16 10 12 11 29 24 30 28 22 21 15 26 25 17 27
AVOIDER 1 7 2 4 3 9 8 5 6 23 18 20 19 13 14 16 10 12 11 28 29 24 30 22 21 15 26 25 17 27
AVOIDER 1 7 2 4 3 9 8 5 6 23 18 20 19 13 14 16 10 12 11 28 30 24 29 22 21 15 26 25 17 27
AVOIDER 1 7 2 4 3 9 8 5 6 23 18 20 19 13 14 16 10 12 11 29 28 24 30 22 21 15 26 25 17 27
AVOIDER 1 7 2 4 3 9 8 5 6 23 18 20 19 13 14 16 10 12 11 30 28 24 29 22 21 15 26 25 17 27
AVOIDER 1 7 2 4 3 9 8 5 6 23 18 20 19 13 14 16 10 12 11 29 30 24 28 22 21 15 26 25 17 27
AVOIDER 1 7 2 4 3 9 8 5 6 23 18 20 19 13 14 16 10 12 11 28 29 30 24 22 21 15 26 25 17 27
AVOIDER 1 7 2 4 3 9 8 5 6 23 18 20 19 13 14 16 10 12 11 28 30 29 24 22 21 15 26 25 17 27
AVOIDER 1 7 2 4 3 9 8 5 6 23 18 20 19 13 14 16 10 12 11 29 28 30 24 22 21 15 26 25 17 27
AVOIDER 1 7 2 4 3 9 8 5 6 23 18 20 19 13 14 16 10 12 11 30 28 29 24 22 21 15 26 25 17 27
AVOIDER 1 7 2 4 3 9 8 5 6 23 18 20 19 13 14 16 10 12 11 29 30 28 24 22 21 15 26 25 17 27
AVOIDER 1 7 2 4 3 9 8 5 6 19 20 18 23 13 14 16 10 12 11 24 30 22 28 29 21 15 26 25 17 27
AVOIDER 1 7 2 4 3 9 8 5 6 19 20 18 23 13 14 16 10 12 11 30 24 22 28 29 21 15 26 25 17 27
AVOIDER 1 7 2 4 3 9 8 5 6 19 20 18 23 13 14 16 10 12 11 24 28 30 22 29 21 15 26 25 17 27
AVOIDER 1 7 2 4 3 9 8 5 6 19 20 18 23 13 14 16 10 12 11 24 30 28 22 29 21 15 26 25 17 27
AVOIDER 1 7 2 4 3 9 8 5 6 19 20 18 23 13 14 16 10 12 11 24 29 30 22 28 21 15 26 25 17 27
AVOIDER 1 7 2 4 3 9 8 5 6 19 20 18 23 13 14 16 10 12 11 28 24 30 22 29 21 15 26 25 17 27
AVOIDER 1 7 2 4 3 9 8 5 6 19 20 18 23 13 14 16 10 12 11 30 24 28 22 29 21 15 26 25 17 27
AVOIDER 1 7 2 4 3 9 8 5 6 19 20 18 23 13 14 16 10 12 11 29 24 30 22 28 21 15 26 25 17 27
AVOIDER 1 7 2 4 3 9 8 5 6 19 20 18 23 13 14 16 10 12 11 28 30 24 22 29 21 15 26 25 17 27
AVOIDER 1 7 2 4 3 9 8 5 6 19 20 18 23 13 14 16 10 12 11 30 28 24 22 29 21 15 26 25 17 27
AVOIDER 1 7 2 4 3 9 8 5 6 19 20 18 23 13 14 16 10 12 11 29 30 24 22 28 21 15 26 25 17 27
AVOIDER 1 7 2 4 3 9 8 5 6 19 20 18 23 13 14 16 10 12 11 24 28 29 30 22 21 15 26 25 17 27
AVOIDER 1 7 2 4 3 9 8 5 6 19 20 18 23 13 14 16 10 12 11 24 28 30 29 22 21 15 26 25 17 27
AVOIDER 1 7 2 4 3 9 8 5 6 19 20 18 23 13 14 16 10 12 11 24 29 28 30 22 21 15 26 25 17 27
AVOIDER 1 7 2 4 3 9 8 5 6 19 20 18 23 13 14 16 10 12 11 24 30 28 29 22 21 15 26 25 17 27
AVOIDER 1 7 2 4 3 9 8 5 6 19 20 18 23 13 14 16 10 12 11 24 29 30 28 22 21 15 26 25 17 27
AVOIDER 1 7 2 4 3 9 8 5 6 19 20 18 23 13 14 16 10 12 11 28 24 29 30 22 21 15 26 25 17 27
AVOIDER 1 7 2 4 3 9 8 5 6 19 20 18 23 13 14 16 10 12 11 28 24 30 29 22 21 15 26 25 17 27
AVOIDER 1 7 2 4 3 9 8 5 6 19 20 18 23 13 14 16 10 12 11 29 24 28 30 22 21 15 26 25 17 27
AVOIDER 1 7 2 4 3 9 8 5 6 19 20 18 23 13 14 16 10 12 11 30 24 28 29 22 21 15 26 25 17 27
AVOIDER 1 7 2 4 3 9 8 5 6 19 20 18 23 13 14 16 10 12 11 29 24 30 28 22 21 15 26 25 17 27
AVOIDER 1 7 2 4 3 9 8 5 6 19 20 18 23 13 14 16 10 12 11 28 29 24 30 22 21 15 26 25 17 27
AVOIDER 1 7 2 4 3 9 8 5 6 19 20 18 23 13 14 16 10 12 11 28 30 24 29 22 21 15 26 25 17 27
AVOIDER 1 7 2 4 3 9 8 5 6 19 20 18 23 13 14 16 10 12 11 29 28 24 30 22 21 15 26 25 17 27
AVOIDER 1 7 2 4 3 9 8 5 6 19 20 18 23 13 14 16 10 12 11 30 28 24 29 22 21 15 26 25 17 27
AVOIDER 1 7 2 4 3 9 8 5 6 19 20 18 23 13 14 16 10 12 11 29 30 24 28 22 21 15 26 25 17 27
AVOIDER 1 7 2 4 3 9 8 5 6 19 20 18 23 13 14 16 10 12 11 28 29 30 24 22 21 15 26 25 17 27
AVOIDER 1 7 2 4 3 9 8 5 6 19 20 18 23 13 14 16 10 12 11 28 30 29 24 22 21 15 26 25 17 27
AVOIDER 1 7 2 4 3 9 8 5 6 19 20 18 23 13 14 16 10 12 11 29 28 30 24 22 21 15 26 25 17 27
AVOIDER 1 7 2 4 3 9 8 5 6 19 20 18 23 13 14 16 10 12 11 30 28 29 24 22 21 15 26 25 17 27
AVOIDER 1 7 2 4 3 9 8 5 6 19 20 18 23 13 14 16 10 12 11 29 30 28 24 22 21 15 26 25 17 27
AVOIDER 1 7 2 4 3 9 8 5 6 19 23 18 20 13 14 16 10 12 11 24 30 22 28 29 21 15 26 25 17 27
AVOIDER 1 7 2 4 3 9 8 5 6 19 23 18 20 13 14 16 10 12 11 30 24 22 28 29 21 15 26 25 17 27
AVOIDER 1 7 2 4 3 9 8 5 6 19 23 18 20 13 14 16 10 12 11 24 28 30 22 29 21 15 26 25 17 27
AVOIDER 1 7 2 4 3 9 8 5 6 19 23 18 20 13 14 16 10 12 11 24 30 28 22 29 21 15 26 25 17 27
AVOIDER 1 7 2 4 3 9 8 5 6 19 23 18 20 13 14 16 10 12 11 24 29 30 22 28 21 15 26 25 17 27
AVOIDER 1 7 2 4 3 9 8 5 6 19 23 18 20 13 14 16 10 12 11 28 24 30 22 29 21 15 26 25 17 27
AVOIDER 1 7 2 4 3 9 8 5 6 19 23 18 20 13 14 16 10 12 11 30 24 28 22 29 21 15 26 25 17 27
AVOIDER 1 7 2 4 3 9 8 5 6 19 23 18 20 13 14 16 10 12 11 29 24 30 22 28 21 15 26 25 17 27
AVOIDER 1 7 2 4 3 9 8 5 6 19 23 18 20 13 14 16 10 12 11 28 30 24 22 29 21 15 26 25 17 27
AVOIDER 1 7 2 4 3 9 8 5 6 19 23 18 20 13 14 16 10 12 11 30 28 24 22 29 21 15 26 25 17 27
AVOIDER 1 7 2 4 3 9 8 5 6 19 23 18 20 13 14 16 10 12 11 29 30 24 22 28 21 15 26 25 17 27
AVOIDER 1 7 2 4 3 9 8 5 6 19 23 18 20 13 14 16 10 12 11 24 28 29 30 22 21 15 26 25 17 27
AVOIDER 1 7 2 4 3 9 8 5 6 19 23 18 20 13 14 16 10 12 11 24 28 30 29 22 21 15 26 25 17 27
AVOIDER 1 7 2 4 3 9 8 5 6 19 23 18 20 13 14 16 10 12 11 24 29 28 30 22 21 15 26 25 17 27
AVOIDER 1 7 2 4 3 9 8 5 6 19 23 18 20 13 14 16 10 12 11 24 30 28 29 22 21 15 26 25 17 27
AVOIDER 1 7 2 4 3 9 8 5 6 19 23 18 20 13 14 16 10 12 11 24 29 30 28 22 21 15 26 25 17 27
AVOIDER 1 7 2 4 3 9 8 5 6 19 23 18 20 13 14 16 10 12 11 28 24 29 30 22 21 15 26 25 17 27
AVOIDER 1 7 2 4 3 9 8 5 6 19 23 18 20 13 14 16 10 12 11 28 24 30 29 22 21 15 26 25 17 27
AVOIDER 1 7 2 4 3 9 8 5 6 19 23 18 20 13 14 16 10 12 11 29 24 28 30 22 21 15 26 25 17 27
AVOIDER 1 7 2 4 3 9 8 5 6 19 23 18 20 13 14 16 10 12 11 30 24 28 29 22 21 15 26 25 17 27
AVOIDER 1 7 2 4 3 9 8 5 6 19 23 18 20 13 14 16 10 12 11 29 24 30 28 22 21 15 26 25 17 27
AVOIDER 1 7 2 4 3 9 8 5 6 19 23 18 20 13 14 16 10 12 11 28 29 24 30 22 21 15 26 25 17 27
AVOIDER 1 7 2 4 3 9 8 5 6 19 23 18 20 13 14 16 10 12 11 28 30 24 29 22 21 15 26 25 17 27
AVOIDER 1 7 2 4 3 9 8 5 6 19 23 18 20 13 14 16 10 12 11 29 28 24 30 22 21 15 26 25 17 27
AVOIDER 1 7 2 4 3 9 8 5 6 19 23 18 20 13 14 16 10 12 11 30 28 24 29 22 21 15 26 25 17 27
AVOIDER 1 7 2 4 3 9 8 5 6 19 23 18 20 13 14 16 10 12 11 29 30 24 28 22 21 15 26 25 17 27
AVOIDER 1 7 2 4 3 9 8 5 6 19 23 18 20 13 14 16 10 12 11 28 29 30 24 22 21 15 26 25 17 27
AVOIDER 1 7 2 4 3 9 8 5 6 19 23 18 20 13 14 16 10 12 11 28 30 29 24 22 21 15 26 25 17 27
AVOIDER 1 7 2 4 3 9 8 5 6 19 23 18 20 13 14 16 10 12 11 29 28 30 24 22 21 15 26 25 17 27
AVOIDER 1 7 2 4 3 9 8 5 6 19 23 18 20 13 14 16 10 12 11 30 28 29 24 22 21 15 26 25 17 27
AVOIDER 1 7 2 4 3 9 8 5 6 19 23 18 20 13 14 16 10 12 11 29 30 28 24 22 21 15 26 25 17 27
AVOIDER 1 7 2 4 3 9 8 5 6 23 19 18 20 13 14 16 10 12 11 24 30 22 28 29 21 15 26 25 17 27
AVOIDER 1 7 2 4 3 9 8 5 6 23 19 18 20 13 14 16 10 12 11 30 24 22 28 29 21 15 26 25 17 27
AVOIDER 1 7 2 4 3 9 8 5 6 23 19 18 20 13 14 16 10 12 11 24 28 30 22 29 21 15 26 25 17 27
AVOIDER 1 7 2 4 3 9 8 5 6 23 19 18 20 13 14 16 10 12 11 24 30 28 22 29 21 15 26 25 17 27
AVOIDER 1 7 2 4 3 9 8 5 6 23 19 18 20 13 14 16 10 12 11 24 29 30 22 28 21 15 26 25 17 27
AVOIDER 1 7 2 4 3 9 8 5 6 23 19 18 20 13 14 16 10 12 11 28 24 30 22 29 21 15 26 25 17 27
AVOIDER 1 7 2 4 3 9 8 5 6 23 19 18 20 13 14 16 10 12 11 30 24 28 22 29 21 15 26 25 17 27
AVOIDER 1 7 2 4 3 9 8 5 6 23 19 18 20 13 14 16 10 12 11 29 24 30 22 28 21 15 26 25 17 27
AVOIDER 1 7 2 4 3 9 8 5 6 23 19 18 20 13 14 16 10 12 11 28 30 24 22 29 21 15 26 25 17 27
AVOIDER 1 7 2 4 3 9 8 5 6 23 19 18 20 13 14 16 10 12 11 30 28 24 22 29 21 15 26 25 17 27
AVOIDER 1 7 2 4 3 9 8 5 6 23 19 18 20 13 14 16 10 12 11 29 30 24 22 28 21 15 26 25 17 27
AVOIDER 1 7 2 4 3 9 8 5 6 23 19 18 20 13 14 16 10 12 11 24 28 29 30 22 21 15 26 25 17 27
AVOIDER 1 7 2 4 3 9 8 5 6 23 19 18 20 13 14 16 10 12 11 24 28 30 29 22 21 15 26 25 17 27
AVOIDER 1 7 2 4 3 9 8 5 6 23 19 18 20 13 14 16 10 12 11 24 29 28 30 22 21 15 26 25 17 27
AVOIDER 1 7 2 4 3 9 8 5 6 23 19 18 20 13 14 16 10 12 11 24 30 28 29 22 21 15 26 25 17 27
AVOIDER 1 7 2 4 3 9 8 5 6 23 19 18 20 13 14 16 10 12 11 24 29 30 28 22 21 15 26 25 17 27
AVOIDER 1 7 2 4 3 9 8 5 6 23 19 18 20 13 14 16 10 12 11 28 24 29 30 22 21 15 26 25 17 27
AVOIDER 1 7 2 4 3 9 8 5 6 23 19 18 20 13 14 16 10 12 11 28 24 30 29 22 21 15 26 25 17 27
AVOIDER 1 7 2 4 3 9 8 5 6 23 19 18 20 13 14 16 10 12 11 29 24 28 30 22 21 15 26 25 17 27
AVOIDER 1 7 2 4 3 9 8 5 6 23 19 18 20 13 14 16 10 12 11 30 24 28 29 22 21 15 26 25 17 27
AVOIDER 1 7 2 4 3 9 8 5 6 23 19 18 20 13 14 16 10 12 11 29 24 30 28 22 21 15 26 25 17 27
AVOIDER 1 7 2 4 3 9 8 5 6 23 19 18 20 13 14 16 10 12 11 28 29 24 30 22 21 15 26 25 17 27
AVOIDER 1 7 2 4 3 9 8 5 6 23 19 18 20 13 14 16 10 12 11 28 30 24 29 22 21 15 26 25 17 27
AVOIDER 1 7 2 4 3 9 8 5 6 23 19 18 20 13 14 16 10 12 11 29 28 24 30 22 21 15 26 25 17 27
AVOIDER 1 7 2 4 3 9 8 5 6 23 19 18 20 13 14 16 10 12 11 30 28 24 29 22 21 15 26 25 17 27
AVOIDER 1 7 2 4 3 9 8 5 6 23 19 18 20 13 14 16 10 12 11 29 30 24 28 22 21 15 26 25 17 27
AVOIDER 1 7 2 4 3 9 8 5 6 23 19 18 20 13 14 16 10 12 11 28 29 30 24 22 21 15 26 25 17 27
AVOIDER 1 7 2 4 3 9 8 5 6 23 19 18 20 13 14 16 10 12 11 28 30 29 24 22 21 15 26 25 17 27
AVOIDER 1 7 2 4 3 9 8 5 6 23 19 18 20 13 14 16 10 12 11 29 28 30 24 22 21 15 26 25 17 27
AVOIDER 1 7 2 4 3 9 8 5 6 23 19 18 20 13 14 16 10 12 11 30 28 29 24 22 21 15 26 25 17 27
AVOIDER 1 7 2 4 3 9 8 5 6 23 19 18 20 13 14 16 10 12 11 29 30 28 24 22 21 15 26 25 17 27
AVOIDER 1 7 2 4 3 9 8 5 6 20 23 18 19 13 14 16 10 12 11 24 28 29 30 21 22 15 26 25 17 27
AVOIDER 1 7 2 4 3 9 8 5 6 20 23 18 19 13 14 16 10 12 11 24 28 30 29 21 22 15 26 25 17 27
AVOIDER 1 7 2 4 3 9 8 5 6 20 23 18 19 13 14 16 10 12 11 24 29 28 30 21 22 15 26 25 17 27
AVOIDER 1 7 2 4 3 9 8 5 6 20 23 18 19 13 14 16 10 12 11 24 30 28 29 21 22 15 26 25 17 27
AVOIDER 1 7 2 4 3 9 8 5 6 20 23 18 19 13 14 16 10 12 11 24 29 30 28 21 22 15 26 25 17 27
AVOIDER 1 7 2 4 3 9 8 5 6 20 23 18 19 13 14 16 10 12 11 28 24 29 30 21 22 15 26 25 17 27
AVOIDER 1 7 2 4 3 9 8 5 6 20 23 18 19 13 14 16 10 12 11 28 24 30 29 21 22 15 26 25 17 27
AVOIDER 1 7 2 4 3 9 8 5 6 20 23 18 19 13 14 16 10 12 11 29 24 28 30 21 22 15 26 25 17 27
AVOIDER 1 7 2 4 3 9 8 5 6 20 23 18 19 13 14 16 10 12 11 30 24 28 29 21 22 15 26 25 17 27
AVOIDER 1 7 2 4 3 9 8 5 6 20 23 18 19 13 14 16 10 12 11 29 24 30 28 21 22 15 26 25 17 27
AVOIDER 1 7 2 4 3 9 8 5 6 20 23 18 19 13 14 16 10 12 11 28 29 24 30 21 22 15 26 25 17 27
AVOIDER 1 7 2 4 3 9 8 5 6 20 23 18 19 13 14 16 10 12 11 28 30 24 29 21 22 15 26 25 17 27
AVOIDER 1 7 2 4 3 9 8 5 6 20 23 18 19 13 14 16 10 12 11 29 28 24 30 21 22 15 26 25 17 27
AVOIDER 1 7 2 4 3 9 8 5 6 20 23 18 19 13 14 16 10 12 11 30 28 24 29 21 22 15 26 25 17 27
AVOIDER 1 7 2 4 3 9 8 5 6 20 23 18 19 13 14 16 10 12 11 29 30 24 28 21 22 15 26 25 17 27
AVOIDER 1 7 2 4 3 9 8 5 6 20 23 18 19 13 14 16 10 12 11 28 29 30 24 21 22 15 26 25 17 27
AVOIDER 1 7 2 4 3 9 8 5 6 20 23 18 19 13 14 16 10 12 11 28 30 29 24 21 22 15 26 25 17 27
AVOIDER 1 7 2 4 3 9 8 5 6 20 23 18 19 13 14 16 10 12 11 29 28 30 24 21 22 15 26 25 17 27
AVOIDER 1 7 2 4 3 9 8 5 6 20 23 18 19 13 14 16 10 12 11 30 28 29 24 21 22 15 26 25 17 27
AVOIDER 1 7 2 4 3 9 8 5 6 20 23 18 19 13 14 16 10 12 11 29 30 28 24 21 22 15 26 25 17 27
AVOIDER 1 7 2 4 3 9 8 5 6 20 23 18 19 13 14 16 10 12 11 24 30 22 28 29 21 15 26 25 17 27
AVOIDER 1 7 2 4 3 9 8 5 6 20 23 18 19 13 14 16 10 12 11 30 24 22 28 29 21 15 26 25 17 27
AVOIDER 1 7 2 4 3 9 8 5 6 20 23 18 19 13 14 16 10 12 11 24 28 30 22 29 21 15 26 25 17 27
AVOIDER 1 7 2 4 3 9 8 5 6 20 23 18 19 13 14 16 10 12 11 24 30 28 22 29 21 15 26 25 17 27
AVOIDER 1 7 2 4 3 9 8 5 6 20 23 18 19 13 14 16 10 12 11 24 29 30 22 28 21 15 26 25 17 27
AVOIDER 1 7 2 4 3 9 8 5 6 20 23 18 19 13 14 16 10 12 11 28 24 30 22 29 21 15 26 25 17 27
AVOIDER 1 7 2 4 3 9 8 5 6 20 23 18 19 13 14 16 10 12 11 30 24 28 22 29 21 15 26 25 17 27
AVOIDER 1 7 2 4 3 9 8 5 6 20 23 18 19 13 14 16 10 12 11 29 24 30 22 28 21 15 26 25 17 27
AVOIDER 1 7 2 4 3 9 8 5 6 20 23 18 19 13 14 16 10 12 11 28 30 24 22 29 21 15 26 25 17 27
AVOIDER 1 7 2 4 3 9 8 5 6 20 23 18 19 13 14 16 10 12 11 30 28 24 22 29 21 15 26 25 17 27
AVOIDER 1 7 2 4 3 9 8 5 6 20 23 18 19 13 14 16 10 12 11 29 30 24 22 28 21 15 26 25 17 27
AVOIDER 1 7 2 4 3 9 8 5 6 20 23 18 19 13 14 16 10 12 11 24 28 29 30 22 21 15 26 25 17 27
AVOIDER 1 7 2 4 3 9 8 5 6 20 23 18 19 13 14 16 10 12 11 24 28 30 29 22 21 15 26 25 17 27
AVOIDER 1 7 2 4 3 9 8 5 6 20 23 18 19 13 14 16 10 12 11 24 29 28 30 22 21 15 26 25 17 27
AVOIDER 1 7 2 4 3 9 8 5 6 20 23 18 19 13 14 16 10 12 11 24 30 28 29 22 21 15 26 25 17 27
AVOIDER 1 7 2 4 3 9 8 5 6 20 23 18 19 13 14 16 10 12 11 24 29 30 28 22 21 15 26 25 17 27
AVOIDER 1 7 2 4 3 9 8 5 6 20 23 18 19 13 14 16 10 12 11 28 24 29 30 22 21 15 26 25 17 27
AVOIDER 1 7 2 4 3 9 8 5 6 20 23 18 19 13 14 16 10 12 11 28 24 30 29 22 21 15 26 25 17 27
AVOIDER 1 7 2 4 3 9 8 5 6 20 23 18 19 13 14 16 10 12 11 29 24 28 30 22 21 15 26 25 17 27
AVOIDER 1 7 2 4 3 9 8 5 6 20 23 18 19 13 14 16 10 12 11 30 24 28 29 22 21 15 26 25 17 27
AVOIDER 1 7 2 4 3 9 8 5 6 20 23 18 19 13 14 16 10 12 11 29 24 30 28 22 21 15 26 25 17 27
AVOIDER 1 7 2 4 3 9 8 5 6 20 23 18 19 13 14 16 10 12 11 28 29 24 30 22 21 15 26 25 17 27
AVOIDER 1 7 2 4 3 9 8 5 6 20 23 18 19 13 14 16 10 12 11 28 30 24 29 22 21 15 26 25 17 27
AVOIDER 1 7 2 4 3 9 8 5 6 20 23 18 19 13 14 16 10 12 11 29 28 24 30 22 21 15 26 25 17 27
AVOIDER 1 7 2 4 3 9 8 5 6 20 23 18 19 13 14 16 10 12 11 30 28 24 29 22 21 15 26 25 17 27
AVOIDER 1 7 2 4 3 9 8 5 6 20 23 18 19 13 14 16 10 12 11 29 30 24 28 22 21 15 26 25 17 27
AVOIDER 1 7 2 4 3 9 8 5 6 20 23 18 19 13 14 16 10 12 11 28 29 30 24 22 21 15 26 25 17 27
AVOIDER 1 7 2 4 3 9 8 5 6 20 23 18 19 13 14 16 10 12 11 28 30 29 24 22 21 15 26 25 17 27
AVOIDER 1 7 2 4 3 9 8 5 6 20 23 18 19 13 14 16 10 12 11 29 28 30 24 22 21 15 26 25 17 27
AVOIDER 1 7 2 4 3 9 8 5 6 20 23 18 19 13 14 16 10 12 11 30 28 29 24 22 21 15 26 25 17 27
AVOIDER 1 7 2 4 3 9 8 5 6 20 23 18 19 13 14 16 10 12 11 29 30 28 24 22 21 15 26 25 17 27
AVOIDER 1 7 2 4 3 9 8 5 6 23 20 18 19 13 14 16 10 12 11 24 28 29 30 21 22 15 26 25 17 27
AVOIDER 1 7 2 4 3 9 8 5 6 23 20 18 19 13 14 16 10 12 11 24 28 30 29 21 22 15 26 25 17 27
AVOIDER 1 7 2 4 3 9 8 5 6 23 20 18 19 13 14 16 10 12 11 24 29 28 30 21 22 15 26 25 17 27
AVOIDER 1 7 2 4 3 9 8 5 6 23 20 18 19 13 14 16 10 12 11 24 30 28 29 21 22 15 26 25 17 27
AVOIDER 1 7 2 4 3 9 8 5 6 23 20 18 19 13 14 16 10 12 11 24 29 30 28 21 22 15 26 25 17 27
AVOIDER 1 7 2 4 3 9 8 5 6 23 20 18 19 13 14 16 10 12 11 28 24 29 30 21 22 15 26 25 17 27
AVOIDER 1 7 2 4 3 9 8 5 6 23 20 18 19 13 14 16 10 12 11 28 24 30 29 21 22 15 26 25 17 27
AVOIDER 1 7 2 4 3 9 8 5 6 23 20 18 19 13 14 16 10 12 11 29 24 28 30 21 22 15 26 25 17 27
AVOIDER 1 7 2 4 3 9 8 5 6 23 20 18 19 13 14 16 10 12 11 30 24 28 29 21 22 15 26 25 17 27
AVOIDER 1 7 2 4 3 9 8 5 6 23 20 18 19 13 14 16 10 12 11 29 24 30 28 21 22 15 26 25 17 27
AVOIDER 1 7 2 4 3 9 8 5 6 23 20 18 19 13 14 16 10 12 11 28 29 24 30 21 22 15 26 25 17 27
AVOIDER 1 7 2 4 3 9 8 5 6 23 20 18 19 13 14 16 10 12 11 28 30 24 29 21 22 15 26 25 17 27
AVOIDER 1 7 2 4 3 9 8 5 6 23 20 18 19 13 14 16 10 12 11 29 28 24 30 21 22 15 26 25 17 27
AVOIDER 1 7 2 4 3 9 8 5 6 23 20 18 19 13 14 16 10 12 11 30 28 24 29 21 22 15 26 25 17 27
AVOIDER 1 7 2 4 3 9 8 5 6 23 20 18 19 13 14 16 10 12 11 29 30 24 28 21 22 15 26 25 17 27
AVOIDER 1 7 2 4 3 9 8 5 6 23 20 18 19 13 14 16 10 12 11 28 29 30 24 21 22 15 26 25 17 27
AVOIDER 1 7 2 4 3 9 8 5 6 23 20 18 19 13 14 16 10 12 11 28 30 29 24 21 22 15 26 25 17 27
AVOIDER 1 7 2 4 3 9 8 5 6 23 20 18 19 13 14 16 10 12 11 29 28 30 24 21 22 15 26 25 17 27
AVOIDER 1 7 2 4 3 9 8 5 6 23 20 18 19 13 14 16 10 12 11 30 28 29 24 21 22 15 26 25 17 27
AVOIDER 1 7 2 4 3 9 8 5 6 23 20 18 19 13 14 16 10 12 11 29 30 28 24 21 22 15 26 25 17 27
AVOIDER 1 7 2 4 3 9 8 5 6 23 20 18 19 13 14 16 10 12 11 24 30 22 28 29 21 15 26 25 17 27
AVOIDER 1 7 2 4 3 9 8 5 6 23 20 18 19 13 14 16 10 12 11 30 24 22 28 29 21 15 26 25 17 27
AVOIDER 1 7 2 4 3 9 8 5 6 23 20 18 19 13 14 16 10 12 11 24 28 30 22 29 21 15 26 25 17 27
AVOIDER 1 7 2 4 3 9 8 5 6 23 20 18 19 13 14 16 10 12 11 24 30 28 22 29 21 15 26 25 17 27
AVOIDER 1 7 2 4 3 9 8 5 6 23 20 18 19 13 14 16 10 12 11 24 29 30 22 28 21 15 26 25 17 27
AVOIDER 1 7 2 4 3 9 8 5 6 23 20 18 19 13 14 16 10 12 11 28 24 30 22 29 21 15 26 25 17 27
AVOIDER 1 7 2 4 3 9 8 5 6 23 20 18 19 13 14 16 10 12 11 30 24 28 22 29 21 15 26 25 17 27
AVOIDER 1 7 2 4 3 9 8 5 6 23 20 18 19 13 14 16 10 12 11 29 24 30 22 28 21 15 26 25 17 27
AVOIDER 1 7 2 4 3 9 8 5 6 23 20 18 19 13 14 16 10 12 11 28 30 24 22 29 21 15 26 25 17 27
AVOIDER 1 7 2 4 3 9 8 5 6 23 20 18 19 13 14 16 10 12 11 30 28 24 22 29 21 15 26 25 17 27
AVOIDER 1 7 2 4 3 9 8 5 6 23 20 18 19 13 14 16 10 12 11 29 30 24 22 28 21 15 26 25 17 27
AVOIDER 1 7 2 4 3 9 8 5 6 23 20 18 19 13 14 16 10 12 11 24 28 29 30 22 21 15 26 25 17 27
AVOIDER 1 7 2 4 3 9 8 5 6 23 20 18 19 13 14 16 10 12 11 24 28 30 29 22 21 15 26 25 17 27
AVOIDER 1 7 2 4 3 9 8 5 6 23 20 18 19 13 14 16 10 12 11 24 29 28 30 22 21 15 26 25 17 27
AVOIDER 1 7 2 4 3 9 8 5 6 23 20 18 19 13 14 16 10 12 11 24 30 28 29 22 21 15 26 25 17 27
AVOIDER 1 7 2 4 3 9 8 5 6 23 20 18 19 13 14 16 10 12 11 24 29 30 28 22 21 15 26 25 17 27
AVOIDER 1 7 2 4 3 9 8 5 6 23 20 18 19 13 14 16 10 12 11 28 24 29 30 22 21 15 26 25 17 27
AVOIDER 1 7 2 4 3 9 8 5 6 23 20 18 19 13 14 16 10 12 11 28 24 30 29 22 21 15 26 25 17 27
AVOIDER 1 7 2 4 3 9 8 5 6 23 20 18 19 13 14 16 10 12 11 29 24 28 30 22 21 15 26 25 17 27
AVOIDER 1 7 2 4 3 9 8 5 6 23 20 18 19 13 14 16 10 12 11 30 24 28 29 22 21 15 26 25 17 27
AVOIDER 1 7 2 4 3 9 8 5 6 23 20 18 19 13 14 16 10 12 11 29 24 30 28 22 21 15 26 25 17 27
AVOIDER 1 7 2 4 3 9 8 5 6 23 20 18 19 13 14 16 10 12 11 28 29 24 30 22 21 15 26 25 17 27
AVOIDER 1 7 2 4 3 9 8 5 6 23 20 18 19 13 14 16 10 12 11 28 30 24 29 22 21 15 26 25 17 27
AVOIDER 1 7 2 4 3 9 8 5 6 23 20 18 19 13 14 16 10 12 11 29 28 24 30 22 21 15 26 25 17 27
AVOIDER 1 7 2 4 3 9 8 5 6 23 20 18 19 13 14 16 10 12 11 30 28 24 29 22 21 15 26 25 17 27
AVOIDER 1 7 2 4 3 9 8 5 6 23 20 18 19 13 14 16 10 12 11 29 30 24 28 22 21 15 26 25 17 27
AVOIDER 1 7 2 4 3 9 8 5 6 23 20 18 19 13 14 16 10 12 11 28 29 30 24 22 21 15 26 25 17 27
AVOIDER 1 7 2 4 3 9 8 5 6 23 20 18 19 13 14 16 10 12 11 28 30 29 24 22 21 15 26 25 17 27
AVOIDER 1 7 2 4 3 9 8 5 6 23 20 18 19 13 14 16 10 12 11 29 28 30 24 22 21 15 26 25 17 27
AVOIDER 1 7 2 4 3 9 8 5 6 23 20 18 19 13 14 16 10 12 11 30 28 29 24 22 21 15 26 25 17 27
AVOIDER 1 7 2 4 3 9 8 5 6 23 20 18 19 13 14 16 10 12 11 29 30 28 24 22 21 15 26 25 17 27
AVOIDER 1 7 2 4 3 9 8 5 6 19 20 23 18 13 14 16 10 12 11 24 30 22 28 29 21 15 26 25 17 27
AVOIDER 1 7 2 4 3 9 8 5 6 19 20 23 18 13 14 16 10 12 11 30 24 22 28 29 21 15 26 25 17 27
AVOIDER 1 7 2 4 3 9 8 5 6 19 20 23 18 13 14 16 10 12 11 24 28 30 22 29 21 15 26 25 17 27
AVOIDER 1 7 2 4 3 9 8 5 6 19 20 23 18 13 14 16 10 12 11 24 30 28 22 29 21 15 26 25 17 27
AVOIDER 1 7 2 4 3 9 8 5 6 19 20 23 18 13 14 16 10 12 11 24 29 30 22 28 21 15 26 25 17 27
AVOIDER 1 7 2 4 3 9 8 5 6 19 20 23 18 13 14 16 10 12 11 28 24 30 22 29 21 15 26 25 17 27
AVOIDER 1 7 2 4 3 9 8 5 6 19 20 23 18 13 14 16 10 12 11 30 24 28 22 29 21 15 26 25 17 27
AVOIDER 1 7 2 4 3 9 8 5 6 19 20 23 18 13 14 16 10 12 11 29 24 30 22 28 21 15 26 25 17 27
AVOIDER 1 7 2 4 3 9 8 5 6 19 20 23 18 13 14 16 10 12 11 28 30 24 22 29 21 15 26 25 17 27
AVOIDER 1 7 2 4 3 9 8 5 6 19 20 23 18 13 14 16 10 12 11 30 28 24 22 29 21 15 26 25 17 27
AVOIDER 1 7 2 4 3 9 8 5 6 19 20 23 18 13 14 16 10 12 11 29 30 24 22 28 21 15 26 25 17 27
AVOIDER 1 7 2 4 3 9 8 5 6 19 20 23 18 13 14 16 10 12 11 24 28 29 30 22 21 15 26 25 17 27
AVOIDER 1 7 2 4 3 9 8 5 6 19 20 23 18 13 14 16 10 12 11 24 28 30 29 22 21 15 26 25 17 27
AVOIDER 1 7 2 4 3 9 8 5 6 19 20 23 18 13 14 16 10 12 11 24 29 28 30 22 21 15 26 25 17 27
AVOIDER 1 7 2 4 3 9 8 5 6 19 20 23 18 13 14 16 10 12 11 24 30 28 29 22 21 15 26 25 17 27
AVOIDER 1 7 2 4 3 9 8 5 6 19 20 23 18 13 14 16 10 12 11 24 29 30 28 22 21 15 26 25 17 27
AVOIDER 1 7 2 4 3 9 8 5 6 19 20 23 18 13 14 16 10 12 11 28 24 29 30 22 21 15 26 25 17 27
AVOIDER 1 7 2 4 3 9 8 5 6 19 20 23 18 13 14 16 10 12 11 28 24 30 29 22 21 15 26 25 17 27
AVOIDER 1 7 2 4 3 9 8 5 6 19 20 23 18 13 14 16 10 12 11 29 24 28 30 22 21 15 26 25 17 27
AVOIDER 1 7 2 4 3 9 8 5 6 19 20 23 18 13 14 16 10 12 11 30 24 28 29 22 21 15 26 25 17 27
AVOIDER 1 7 2 4 3 9 8 5 6 19 20 23 18 13 14 16 10 12 11 29 24 30 28 22 21 15 26 25 17 27
AVOIDER 1 7 2 4 3 9 8 5 6 19 20 23 18 13 14 16 10 12 11 28 29 24 30 22 21 15 26 25 17 27
AVOIDER 1 7 2 4 3 9 8 5 6 19 20 23 18 13 14 16 10 12 11 28 30 24 29 22 21 15 26 25 17 27
AVOIDER 1 7 2 4 3 9 8 5 6 19 20 23 18 13 14 16 10 12 11 29 28 24 30 22 21 15 26 25 17 27
AVOIDER 1 7 2 4 3 9 8 5 6 19 20 23 18 13 14 16 10 12 11 30 28 24 29 22 21 15 26 25 17 27
AVOIDER 1 7 2 4 3 9 8 5 6 19 20 23 18 13 14 16 10 12 11 29 30 24 28 22 21 15 26 25 17 27
AVOIDER 1 7 2 4 3 9 8 5 6 19 20 23 18 13 14 16 10 12 11 28 29 30 24 22 21 15 26 25 17 27
AVOIDER 1 7 2 4 3 9 8 5 6 19 20 23 18 13 14 16 10 12 11 28 30 29 24 22 21 15 26 25 17 27
AVOIDER 1 7 2 4 3 9 8 5 6 19 20 23 18 13 14 16 10 12 11 29 28 30 24 22 21 15 26 25 17 27
AVOIDER 1 7 2 4 3 9 8 5 6 19 20 23 18 13 14 16 10 12 11 30 28 29 24 22 21 15 26 25 17 27
AVOIDER 1 7 2 4 3 9 8 5 6 19 20 23 18 13 14 16 10 12 11 29 30 28 24 22 21 15 26 25 17 27
AVOIDER 1 7 2 4 3 9 8 5 6 19 23 20 18 13 14 16 10 12 11 24 30 22 28 29 21 15 26 25 17 27
AVOIDER 1 7 2 4 3 9 8 5 6 19 23 20 18 13 14 16 10 12 11 30 24 22 28 29 21 15 26 25 17 27
AVOIDER 1 7 2 4 3 9 8 5 6 19 23 20 18 13 14 16 10 12 11 24 28 30 22 29 21 15 26 25 17 27
AVOIDER 1 7 2 4 3 9 8 5 6 19 23 20 18 13 14 16 10 12 11 24 30 28 22 29 21 15 26 25 17 27
AVOIDER 1 7 2 4 3 9 8 5 6 19 23 20 18 13 14 16 10 12 11 24 29 30 22 28 21 15 26 25 17 27
AVOIDER 1 7 2 4 3 9 8 5 6 19 23 20 18 13 14 16 10 12 11 28 24 30 22 29 21 15 26 25 17 27
AVOIDER 1 7 2 4 3 9 8 5 6 19 23 20 18 13 14 16 10 12 11 30 24 28 22 29 21 15 26 25 17 27
AVOIDER 1 7 2 4 3 9 8 5 6 19 23 20 18 13 14 16 10 12 11 29 24 30 22 28 21 15 26 25 17 27
AVOIDER 1 7 2 4 3 9 8 5 6 19 23 20 18 13 14 16 10 12 11 28 30 24 22 29 21 15 26 25 17 27
AVOIDER 1 7 2 4 3 9 8 5 6 19 23 20 18 13 14 16 10 12 11 30 28 24 22 29 21 15 26 25 17 27
AVOIDER 1 7 2 4 3 9 8 5 6 19 23 20 18 13 14 16 10 12 11 29 30 24 22 28 21 15 26 25 17 27
AVOIDER 1 7 2 4 3 9 8 5 6 19 23 20 18 13 14 16 10 12 11 24 28 29 30 22 21 15 26 25 17 27
AVOIDER 1 7 2 4 3 9 8 5 6 19 23 20 18 13 14 16 10 12 11 24 28 30 29 22 21 15 26 25 17 27
AVOIDER 1 7 2 4 3 9 8 5 6 19 23 20 18 13 14 16 10 12 11 24 29 28 30 22 21 15 26 25 17 27
AVOIDER 1 7 2 4 3 9 8 5 6 19 23 20 18 13 14 16 10 12 11 24 30 28 29 22 21 15 26 25 17 27
AVOIDER 1 7 2 4 3 9 8 5 6 19 23 20 18 13 14 16 10 12 11 24 29 30 28 22 21 15 26 25 17 27
AVOIDER 1 7 2 4 3 9 8 5 6 19 23 20 18 13 14 16 10 12 11 28 24 29 30 22 21 15 26 25 17 27
AVOIDER 1 7 2 4 3 9 8 5 6 19 23 20 18 13 14 16 10 12 11 28 24 30 29 22 21 15 26 25 17 27
AVOIDER 1 7 2 4 3 9 8 5 6 19 23 20 18 13 14 16 10 12 11 29 24 28 30 22 21 15 26 25 17 27
AVOIDER 1 7 2 4 3 9 8 5 6 19 23 20 18 13 14 16 10 12 11 30 24 28 29 22 21 15 26 25 17 27
AVOIDER 1 7 2 4 3 9 8 5 6 19 23 20 18 13 14 16 10 12 11 29 24 30 28 22 21 15 26 25 17 27
AVOIDER 1 7 2 4 3 9 8 5 6 19 23 20 18 13 14 16 10 12 11 28 29 24 30 22 21 15 26 25 17 27
AVOIDER 1 7 2 4 3 9 8 5 6 19 23 20 18 13 14 16 10 12 11 28 30 24 29 22 21 15 26 25 17 27
AVOIDER 1 7 2 4 3 9 8 5 6 19 23 20 18 13 14 16 10 12 11 29 28 24 30 22 21 15 26 25 17 27
AVOIDER 1 7 2 4 3 9 8 5 6 19 23 20 18 13 14 16 10 12 11 30 28 24 29 22 21 15 26 25 17 27
AVOIDER 1 7 2 4 3 9 8 5 6 19 23 20 18 13 14 16 10 12 11 29 30 24 28 22 21 15 26 25 17 27
AVOIDER 1 7 2 4 3 9 8 5 6 19 23 20 18 13 14 16 10 12 11 28 29 30 24 22 21 15 26 25 17 27
AVOIDER 1 7 2 4 3 9 8 5 6 19 23 20 18 13 14 16 10 12 11 28 30 29 24 22 21 15 26 25 17 27
AVOIDER 1 7 2 4 3 9 8 5 6 19 23 20 18 13 14 16 10 12 11 29 28 30 24 22 21 15 26 25 17 27
AVOIDER 1 7 2 4 3 9 8 5 6 19 23 20 18 13 14 16 10 12 11 30 28 29 24 22 21 15 26 25 17 27
AVOIDER 1 7 2 4 3 9 8 5 6 19 23 20 18 13 14 16 10 12 11 29 30 28 24 22 21 15 26 25 17 27
AVOIDER 1 7 2 4 3 9 8 5 6 23 19 20 18 13 14 16 10 12 11 24 30 22 28 29 21 15 26 25 17 27
AVOIDER 1 7 2 4 3 9 8 5 6 23 19 20 18 13 14 16 10 12 11 30 24 22 28 29 21 15 26 25 17 27
AVOIDER 1 7 2 4 3 9 8 5 6 23 19 20 18 13 14 16 10 12 11 24 28 30 22 29 21 15 26 25 17 27
AVOIDER 1 7 2 4 3 9 8 5 6 23 19 20 18 13 14 16 10 12 11 24 30 28 22 29 21 15 26 25 17 27
AVOIDER 1 7 2 4 3 9 8 5 6 23 19 20 18 13 14 16 10 12 11 24 29 30 22 28 21 15 26 25 17 27
AVOIDER 1 7 2 4 3 9 8 5 6 23 19 20 18 13 14 16 10 12 11 28 24 30 22 29 21 15 26 25 17 27
AVOIDER 1 7 2 4 3 9 8 5 6 23 19 20 18 13 14 16 10 12 11 30 24 28 22 29 21 15 26 25 17 27
AVOIDER 1 7 2 4 3 9 8 5 6 23 19 20 18 13 14 16 10 12 11 29 24 30 22 28 21 15 26 25 17 27
AVOIDER 1 7 2 4 3 9 8 5 6 23 19 20 18 13 14 16 10 12 11 28 30 24 22 29 21 15 26 25 17 27
AVOIDER 1 7 2 4 3 9 8 5 6 23 19 20 18 13 14 16 10 12 11 30 28 24 22 29 21 15 26 25 17 27
AVOIDER 1 7 2 4 3 9 8 5 6 23 19 20 18 13 14 16 10 12 11 29 30 24 22 28 21 15 26 25 17 27
AVOIDER 1 7 2 4 3 9 8 5 6 23 19 20 18 13 14 16 10 12 11 24 28 29 30 22 21 15 26 25 17 27
AVOIDER 1 7 2 4 3 9 8 5 6 23 19 20 18 13 14 16 10 12 11 24 28 30 29 22 21 15 26 25 17 27
AVOIDER 1 7 2 4 3 9 8 5 6 23 19 20 18 13 14 16 10 12 11 24 29 28 30 22 21 15 26 25 17 27
AVOIDER 1 7 2 4 3 9 8 5 6 23 19 20 18 13 14 16 10 12 11 24 30 28 29 22 21 15 26 25 17 27
AVOIDER 1 7 2 4 3 9 8 5 6 23 19 20 18 13 14 16 10 12 11 24 29 30 28 22 21 15 26 25 17 27
AVOIDER 1 7 2 4 3 9 8 5 6 23 19 20 18 13 14 16 10 12 11 28 24 29 30 22 21 15 26 25 17 27
AVOIDER 1 7 2 4 3 9 8 5 6 23 19 20 18 13 14 16 10 12 11 28 24 30 29 22 21 15 26 25 17 27
AVOIDER 1 7 2 4 3 9 8 5 6 23 19 20 18 13 14 16 10 12 11 29 24 28 30 22 21 15 26 25 17 27
AVOIDER 1 7 2 4 3 9 8 5 6 23 19 20 18 13 14 16 10 12 11 30 24 28 29 22 21 15 26 25 17 27
AVOIDER 1 7 2 4 3 9 8 5 6 23 19 20 18 13 14 16 10 12 11 29 24 30 28 22 21 15 26 25 17 27
AVOIDER 1 7 2 4 3 9 8 5 6 23 19 20 18 13 14 16 10 12 11 28 29 24 30 22 21 15 26 25 17 27
AVOIDER 1 7 2 4 3 9 8 5 6 23 19 20 18 13 14 16 10 12 11 28 30 24 29 22 21 15 26 25 17 27
AVOIDER 1 7 2 4 3 9 8 5 6 23 19 20 18 13 14 16 10 12 11 29 28 24 30 22 21 15 26 25 17 27
AVOIDER 1 7 2 4 3 9 8 5 6 23 19 20 18 13 14 16 10 12 11 30 28 24 29 22 21 15 26 25 17 27
AVOIDER 1 7 2 4 3 9 8 5 6 23 19 20 18 13 14 16 10 12 11 29 30 24 28 22 21 15 26 25 17 27
AVOIDER 1 7 2 4 3 9 8 5 6 23 19 20 18 13 14 16 10 12 11 28 29 30 24 22 21 15 26 25 17 27
AVOIDER 1 7 2 4 3 9 8 5 6 23 19 20 18 13 14 16 10 12 11 28 30 29 24 22 21 15 26 25 17 27
AVOIDER 1 7 2 4 3 9 8 5 6 23 19 20 18 13 14 16 10 12 11 29 28 30 24 22 21 15 26 25 17 27
AVOIDER 1 7 2 4 3 9 8 5 6 23 19 20 18 13 14 16 10 12 11 30 28 29 24 22 21 15 26 25 17 27
AVOIDER 1 7 2 4 3 9 8 5 6 23 19 20 18 13 14 16 10 12 11 29 30 28 24 22 21 15 26 25 17 27
AVOIDER 1 7 2 4 3 9 8 5 18 6 20 19 14 23 16 10 12 13 11 24 28 29 30 21 22 15 26 25 17 27
AVOIDER 1 7 2 4 3 9 8 5 18 6 20 19 14 23 16 10 12 13 11 24 28 30 29 21 22 15 26 25 17 27
AVOIDER 1 7 2 4 3 9 8 5 18 6 20 19 14 23 16 10 12 13 11 24 29 28 30 21 22 15 26 25 17 27
AVOIDER 1 7 2 4 3 9 8 5 18 6 20 19 14 23 16 10 12 13 11 24 30 28 29 21 22 15 26 25 17 27
AVOIDER 1 7 2 4 3 9 8 5 18 6 20 19 14 23 16 10 12 13 11 24 29 30 28 21 22 15 26 25 17 27
AVOIDER 1 7 2 4 3 9 8 5 18 6 20 19 14 23 16 10 12 13 11 28 24 29 30 21 22 15 26 25 17 27
AVOIDER 1 7 2 4 3 9 8 5 18 6 20 19 14 23 16 10 12 13 11 28 24 30 29 21 22 15 26 25 17 27
AVOIDER 1 7 2 4 3 9 8 5 18 6 20 19 14 23 16 10 12 13 11 29 24 28 30 21 22 15 26 25 17 27
AVOIDER 1 7 2 4 3 9 8 5 18 6 20 19 14 23 16 10 12 13 11 30 24 28 29 21 22 15 26 25 17 27
AVOIDER 1 7 2 4 3 9 8 5 18 6 20 19 14 23 16 10 12 13 11 29 24 30 28 21 22 15 26 25 17 27
AVOIDER 1 7 2 4 3 9 8 5 18 6 20 19 14 23 16 10 12 13 11 28 29 24 30 21 22 15 26 25 17 27
AVOIDER 1 7 2 4 3 9 8 5 18 6 20 19 14 23 16 10 12 13 11 28 30 24 29 21 22 15 26 25 17 27
AVOIDER 1 7 2 4 3 9 8 5 18 6 20 19 14 23 16 10 12 13 11 29 28 24 30 21 22 15 26 25 17 27
AVOIDER 1 7 2 4 3 9 8 5 18 6 20 19 14 23 16 10 12 13 11 30 28 24 29 21 22 15 26 25 17 27
AVOIDER 1 7 2 4 3 9 8 5 18 6 20 19 14 23 16 10 12 13 11 29 30 24 28 21 22 15 26 25 17 27
AVOIDER 1 7 2 4 3 9 8 5 18 6 20 19 14 23 16 10 12 13 11 28 29 30 24 21 22 15 26 25 17 27
AVOIDER 1 7 2 4 3 9 8 5 18 6 20 19 14 23 16 10 12 13 11 28 30 29 24 21 22 15 26 25 17 27
AVOIDER 1 7 2 4 3 9 8 5 18 6 20 19 14 23 16 10 12 13 11 29 28 30 24 21 22 15 26 25 17 27
AVOIDER 1 7 2 4 3 9 8 5 18 6 20 19 14 23 16 10 12 13 11 30 28 29 24 21 22 15 26 25 17 27
AVOIDER 1 7 2 4 3 9 8 5 18 6 20 19 14 23 16 10 12 13 11 29 30 28 24 21 22 15 26 25 17 27
AVOIDER 1 7 2 4 3 9 8 5 18 6 20 19 14 23 16 10 12 13 11 24 30 22 28 29 21 15 26 25 17 27
AVOIDER 1 7 2 4 3 9 8 5 18 6 20 19 14 23 16 10 12 13 11 30 24 22 28 29 21 15 26 25 17 27
AVOIDER 1 7 2 4 3 9 8 5 18 6 20 19 14 23 16 10 12 13 11 24 28 30 22 29 21 15 26 25 17 27
AVOIDER 1 7 2 4 3 9 8 5 18 6 20 19 14 23 16 10 12 13 11 24 30 28 22 29 21 15 26 25 17 27
AVOIDER 1 7 2 4 3 9 8 5 18 6 20 19 14 23 16 10 12 13 11 24 29 30 22 28 21 15 26 25 17 27
AVOIDER 1 7 2 4 3 9 8 5 18 6 20 19 14 23 16 10 12 13 11 28 24 30 22 29 21 15 26 25 17 27
AVOIDER 1 7 2 4 3 9 8 5 18 6 20 19 14 23 16 10 12 13 11 30 24 28 22 29 21 15 26 25 17 27
AVOIDER 1 7 2 4 3 9 8 5 18 6 20 19 14 23 16 10 12 13 11 29 24 30 22 28 21 15 26 25 17 27
AVOIDER 1 7 2 4 3 9 8 5 18 6 20 19 14 23 16 10 12 13 11 28 30 24 22 29 21 15 26 25 17 27
AVOIDER 1 7 2 4 3 9 8 5 18 6 20 19 14 23 16 10 12 13 11 30 28 24 22 29 21 15 26 25 17 27
AVOIDER 1 7 2 4 3 9 8 5 18 6 20 19 14 23 16 10 12 13 11 29 30 24 22 28 21 15 26 25 17 27
AVOIDER 1 7 2 4 3 9 8 5 18 6 20 19 14 23 16 10 12 13 11 24 28 29 30 22 21 15 26 25 17 27
AVOIDER 1 7 2 4 3 9 8 5 18 6 20 19 14 23 16 10 12 13 11 24 28 30 29 22 21 15 26 25 17 27
AVOIDER 1 7 2 4 3 9 8 5 18 6 20 19 14 23 16 10 12 13 11 24 29 28 30 22 21 15 26 25 17 27
AVOIDER 1 7 2 4 3 9 8 5 18 6 20 19 14 23 16 10 12 13 11 24 30 28 29 22 21 15 26 25 17 27
AVOIDER 1 7 2 4 3 9 8 5 18 6 20 19 14 23 16 10 12 13 11 24 29 30 28 22 21 15 26 25 17 27
AVOIDER 1 7 2 4 3 9 8 5 18 6 20 19 14 23 16 10 12 13 11 28 24 29 30 22 21 15 26 25 17 27
AVOIDER 1 7 2 4 3 9 8 5 18 6 20 19 14 23 16 10 12 13 11 28 24 30 29 22 21 15 26 25 17 27
AVOIDER 1 7 2 4 3 9 8 5 18 6 20 19 14 23 16 10 12 13 11 29 24 28 30 22 21 15 26 25 17 27
AVOIDER 1 7 2 4 3 9 8 5 18 6 20 19 14 23 16 10 12 13 11 30 24 28 29 22 21 15 26 25 17 27
AVOIDER 1 7 2 4 3 9 8 5 18 6 20 19 14 23 16 10 12 13 11 29 24 30 28 22 21 15 26 25 17 27
AVOIDER 1 7 2 4 3 9 8 5 18 6 20 19 14 23 16 10 12 13 11 28 29 24 30 22 21 15 26 25 17 27
AVOIDER 1 7 2 4 3 9 8 5 18 6 20 19 14 23 16 10 12 13 11 28 30 24 29 22 21 15 26 25 17 27
AVOIDER 1 7 2 4 3 9 8 5 18 6 20 19 14 23 16 10 12 13 11 29 28 24 30 22 21 15 26 25 17 27
AVOIDER 1 7 2 4 3 9 8 5 18 6 20 19 14 23 16 10 12 13 11 30 28 24 29 22 21 15 26 25 17 27
AVOIDER 1 7 2 4 3 9 8 5 18 6 20 19 14 23 16 10 12 13 11 29 30 24 28 22 21 15 26 25 17 27
AVOIDER 1 7 2 4 3 9 8 5 18 6 20 19 14 23 16 10 12 13 11 28 29 30 24 22 21 15 26 25 17 27
AVOIDER 1 7 2 4 3 9 8 5 18 6 20 19 14 23 16 10 12 13 11 28 30 29 24 22 21 15 26 25 17 27
AVOIDER 1 7 2 4 3 9 8 5 18 6 20 19 14 23 16 10 12 13 11 29 28 30 24 22 21 15 26 25 17 27
AVOIDER 1 7 2 4 3 9 8 5 18 6 20 19 14 23 16 10 12 13 11 30 28 29 24 22 21 15 26 25 17 27
AVOIDER 1 7 2 4 3 9 8 5 18 6 20 19 14 23 16 10 12 13 11 29 30 28 24 22 21 15 26 25 17 27
AVOIDER 1 7 2 4 3 9 8 5 19 6 18 20 14 23 16 10 12 13 11 24 30 22 28 29 21 15 26 25 17 27
AVOIDER 1 7 2 4 3 9 8 5 19 6 18 20 14 23 16 10 12 13 11 30 24 22 28 29 21 15 26 25 17 27
AVOIDER 1 7 2 4 3 9 8 5 19 6 18 20 14 23 16 10 12 13 11 24 28 30 22 29 21 15 26 25 17 27
AVOIDER 1 7 2 4 3 9 8 5 19 6 18 20 14 23 16 10 12 13 11 24 30 28 22 29 21 15 26 25 17 27
AVOIDER 1 7 2 4 3 9 8 5 19 6 18 20 14 23 16 10 12 13 11 24 29 30 22 28 21 15 26 25 17 27
AVOIDER 1 7 2 4 3 9 8 5 19 6 18 20 14 23 16 10 12 13 11 28 24 30 22 29 21 15 26 25 17 27
AVOIDER 1 7 2 4 3 9 8 5 19 6 18 20 14 23 16 10 12 13 11 30 24 28 22 29 21 15 26 25 17 27
AVOIDER 1 7 2 4 3 9 8 5 19 6 18 20 14 23 16 10 12 13 11 29 24 30 22 28 21 15 26 25 17 27
AVOIDER 1 7 2 4 3 9 8 5 19 6 18 20 14 23 16 10 12 13 11 28 30 24 22 29 21 15 26 25 17 27
AVOIDER 1 7 2 4 3 9 8 5 19 6 18 20 14 23 16 10 12 13 11 30 28 24 22 29 21 15 26 25 17 27
AVOIDER 1 7 2 4 3 9 8 5 19 6 18 20 14 23 16 10 12 13 11 29 30 24 22 28 21 15 26 25 17 27
AVOIDER 1 7 2 4 3 9 8 5 19 6 18 20 14 23 16 10 12 13 11 24 28 29 30 22 21 15 26 25 17 27
AVOIDER 1 7 2 4 3 9 8 5 19 6 18 20 14 23 16 10 12 13 11 24 28 30 29 22 21 15 26 25 17 27
AVOIDER 1 7 2 4 3 9 8 5 19 6 18 20 14 23 16 10 12 13 11 24 29 28 30 22 21 15 26 25 17 27
AVOIDER 1 7 2 4 3 9 8 5 19 6 18 20 14 23 16 10 12 13 11 24 30 28 29 22 21 15 26 25 17 27
AVOIDER 1 7 2 4 3 9 8 5 19 6 18 20 14 23 16 10 12 13 11 24 29 30 28 22 21 15 26 25 17 27
AVOIDER 1 7 2 4 3 9 8 5 19 6 18 20 14 23 16 10 12 13 11 28 24 29 30 22 21 15 26 25 17 27
AVOIDER 1 7 2 4 3 9 8 5 19 6 18 20 14 23 16 10 12 13 11 28 24 30 29 22 21 15 26 25 17 27
AVOIDER 1 7 2 4 3 9 8 5 19 6 18 20 14 23 16 10 12 13 11 29 24 28 30 22 21 15 26 25 17 27
AVOIDER 1 7 2 4 3 9 8 5 19 6 18 20 14 23 16 10 12 13 11 30 24 28 29 22 21 15 26 25 17 27
AVOIDER 1 7 2 4 3 9 8 5 19 6 18 20 14 23 16 10 12 13 11 29 24 30 28 22 21 15 26 25 17 27
AVOIDER 1 7 2 4 3 9 8 5 19 6 18 20 14 23 16 10 12 13 11 28 29 24 30 22 21 15 26 25 17 27
AVOIDER 1 7 2 4 3 9 8 5 19 6 18 20 14 23 16 10 12 13 11 28 30 24 29 22 21 15 26 25 17 27
AVOIDER 1 7 2 4 3 9 8 5 19 6 18 20 14 23 16 10 12 13 11 29 28 24 30 22 21 15 26 25 17 27
AVOIDER 1 7 2 4 3 9 8 5 19 6 18 20 14 23 16 10 12 13 11 30 28 24 29 22 21 15 26 25 17 27
AVOIDER 1 7 2 4 3 9 8 5 19 6 18 20 14 23 16 10 12 13 11 29 30 24 28 22 21 15 26 25 17 27
AVOIDER 1 7 2 4 3 9 8 5 19 6 18 20 14 23 16 10 12 13 11 28 29 30 24 22 21 15 26 25 17 27
AVOIDER 1 7 2 4 3 9 8 5 19 6 18 20 14 23 16 10 12 13 11 28 30 29 24 22 21 15 26 25 17 27
AVOIDER 1 7 2 4 3 9 8 5 19 6 18 20 14 23 16 10 12 13 11 29 28 30 24 22 21 15 26 25 17 27
AVOIDER 1 7 2 4 3 9 8 5 19 6 18 20 14 23 16 10 12 13 11 30 28 29 24 22 21 15 26 25 17 27
AVOIDER 1 7 2 4 3 9 8 5 19 6 18 20 14 23 16 10 12 13 11 29 30 28 24 22 21 15 26 25 17 27
AVOIDER 1 7 2 4 3 9 8 5 20 6 18 19 14 23 16 10 12 13 11 24 28 29 30 21 22 15 26 25 17 27
AVOIDER 1 7 2 4 3 9 8 5 20 6 18 19 14 23 16 10 12 13 11 24 28 30 29 21 22 15 26 25 17 27
AVOIDER 1 7 2 4 3 9 8 5 20 6 18 19 14 23 16 10 12 13 11 24 29 28 30 21 22 15 26 25 17 27
AVOIDER 1 7 2 4 3 9 8 5 20 6 18 19 14 23 16 10 12 13 11 24 30 28 29 21 22 15 26 25 17 27
AVOIDER 1 7 2 4 3 9 8 5 20 6 18 19 14 23 16 10 12 13 11 24 29 30 28 21 22 15 26 25 17 27
AVOIDER 1 7 2 4 3 9 8 5 20 6 18 19 14 23 16 10 12 13 11 28 24 29 30 21 22 15 26 25 17 27
AVOIDER 1 7 2 4 3 9 8 5 20 6 18 19 14 23 16 10 12 13 11 28 24 30 29 21 22 15 26 25 17 27
AVOIDER 1 7 2 4 3 9 8 5 20 6 18 19 14 23 16 10 12 13 11 29 24 28 30 21 22 15 26 25 17 27
AVOIDER 1 7 2 4 3 9 8 5 20 6 18 19 14 23 16 10 12 13 11 30 24 28 29 21 22 15 26 25 17 27
AVOIDER 1 7 2 4 3 9 8 5 20 6 18 19 14 23 16 10 12 13 11 29 24 30 28 21 22 15 26 25 17 27
AVOIDER 1 7 2 4 3 9 8 5 20 6 18 19 14 23 16 10 12 13 11 28 29 24 30 21 22 15 26 25 17 27
AVOIDER 1 7 2 4 3 9 8 5 20 6 18 19 14 23 16 10 12 13 11 28 30 24 29 21 22 15 26 25 17 27
AVOIDER 1 7 2 4 3 9 8 5 20 6 18 19 14 23 16 10 12 13 11 29 28 24 30 21 22 15 26 25 17 27
AVOIDER 1 7 2 4 3 9 8 5 20 6 18 19 14 23 16 10 12 13 11 30 28 24 29 21 22 15 26 25 17 27
AVOIDER 1 7 2 4 3 9 8 5 20 6 18 19 14 23 16 10 12 13 11 29 30 24 28 21 22 15 26 25 17 27
AVOIDER 1 7 2 4 3 9 8 5 20 6 18 19 14 23 16 10 12 13 11 28 29 30 24 21 22 15 26 25 17 27
AVOIDER 1 7 2 4 3 9 8 5 20 6 18 19 14 23 16 10 12 13 11 28 30 29 24 21 22 15 26 25 17 27
AVOIDER 1 7 2 4 3 9 8 5 20 6 18 19 14 23 16 10 12 13 11 29 28 30 24 21 22 15 26 25 17 27
AVOIDER 1 7 2 4 3 9 8 5 20 6 18 19 14 23 16 10 12 13 11 30 28 29 24 21 22 15 26 25 17 27
AVOIDER 1 7 2 4 3 9 8 5 20 6 18 19 14 23 16 10 12 13 11 29 30 28 24 21 22 15 26 25 17 27
AVOIDER 1 7 2 4 3 9 8 5 20 6 18 19 14 23 16 10 12 13 11 24 30 22 28 29 21 15 26 25 17 27
AVOIDER 1 7 2 4 3 9 8 5 20 6 18 19 14 23 16 10 12 13 11 30 24 22 28 29 21 15 26 25 17 27
AVOIDER 1 7 2 4 3 9 8 5 20 6 18 19 14 23 16 10 12 13 11 24 28 30 22 29 21 15 26 25 17 27
AVOIDER 1 7 2 4 3 9 8 5 20 6 18 19 14 23 16 10 12 13 11 24 30 28 22 29 21 15 26 25 17 27
AVOIDER 1 7 2 4 3 9 8 5 20 6 18 19 14 23 16 10 12 13 11 24 29 30 22 28 21 15 26 25 17 27
AVOIDER 1 7 2 4 3 9 8 5 20 6 18 19 14 23 16 10 12 13 11 28 24 30 22 29 21 15 26 25 17 27
AVOIDER 1 7 2 4 3 9 8 5 20 6 18 19 14 23 16 10 12 13 11 30 24 28 22 29 21 15 26 25 17 27
AVOIDER 1 7 2 4 3 9 8 5 20 6 18 19 14 23 16 10 12 13 11 29 24 30 22 28 21 15 26 25 17 27
AVOIDER 1 7 2 4 3 9 8 5 20 6 18 19 14 23 16 10 12 13 11 28 30 24 22 29 21 15 26 25 17 27
AVOIDER 1 7 2 4 3 9 8 5 20 6 18 19 14 23 16 10 12 13 11 30 28 24 22 29 21 15 26 25 17 27
AVOIDER 1 7 2 4 3 9 8 5 20 6 18 19 14 23 16 10 12 13 11 29 30 24 22 28 21 15 26 25 17 27
AVOIDER 1 7 2 4 3 9 8 5 20 6 18 19 14 23 16 10 12 13 11 24 28 29 30 22 21 15 26 25 17 27
AVOIDER 1 7 2 4 3 9 8 5 20 6 18 19 14 23 16 10 12 13 11 24 28 30 29 22 21 15 26 25 17 27
AVOIDER 1 7 2 4 3 9 8 5 20 6 18 19 14 23 16 10 12 13 11 24 29 28 30 22 21 15 26 25 17 27
AVOIDER 1 7 2 4 3 9 8 5 20 6 18 19 14 23 16 10 12 13 11 24 30 28 29 22 21 15 26 25 17 27
AVOIDER 1 7 2 4 3 9 8 5 20 6 18 19 14 23 16 10 12 13 11 24 29 30 28 22 21 15 26 25 17 27
AVOIDER 1 7 2 4 3 9 8 5 20 6 18 19 14 23 16 10 12 13 11 28 24 29 30 22 21 15 26 25 17 27
AVOIDER 1 7 2 4 3 9 8 5 20 6 18 19 14 23 16 10 12 13 11 28 24 30 29 22 21 15 26 25 17 27
AVOIDER 1 7 2 4 3 9 8 5 20 6 18 19 14 23 16 10 12 13 11 29 24 28 30 22 21 15 26 25 17 27
AVOIDER 1 7 2 4 3 9 8 5 20 6 18 19 14 23 16 10 12 13 11 30 24 28 29 22 21 15 26 25 17 27
AVOIDER 1 7 2 4 3 9 8 5 20 6 18 19 14 23 16 10 12 13 11 29 24 30 28 22 21 15 26 25 17 27
AVOIDER 1 7 2 4 3 9 8 5 20 6 18 19 14 23 16 10 12 13 11 28 29 24 30 22 21 15 26 25 17 27
AVOIDER 1 7 2 4 3 9 8 5 20 6 18 19 14 23 16 10 12 13 11 28 30 24 29 22 21 15 26 25 17 27
AVOIDER 1 7 2 4 3 9 8 5 20 6 18 19 14 23 16 10 12 13 11 29 28 24 30 22 21 15 26 25 17 27
AVOIDER 1 7 2 4 3 9 8 5 20 6 18 19 14 23 16 10 12 13 11 30 28 24 29 22 21 15 26 25 17 27
AVOIDER 1 7 2 4 3 9 8 5 20 6 18 19 14 23 16 10 12 13 11 29 30 24 28 22 21 15 26 25 17 27
AVOIDER 1 7 2 4 3 9 8 5 20 6 18 19 14 23 16 10 12 13 11 28 29 30 24 22 21 15 26 25 17 27
AVOIDER 1 7 2 4 3 9 8 5 20 6 18 19 14 23 16 10 12 13 11 28 30 29 24 22 21 15 26 25 17 27
AVOIDER 1 7 2 4 3 9 8 5 20 6 18 19 14 23 16 10 12 13 11 29 28 30 24 22 21 15 26 25 17 27
AVOIDER 1 7 2 4 3 9 8 5 20 6 18 19 14 23 16 10 12 13 11 30 28 29 24 22 21 15 26 25 17 27
AVOIDER 1 7 2 4 3 9 8 5 20 6 18 19 14 23 16 10 12 13 11 29 30 28 24 22 21 15 26 25 17 27
AVOIDER 1 7 2 4 3 9 8 5 19 6 20 18 14 23 16 10 12 13 11 24 30 22 28 29 21 15 26 25 17 27
AVOIDER 1 7 2 4 3 9 8 5 19 6 20 18 14 23 16 10 12 13 11 30 24 22 28 29 21 15 26 25 17 27
AVOIDER 1 7 2 4 3 9 8 5 19 6 20 18 14 23 16 10 12 13 11 24 28 30 22 29 21 15 26 25 17 27
AVOIDER 1 7 2 4 3 9 8 5 19 6 20 18 14 23 16 10 12 13 11 24 30 28 22 29 21 15 26 25 17 27
AVOIDER 1 7 2 4 3 9 8 5 19 6 20 18 14 23 16 10 12 13 11 24 29 30 22 28 21 15 26 25 17 27
AVOIDER 1 7 2 4 3 9 8 5 19 6 20 18 14 23 16 10 12 13 11 28 24 30 22 29 21 15 26 25 17 27
AVOIDER 1 7 2 4 3 9 8 5 19 6 20 18 14 23 16 10 12 13 11 30 24 28 22 29 21 15 26 25 17 27
AVOIDER 1 7 2 4 3 9 8 5 19 6 20 18 14 23 16 10 12 13 11 29 24 30 22 28 21 15 26 25 17 27
AVOIDER 1 7 2 4 3 9 8 5 19 6 20 18 14 23 16 10 12 13 11 28 30 24 22 29 21 15 26 25 17 27
AVOIDER 1 7 2 4 3 9 8 5 19 6 20 18 14 23 16 10 12 13 11 30 28 24 22 29 21 15 26 25 17 27
AVOIDER 1 7 2 4 3 9 8 5 19 6 20 18 14 23 16 10 12 13 11 29 30 24 22 28 21 15 26 25 17 27
AVOIDER 1 7 2 4 3 9 8 5 19 6 20 18 14 23 16 10 12 13 11 24 28 29 30 22 21 15 26 25 17 27
AVOIDER 1 7 2 4 3 9 8 5 19 6 20 18 14 23 16 10 12 13 11 24 28 30 29 22 21 15 26 25 17 27
AVOIDER 1 7 2 4 3 9 8 5 19 6 20 18 14 23 16 10 12 13 11 24 29 28 30 22 21 15 26 25 17 27
AVOIDER 1 7 2 4 3 9 8 5 19 6 20 18 14 23 16 10 12 13 11 24 30 28 29 22 21 15 26 25 17 27
AVOIDER 1 7 2 4 3 9 8 5 19 6 20 18 14 23 16 10 12 13 11 24 29 30 28 22 21 15 26 25 17 27
AVOIDER 1 7 2 4 3 9 8 5 19 6 20 18 14 23 16 10 12 13 11 28 24 29 30 22 21 15 26 25 17 27
AVOIDER 1 7 2 4 3 9 8 5 19 6 20 18 14 23 16 10 12 13 11 28 24 30 29 22 21 15 26 25 17 27
AVOIDER 1 7 2 4 3 9 8 5 19 6 20 18 14 23 16 10 12 13 11 29 24 28 30 22 21 15 26 25 17 27
AVOIDER 1 7 2 4 3 9 8 5 19 6 20 18 14 23 16 10 12 13 11 30 24 28 29 22 21 15 26 25 17 27
AVOIDER 1 7 2 4 3 9 8 5 19 6 20 18 14 23 16 10 12 13 11 29 24 30 28 22 21 15 26 25 17 27
AVOIDER 1 7 2 4 3 9 8 5 19 6 20 18 14 23 16 10 12 13 11 28 29 24 30 22 21 15 26 25 17 27
AVOIDER 1 7 2 4 3 9 8 5 19 6 20 18 14 23 16 10 12 13 11 28 30 24 29 22 21 15 26 25 17 27
AVOIDER 1 7 2 4 3 9 8 5 19 6 20 18 14 23 16 10 12 13 11 29 28 24 30 22 21 15 26 25 17 27
AVOIDER 1 7 2 4 3 9 8 5 19 6 20 18 14 23 16 10 12 13 11 30 28 24 29 22 21 15 26 25 17 27
AVOIDER 1 7 2 4 3 9 8 5 19 6 20 18 14 23 16 10 12 13 11 29 30 24 28 22 21 15 26 25 17 27
AVOIDER 1 7 2 4 3 9 8 5 19 6 20 18 14 23 16 10 12 13 11 28 29 30 24 22 21 15 26 25 17 27
AVOIDER 1 7 2 4 3 9 8 5 19 6 20 18 14 23 16 10 12 13 11 28 30 29 24 22 21 15 26 25 17 27
AVOIDER 1 7 2 4 3 9 8 5 19 6 20 18 14 23 16 10 12 13 11 29 28 30 24 22 21 15 26 25 17 27
AVOIDER 1 7 2 4 3 9 8 5 19 6 20 18 14 23 16 10 12 13 11 30 28 29 24 22 21 15 26 25 17 27
AVOIDER 1 7 2 4 3 9 8 5 19 6 20 18 14 23 16 10 12 13 11 29 30 28 24 22 21 15 26 25 17 27
AVOIDER 1 7 2 4 3 9 8 5 18 6 20 19 23 14 16 10 12 13 11 24 28 29 30 21 22 15 26 25 17 27
AVOIDER 1 7 2 4 3 9 8 5 18 6 20 19 23 14 16 10 12 13 11 24 28 30 29 21 22 15 26 25 17 27
AVOIDER 1 7 2 4 3 9 8 5 18 6 20 19 23 14 16 10 12 13 11 24 29 28 30 21 22 15 26 25 17 27
AVOIDER 1 7 2 4 3 9 8 5 18 6 20 19 23 14 16 10 12 13 11 24 30 28 29 21 22 15 26 25 17 27
AVOIDER 1 7 2 4 3 9 8 5 18 6 20 19 23 14 16 10 12 13 11 24 29 30 28 21 22 15 26 25 17 27
AVOIDER 1 7 2 4 3 9 8 5 18 6 20 19 23 14 16 10 12 13 11 28 24 29 30 21 22 15 26 25 17 27
AVOIDER 1 7 2 4 3 9 8 5 18 6 20 19 23 14 16 10 12 13 11 28 24 30 29 21 22 15 26 25 17 27
AVOIDER 1 7 2 4 3 9 8 5 18 6 20 19 23 14 16 10 12 13 11 29 24 28 30 21 22 15 26 25 17 27
AVOIDER 1 7 2 4 3 9 8 5 18 6 20 19 23 14 16 10 12 13 11 30 24 28 29 21 22 15 26 25 17 27
AVOIDER 1 7 2 4 3 9 8 5 18 6 20 19 23 14 16 10 12 13 11 29 24 30 28 21 22 15 26 25 17 27
AVOIDER 1 7 2 4 3 9 8 5 18 6 20 19 23 14 16 10 12 13 11 28 29 24 30 21 22 15 26 25 17 27
AVOIDER 1 7 2 4 3 9 8 5 18 6 20 19 23 14 16 10 12 13 11 28 30 24 29 21 22 15 26 25 17 27
AVOIDER 1 7 2 4 3 9 8 5 18 6 20 19 23 14 16 10 12 13 11 29 28 24 30 21 22 15 26 25 17 27
AVOIDER 1 7 2 4 3 9 8 5 18 6 20 19 23 14 16 10 12 13 11 30 28 24 29 21 22 15 26 25 17 27
AVOIDER 1 7 2 4 3 9 8 5 18 6 20 19 23 14 16 10 12 13 11 29 30 24 28 21 22 15 26 25 17 27
AVOIDER 1 7 2 4 3 9 8 5 18 6 20 19 23 14 16 10 12 13 11 28 29 30 24 21 22 15 26 25 17 27
AVOIDER 1 7 2 4 3 9 8 5 18 6 20 19 23 14 16 10 12 13 11 28 30 29 24 21 22 15 26 25 17 27
AVOIDER 1 7 2 4 3 9 8 5 18 6 20 19 23 14 16 10 12 13 11 29 28 30 24 21 22 15 26 25 17 27
AVOIDER 1 7 2 4 3 9 8 5 18 6 20 19 23 14 16 10 12 13 11 30 28 29 24 21 22 15 26 25 17 27
AVOIDER 1 7 2 4 3 9 8 5 18 6 20 19 23 14 16 10 12 13 11 29 30 28 24 21 22 15 26 25 17 27
AVOIDER 1 7 2 4 3 9 8 5 18 6 20 19 23 14 16 10 12 13 11 24 30 22 28 29 21 15 26 25 17 27
AVOIDER 1 7 2 4 3 9 8 5 18 6 20 19 23 14 16 10 12 13 11 30 24 22 28 29 21 15 26 25 17 27
AVOIDER 1 7 2 4 3 9 8 5 18 6 20 19 23 14 16 10 12 13 11 24 28 30 22 29 21 15 26 25 17 27
AVOIDER 1 7 2 4 3 9 8 5 18 6 20 19 23 14 16 10 12 13 11 24 30 28 22 29 21 15 26 25 17 27
AVOIDER 1 7 2 4 3 9 8 5 18 6 20 19 23 14 16 10 12 13 11 24 29 30 22 28 21 15 26 25 17 27
AVOIDER 1 7 2 4 3 9 8 5 18 6 20 19 23 14 16 10 12 13 11 28 24 30 22 29 21 15 26 25 17 27
AVOIDER 1 7 2 4 3 9 8 5 18 6 20 19 23 14 16 10 12 13 11 30 24 28 22 29 21 15 26 25 17 27
AVOIDER 1 7 2 4 3 9 8 5 18 6 20 19 23 14 16 10 12 13 11 29 24 30 22 28 21 15 26 25 17 27
AVOIDER 1 7 2 4 3 9 8 5 18 6 20 19 23 14 16 10 12 13 11 28 30 24 22 29 21 15 26 25 17 27
AVOIDER 1 7 2 4 3 9 8 5 18 6 20 19 23 14 16 10 12 13 11 30 28 24 22 29 21 15 26 25 17 27
AVOIDER 1 7 2 4 3 9 8 5 18 6 20 19 23 14 16 10 12 13 11 29 30 24 22 28 21 15 26 25 17 27
AVOIDER 1 7 2 4 3 9 8 5 18 6 20 19 23 14 16 10 12 13 11 24 28 29 30 22 21 15 26 25 17 27
AVOIDER 1 7 2 4 3 9 8 5 18 6 20 19 23 14 16 10 12 13 11 24 28 30 29 22 21 15 26 25 17 27
AVOIDER 1 7 2 4 3 9 8 5 18 6 20 19 23 14 16 10 12 13 11 24 29 28 30 22 21 15 26 25 17 27
AVOIDER 1 7 2 4 3 9 8 5 18 6 20 19 23 14 16 10 12 13 11 24 30 28 29 22 21 15 26 25 17 27
AVOIDER 1 7 2 4 3 9 8 5 18 6 20 19 23 14 16 10 12 13 11 24 29 30 28 22 21 15 26 25 17 27
AVOIDER 1 7 2 4 3 9 8 5 18 6 20 19 23 14 16 10 12 13 11 28 24 29 30 22 21 15 26 25 17 27
AVOIDER 1 7 2 4 3 9 8 5 18 6 20 19 23 14 16 10 12 13 11 28 24 30 29 22 21 15 26 25 17 27
AVOIDER 1 7 2 4 3 9 8 5 18 6 20 19 23 14 16 10 12 13 11 29 24 28 30 22 21 15 26 25 17 27
AVOIDER 1 7 2 4 3 9 8 5 18 6 20 19 23 14 16 10 12 13 11 30 24 28 29 22 21 15 26 25 17 27
AVOIDER 1 7 2 4 3 9 8 5 18 6 20 19 23 14 16 10 12 13 11 29 24 30 28 22 21 15 26 25 17 27
AVOIDER 1 7 2 4 3 9 8 5 18 6 20 19 23 14 16 10 12 13 11 28 29 24 30 22 21 15 26 25 17 27
AVOIDER 1 7 2 4 3 9 8 5 18 6 20 19 23 14 16 10 12 13 11 28 30 24 29 22 21 15 26 25 17 27
AVOIDER 1 7 2 4 3 9 8 5 18 6 20 19 23 14 16 10 12 13 11 29 28 24 30 22 21 15 26 25 17 27
AVOIDER 1 7 2 4 3 9 8 5 18 6 20 19 23 14 16 10 12 13 11 30 28 24 29 22 21 15 26 25 17 27
AVOIDER 1 7 2 4 3 9 8 5 18 6 20 19 23 14 16 10 12 13 11 29 30 24 28 22 21 15 26 25 17 27
AVOIDER 1 7 2 4 3 9 8 5 18 6 20 19 23 14 16 10 12 13 11 28 29 30 24 22 21 15 26 25 17 27
AVOIDER 1 7 2 4 3 9 8 5 18 6 20 19 23 14 16 10 12 13 11 28 30 29 24 22 21 15 26 25 17 27
AVOIDER 1 7 2 4 3 9 8 5 18 6 20 19 23 14 16 10 12 13 11 29 28 30 24 22 21 15 26 25 17 27
AVOIDER 1 7 2 4 3 9 8 5 18 6 20 19 23 14 16 10 12 13 11 30 28 29 24 22 21 15 26 25 17 27
AVOIDER 1 7 2 4 3 9 8 5 18 6 20 19 23 14 16 10 12 13 11 29 30 28 24 22 21 15 26 25 17 27
AVOIDER 1 7 2 4 3 9 8 5 18 6 20 23 19 14 16 10 12 13 11 24 28 29 30 21 22 15 26 25 17 27
AVOIDER 1 7 2 4 3 9 8 5 18 6 20 23 19 14 16 10 12 13 11 24 28 30 29 21 22 15 26 25 17 27
AVOIDER 1 7 2 4 3 9 8 5 18 6 20 23 19 14 16 10 12 13 11 24 29 28 30 21 22 15 26 25 17 27
AVOIDER 1 7 2 4 3 9 8 5 18 6 20 23 19 14 16 10 12 13 11 24 30 28 29 21 22 15 26 25 17 27
AVOIDER 1 7 2 4 3 9 8 5 18 6 20 23 19 14 16 10 12 13 11 24 29 30 28 21 22 15 26 25 17 27
AVOIDER 1 7 2 4 3 9 8 5 18 6 20 23 19 14 16 10 12 13 11 28 24 29 30 21 22 15 26 25 17 27
AVOIDER 1 7 2 4 3 9 8 5 18 6 20 23 19 14 16 10 12 13 11 28 24 30 29 21 22 15 26 25 17 27
AVOIDER 1 7 2 4 3 9 8 5 18 6 20 23 19 14 16 10 12 13 11 29 24 28 30 21 22 15 26 25 17 27
AVOIDER 1 7 2 4 3 9 8 5 18 6 20 23 19 14 16 10 12 13 11 30 24 28 29 21 22 15 26 25 17 27
AVOIDER 1 7 2 4 3 9 8 5 18 6 20 23 19 14 16 10 12 13 11 29 24 30 28 21 22 15 26 25 17 27
AVOIDER 1 7 2 4 3 9 8 5 18 6 20 23 19 14 16 10 12 13 11 28 29 24 30 21 22 15 26 25 17 27
AVOIDER 1 7 2 4 3 9 8 5 18 6 20 23 19 14 16 10 12 13 11 28 30 24 29 21 22 15 26 25 17 27
AVOIDER 1 7 2 4 3 9 8 5 18 6 20 23 19 14 16 10 12 13 11 29 28 24 30 21 22 15 26 25 17 27
AVOIDER 1 7 2 4 3 9 8 5 18 6 20 23 19 14 16 10 12 13 11 30 28 24 29 21 22 15 26 25 17 27
AVOIDER 1 7 2 4 3 9 8 5 18 6 20 23 19 14 16 10 12 13 11 29 30 24 28 21 22 15 26 25 17 27
AVOIDER 1 7 2 4 3 9 8 5 18 6 20 23 19 14 16 10 12 13 11 28 29 30 24 21 22 15 26 25 17 27
AVOIDER 1 7 2 4 3 9 8 5 18 6 20 23 19 14 16 10 12 13 11 28 30 29 24 21 22 15 26 25 17 27
AVOIDER 1 7 2 4 3 9 8 5 18 6 20 23 19 14 16 10 12 13 11 29 28 30 24 21 22 15 26 25 17 27
AVOIDER 1 7 2 4 3 9 8 5 18 6 20 23 19 14 16 10 12 13 11 30 28 29 24 21 22 15 26 25 17 27
AVOIDER 1 7 2 4 3 9 8 5 18 6 20 23 19 14 16 10 12 13 11 29 30 28 24 21 22 15 26 25 17 27
AVOIDER 1 7 2 4 3 9 8 5 18 6 20 23 19 14 16 10 12 13 11 24 30 22 28 29 21 15 26 25 17 27
AVOIDER 1 7 2 4 3 9 8 5 18 6 20 23 19 14 16 10 12 13 11 30 24 22 28 29 21 15 26 25 17 27
AVOIDER 1 7 2 4 3 9 8 5 18 6 20 23 19 14 16 10 12 13 11 24 28 30 22 29 21 15 26 25 17 27
AVOIDER 1 7 2 4 3 9 8 5 18 6 20 23 19 14 16 10 12 13 11 24 30 28 22 29 21 15 26 25 17 27
AVOIDER 1 7 2 4 3 9 8 5 18 6 20 23 19 14 16 10 12 13 11 24 29 30 22 28 21 15 26 25 17 27
AVOIDER 1 7 2 4 3 9 8 5 18 6 20 23 19 14 16 10 12 13 11 28 24 30 22 29 21 15 26 25 17 27
AVOIDER 1 7 2 4 3 9 8 5 18 6 20 23 19 14 16 10 12 13 11 30 24 28 22 29 21 15 26 25 17 27
AVOIDER 1 7 2 4 3 9 8 5 18 6 20 23 19 14 16 10 12 13 11 29 24 30 22 28 21 15 26 25 17 27
AVOIDER 1 7 2 4 3 9 8 5 18 6 20 23 19 14 16 10 12 13 11 28 30 24 22 29 21 15 26 25 17 27
AVOIDER 1 7 2 4 3 9 8 5 18 6 20 23 19 14 16 10 12 13 11 30 28 24 22 29 21 15 26 25 17 27
AVOIDER 1 7 2 4 3 9 8 5 18 6 20 23 19 14 16 10 12 13 11 29 30 24 22 28 21 15 26 25 17 27
AVOIDER 1 7 2 4 3 9 8 5 18 6 20 23 19 14 16 10 12 13 11 24 28 29 30 22 21 15 26 25 17 27
AVOIDER 1 7 2 4 3 9 8 5 18 6 20 23 19 14 16 10 12 13 11 24 28 30 29 22 21 15 26 25 17 27
AVOIDER 1 7 2 4 3 9 8 5 18 6 20 23 19 14 16 10 12 13 11 24 29 28 30 22 21 15 26 25 17 27
AVOIDER 1 7 2 4 3 9 8 5 18 6 20 23 19 14 16 10 12 13 11 24 30 28 29 22 21 15 26 25 17 27
AVOIDER 1 7 2 4 3 9 8 5 18 6 20 23 19 14 16 10 12 13 11 24 29 30 28 22 21 15 26 25 17 27
AVOIDER 1 7 2 4 3 9 8 5 18 6 20 23 19 14 16 10 12 13 11 28 24 29 30 22 21 15 26 25 17 27
AVOIDER 1 7 2 4 3 9 8 5 18 6 20 23 19 14 16 10 12 13 11 28 24 30 29 22 21 15 26 25 17 27
AVOIDER 1 7 2 4 3 9 8 5 18 6 20 23 19 14 16 10 12 13 11 29 24 28 30 22 21 15 26 25 17 27
AVOIDER 1 7 2 4 3 9 8 5 18 6 20 23 19 14 16 10 12 13 11 30 24 28 29 22 21 15 26 25 17 27
AVOIDER 1 7 2 4 3 9 8 5 18 6 20 23 19 14 16 10 12 13 11 29 24 30 28 22 21 15 26 25 17 27
AVOIDER 1 7 2 4 3 9 8 5 18 6 20 23 19 14 16 10 12 13 11 28 29 24 30 22 21 15 26 25 17 27
AVOIDER 1 7 2 4 3 9 8 5 18 6 20 23 19 14 16 10 12 13 11 28 30 24 29 22 21 15 26 25 17 27
AVOIDER 1 7 2 4 3 9 8 5 18 6 20 23 19 14 16 10 12 13 11 29 28 24 30 22 21 15 26 25 17 27
AVOIDER 1 7 2 4 3 9 8 5 18 6 20 23 19 14 16 10 12 13 11 30 28 24 29 22 21 15 26 25 17 27
AVOIDER 1 7 2 4 3 9 8 5 18 6 20 23 19 14 16 10 12 13 11 29 30 24 28 22 21 15 26 25 17 27
AVOIDER 1 7 2 4 3 9 8 5 18 6 20 23 19 14 16 10 12 13 11 28 29 30 24 22 21 15 26 25 17 27
AVOIDER 1 7 2 4 3 9 8 5 18 6 20 23 19 14 16 10 12 13 11 28 30 29 24 22 21 15 26 25 17 27
AVOIDER 1 7 2 4 3 9 8 5 18 6 20 23 19 14 16 10 12 13 11 29 28 30 24 22 21 15 26 25 17 27
AVOIDER 1 7 2 4 3 9 8 5 18 6 20 23 19 14 16 10 12 13 11 30 28 29 24 22 21 15 26 25 17 27
AVOIDER 1 7 2 4 3 9 8 5 18 6 20 23 19 14 16 10 12 13 11 29 30 28 24 22 21 15 26 25 17 27
AVOIDER 1 7 2 4 3 9 8 5 18 6 23 20 19 14 16 10 12 13 11 24 28 29 30 21 22 15 26 25 17 27
AVOIDER 1 7 2 4 3 9 8 5 18 6 23 20 19 14 16 10 12 13 11 24 28 30 29 21 22 15 26 25 17 27
AVOIDER 1 7 2 4 3 9 8 5 18 6 23 20 19 14 16 10 12 13 11 24 29 28 30 21 22 15 26 25 17 27
AVOIDER 1 7 2 4 3 9 8 5 18 6 23 20 19 14 16 10 12 13 11 24 30 28 29 21 22 15 26 25 17 27
AVOIDER 1 7 2 4 3 9 8 5 18 6 23 20 19 14 16 10 12 13 11 24 29 30 28 21 22 15 26 25 17 27
AVOIDER 1 7 2 4 3 9 8 5 18 6 23 20 19 14 16 10 12 13 11 28 24 29 30 21 22 15 26 25 17 27
AVOIDER 1 7 2 4 3 9 8 5 18 6 23 20 19 14 16 10 12 13 11 28 24 30 29 21 22 15 26 25 17 27
AVOIDER 1 7 2 4 3 9 8 5 18 6 23 20 19 14 16 10 12 13 11 29 24 28 30 21 22 15 26 25 17 27
AVOIDER 1 7 2 4 3 9 8 5 18 6 23 20 19 14 16 10 12 13 11 30 24 28 29 21 22 15 26 25 17 27
AVOIDER 1 7 2 4 3 9 8 5 18 6 23 20 19 14 16 10 12 13 11 29 24 30 28 21 22 15 26 25 17 27
AVOIDER 1 7 2 4 3 9 8 5 18 6 23 20 19 14 16 10 12 13 11 28 29 24 30 21 22 15 26 25 17 27
AVOIDER 1 7 2 4 3 9 8 5 18 6 23 20 19 14 16 10 12 13 11 28 30 24 29 21 22 15 26 25 17 27
AVOIDER 1 7 2 4 3 9 8 5 18 6 23 20 19 14 16 10 12 13 11 29 28 24 30 21 22 15 26 25 17 27
AVOIDER 1 7 2 4 3 9 8 5 18 6 23 20 19 14 16 10 12 13 11 30 28 24 29 21 22 15 26 25 17 27
AVOIDER 1 7 2 4 3 9 8 5 18 6 23 20 19 14 16 10 12 13 11 29 30 24 28 21 22 15 26 25 17 27
AVOIDER 1 7 2 4 3 9 8 5 18 6 23 20 19 14 16 10 12 13 11 28 29 30 24 21 22 15 26 25 17 27
AVOIDER 1 7 2 4 3 9 8 5 18 6 23 20 19 14 16 10 12 13 11 28 30 29 24 21 22 15 26 25 17 27
AVOIDER 1 7 2 4 3 9 8 5 18 6 23 20 19 14 16 10 12 13 11 29 28 30 24 21 22 15 26 25 17 27
AVOIDER 1 7 2 4 3 9 8 5 18 6 23 20 19 14 16 10 12 13 11 30 28 29 24 21 22 15 26 25 17 27
AVOIDER 1 7 2 4 3 9 8 5 18 6 23 20 19 14 16 10 12 13 11 29 30 28 24 21 22 15 26 25 17 27
AVOIDER 1 7 2 4 3 9 8 5 18 6 23 20 19 14 16 10 12 13 11 24 30 22 28 29 21 15 26 25 17 27
AVOIDER 1 7 2 4 3 9 8 5 18 6 23 20 19 14 16 10 12 13 11 30 24 22 28 29 21 15 26 25 17 27
AVOIDER 1 7 2 4 3 9 8 5 18 6 23 20 19 14 16 10 12 13 11 24 28 30 22 29 21 15 26 25 17 27
AVOIDER 1 7 2 4 3 9 8 5 18 6 23 20 19 14 16 10 12 13 11 24 30 28 22 29 21 15 26 25 17 27
AVOIDER 1 7 2 4 3 9 8 5 18 6 23 20 19 14 16 10 12 13 11 24 29 30 22 28 21 15 26 25 17 27
AVOIDER 1 7 2 4 3 9 8 5 18 6 23 20 19 14 16 10 12 13 11 28 24 30 22 29 21 15 26 25 17 27
AVOIDER 1 7 2 4 3 9 8 5 18 6 23 20 19 14 16 10 12 13 11 30 24 28 22 29 21 15 26 25 17 27
AVOIDER 1 7 2 4 3 9 8 5 18 6 23 20 19 14 16 10 12 13 11 29 24 30 22 28 21 15 26 25 17 27
AVOIDER 1 7 2 4 3 9 8 5 18 6 23 20 19 14 16 10 12 13 11 28 30 24 22 29 21 15 26 25 17 27
AVOIDER 1 7 2 4 3 9 8 5 18 6 23 20 19 14 16 10 12 13 11 30 28 24 22 29 21 15 26 25 17 27
AVOIDER 1 7 2 4 3 9 8 5 18 6 23 20 19 14 16 10 12 13 11 29 30 24 22 28 21 15 26 25 17 27
AVOIDER 1 7 2 4 3 9 8 5 18 6 23 20 19 14 16 10 12 13 11 24 28 29 30 22 21 15 26 25 17 27
AVOIDER 1 7 2 4 3 9 8 5 18 6 23 20 19 14 16 10 12 13 11 24 28 30 29 22 21 15 26 25 17 27
AVOIDER 1 7 2 4 3 9 8 5 18 6 23 20 19 14 16 10 12 13 11 24 29 28 30 22 21 15 26 25 17 27
AVOIDER 1 7 2 4 3 9 8 5 18 6 23 20 19 14 16 10 12 13 11 24 30 28 29 22 21 15 26 25 17 27
AVOIDER 1 7 2 4 3 9 8 5 18 6 23 20 19 14 16 10 12 13 11 24 29 30 28 22 21 15 26 25 17 27
AVOIDER 1 7 2 4 3 9 8 5 18 6 23 20 19 14 16 10 12 13 11 28 24 29 30 22 21 15 26 25 17 27
AVOIDER 1 7 2 4 3 9 8 5 18 6 23 20 19 14 16 10 12 13 11 28 24 30 29 22 21 15 26 25 17 27
AVOIDER 1 7 2 4 3 9 8 5 18 6 23 20 19 14 16 10 12 13 11 29 24 28 30 22 21 15 26 25 17 27
AVOIDER 1 7 2 4 3 9 8 5 18 6 23 20 19 14 16 10 12 13 11 30 24 28 29 22 21 15 26 25 17 27
AVOIDER 1 7 2 4 3 9 8 5 18 6 23 20 19 14 16 10 12 13 11 29 24 30 28 22 21 15 26 25 17 27
AVOIDER 1 7 2 4 3 9 8 5 18 6 23 20 19 14 16 10 12 13 11 28 29 24 30 22 21 15 26 25 17 27
AVOIDER 1 7 2 4 3 9 8 5 18 6 23 20 19 14 16 10 12 13 11 28 30 24 29 22 21 15 26 25 17 27
AVOIDER 1 7 2 4 3 9 8 5 18 6 23 20 19 14 16 10 12 13 11 29 28 24 30 22 21 15 26 25 17 27
AVOIDER 1 7 2 4 3 9 8 5 18 6 23 20 19 14 16 10 12 13 11 30 28 24 29 22 21 15 26 25 17 27
AVOIDER 1 7 2 4 3 9 8 5 18 6 23 20 19 14 16 10 12 13 11 29 30 24 28 22 21 15 26 25 17 27
AVOIDER 1 7 2 4 3 9 8 5 18 6 23 20 19 14 16 10 12 13 11 28 29 30 24 22 21 15 26 25 17 27
AVOIDER 1 7 2 4 3 9 8 5 18 6 23 20 19 14 16 10 12 13 11 28 30 29 24 22 21 15 26 25 17 27
AVOIDER 1 7 2 4 3 9 8 5 18 6 23 20 19 14 16 10 12 13 11 29 28 30 24 22 21 15 26 25 17 27
AVOIDER 1 7 2 4 3 9 8 5 18 6 23 20 19 14 16 10 12 13 11 30 28 29 24 22 21 15 26 25 17 27
AVOIDER 1 7 2 4 3 9 8 5 18 6 23 20 19 14 16 10 12 13 11 29 30 28 24 22 21 15 26 25 17 27
AVOIDER 1 7 2 4 3 9 8 5 19 6 18 20 23 14 16 10 12 13 11 24 30 22 28 29 21 15 26 25 17 27
AVOIDER 1 7 2 4 3 9 8 5 19 6 18 20 23 14 16 10 12 13 11 30 24 22 28 29 21 15 26 25 17 27
AVOIDER 1 7 2 4 3 9 8 5 19 6 18 20 23 14 16 10 12 13 11 24 28 30 22 29 21 15 26 25 17 27
AVOIDER 1 7 2 4 3 9 8 5 19 6 18 20 23 14 16 10 12 13 11 24 30 28 22 29 21 15 26 25 17 27
AVOIDER 1 7 2 4 3 9 8 5 19 6 18 20 23 14 16 10 12 13 11 24 29 30 22 28 21 15 26 25 17 27
AVOIDER 1 7 2 4 3 9 8 5 19 6 18 20 23 14 16 10 12 13 11 28 24 30 22 29 21 15 26 25 17 27
AVOIDER 1 7 2 4 3 9 8 5 19 6 18 20 23 14 16 10 12 13 11 30 24 28 22 29 21 15 26 25 17 27
AVOIDER 1 7 2 4 3 9 8 5 19 6 18 20 23 14 16 10 12 13 11 29 24 30 22 28 21 15 26 25 17 27
AVOIDER 1 7 2 4 3 9 8 5 19 6 18 20 23 14 16 10 12 13 11 28 30 24 22 29 21 15 26 25 17 27
AVOIDER 1 7 2 4 3 9 8 5 19 6 18 20 23 14 16 10 12 13 11 30 28 24 22 29 21 15 26 25 17 27
AVOIDER 1 7 2 4 3 9 8 5 19 6 18 20 23 14 16 10 12 13 11 29 30 24 22 28 21 15 26 25 17 27
AVOIDER 1 7 2 4 3 9 8 5 19 6 18 20 23 14 16 10 12 13 11 24 28 29 30 22 21 15 26 25 17 27
AVOIDER 1 7 2 4 3 9 8 5 19 6 18 20 23 14 16 10 12 13 11 24 28 30 29 22 21 15 26 25 17 27
AVOIDER 1 7 2 4 3 9 8 5 19 6 18 20 23 14 16 10 12 13 11 24 29 28 30 22 21 15 26 25 17 27
AVOIDER 1 7 2 4 3 9 8 5 19 6 18 20 23 14 16 10 12 13 11 24 30 28 29 22 21 15 26 25 17 27
AVOIDER 1 7 2 4 3 9 8 5 19 6 18 20 23 14 16 10 12 13 11 24 29 30 28 22 21 15 26 25 17 27
AVOIDER 1 7 2 4 3 9 8 5 19 6 18 20 23 14 16 10 12 13 11 28 24 29 30 22 21 15 26 25 17 27
AVOIDER 1 7 2 4 3 9 8 5 19 6 18 20 23 14 16 10 12 13 11 28 24 30 29 22 21 15 26 25 17 27
AVOIDER 1 7 2 4 3 9 8 5 19 6 18 20 23 14 16 10 12 13 11 29 24 28 30 22 21 15 26 25 17 27
AVOIDER 1 7 2 4 3 9 8 5 19 6 18 20 23 14 16 10 12 13 11 30 24 28 29 22 21 15 26 25 17 27
AVOIDER 1 7 2 4 3 9 8 5 19 6 18 20 23 14 16 10 12 13 11 29 24 30 28 22 21 15 26 25 17 27
AVOIDER 1 7 2 4 3 9 8 5 19 6 18 20 23 14 16 10 12 13 11 28 29 24 30 22 21 15 26 25 17 27
AVOIDER 1 7 2 4 3 9 8 5 19 6 18 20 23 14 16 10 12 13 11 28 30 24 29 22 21 15 26 25 17 27
AVOIDER 1 7 2 4 3 9 8 5 19 6 18 20 23 14 16 10 12 13 11 29 28 24 30 22 21 15 26 25 17 27
AVOIDER 1 7 2 4 3 9 8 5 19 6 18 20 23 14 16 10 12 13 11 30 28 24 29 22 21 15 26 25 17 27
AVOIDER 1 7 2 4 3 9 8 5 19 6 18 20 23 14 16 10 12 13 11 29 30 24 28 22 21 15 26 25 17 27
AVOIDER 1 7 2 4 3 9 8 5 19 6 18 20 23 14 16 10 12 13 11 28 29 30 24 22 21 15 26 25 17 27
AVOIDER 1 7 2 4 3 9 8 5 19 6 18 20 23 14 16 10 12 13 11 28 30 29 24 22 21 15 26 25 17 27
AVOIDER 1 7 2 4 3 9 8 5 19 6 18 20 23 14 16 10 12 13 11 29 28 30 24 22 21 15 26 25 17 27
AVOIDER 1 7 2 4 3 9 8 5 19 6 18 20 23 14 16 10 12 13 11 30 28 29 24 22 21 15 26 25 17 27
AVOIDER 1 7 2 4 3 9 8 5 19 6 18 20 23 14 16 10 12 13 11 29 30 28 24 22 21 15 26 25 17 27
AVOIDER 1 7 2 4 3 9 8 5 19 6 18 23 20 14 16 10 12 13 11 24 30 22 28 29 21 15 26 25 17 27
AVOIDER 1 7 2 4 3 9 8 5 19 6 18 23 20 14 16 10 12 13 11 30 24 22 28 29 21 15 26 25 17 27
AVOIDER 1 7 2 4 3 9 8 5 19 6 18 23 20 14 16 10 12 13 11 24 28 30 22 29 21 15 26 25 17 27
AVOIDER 1 7 2 4 3 9 8 5 19 6 18 23 20 14 16 10 12 13 11 24 30 28 22 29 21 15 26 25 17 27
AVOIDER 1 7 2 4 3 9 8 5 19 6 18 23 20 14 16 10 12 13 11 24 29 30 22 28 21 15 26 25 17 27
AVOIDER 1 7 2 4 3 9 8 5 19 6 18 23 20 14 16 10 12 13 11 28 24 30 22 29 21 15 26 25 17 27
AVOIDER 1 7 2 4 3 9 8 5 19 6 18 23 20 14 16 10 12 13 11 30 24 28 22 29 21 15 26 25 17 27
AVOIDER 1 7 2 4 3 9 8 5 19 6 18 23 20 14 16 10 12 13 11 29 24 30 22 28 21 15 26 25 17 27
AVOIDER 1 7 2 4 3 9 8 5 19 6 18 23 20 14 16 10 12 13 11 28 30 24 22 29 21 15 26 25 17 27
AVOIDER 1 7 2 4 3 9 8 5 19 6 18 23 20 14 16 10 12 13 11 30 28 24 22 29 21 15 26 25 17 27
AVOIDER 1 7 2 4 3 9 8 5 19 6 18 23 20 14 16 10 12 13 11 29 30 24 22 28 21 15 26 25 17 27
AVOIDER 1 7 2 4 3 9 8 5 19 6 18 23 20 14 16 10 12 13 11 24 28 29 30 22 21 15 26 25 17 27
AVOIDER 1 7 2 4 3 9 8 5 19 6 18 23 20 14 16 10 12 13 11 24 28 30 29 22 21 15 26 25 17 27
AVOIDER 1 7 2 4 3 9 8 5 19 6 18 23 20 14 16 10 12 13 11 24 29 28 30 22 21 15 26 25 17 27
AVOIDER 1 7 2 4 3 9 8 5 19 6 18 23 20 14 16 10 12 13 11 24 30 28 29 22 21 15 26 25 17 27
AVOIDER 1 7 2 4 3 9 8 5 19 6 18 23 20 14 16 10 12 13 11 24 29 30 28 22 21 15 26 25 17 27
AVOIDER 1 7 2 4 3 9 8 5 19 6 18 23 20 14 16 10 12 13 11 28 24 29 30 22 21 15 26 25 17 27
AVOIDER 1 7 2 4 3 9 8 5 19 6 18 23 20 14 16 10 12 13 11 28 24 30 29 22 21 15 26 25 17 27
AVOIDER 1 7 2 4 3 9 8 5 19 6 18 23 20 14 16 10 12 13 11 29 24 28 30 22 21 15 26 25 17 27
AVOIDER 1 7 2 4 3 9 8 5 19 6 18 23 20 14 16 10 12 13 11 30 24 28 29 22 21 15 26 25 17 27
AVOIDER 1 7 2 4 3 9 8 5 19 6 18 23 20 14 16 10 12 13 11 29 24 30 28 22 21 15 26 25 17 27
AVOIDER 1 7 2 4 3 9 8 5 19 6 18 23 20 14 16 10 12 13 11 28 29 24 30 22 21 15 26 25 17 27
AVOIDER 1 7 2 4 3 9 8 5 19 6 18 23 20 14 16 10 12 13 11 28 30 24 29 22 21 15 26 25 17 27
AVOIDER 1 7 2 4 3 9 8 5 19 6 18 23 20 14 16 10 12 13 11 29 28 24 30 22 21 15 26 25 17 27
AVOIDER 1 7 2 4 3 9 8 5 19 6 18 23 20 14 16 10 12 13 11 30 28 24 29 22 21 15 26 25 17 27
AVOIDER 1 7 2 4 3 9 8 5 19 6 18 23 20 14 16 10 12 13 11 29 30 24 28 22 21 15 26 25 17 27
AVOIDER 1 7 2 4 3 9 8 5 19 6 18 23 20 14 16 10 12 13 11 28 29 30 24 22 21 15 26 25 17 27
AVOIDER 1 7 2 4 3 9 8 5 19 6 18 23 20 14 16 10 12 13 11 28 30 29 24 22 21 15 26 25 17 27
AVOIDER 1 7 2 4 3 9 8 5 19 6 18 23 20 14 16 10 12 13 11 29 28 30 24 22 21 15 26 25 17 27
AVOIDER 1 7 2 4 3 9 8 5 19 6 18 23 20 14 16 10 12 13 11 30 28 29 24 22 21 15 26 25 17 27
AVOIDER 1 7 2 4 3 9 8 5 19 6 18 23 20 14 16 10 12 13 11 29 30 28 24 22 21 15 26 25 17 27
AVOIDER 1 7 2 4 3 9 8 5 20 6 18 19 23 14 16 10 12 13 11 24 28 29 30 21 22 15 26 25 17 27
AVOIDER 1 7 2 4 3 9 8 5 20 6 18 19 23 14 16 10 12 13 11 24 28 30 29 21 22 15 26 25 17 27
AVOIDER 1 7 2 4 3 9 8 5 20 6 18 19 23 14 16 10 12 13 11 24 29 28 30 21 22 15 26 25 17 27
AVOIDER 1 7 2 4 3 9 8 5 20 6 18 19 23 14 16 10 12 13 11 24 30 28 29 21 22 15 26 25 17 27
AVOIDER 1 7 2 4 3 9 8 5 20 6 18 19 23 14 16 10 12 13 11 24 29 30 28 21 22 15 26 25 17 27
AVOIDER 1 7 2 4 3 9 8 5 20 6 18 19 23 14 16 10 12 13 11 28 24 29 30 21 22 15 26 25 17 27
AVOIDER 1 7 2 4 3 9 8 5 20 6 18 19 23 14 16 10 12 13 11 28 24 30 29 21 22 15 26 25 17 27
AVOIDER 1 7 2 4 3 9 8 5 20 6 18 19 23 14 16 10 12 13 11 29 24 28 30 21 22 15 26 25 17 27
AVOIDER 1 7 2 4 3 9 8 5 20 6 18 19 23 14 16 10 12 13 11 30 24 28 29 21 22 15 26 25 17 27
AVOIDER 1 7 2 4 3 9 8 5 20 6 18 19 23 14 16 10 12 13 11 29 24 30 28 21 22 15 26 25 17 27
AVOIDER 1 7 2 4 3 9 8 5 20 6 18 19 23 14 16 10 12 13 11 28 29 24 30 21 22 15 26 25 17 27
AVOIDER 1 7 2 4 3 9 8 5 20 6 18 19 23 14 16 10 12 13 11 28 30 24 29 21 22 15 26 25 17 27
AVOIDER 1 7 2 4 3 9 8 5 20 6 18 19 23 14 16 10 12 13 11 29 28 24 30 21 22 15 26 25 17 27
AVOIDER 1 7 2 4 3 9 8 5 20 6 18 19 23 14 16 10 12 13 11 30 28 24 29 21 22 15 26 25 17 27
AVOIDER 1 7 2 4 3 9 8 5 20 6 18 19 23 14 16 10 12 13 11 29 30 24 28 21 22 15 26 25 17 27
AVOIDER 1 7 2 4 3 9 8 5 20 6 18 19 23 14 16 10 12 13 11 28 29 30 24 21 22 15 26 25 17 27
AVOIDER 1 7 2 4 3 9 8 5 20 6 18 19 23 14 16 10 12 13 11 28 30 29 24 21 22 15 26 25 17 27
AVOIDER 1 7 2 4 3 9 8 5 20 6 18 19 23 14 16 10 12 13 11 29 28 30 24 21 22 15 26 25 17 27
AVOIDER 1 7 2 4 3 9 8 5 20 6 18 19 23 14 16 10 12 13 11 30 28 29 24 21 22 15 26 25 17 27
AVOIDER 1 7 2 4 3 9 8 5 20 6 18 19 23 14 16 10 12 13 11 29 30 28 24 21 22 15 26 25 17 27
AVOIDER 1 7 2 4 3 9 8 5 20 6 18 19 23 14 16 10 12 13 11 24 30 22 28 29 21 15 26 25 17 27
AVOIDER 1 7 2 4 3 9 8 5 20 6 18 19 23 14 16 10 12 13 11 30 24 22 28 29 21 15 26 25 17 27
AVOIDER 1 7 2 4 3 9 8 5 20 6 18 19 23 14 16 10 12 13 11 24 28 30 22 29 21 15 26 25 17 27
AVOIDER 1 7 2 4 3 9 8 5 20 6 18 19 23 14 16 10 12 13 11 24 30 28 22 29 21 15 26 25 17 27
AVOIDER 1 7 2 4 3 9 8 5 20 6 18 19 23 14 16 10 12 13 11 24 29 30 22 28 21 15 26 25 17 27
AVOIDER 1 7 2 4 3 9 8 5 20 6 18 19 23 14 16 10 12 13 11 28 24 30 22 29 21 15 26 25 17 27
AVOIDER 1 7 2 4 3 9 8 5 20 6 18 19 23 14 16 10 12 13 11 30 24 28 22 29 21 15 26 25 17 27
AVOIDER 1 7 2 4 3 9 8 5 20 6 18 19 23 14 16 10 12 13 11 29 24 30 22 28 21 15 26 25 17 27
AVOIDER 1 7 2 4 3 9 8 5 20 6 18 19 23 14 16 10 12 13 11 28 30 24 22 29 21 15 26 25 17 27
AVOIDER 1 7 2 4 3 9 8 5 20 6 18 19 23 14 16 10 12 13 11 30 28 24 22 29 21 15 26 25 17 27
AVOIDER 1 7 2 4 3 9 8 5 20 6 18 19 23 14 16 10 12 13 11 29 30 24 22 28 21 15 26 25 17 27
AVOIDER 1 7 2 4 3 9 8 5 20 6 18 19 23 14 16 10 12 13 11 24 28 29 30 22 21 15 26 25 17 27
AVOIDER 1 7 2 4 3 9 8 5 20 6 18 19 23 14 16 10 12 13 11 24 28 30 29 22 21 15 26 25 17 27
AVOIDER 1 7 2 4 3 9 8 5 20 6 18 19 23 14 16 10 12 13 11 24 29 28 30 22 21 15 26 25 17 27
AVOIDER 1 7 2 4 3 9 8 5 20 6 18 19 23 14 16 10 12 13 11 24 30 28 29 22 21 15 26 25 17 27
AVOIDER 1 7 2 4 3 9 8 5 20 6 18 19 23 14 16 10 12 13 11 24 29 30 28 22 21 15 26 25 17 27
AVOIDER 1 7 2 4 3 9 8 5 20 6 18 19 23 14 16 10 12 13 11 28 24 29 30 22 21 15 26 25 17 27
AVOIDER 1 7 2 4 3 9 8 5 20 6 18 19 23 14 16 10 12 13 11 28 24 30 29 22 21 15 26 25 17 27
AVOIDER 1 7 2 4 3 9 8 5 20 6 18 19 23 14 16 10 12 13 11 29 24 28 30 22 21 15 26 25 17 27
AVOIDER 1 7 2 4 3 9 8 5 20 6 18 19 23 14 16 10 12 13 11 30 24 28 29 22 21 15 26 25 17 27
AVOIDER 1 7 2 4 3 9 8 5 20 6 18 19 23 14 16 10 12 13 11 29 24 30 28 22 21 15 26 25 17 27
AVOIDER 1 7 2 4 3 9 8 5 20 6 18 19 23 14 16 10 12 13 11 28 29 24 30 22 21 15 26 25 17 27
AVOIDER 1 7 2 4 3 9 8 5 20 6 18 19 23 14 16 10 12 13 11 28 30 24 29 22 21 15 26 25 17 27
AVOIDER 1 7 2 4 3 9 8 5 20 6 18 19 23 14 16 10 12 13 11 29 28 24 30 22 21 15 26 25 17 27
AVOIDER 1 7 2 4 3 9 8 5 20 6 18 19 23 14 16 10 12 13 11 30 28 24 29 22 21 15 26 25 17 27
AVOIDER 1 7 2 4 3 9 8 5 20 6 18 19 23 14 16 10 12 13 11 29 30 24 28 22 21 15 26 25 17 27
AVOIDER 1 7 2 4 3 9 8 5 20 6 18 19 23 14 16 10 12 13 11 28 29 30 24 22 21 15 26 25 17 27
AVOIDER 1 7 2 4 3 9 8 5 20 6 18 19 23 14 16 10 12 13 11 28 30 29 24 22 21 15 26 25 17 27
AVOIDER 1 7 2 4 3 9 8 5 20 6 18 19 23 14 16 10 12 13 11 29 28 30 24 22 21 15 26 25 17 27
AVOIDER 1 7 2 4 3 9 8 5 20 6 18 19 23 14 16 10 12 13 11 30 28 29 24 22 21 15 26 25 17 27
AVOIDER 1 7 2 4 3 9 8 5 20 6 18 19 23 14 16 10 12 13 11 29 30 28 24 22 21 15 26 25 17 27
AVOIDER 1 7 2 4 3 9 8 5 20 6 18 23 19 14 16 10 12 13 11 24 28 29 30 21 22 15 26 25 17 27
AVOIDER 1 7 2 4 3 9 8 5 20 6 18 23 19 14 16 10 12 13 11 24 28 30 29 21 22 15 26 25 17 27
AVOIDER 1 7 2 4 3 9 8 5 20 6 18 23 19 14 16 10 12 13 11 24 29 28 30 21 22 15 26 25 17 27
AVOIDER 1 7 2 4 3 9 8 5 20 6 18 23 19 14 16 10 12 13 11 24 30 28 29 21 22 15 26 25 17 27
AVOIDER 1 7 2 4 3 9 8 5 20 6 18 23 19 14 16 10 12 13 11 24 29 30 28 21 22 15 26 25 17 27
AVOIDER 1 7 2 4 3 9 8 5 20 6 18 23 19 14 16 10 12 13 11 28 24 29 30 21 22 15 26 25 17 27
AVOIDER 1 7 2 4 3 9 8 5 20 6 18 23 19 14 16 10 12 13 11 28 24 30 29 21 22 15 26 25 17 27
AVOIDER 1 7 2 4 3 9 8 5 20 6 18 23 19 14 16 10 12 13 11 29 24 28 30 21 22 15 26 25 17 27
AVOIDER 1 7 2 4 3 9 8 5 20 6 18 23 19 14 16 10 12 13 11 30 24 28 29 21 22 15 26 25 17 27
AVOIDER 1 7 2 4 3 9 8 5 20 6 18 23 19 14 16 10 12 13 11 29 24 30 28 21 22 15 26 25 17 27
AVOIDER 1 7 2 4 3 9 8 5 20 6 18 23 19 14 16 10 12 13 11 28 29 24 30 21 22 15 26 25 17 27
AVOIDER 1 7 2 4 3 9 8 5 20 6 18 23 19 14 16 10 12 13 11 28 30 24 29 21 22 15 26 25 17 27
AVOIDER 1 7 2 4 3 9 8 5 20 6 18 23 19 14 16 10 12 13 11 29 28 24 30 21 22 15 26 25 17 27
AVOIDER 1 7 2 4 3 9 8 5 20 6 18 23 19 14 16 10 12 13 11 30 28 24 29 21 22 15 26 25 17 27
AVOIDER 1 7 2 4 3 9 8 5 20 6 18 23 19 14 16 10 12 13 11 29 30 24 28 21 22 15 26 25 17 27
AVOIDER 1 7 2 4 3 9 8 5 20 6 18 23 19 14 16 10 12 13 11 28 29 30 24 21 22 15 26 25 17 27
AVOIDER 1 7 2 4 3 9 8 5 20 6 18 23 19 14 16 10 12 13 11 28 30 29 24 21 22 15 26 25 17 27
AVOIDER 1 7 2 4 3 9 8 5 20 6 18 23 19 14 16 10 12 13 11 29 28 30 24 21 22 15 26 25 17 27
AVOIDER 1 7 2 4 3 9 8 5 20 6 18 23 19 14 16 10 12 13 11 30 28 29 24 21 22 15 26 25 17 27
AVOIDER 1 7 2 4 3 9 8 5 20 6 18 23 19 14 16 10 12 13 11 29 30 28 24 21 22 15 26 25 17 27
AVOIDER 1 7 2 4 3 9 8 5 20 6 18 23 19 14 16 10 12 13 11 24 30 22 28 29 21 15 26 25 17 27
AVOIDER 1 7 2 4 3 9 8 5 20 6 18 23 19 14 16 10 12 13 11 30 24 22 28 29 21 15 26 25 17 27
AVOIDER 1 7 2 4 3 9 8 5 20 6 18 23 19 14 16 10 12 13 11 24 28 30 22 29 21 15 26 25 17 27
AVOIDER 1 7 2 4 3 9 8 5 20 6 18 23 19 14 16 10 12 13 11 24 30 28 22 29 21 15 26 25 17 27
AVOIDER 1 7 2 4 3 9 8 5 20 6 18 23 19 14 16 10 12 13 11 24 29 30 22 28 21 15 26 25 17 27
AVOIDER 1 7 2 4 3 9 8 5 20 6 18 23 19 14 16 10 12 13 11 28 24 30 22 29 21 15 26 25 17 27
AVOIDER 1 7 2 4 3 9 8 5 20 6 18 23 19 14 16 10 12 13 11 30 24 28 22 29 21 15 26 25 17 27
AVOIDER 1 7 2 4 3 9 8 5 20 6 18 23 19 14 16 10 12 13 11 29 24 30 22 28 21 15 26 25 17 27
AVOIDER 1 7 2 4 3 9 8 5 20 6 18 23 19 14 16 10 12 13 11 28 30 24 22 29 21 15 26 25 17 27
AVOIDER 1 7 2 4 3 9 8 5 20 6 18 23 19 14 16 10 12 13 11 30 28 24 22 29 21 15 26 25 17 27
AVOIDER 1 7 2 4 3 9 8 5 20 6 18 23 19 14 16 10 12 13 11 29 30 24 22 28 21 15 26 25 17 27
AVOIDER 1 7 2 4 3 9 8 5 20 6 18 23 19 14 16 10 12 13 11 24 28 29 30 22 21 15 26 25 17 27
AVOIDER 1 7 2 4 3 9 8 5 20 6 18 23 19 14 16 10 12 13 11 24 28 30 29 22 21 15 26 25 17 27
AVOIDER 1 7 2 4 3 9 8 5 20 6 18 23 19 14 16 10 12 13 11 24 29 28 30 22 21 15 26 25 17 27
AVOIDER 1 7 2 4 3 9 8 5 20 6 18 23 19 14 16 10 12 13 11 24 30 28 29 22 21 15 26 25 17 27
AVOIDER 1 7 2 4 3 9 8 5 20 6 18 23 19 14 16 10 12 13 11 24 29 30 28 22 21 15 26 25 17 27
AVOIDER 1 7 2 4 3 9 8 5 20 6 18 23 19 14 16 10 12 13 11 28 24 29 30 22 21 15 26 25 17 27
AVOIDER 1 7 2 4 3 9 8 5 20 6 18 23 19 14 16 10 12 13 11 28 24 30 29 22 21 15 26 25 17 27
AVOIDER 1 7 2 4 3 9 8 5 20 6 18 23 19 14 16 10 12 13 11 29 24 28 30 22 21 15 26 25 17 27
AVOIDER 1 7 2 4 3 9 8 5 20 6 18 23 19 14 16 10 12 13 11 30 24 28 29 22 21 15 26 25 17 27
AVOIDER 1 7 2 4 3 9 8 5 20 6 18 23 19 14 16 10 12 13 11 29 24 30 28 22 21 15 26 25 17 27
AVOIDER 1 7 2 4 3 9 8 5 20 6 18 23 19 14 16 10 12 13 11 28 29 24 30 22 21 15 26 25 17 27
AVOIDER 1 7 2 4 3 9 8 5 20 6 18 23 19 14 16 10 12 13 11 28 30 24 29 22 21 15 26 25 17 27
AVOIDER 1 7 2 4 3 9 8 5 20 6 18 23 19 14 16 10 12 13 11 29 28 24 30 22 21 15 26 25 17 27
AVOIDER 1 7 2 4 3 9 8 5 20 6 18 23 19 14 16 10 12 13 11 30 28 24 29 22 21 15 26 25 17 27
AVOIDER 1 7 2 4 3 9 8 5 20 6 18 23 19 14 16 10 12 13 11 29 30 24 28 22 21 15 26 25 17 27
AVOIDER 1 7 2 4 3 9 8 5 20 6 18 23 19 14 16 10 12 13 11 28 29 30 24 22 21 15 26 25 17 27
AVOIDER 1 7 2 4 3 9 8 5 20 6 18 23 19 14 16 10 12 13 11 28 30 29 24 22 21 15 26 25 17 27
AVOIDER 1 7 2 4 3 9 8 5 20 6 18 23 19 14 16 10 12 13 11 29 28 30 24 22 21 15 26 25 17 27
AVOIDER 1 7 2 4 3 9 8 5 20 6 18 23 19 14 16 10 12 13 11 30 28 29 24 22 21 15 26 25 17 27
AVOIDER 1 7 2 4 3 9 8 5 20 6 18 23 19 14 16 10 12 13 11 29 30 28 24 22 21 15 26 25 17 27
AVOIDER 1 7 2 4 3 9 8 5 23 6 18 20 19 14 16 10 12 13 11 24 28 29 30 21 22 15 26 25 17 27
AVOIDER 1 7 2 4 3 9 8 5 23 6 18 20 19 14 16 10 12 13 11 24 28 30 29 21 22 15 26 25 17 27
AVOIDER 1 7 2 4 3 9 8 5 23 6 18 20 19 14 16 10 12 13 11 24 29 28 30 21 22 15 26 25 17 27
AVOIDER 1 7 2 4 3 9 8 5 23 6 18 20 19 14 16 10 12 13 11 24 30 28 29 21 22 15 26 25 17 27
AVOIDER 1 7 2 4 3 9 8 5 23 6 18 20 19 14 16 10 12 13 11 24 29 30 28 21 22 15 26 25 17 27
AVOIDER 1 7 2 4 3 9 8 5 23 6 18 20 19 14 16 10 12 13 11 28 24 29 30 21 22 15 26 25 17 27
AVOIDER 1 7 2 4 3 9 8 5 23 6 18 20 19 14 16 10 12 13 11 28 24 30 29 21 22 15 26 25 17 27
AVOIDER 1 7 2 4 3 9 8 5 23 6 18 20 19 14 16 10 12 13 11 29 24 28 30 21 22 15 26 25 17 27
AVOIDER 1 7 2 4 3 9 8 5 23 6 18 20 19 14 16 10 12 13 11 30 24 28 29 21 22 15 26 25 17 27
AVOIDER 1 7 2 4 3 9 8 5 23 6 18 20 19 14 16 10 12 13 11 29 24 30 28 21 22 15 26 25 17 27
AVOIDER 1 7 2 4 3 9 8 5 23 6 18 20 19 14 16 10 12 13 11 28 29 24 30 21 22 15 26 25 17 27
AVOIDER 1 7 2 4 3 9 8 5 23 6 18 20 19 14 16 10 12 13 11 28 30 24 29 21 22 15 26 25 17 27
AVOIDER 1 7 2 4 3 9 8 5 23 6 18 20 19 14 16 10 12 13 11 29 28 24 30 21 22 15 26 25 17 27
AVOIDER 1 7 2 4 3 9 8 5 23 6 18 20 19 14 16 10 12 13 11 30 28 24 29 21 22 15 26 25 17 27
AVOIDER 1 7 2 4 3 9 8 5 23 6 18 20 19 14 16 10 12 13 11 29 30 24 28 21 22 15 26 25 17 27
AVOIDER 1 7 2 4 3 9 8 5 23 6 18 20 19 14 16 10 12 13 11 28 29 30 24 21 22 15 26 25 17 27
AVOIDER 1 7 2 4 3 9 8 5 23 6 18 20 19 14 16 10 12 13 11 28 30 29 24 21 22 15 26 25 17 27
AVOIDER 1 7 2 4 3 9 8 5 23 6 18 20 19 14 16 10 12 13 11 29 28 30 24 21 22 15 26 25 17 27
AVOIDER 1 7 2 4 3 9 8 5 23 6 18 20 19 14 16 10 12 13 11 30 28 29 24 21 22 15 26 25 17 27
AVOIDER 1 7 2 4 3 9 8 5 23 6 18 20 19 14 16 10 12 13 11 29 30 28 24 21 22 15 26 25 17 27
AVOIDER 1 7 2 4 3 9 8 5 23 6 18 20 19 14 16 10 12 13 11 24 30 22 28 29 21 15 26 25 17 27
AVOIDER 1 7 2 4 3 9 8 5 23 6 18 20 19 14 16 10 12 13 11 30 24 22 28 29 21 15 26 25 17 27
AVOIDER 1 7 2 4 3 9 8 5 23 6 18 20 19 14 16 10 12 13 11 24 28 30 22 29 21 15 26 25 17 27
AVOIDER 1 7 2 4 3 9 8 5 23 6 18 20 19 14 16 10 12 13 11 24 30 28 22 29 21 15 26 25 17 27
AVOIDER 1 7 2 4 3 9 8 5 23 6 18 20 19 14 16 10 12 13 11 24 29 30 22 28 21 15 26 25 17 27
AVOIDER 1 7 2 4 3 9 8 5 23 6 18 20 19 14 16 10 12 13 11 28 24 30 22 29 21 15 26 25 17 27
AVOIDER 1 7 2 4 3 9 8 5 23 6 18 20 19 14 16 10 12 13 11 30 24 28 22 29 21 15 26 25 17 27
AVOIDER 1 7 2 4 3 9 8 5 23 6 18 20 19 14 16 10 12 13 11 29 24 30 22 28 21 15 26 25 17 27
AVOIDER 1 7 2 4 3 9 8 5 23 6 18 20 19 14 16 10 12 13 11 28 30 24 22 29 21 15 26 25 17 27
AVOIDER 1 7 2 4 3 9 8 5 23 6 18 20 19 14 16 10 12 13 11 30 28 24 22 29 21 15 26 25 17 27
AVOIDER 1 7 2 4 3 9 8 5 23 6 18 20 19 14 16 10 12 13 11 29 30 24 22 28 21 15 26 25 17 27
AVOIDER 1 7 2 4 3 9 8 5 23 6 18 20 19 14 16 10 12 13 11 24 28 29 30 22 21 15 26 25 17 27
AVOIDER 1 7 2 4 3 9 8 5 23 6 18 20 19 14 16 10 12 13 11 24 28 30 29 22 21 15 26 25 17 27
AVOIDER 1 7 2 4 3 9 8 5 23 6 18 20 19 14 16 10 12 13 11 24 29 28 30 22 21 15 26 25 17 27
AVOIDER 1 7 2 4 3 9 8 5 23 6 18 20 19 14 16 10 12 13 11 24 30 28 29 22 21 15 26 25 17 27
AVOIDER 1 7 2 4 3 9 8 5 23 6 18 20 19 14 16 10 12 13 11 24 29 30 28 22 21 15 26 25 17 27
AVOIDER 1 7 2 4 3 9 8 5 23 6 18 20 19 14 16 10 12 13 11 28 24 29 30 22 21 15 26 25 17 27
AVOIDER 1 7 2 4 3 9 8 5 23 6 18 20 19 14 16 10 12 13 11 28 24 30 29 22 21 15 26 25 17 27
AVOIDER 1 7 2 4 3 9 8 5 23 6 18 20 19 14 16 10 12 13 11 29 24 28 30 22 21 15 26 25 17 27
AVOIDER 1 7 2 4 3 9 8 5 23 6 18 20 19 14 16 10 12 13 11 30 24 28 29 22 21 15 26 25 17 27
AVOIDER 1 7 2 4 3 9 8 5 23 6 18 20 19 14 16 10 12 13 11 29 24 30 28 22 21 15 26 25 17 27
AVOIDER 1 7 2 4 3 9 8 5 23 6 18 20 19 14 16 10 12 13 11 28 29 24 30 22 21 15 26 25 17 27
AVOIDER 1 7 2 4 3 9 8 5 23 6 18 20 19 14 16 10 12 13 11 28 30 24 29 22 21 15 26 25 17 27
AVOIDER 1 7 2 4 3 9 8 5 23 6 18 20 19 14 16 10 12 13 11 29 28 24 30 22 21 15 26 25 17 27
AVOIDER 1 7 2 4 3 9 8 5 23 6 18 20 19 14 16 10 12 13 11 30 28 24 29 22 21 15 26 25 17 27
AVOIDER 1 7 2 4 3 9 8 5 23 6 18 20 19 14 16 10 12 13 11 29 30 24 28 22 21 15 26 25 17 27
AVOIDER 1 7 2 4 3 9 8 5 23 6 18 20 19 14 16 10 12 13 11 28 29 30 24 22 21 15 26 25 17 27
AVOIDER 1 7 2 4 3 9 8 5 23 6 18 20 19 14 16 10 12 13 11 28 30 29 24 22 21 15 26 25 17 27
AVOIDER 1 7 2 4 3 9 8 5 23 6 18 20 19 14 16 10 12 13 11 29 28 30 24 22 21 15 26 25 17 27
AVOIDER 1 7 2 4 3 9 8 5 23 6 18 20 19 14 16 10 12 13 11 30 28 29 24 22 21 15 26 25 17 27
AVOIDER 1 7 2 4 3 9 8 5 23 6 18 20 19 14 16 10 12 13 11 29 30 28 24 22 21 15 26 25 17 27
AVOIDER 1 7 2 4 3 9 8 5 19 6 20 18 23 14 16 10 12 13 11 24 30 22 28 29 21 15 26 25 17 27
AVOIDER 1 7 2 4 3 9 8 5 19 6 20 18 23 14 16 10 12 13 11 30 24 22 28 29 21 15 26 25 17 27
AVOIDER 1 7 2 4 3 9 8 5 19 6 20 18 23 14 16 10 12 13 11 24 28 30 22 29 21 15 26 25 17 27
AVOIDER 1 7 2 4 3 9 8 5 19 6 20 18 23 14 16 10 12 13 11 24 30 28 22 29 21 15 26 25 17 27
AVOIDER 1 7 2 4 3 9 8 5 19 6 20 18 23 14 16 10 12 13 11 24 29 30 22 28 21 15 26 25 17 27
AVOIDER 1 7 2 4 3 9 8 5 19 6 20 18 23 14 16 10 12 13 11 28 24 30 22 29 21 15 26 25 17 27
AVOIDER 1 7 2 4 3 9 8 5 19 6 20 18 23 14 16 10 12 13 11 30 24 28 22 29 21 15 26 25 17 27
AVOIDER 1 7 2 4 3 9 8 5 19 6 20 18 23 14 16 10 12 13 11 29 24 30 22 28 21 15 26 25 17 27
AVOIDER 1 7 2 4 3 9 8 5 19 6 20 18 23 14 16 10 12 13 11 28 30 24 22 29 21 15 26 25 17 27
AVOIDER 1 7 2 4 3 9 8 5 19 6 20 18 23 14 16 10 12 13 11 30 28 24 22 29 21 15 26 25 17 27
AVOIDER 1 7 2 4 3 9 8 5 19 6 20 18 23 14 16 10 12 13 11 29 30 24 22 28 21 15 26 25 17 27
AVOIDER 1 7 2 4 3 9 8 5 19 6 20 18 23 14 16 10 12 13 11 24 28 29 30 22 21 15 26 25 17 27
AVOIDER 1 7 2 4 3 9 8 5 19 6 20 18 23 14 16 10 12 13 11 24 28 30 29 22 21 15 26 25 17 27
AVOIDER 1 7 2 4 3 9 8 5 19 6 20 18 23 14 16 10 12 13 11 24 29 28 30 22 21 15 26 25 17 27
AVOIDER 1 7 2 4 3 9 8 5 19 6 20 18 23 14 16 10 12 13 11 24 30 28 29 22 21 15 26 25 17 27
AVOIDER 1 7 2 4 3 9 8 5 19 6 20 18 23 14 16 10 12 13 11 24 29 30 28 22 21 15 26 25 17 27
AVOIDER 1 7 2 4 3 9 8 5 19 6 20 18 23 14 16 10 12 13 11 28 24 29 30 22 21 15 26 25 17 27
AVOIDER 1 7 2 4 3 9 8 5 19 6 20 18 23 14 16 10 12 13 11 28 24 30 29 22 21 15 26 25 17 27
AVOIDER 1 7 2 4 3 9 8 5 19 6 20 18 23 14 16 10 12 13 11 29 24 28 30 22 21 15 26 25 17 27
AVOIDER 1 7 2 4 3 9 8 5 19 6 20 18 23 14 16 10 12 13 11 30 24 28 29 22 21 15 26 25 17 27
AVOIDER 1 7 2 4 3 9 8 5 19 6 20 18 23 14 16 10 12 13 11 29 24 30 28 22 21 15 26 25 17 27
AVOIDER 1 7 2 4 3 9 8 5 19 6 20 18 23 14 16 10 12 13 11 28 29 24 30 22 21 15 26 25 17 27
AVOIDER 1 7 2 4 3 9 8 5 19 6 20 18 23 14 16 10 12 13 11 28 30 24 29 22 21 15 26 25 17 27
AVOIDER 1 7 2 4 3 9 8 5 19 6 20 18 23 14 16 10 12 13 11 29 28 24 30 22 21 15 26 25 17 27
AVOIDER 1 7 2 4 3 9 8 5 19 6 20 18 23 14 16 10 12 13 11 30 28 24 29 22 21 15 26 25 17 27
AVOIDER 1 7 2 4 3 9 8 5 19 6 20 18 23 14 16 10 12 13 11 29 30 24 28 22 21 15 26 25 17 27
AVOIDER 1 7 2 4 3 9 8 5 19 6 20 18 23 14 16 10 12 13 11 28 29 30 24 22 21 15 26 25 17 27
AVOIDER 1 7 2 4 3 9 8 5 19 6 20 18 23 14 16 10 12 13 11 28 30 29 24 22 21 15 26 25 17 27
AVOIDER 1 7 2 4 3 9 8 5 19 6 20 18 23 14 16 10 12 13 11 29 28 30 24 22 21 15 26 25 17 27
AVOIDER 1 7 2 4 3 9 8 5 19 6 20 18 23 14 16 10 12 13 11 30 28 29 24 22 21 15 26 25 17 27
AVOIDER 1 7 2 4 3 9 8 5 19 6 20 18 23 14 16 10 12 13 11 29 30 28 24 22 21 15 26 25 17 27
AVOIDER 1 7 2 4 3 9 8 5 19 6 23 18 20 14 16 10 12 13 11 24 30 22 28 29 21 15 26 25 17 27
AVOIDER 1 7 2 4 3 9 8 5 19 6 23 18 20 14 16 10 12 13 11 30 24 22 28 29 21 15 26 25 17 27
AVOIDER 1 7 2 4 3 9 8 5 19 6 23 18 20 14 16 10 12 13 11 24 28 30 22 29 21 15 26 25 17 27
AVOIDER 1 7 2 4 3 9 8 5 19 6 23 18 20 14 16 10 12 13 11 24 30 28 22 29 21 15 26 25 17 27
AVOIDER 1 7 2 4 3 9 8 5 19 6 23 18 20 14 16 10 12 13 11 24 29 30 22 28 21 15 26 25 17 27
AVOIDER 1 7 2 4 3 9 8 5 19 6 23 18 20 14 16 10 12 13 11 28 24 30 22 29 21 15 26 25 17 27
AVOIDER 1 7 2 4 3 9 8 5 19 6 23 18 20 14 16 10 12 13 11 30 24 28 22 29 21 15 26 25 17 27
AVOIDER 1 7 2 4 3 9 8 5 19 6 23 18 20 14 16 10 12 13 11 29 24 30 22 28 21 15 26 25 17 27
AVOIDER 1 7 2 4 3 9 8 5 19 6 23 18 20 14 16 10 12 13 11 28 30 24 22 29 21 15 26 25 17 27
AVOIDER 1 7 2 4 3 9 8 5 19 6 23 18 20 14 16 10 12 13 11 30 28 24 22 29 21 15 26 25 17 27
AVOIDER 1 7 2 4 3 9 8 5 19 6 23 18 20 14 16 10 12 13 11 29 30 24 22 28 21 15 26 25 17 27
AVOIDER 1 7 2 4 3 9 8 5 19 6 23 18 20 14 16 10 12 13 11 24 28 29 30 22 21 15 26 25 17 27
AVOIDER 1 7 2 4 3 9 8 5 19 6 23 18 20 14 16 10 12 13 11 24 28 30 29 22 21 15 26 25 17 27
AVOIDER 1 7 2 4 3 9 8 5 19 6 23 18 20 14 16 10 12 13 11 24 29 28 30 22 21 15 26 25 17 27
AVOIDER 1 7 2 4 3 9 8 5 19 6 23 18 20 14 16 10 12 13 11 24 30 28 29 22 21 15 26 25 17 27
AVOIDER 1 7 2 4 3 9 8 5 19 6 23 18 20 14 16 10 12 13 11 24 29 30 28 22 21 15 26 25 17 27
AVOIDER 1 7 2 4 3 9 8 5 19 6 23 18 20 14 16 10 12 13 11 28 24 29 30 22 21 15 26 25 17 27
AVOIDER 1 7 2 4 3 9 8 5 19 6 23 18 20 14 16 10 12 13 11 28 24 30 29 22 21 15 26 25 17 27
AVOIDER 1 7 2 4 3 9 8 5 19 6 23 18 20 14 16 10 12 13 11 29 24 28 30 22 21 15 26 25 17 27
AVOIDER 1 7 2 4 3 9 8 5 19 6 23 18 20 14 16 10 12 13 11 30 24 28 29 22 21 15 26 25 17 27
AVOIDER 1 7 2 4 3 9 8 5 19 6 23 18 20 14 16 10 12 13 11 29 24 30 28 22 21 15 26 25 17 27
AVOIDER 1 7 2 4 3 9 8 5 19 6 23 18 20 14 16 10 12 13 11 28 29 24 30 22 21 15 26 25 17 27
AVOIDER 1 7 2 4 3 9 8 5 19 6 23 18 20 14 16 10 12 13 11 28 30 24 29 22 21 15 26 25 17 27
AVOIDER 1 7 2 4 3 9 8 5 19 6 23 18 20 14 16 10 12 13 11 29 28 24 30 22 21 15 26 25 17 27
AVOIDER 1 7 2 4 3 9 8 5 19 6 23 18 20 14 16 10 12 13 11 30 28 24 29 22 21 15 26 25 17 27
AVOIDER 1 7 2 4 3 9 8 5 19 6 23 18 20 14 16 10 12 13 11 29 30 24 28 22 21 15 26 25 17 27
AVOIDER 1 7 2 4 3 9 8 5 19 6 23 18 20 14 16 10 12 13 11 28 29 30 24 22 21 15 26 25 17 27
AVOIDER 1 7 2 4 3 9 8 5 19 6 23 18 20 14 16 10 12 13 11 28 30 29 24 22 21 15 26 25 17 27
AVOIDER 1 7 2 4 3 9 8 5 19 6 23 18 20 14 16 10 12 13 11 29 28 30 24 22 21 15 26 25 17 27
AVOIDER 1 7 2 4 3 9 8 5 19 6 23 18 20 14 16 10 12 13 11 30 28 29 24 22 21 15 26 25 17 27
AVOIDER 1 7 2 4 3 9 8 5 19 6 23 18 20 14 16 10 12 13 11 29 30 28 24 22 21 15 26 25 17 27
AVOIDER 1 7 2 4 3 9 8 5 23 6 19 18 20 14 16 10 12 13 11 24 30 22 28 29 21 15 26 25 17 27
AVOIDER 1 7 2 4 3 9 8 5 23 6 19 18 20 14 16 10 12 13 11 30 24 22 28 29 21 15 26 25 17 27
AVOIDER 1 7 2 4 3 9 8 5 23 6 19 18 20 14 16 10 12 13 11 24 28 30 22 29 21 15 26 25 17 27
AVOIDER 1 7 2 4 3 9 8 5 23 6 19 18 20 14 16 10 12 13 11 24 30 28 22 29 21 15 26 25 17 27
AVOIDER 1 7 2 4 3 9 8 5 23 6 19 18 20 14 16 10 12 13 11 24 29 30 22 28 21 15 26 25 17 27
AVOIDER 1 7 2 4 3 9 8 5 23 6 19 18 20 14 16 10 12 13 11 28 24 30 22 29 21 15 26 25 17 27
AVOIDER 1 7 2 4 3 9 8 5 23 6 19 18 20 14 16 10 12 13 11 30 24 28 22 29 21 15 26 25 17 27
AVOIDER 1 7 2 4 3 9 8 5 23 6 19 18 20 14 16 10 12 13 11 29 24 30 22 28 21 15 26 25 17 27
AVOIDER 1 7 2 4 3 9 8 5 23 6 19 18 20 14 16 10 12 13 11 28 30 24 22 29 21 15 26 25 17 27
AVOIDER 1 7 2 4 3 9 8 5 23 6 19 18 20 14 16 10 12 13 11 30 28 24 22 29 21 15 26 25 17 27
AVOIDER 1 7 2 4 3 9 8 5 23 6 19 18 20 14 16 10 12 13 11 29 30 24 22 28 21 15 26 25 17 27
AVOIDER 1 7 2 4 3 9 8 5 23 6 19 18 20 14 16 10 12 13 11 24 28 29 30 22 21 15 26 25 17 27
AVOIDER 1 7 2 4 3 9 8 5 23 6 19 18 20 14 16 10 12 13 11 24 28 30 29 22 21 15 26 25 17 27
AVOIDER 1 7 2 4 3 9 8 5 23 6 19 18 20 14 16 10 12 13 11 24 29 28 30 22 21 15 26 25 17 27
AVOIDER 1 7 2 4 3 9 8 5 23 6 19 18 20 14 16 10 12 13 11 24 30 28 29 22 21 15 26 25 17 27
AVOIDER 1 7 2 4 3 9 8 5 23 6 19 18 20 14 16 10 12 13 11 24 29 30 28 22 21 15 26 25 17 27
AVOIDER 1 7 2 4 3 9 8 5 23 6 19 18 20 14 16 10 12 13 11 28 24 29 30 22 21 15 26 25 17 27
AVOIDER 1 7 2 4 3 9 8 5 23 6 19 18 20 14 16 10 12 13 11 28 24 30 29 22 21 15 26 25 17 27
AVOIDER 1 7 2 4 3 9 8 5 23 6 19 18 20 14 16 10 12 13 11 29 24 28 30 22 21 15 26 25 17 27
AVOIDER 1 7 2 4 3 9 8 5 23 6 19 18 20 14 16 10 12 13 11 30 24 28 29 22 21 15 26 25 17 27
AVOIDER 1 7 2 4 3 9 8 5 23 6 19 18 20 14 16 10 12 13 11 29 24 30 28 22 21 15 26 25 17 27
AVOIDER 1 7 2 4 3 9 8 5 23 6 19 18 20 14 16 10 12 13 11 28 29 24 30 22 21 15 26 25 17 27
AVOIDER 1 7 2 4 3 9 8 5 23 6 19 18 20 14 16 10 12 13 11 28 30 24 29 22 21 15 26 25 17 27
AVOIDER 1 7 2 4 3 9 8 5 23 6 19 18 20 14 16 10 12 13 11 29 28 24 30 22 21 15 26 25 17 27
AVOIDER 1 7 2 4 3 9 8 5 23 6 19 18 20 14 16 10 12 13 11 30 28 24 29 22 21 15 26 25 17 27
AVOIDER 1 7 2 4 3 9 8 5 23 6 19 18 20 14 16 10 12 13 11 29 30 24 28 22 21 15 26 25 17 27
AVOIDER 1 7 2 4 3 9 8 5 23 6 19 18 20 14 16 10 12 13 11 28 29 30 24 22 21 15 26 25 17 27
AVOIDER 1 7 2 4 3 9 8 5 23 6 19 18 20 14 16 10 12 13 11 28 30 29 24 22 21 15 26 25 17 27
AVOIDER 1 7 2 4 3 9 8 5 23 6 19 18 20 14 16 10 12 13 11 29 28 30 24 22 21 15 26 25 17 27
AVOIDER 1 7 2 4 3 9 8 5 23 6 19 18 20 14 16 10 12 13 11 30 28 29 24 22 21 15 26 25 17 27
AVOIDER 1 7 2 4 3 9 8 5 23 6 19 18 20 14 16 10 12 13 11 29 30 28 24 22 21 15 26 25 17 27
AVOIDER 1 7 2 4 3 9 8 5 20 6 23 18 19 14 16 10 12 13 11 24 28 29 30 21 22 15 26 25 17 27
AVOIDER 1 7 2 4 3 9 8 5 20 6 23 18 19 14 16 10 12 13 11 24 28 30 29 21 22 15 26 25 17 27
AVOIDER 1 7 2 4 3 9 8 5 20 6 23 18 19 14 16 10 12 13 11 24 29 28 30 21 22 15 26 25 17 27
AVOIDER 1 7 2 4 3 9 8 5 20 6 23 18 19 14 16 10 12 13 11 24 30 28 29 21 22 15 26 25 17 27
AVOIDER 1 7 2 4 3 9 8 5 20 6 23 18 19 14 16 10 12 13 11 24 29 30 28 21 22 15 26 25 17 27
AVOIDER 1 7 2 4 3 9 8 5 20 6 23 18 19 14 16 10 12 13 11 28 24 29 30 21 22 15 26 25 17 27
AVOIDER 1 7 2 4 3 9 8 5 20 6 23 18 19 14 16 10 12 13 11 28 24 30 29 21 22 15 26 25 17 27
AVOIDER 1 7 2 4 3 9 8 5 20 6 23 18 19 14 16 10 12 13 11 29 24 28 30 21 22 15 26 25 17 27
AVOIDER 1 7 2 4 3 9 8 5 20 6 23 18 19 14 16 10 12 13 11 30 24 28 29 21 22 15 26 25 17 27
AVOIDER 1 7 2 4 3 9 8 5 20 6 23 18 19 14 16 10 12 13 11 29 24 30 28 21 22 15 26 25 17 27
AVOIDER 1 7 2 4 3 9 8 5 20 6 23 18 19 14 16 10 12 13 11 28 29 24 30 21 22 15 26 25 17 27
AVOIDER 1 7 2 4 3 9 8 5 20 6 23 18 19 14 16 10 12 13 11 28 30 24 29 21 22 15 26 25 17 27
AVOIDER 1 7 2 4 3 9 8 5 20 6 23 18 19 14 16 10 12 13 11 29 28 24 30 21 22 15 26 25 17 27
AVOIDER 1 7 2 4 3 9 8 5 20 6 23 18 19 14 16 10 12 13 11 30 28 24 29 21 22 15 26 25 17 27
AVOIDER 1 7 2 4 3 9 8 5 20 6 23 18 19 14 16 10 12 13 11 29 30 24 28 21 22 15 26 25 17 27
AVOIDER 1 7 2 4 3 9 8 5 20 6 23 18 19 14 16 10 12 13 11 28 29 30 24 21 22 15 26 25 17 27
AVOIDER 1 7 2 4 3 9 8 5 20 6 23 18 19 14 16 10 12 13 11 28 30 29 24 21 22 15 26 25 17 27
AVOIDER 1 7 2 4 3 9 8 5 20 6 23 18 19 14 16 10 12 13 11 29 28 30 24 21 22 15 26 25 17 27
AVOIDER 1 7 2 4 3 9 8 5 20 6 23 18 19 14 16 10 12 13 11 30 28 29 24 21 22 15 26 25 17 27
AVOIDER 1 7 2 4 3 9 8 5 20 6 23 18 19 14 16 10 12 13 11 29 30 28 24 21 22 15 26 25 17 27
AVOIDER 1 7 2 4 3 9 8 5 20 6 23 18 19 14 16 10 12 13 11 24 30 22 28 29 21 15 26 25 17 27
AVOIDER 1 7 2 4 3 9 8 5 20 6 23 18 19 14 16 10 12 13 11 30 24 22 28 29 21 15 26 25 17 27
AVOIDER 1 7 2 4 3 9 8 5 20 6 23 18 19 14 16 10 12 13 11 24 28 30 22 29 21 15 26 25 17 27
AVOIDER 1 7 2 4 3 9 8 5 20 6 23 18 19 14 16 10 12 13 11 24 30 28 22 29 21 15 26 25 17 27
AVOIDER 1 7 2 4 3 9 8 5 20 6 23 18 19 14 16 10 12 13 11 24 29 30 22 28 21 15 26 25 17 27
AVOIDER 1 7 2 4 3 9 8 5 20 6 23 18 19 14 16 10 12 13 11 28 24 30 22 29 21 15 26 25 17 27
AVOIDER 1 7 2 4 3 9 8 5 20 6 23 18 19 14 16 10 12 13 11 30 24 28 22 29 21 15 26 25 17 27
AVOIDER 1 7 2 4 3 9 8 5 20 6 23 18 19 14 16 10 12 13 11 29 24 30 22 28 21 15 26 25 17 27
AVOIDER 1 7 2 4 3 9 8 5 20 6 23 18 19 14 16 10 12 13 11 28 30 24 22 29 21 15 26 25 17 27
AVOIDER 1 7 2 4 3 9 8 5 20 6 23 18 19 14 16 10 12 13 11 30 28 24 22 29 21 15 26 25 17 27
AVOIDER 1 7 2 4 3 9 8 5 20 6 23 18 19 14 16 10 12 13 11 29 30 24 22 28 21 15 26 25 17 27
AVOIDER 1 7 2 4 3 9 8 5 20 6 23 18 19 14 16 10 12 13 11 24 28 29 30 22 21 15 26 25 17 27
AVOIDER 1 7 2 4 3 9 8 5 20 6 23 18 19 14 16 10 12 13 11 24 28 30 29 22 21 15 26 25 17 27
AVOIDER 1 7 2 4 3 9 8 5 20 6 23 18 19 14 16 10 12 13 11 24 29 28 30 22 21 15 26 25 17 27
AVOIDER 1 7 2 4 3 9 8 5 20 6 23 18 19 14 16 10 12 13 11 24 30 28 29 22 21 15 26 25 17 27
AVOIDER 1 7 2 4 3 9 8 5 20 6 23 18 19 14 16 10 12 13 11 24 29 30 28 22 21 15 26 25 17 27
AVOIDER 1 7 2 4 3 9 8 5 20 6 23 18 19 14 16 10 12 13 11 28 24 29 30 22 21 15 26 25 17 27
AVOIDER 1 7 2 4 3 9 8 5 20 6 23 18 19 14 16 10 12 13 11 28 24 30 29 22 21 15 26 25 17 27
AVOIDER 1 7 2 4 3 9 8 5 20 6 23 18 19 14 16 10 12 13 11 29 24 28 30 22 21 15 26 25 17 27
AVOIDER 1 7 2 4 3 9 8 5 20 6 23 18 19 14 16 10 12 13 11 30 24 28 29 22 21 15 26 25 17 27
AVOIDER 1 7 2 4 3 9 8 5 20 6 23 18 19 14 16 10 12 13 11 29 24 30 28 22 21 15 26 25 17 27
AVOIDER 1 7 2 4 3 9 8 5 20 6 23 18 19 14 16 10 12 13 11 28 29 24 30 22 21 15 26 25 17 27
AVOIDER 1 7 2 4 3 9 8 5 20 6 23 18 19 14 16 10 12 13 11 28 30 24 29 22 21 15 26 25 17 27
AVOIDER 1 7 2 4 3 9 8 5 20 6 23 18 19 14 16 10 12 13 11 29 28 24 30 22 21 15 26 25 17 27
AVOIDER 1 7 2 4 3 9 8 5 20 6 23 18 19 14 16 10 12 13 11 30 28 24 29 22 21 15 26 25 17 27
AVOIDER 1 7 2 4 3 9 8 5 20 6 23 18 19 14 16 10 12 13 11 29 30 24 28 22 21 15 26 25 17 27
AVOIDER 1 7 2 4 3 9 8 5 20 6 23 18 19 14 16 10 12 13 11 28 29 30 24 22 21 15 26 25 17 27
AVOIDER 1 7 2 4 3 9 8 5 20 6 23 18 19 14 16 10 12 13 11 28 30 29 24 22 21 15 26 25 17 27
AVOIDER 1 7 2 4 3 9 8 5 20 6 23 18 19 14 16 10 12 13 11 29 28 30 24 22 21 15 26 25 17 27
AVOIDER 1 7 2 4 3 9 8 5 20 6 23 18 19 14 16 10 12 13 11 30 28 29 24 22 21 15 26 25 17 27
AVOIDER 1 7 2 4 3 9 8 5 20 6 23 18 19 14 16 10 12 13 11 29 30 28 24 22 21 15 26 25 17 27
AVOIDER 1 7 2 4 3 9 8 5 23 6 20 18 19 14 16 10 12 13 11 24 28 29 30 21 22 15 26 25 17 27
AVOIDER 1 7 2 4 3 9 8 5 23 6 20 18 19 14 16 10 12 13 11 24 28 30 29 21 22 15 26 25 17 27
AVOIDER 1 7 2 4 3 9 8 5 23 6 20 18 19 14 16 10 12 13 11 24 29 28 30 21 22 15 26 25 17 27
AVOIDER 1 7 2 4 3 9 8 5 23 6 20 18 19 14 16 10 12 13 11 24 30 28 29 21 22 15 26 25 17 27
AVOIDER 1 7 2 4 3 9 8 5 23 6 20 18 19 14 16 10 12 13 11 24 29 30 28 21 22 15 26 25 17 27
AVOIDER 1 7 2 4 3 9 8 5 23 6 20 18 19 14 16 10 12 13 11 28 24 29 30 21 22 15 26 25 17 27
AVOIDER 1 7 2 4 3 9 8 5 23 6 20 18 19 14 16 10 12 13 11 28 24 30 29 21 22 15 26 25 17 27
AVOIDER 1 7 2 4 3 9 8 5 23 6 20 18 19 14 16 10 12 13 11 29 24 28 30 21 22 15 26 25 17 27
AVOIDER 1 7 2 4 3 9 8 5 23 6 20 18 19 14 16 10 12 13 11 30 24 28 29 21 22 15 26 25 17 27
AVOIDER 1 7 2 4 3 9 8 5 23 6 20 18 19 14 16 10 12 13 11 29 24 30 28 21 22 15 26 25 17 27
AVOIDER 1 7 2 4 3 9 8 5 23 6 20 18 19 14 16 10 12 13 11 28 29 24 30 21 22 15 26 25 17 27
AVOIDER 1 7 2 4 3 9 8 5 23 6 20 18 19 14 16 10 12 13 11 28 30 24 29 21 22 15 26 25 17 27
AVOIDER 1 7 2 4 3 9 8 5 23 6 20 18 19 14 16 10 12 13 11 29 28 24 30 21 22 15 26 25 17 27
AVOIDER 1 7 2 4 3 9 8 5 23 6 20 18 19 14 16 10 12 13 11 30 28 24 29 21 22 15 26 25 17 27
AVOIDER 1 7 2 4 3 9 8 5 23 6 20 18 19 14 16 10 12 13 11 29 30 24 28 21 22 15 26 25 17 27
AVOIDER 1 7 2 4 3 9 8 5 23 6 20 18 19 14 16 10 12 13 11 28 29 30 24 21 22 15 26 25 17 27
AVOIDER 1 7 2 4 3 9 8 5 23 6 20 18 19 14 16 10 12 13 11 28 30 29 24 21 22 15 26 25 17 27
AVOIDER 1 7 2 4 3 9 8 5 23 6 20 18 19 14 16 10 12 13 11 29 28 30 24 21 22 15 26 25 17 27
AVOIDER 1 7 2 4 3 9 8 5 23 6 20 18 19 14 16 10 12 13 11 30 28 29 24 21 22 15 26 25 17 27
AVOIDER 1 7 2 4 3 9 8 5 23 6 20 18 19 14 16 10 12 13 11 29 30 28 24 21 22 15 26 25 17 27
AVOIDER 1 7 2 4 3 9 8 5 23 6 20 18 19 14 16 10 12 13 11 24 30 22 28 29 21 15 26 25 17 27
AVOIDER 1 7 2 4 3 9 8 5 23 6 20 18 19 14 16 10 12 13 11 30 24 22 28 29 21 15 26 25 17 27
AVOIDER 1 7 2 4 3 9 8 5 23 6 20 18 19 14 16 10 12 13 11 24 28 30 22 29 21 15 26 25 17 27
AVOIDER 1 7 2 4 3 9 8 5 23 6 20 18 19 14 16 10 12 13 11 24 30 28 22 29 21 15 26 25 17 27
AVOIDER 1 7 2 4 3 9 8 5 23 6 20 18 19 14 16 10 12 13 11 24 29 30 22 28 21 15 26 25 17 27
AVOIDER 1 7 2 4 3 9 8 5 23 6 20 18 19 14 16 10 12 13 11 28 24 30 22 29 21 15 26 25 17 27
AVOIDER 1 7 2 4 3 9 8 5 23 6 20 18 19 14 16 10 12 13 11 30 24 28 22 29 21 15 26 25 17 27
AVOIDER 1 7 2 4 3 9 8 5 23 6 20 18 19 14 16 10 12 13 11 29 24 30 22 28 21 15 26 25 17 27
AVOIDER 1 7 2 4 3 9 8 5 23 6 20 18 19 14 16 10 12 13 11 28 30 24 22 29 21 15 26 25 17 27
AVOIDER 1 7 2 4 3 9 8 5 23 6 20 18 19 14 16 10 12 13 11 30 28 24 22 29 21 15 26 25 17 27
AVOIDER 1 7 2 4 3 9 8 5 23 6 20 18 19 14 16 10 12 13 11 29 30 24 22 28 21 15 26 25 17 27
AVOIDER 1 7 2 4 3 9 8 5 23 6 20 18 19 14 16 10 12 13 11 24 28 29 30 22 21 15 26 25 17 27
AVOIDER 1 7 2 4 3 9 8 5 23 6 20 18 19 14 16 10 12 13 11 24 28 30 29 22 21 15 26 25 17 27
AVOIDER 1 7 2 4 3 9 8 5 23 6 20 18 19 14 16 10 12 13 11 24 29 28 30 22 21 15 26 25 17 27
AVOIDER 1 7 2 4 3 9 8 5 23 6 20 18 19 14 16 10 12 13 11 24 30 28 29 22 21 15 26 25 17 27
AVOIDER 1 7 2 4 3 9 8 5 23 6 20 18 19 14 16 10 12 13 11 24 29 30 28 22 21 15 26 25 17 27
AVOIDER 1 7 2 4 3 9 8 5 23 6 20 18 19 14 16 10 12 13 11 28 24 29 30 22 21 15 26 25 17 27
AVOIDER 1 7 2 4 3 9 8 5 23 6 20 18 19 14 16 10 12 13 11 28 24 30 29 22 21 15 26 25 17 27
AVOIDER 1 7 2 4 3 9 8 5 23 6 20 18 19 14 16 10 12 13 11 29 24 28 30 22 21 15 26 25 17 27
AVOIDER 1 7 2 4 3 9 8 5 23 6 20 18 19 14 16 10 12 13 11 30 24 28 29 22 21 15 26 25 17 27
AVOIDER 1 7 2 4 3 9 8 5 23 6 20 18 19 14 16 10 12 13 11 29 24 30 28 22 21 15 26 25 17 27
AVOIDER 1 7 2 4 3 9 8 5 23 6 20 18 19 14 16 10 12 13 11 28 29 24 30 22 21 15 26 25 17 27
AVOIDER 1 7 2 4 3 9 8 5 23 6 20 18 19 14 16 10 12 13 11 28 30 24 29 22 21 15 26 25 17 27
AVOIDER 1 7 2 4 3 9 8 5 23 6 20 18 19 14 16 10 12 13 11 29 28 24 30 22 21 15 26 25 17 27
AVOIDER 1 7 2 4 3 9 8 5 23 6 20 18 19 14 16 10 12 13 11 30 28 24 29 22 21 15 26 25 17 27
AVOIDER 1 7 2 4 3 9 8 5 23 6 20 18 19 14 16 10 12 13 11 29 30 24 28 22 21 15 26 25 17 27
AVOIDER 1 7 2 4 3 9 8 5 23 6 20 18 19 14 16 10 12 13 11 28 29 30 24 22 21 15 26 25 17 27
AVOIDER 1 7 2 4 3 9 8 5 23 6 20 18 19 14 16 10 12 13 11 28 30 29 24 22 21 15 26 25 17 27
AVOIDER 1 7 2 4 3 9 8 5 23 6 20 18 19 14 16 10 12 13 11 29 28 30 24 22 21 15 26 25 17 27
AVOIDER 1 7 2 4 3 9 8 5 23 6 20 18 19 14 16 10 12 13 11 30 28 29 24 22 21 15 26 25 17 27
AVOIDER 1 7 2 4 3 9 8 5 23 6 20 18 19 14 16 10 12 13 11 29 30 28 24 22 21 15 26 25 17 27
AVOIDER 1 7 2 4 3 9 8 5 19 6 20 23 18 14 16 10 12 13 11 24 30 22 28 29 21 15 26 25 17 27
AVOIDER 1 7 2 4 3 9 8 5 19 6 20 23 18 14 16 10 12 13 11 30 24 22 28 29 21 15 26 25 17 27
AVOIDER 1 7 2 4 3 9 8 5 19 6 20 23 18 14 16 10 12 13 11 24 28 30 22 29 21 15 26 25 17 27
AVOIDER 1 7 2 4 3 9 8 5 19 6 20 23 18 14 16 10 12 13 11 24 30 28 22 29 21 15 26 25 17 27
AVOIDER 1 7 2 4 3 9 8 5 19 6 20 23 18 14 16 10 12 13 11 24 29 30 22 28 21 15 26 25 17 27
AVOIDER 1 7 2 4 3 9 8 5 19 6 20 23 18 14 16 10 12 13 11 28 24 30 22 29 21 15 26 25 17 27
AVOIDER 1 7 2 4 3 9 8 5 19 6 20 23 18 14 16 10 12 13 11 30 24 28 22 29 21 15 26 25 17 27
AVOIDER 1 7 2 4 3 9 8 5 19 6 20 23 18 14 16 10 12 13 11 29 24 30 22 28 21 15 26 25 17 27
AVOIDER 1 7 2 4 3 9 8 5 19 6 20 23 18 14 16 10 12 13 11 28 30 24 22 29 21 15 26 25 17 27
AVOIDER 1 7 2 4 3 9 8 5 19 6 20 23 18 14 16 10 12 13 11 30 28 24 22 29 21 15 26 25 17 27
AVOIDER 1 7 2 4 3 9 8 5 19 6 20 23 18 14 16 10 12 13 11 29 30 24 22 28 21 15 26 25 17 27
AVOIDER 1 7 2 4 3 9 8 5 19 6 20 23 18 14 16 10 12 13 11 24 28 29 30 22 21 15 26 25 17 27
AVOIDER 1 7 2 4 3 9 8 5 19 6 20 23 18 14 16 10 12 13 11 24 28 30 29 22 21 15 26 25 17 27
AVOIDER 1 7 2 4 3 9 8 5 19 6 20 23 18 14 16 10 12 13 11 24 29 28 30 22 21 15 26 25 17 27
AVOIDER 1 7 2 4 3 9 8 5 19 6 20 23 18 14 16 10 12 13 11 24 30 28 29 22 21 15 26 25 17 27
AVOIDER 1 7 2 4 3 9 8 5 19 6 20 23 18 14 16 10 12 13 11 24 29 30 28 22 21 15 26 25 17 27
AVOIDER 1 7 2 4 3 9 8 5 19 6 20 23 18 14 16 10 12 13 11 28 24 29 30 22 21 15 26 25 17 27
AVOIDER 1 7 2 4 3 9 8 5 19 6 20 23 18 14 16 10 12 13 11 28 24 30 29 22 21 15 26 25 17 27
AVOIDER 1 7 2 4 3 9 8 5 19 6 20 23 18 14 16 10 12 13 11 29 24 28 30 22 21 15 26 25 17 27
AVOIDER 1 7 2 4 3 9 8 5 19 6 20 23 18 14 16 10 12 13 11 30 24 28 29 22 21 15 26 25 17 27
AVOIDER 1 7 2 4 3 9 8 5 19 6 20 23 18 14 16 10 12 13 11 29 24 30 28 22 21 15 26 25 17 27
AVOIDER 1 7 2 4 3 9 8 5 19 6 20 23 18 14 16 10 12 13 11 28 29 24 30 22 21 15 26 25 17 27
AVOIDER 1 7 2 4 3 9 8 5 19 6 20 23 18 14 16 10 12 13 11 28 30 24 29 22 21 15 26 25 17 27
AVOIDER 1 7 2 4 3 9 8 5 19 6 20 23 18 14 16 10 12 13 11 29 28 24 30 22 21 15 26 25 17 27
AVOIDER 1 7 2 4 3 9 8 5 19 6 20 23 18 14 16 10 12 13 11 30 28 24 29 22 21 15 26 25 17 27
AVOIDER 1 7 2 4 3 9 8 5 19 6 20 23 18 14 16 10 12 13 11 29 30 24 28 22 21 15 26 25 17 27
AVOIDER 1 7 2 4 3 9 8 5 19 6 20 23 18 14 16 10 12 13 11 28 29 30 24 22 21 15 26 25 17 27
AVOIDER 1 7 2 4 3 9 8 5 19 6 20 23 18 14 16 10 12 13 11 28 30 29 24 22 21 15 26 25 17 27
AVOIDER 1 7 2 4 3 9 8 5 19 6 20 23 18 14 16 10 12 13 11 29 28 30 24 22 21 15 26 25 17 27
AVOIDER 1 7 2 4 3 9 8 5 19 6 20 23 18 14 16 10 12 13 11 30 28 29 24 22 21 15 26 25 17 27
AVOIDER 1 7 2 4 3 9 8 5 19 6 20 23 18 14 16 10 12 13 11 29 30 28 24 22 21 15 26 25 17 27
AVOIDER 1 7 2 4 3 9 8 5 19 6 23 20 18 14 16 10 12 13 11 24 30 22 28 29 21 15 26 25 17 27
AVOIDER 1 7 2 4 3 9 8 5 19 6 23 20 18 14 16 10 12 13 11 30 24 22 28 29 21 15 26 25 17 27
AVOIDER 1 7 2 4 3 9 8 5 19 6 23 20 18 14 16 10 12 13 11 24 28 30 22 29 21 15 26 25 17 27
AVOIDER 1 7 2 4 3 9 8 5 19 6 23 20 18 14 16 10 12 13 11 24 30 28 22 29 21 15 26 25 17 27
AVOIDER 1 7 2 4 3 9 8 5 19 6 23 20 18 14 16 10 12 13 11 24 29 30 22 28 21 15 26 25 17 27
AVOIDER 1 7 2 4 3 9 8 5 19 6 23 20 18 14 16 10 12 13 11 28 24 30 22 29 21 15 26 25 17 27
AVOIDER 1 7 2 4 3 9 8 5 19 6 23 20 18 14 16 10 12 13 11 30 24 28 22 29 21 15 26 25 17 27
AVOIDER 1 7 2 4 3 9 8 5 19 6 23 20 18 14 16 10 12 13 11 29 24 30 22 28 21 15 26 25 17 27
AVOIDER 1 7 2 4 3 9 8 5 19 6 23 20 18 14 16 10 12 13 11 28 30 24 22 29 21 15 26 25 17 27
AVOIDER 1 7 2 4 3 9 8 5 19 6 23 20 18 14 16 10 12 13 11 30 28 24 22 29 21 15 26 25 17 27
AVOIDER 1 7 2 4 3 9 8 5 19 6 23 20 18 14 16 10 12 13 11 29 30 24 22 28 21 15 26 25 17 27
AVOIDER 1 7 2 4 3 9 8 5 19 6 23 20 18 14 16 10 12 13 11 24 28 29 30 22 21 15 26 25 17 27
AVOIDER 1 7 2 4 3 9 8 5 19 6 23 20 18 14 16 10 12 13 11 24 28 30 29 22 21 15 26 25 17 27
AVOIDER 1 7 2 4 3 9 8 5 19 6 23 20 18 14 16 10 12 13 11 24 29 28 30 22 21 15 26 25 17 27
AVOIDER 1 7 2 4 3 9 8 5 19 6 23 20 18 14 16 10 12 13 11 24 30 28 29 22 21 15 26 25 17 27
AVOIDER 1 7 2 4 3 9 8 5 19 6 23 20 18 14 16 10 12 13 11 24 29 30 28 22 21 15 26 25 17 27
AVOIDER 1 7 2 4 3 9 8 5 19 6 23 20 18 14 16 10 12 13 11 28 24 29 30 22 21 15 26 25 17 27
AVOIDER 1 7 2 4 3 9 8 5 19 6 23 20 18 14 16 10 12 13 11 28 24 30 29 22 21 15 26 25 17 27
AVOIDER 1 7 2 4 3 9 8 5 19 6 23 20 18 14 16 10 12 13 11 29 24 28 30 22 21 15 26 25 17 27
AVOIDER 1 7 2 4 3 9 8 5 19 6 23 20 18 14 16 10 12 13 11 30 24 28 29 22 21 15 26 25 17 27
AVOIDER 1 7 2 4 3 9 8 5 19 6 23 20 18 14 16 10 12 13 11 29 24 30 28 22 21 15 26 25 17 27
AVOIDER 1 7 2 4 3 9 8 5 19 6 23 20 18 14 16 10 12 13 11 28 29 24 30 22 21 15 26 25 17 27
AVOIDER 1 7 2 4 3 9 8 5 19 6 23 20 18 14 16 10 12 13 11 28 30 24 29 22 21 15 26 25 17 27
AVOIDER 1 7 2 4 3 9 8 5 19 6 23 20 18 14 16 10 12 13 11 29 28 24 30 22 21 15 26 25 17 27
AVOIDER 1 7 2 4 3 9 8 5 19 6 23 20 18 14 16 10 12 13 11 30 28 24 29 22 21 15 26 25 17 27
AVOIDER 1 7 2 4 3 9 8 5 19 6 23 20 18 14 16 10 12 13 11 29 30 24 28 22 21 15 26 25 17 27
AVOIDER 1 7 2 4 3 9 8 5 19 6 23 20 18 14 16 10 12 13 11 28 29 30 24 22 21 15 26 25 17 27
AVOIDER 1 7 2 4 3 9 8 5 19 6 23 20 18 14 16 10 12 13 11 28 30 29 24 22 21 15 26 25 17 27
AVOIDER 1 7 2 4 3 9 8 5 19 6 23 20 18 14 16 10 12 13 11 29 28 30 24 22 21 15 26 25 17 27
AVOIDER 1 7 2 4 3 9 8 5 19 6 23 20 18 14 16 10 12 13 11 30 28 29 24 22 21 15 26 25 17 27
AVOIDER 1 7 2 4 3 9 8 5 19 6 23 20 18 14 16 10 12 13 11 29 30 28 24 22 21 15 26 25 17 27
AVOIDER 1 7 2 4 3 9 8 5 23 6 19 20 18 14 16 10 12 13 11 24 30 22 28 29 21 15 26 25 17 27
AVOIDER 1 7 2 4 3 9 8 5 23 6 19 20 18 14 16 10 12 13 11 30 24 22 28 29 21 15 26 25 17 27
AVOIDER 1 7 2 4 3 9 8 5 23 6 19 20 18 14 16 10 12 13 11 24 28 30 22 29 21 15 26 25 17 27
AVOIDER 1 7 2 4 3 9 8 5 23 6 19 20 18 14 16 10 12 13 11 24 30 28 22 29 21 15 26 25 17 27
AVOIDER 1 7 2 4 3 9 8 5 23 6 19 20 18 14 16 10 12 13 11 24 29 30 22 28 21 15 26 25 17 27
AVOIDER 1 7 2 4 3 9 8 5 23 6 19 20 18 14 16 10 12 13 11 28 24 30 22 29 21 15 26 25 17 27
AVOIDER 1 7 2 4 3 9 8 5 23 6 19 20 18 14 16 10 12 13 11 30 24 28 22 29 21 15 26 25 17 27
AVOIDER 1 7 2 4 3 9 8 5 23 6 19 20 18 14 16 10 12 13 11 29 24 30 22 28 21 15 26 25 17 27
AVOIDER 1 7 2 4 3 9 8 5 23 6 19 20 18 14 16 10 12 13 11 28 30 24 22 29 21 15 26 25 17 27
AVOIDER 1 7 2 4 3 9 8 5 23 6 19 20 18 14 16 10 12 13 11 30 28 24 22 29 21 15 26 25 17 27
AVOIDER 1 7 2 4 3 9 8 5 23 6 19 20 18 14 16 10 12 13 11 29 30 24 22 28 21 15 26 25 17 27
AVOIDER 1 7 2 4 3 9 8 5 23 6 19 20 18 14 16 10 12 13 11 24 28 29 30 22 21 15 26 25 17 27
AVOIDER 1 7 2 4 3 9 8 5 23 6 19 20 18 14 16 10 12 13 11 24 28 30 29 22 21 15 26 25 17 27
AVOIDER 1 7 2 4 3 9 8 5 23 6 19 20 18 14 16 10 12 13 11 24 29 28 30 22 21 15 26 25 17 27
AVOIDER 1 7 2 4 3 9 8 5 23 6 19 20 18 14 16 10 12 13 11 24 30 28 29 22 21 15 26 25 17 27
AVOIDER 1 7 2 4 3 9 8 5 23 6 19 20 18 14 16 10 12 13 11 24 29 30 28 22 21 15 26 25 17 27
AVOIDER 1 7 2 4 3 9 8 5 23 6 19 20 18 14 16 10 12 13 11 28 24 29 30 22 21 15 26 25 17 27
AVOIDER 1 7 2 4 3 9 8 5 23 6 19 20 18 14 16 10 12 13 11 28 24 30 29 22 21 15 26 25 17 27
AVOIDER 1 7 2 4 3 9 8 5 23 6 19 20 18 14 16 10 12 13 11 29 24 28 30 22 21 15 26 25 17 27
AVOIDER 1 7 2 4 3 9 8 5 23 6 19 20 18 14 16 10 12 13 11 30 24 28 29 22 21 15 26 25 17 27
AVOIDER 1 7 2 4 3 9 8 5 23 6 19 20 18 14 16 10 12 13 11 29 24 30 28 22 21 15 26 25 17 27
AVOIDER 1 7 2 4 3 9 8 5 23 6 19 20 18 14 16 10 12 13 11 28 29 24 30 22 21 15 26 25 17 27
AVOIDER 1 7 2 4 3 9 8 5 23 6 19 20 18 14 16 10 12 13 11 28 30 24 29 22 21 15 26 25 17 27
AVOIDER 1 7 2 4 3 9 8 5 23 6 19 20 18 14 16 10 12 13 11 29 28 24 30 22 21 15 26 25 17 27
AVOIDER 1 7 2 4 3 9 8 5 23 6 19 20 18 14 16 10 12 13 11 30 28 24 29 22 21 15 26 25 17 27
AVOIDER 1 7 2 4 3 9 8 5 23 6 19 20 18 14 16 10 12 13 11 29 30 24 28 22 21 15 26 25 17 27
AVOIDER 1 7 2 4 3 9 8 5 23 6 19 20 18 14 16 10 12 13 11 28 29 30 24 22 21 15 26 25 17 27
AVOIDER 1 7 2 4 3 9 8 5 23 6 19 20 18 14 16 10 12 13 11 28 30 29 24 22 21 15 26 25 17 27
AVOIDER 1 7 2 4 3 9 8 5 23 6 19 20 18 14 16 10 12 13 11 29 28 30 24 22 21 15 26 25 17 27
AVOIDER 1 7 2 4 3 9 8 5 23 6 19 20 18 14 16 10 12 13 11 30 28 29 24 22 21 15 26 25 17 27
AVOIDER 1 7 2 4 3 9 8 5 23 6 19 20 18 14 16 10 12 13 11 29 30 28 24 22 21 15 26 25 17 27
AVOIDER 1 7 2 4 3 9 8 5 19 6 23 16 20 18 14 10 12 13 11 28 24 30 22 29 21 15 26 25 17 27
AVOIDER 1 7 2 4 3 9 8 5 19 6 23 16 20 18 14 10 12 13 11 28 30 24 22 29 21 15 26 25 17 27
AVOIDER 1 7 2 4 3 9 8 5 19 6 23 16 20 18 14 10 12 13 11 30 28 24 22 29 21 15 26 25 17 27
AVOIDER 1 7 2 4 3 9 8 5 19 6 23 16 20 18 14 10 12 13 11 28 24 29 30 22 21 15 26 25 17 27
AVOIDER 1 7 2 4 3 9 8 5 19 6 23 16 20 18 14 10 12 13 11 28 24 30 29 22 21 15 26 25 17 27
AVOIDER 1 7 2 4 3 9 8 5 19 6 23 16 20 18 14 10 12 13 11 28 29 24 30 22 21 15 26 25 17 27
AVOIDER 1 7 2 4 3 9 8 5 19 6 23 16 20 18 14 10 12 13 11 28 30 24 29 22 21 15 26 25 17 27
AVOIDER 1 7 2 4 3 9 8 5 19 6 23 16 20 18 14 10 12 13 11 29 28 24 30 22 21 15 26 25 17 27
AVOIDER 1 7 2 4 3 9 8 5 19 6 23 16 20 18 14 10 12 13 11 30 28 24 29 22 21 15 26 25 17 27
AVOIDER 1 7 2 4 3 9 8 5 19 6 23 16 20 18 14 10 12 13 11 28 29 30 24 22 21 15 26 25 17 27
AVOIDER 1 7 2 4 3 9 8 5 19 6 23 16 20 18 14 10 12 13 11 28 30 29 24 22 21 15 26 25 17 27
AVOIDER 1 7 2 4 3 9 8 5 19 6 23 16 20 18 14 10 12 13 11 29 28 30 24 22 21 15 26 25 17 27
AVOIDER 1 7 2 4 3 9 8 5 19 6 23 16 20 18 14 10 12 13 11 30 28 29 24 22 21 15 26 25 17 27
AVOIDER 1 7 2 4 3 9 8 5 19 6 23 16 20 18 14 10 12 13 11 29 30 28 24 22 21 15 26 25 17 27
AVOIDER 1 7 2 4 3 9 8 5 23 6 19 16 20 18 14 10 12 13 11 28 24 30 22 29 21 15 26 25 17 27
AVOIDER 1 7 2 4 3 9 8 5 23 6 19 16 20 18 14 10 12 13 11 28 30 24 22 29 21 15 26 25 17 27
AVOIDER 1 7 2 4 3 9 8 5 23 6 19 16 20 18 14 10 12 13 11 30 28 24 22 29 21 15 26 25 17 27
AVOIDER 1 7 2 4 3 9 8 5 23 6 19 16 20 18 14 10 12 13 11 28 24 29 30 22 21 15 26 25 17 27
AVOIDER 1 7 2 4 3 9 8 5 23 6 19 16 20 18 14 10 12 13 11 28 24 30 29 22 21 15 26 25 17 27
AVOIDER 1 7 2 4 3 9 8 5 23 6 19 16 20 18 14 10 12 13 11 28 29 24 30 22 21 15 26 25 17 27
AVOIDER 1 7 2 4 3 9 8 5 23 6 19 16 20 18 14 10 12 13 11 28 30 24 29 22 21 15 26 25 17 27
AVOIDER 1 7 2 4 3 9 8 5 23 6 19 16 20 18 14 10 12 13 11 29 28 24 30 22 21 15 26 25 17 27
AVOIDER 1 7 2 4 3 9 8 5 23 6 19 16 20 18 14 10 12 13 11 30 28 24 29 22 21 15 26 25 17 27
AVOIDER 1 7 2 4 3 9 8 5 23 6 19 16 20 18 14 10 12 13 11 28 29 30 24 22 21 15 26 25 17 27
AVOIDER 1 7 2 4 3 9 8 5 23 6 19 16 20 18 14 10 12 13 11 28 30 29 24 22 21 15 26 25 17 27
AVOIDER 1 7 2 4 3 9 8 5 23 6 19 16 20 18 14 10 12 13 11 29 28 30 24 22 21 15 26 25 17 27
AVOIDER 1 7 2 4 3 9 8 5 23 6 19 16 20 18 14 10 12 13 11 30 28 29 24 22 21 15 26 25 17 27
AVOIDER 1 7 2 4 3 9 8 5 23 6 19 16 20 18 14 10 12 13 11 29 30 28 24 22 21 15 26 25 17 27
AVOIDER 1 7 2 4 3 9 8 5 19 6 20 23 16 18 14 10 12 13 11 24 30 22 28 29 21 15 26 25 17 27
AVOIDER 1 7 2 4 3 9 8 5 19 6 20 23 16 18 14 10 12 13 11 30 24 22 28 29 21 15 26 25 17 27
AVOIDER 1 7 2 4 3 9 8 5 19 6 20 23 16 18 14 10 12 13 11 24 28 30 22 29 21 15 26 25 17 27
AVOIDER 1 7 2 4 3 9 8 5 19 6 20 23 16 18 14 10 12 13 11 24 30 28 22 29 21 15 26 25 17 27
AVOIDER 1 7 2 4 3 9 8 5 19 6 20 23 16 18 14 10 12 13 11 24 29 30 22 28 21 15 26 25 17 27
AVOIDER 1 7 2 4 3 9 8 5 19 6 20 23 16 18 14 10 12 13 11 28 24 30 22 29 21 15 26 25 17 27
AVOIDER 1 7 2 4 3 9 8 5 19 6 20 23 16 18 14 10 12 13 11 30 24 28 22 29 21 15 26 25 17 27
AVOIDER 1 7 2 4 3 9 8 5 19 6 20 23 16 18 14 10 12 13 11 29 24 30 22 28 21 15 26 25 17 27
AVOIDER 1 7 2 4 3 9 8 5 19 6 20 23 16 18 14 10 12 13 11 28 30 24 22 29 21 15 26 25 17 27
AVOIDER 1 7 2 4 3 9 8 5 19 6 20 23 16 18 14 10 12 13 11 30 28 24 22 29 21 15 26 25 17 27
AVOIDER 1 7 2 4 3 9 8 5 19 6 20 23 16 18 14 10 12 13 11 29 30 24 22 28 21 15 26 25 17 27
AVOIDER 1 7 2 4 3 9 8 5 19 6 20 23 16 18 14 10 12 13 11 24 28 29 30 22 21 15 26 25 17 27
AVOIDER 1 7 2 4 3 9 8 5 19 6 20 23 16 18 14 10 12 13 11 24 28 30 29 22 21 15 26 25 17 27
AVOIDER 1 7 2 4 3 9 8 5 19 6 20 23 16 18 14 10 12 13 11 24 29 28 30 22 21 15 26 25 17 27
AVOIDER 1 7 2 4 3 9 8 5 19 6 20 23 16 18 14 10 12 13 11 24 30 28 29 22 21 15 26 25 17 27
AVOIDER 1 7 2 4 3 9 8 5 19 6 20 23 16 18 14 10 12 13 11 24 29 30 28 22 21 15 26 25 17 27
AVOIDER 1 7 2 4 3 9 8 5 19 6 20 23 16 18 14 10 12 13 11 28 24 29 30 22 21 15 26 25 17 27
AVOIDER 1 7 2 4 3 9 8 5 19 6 20 23 16 18 14 10 12 13 11 28 24 30 29 22 21 15 26 25 17 27
AVOIDER 1 7 2 4 3 9 8 5 19 6 20 23 16 18 14 10 12 13 11 29 24 28 30 22 21 15 26 25 17 27
AVOIDER 1 7 2 4 3 9 8 5 19 6 20 23 16 18 14 10 12 13 11 30 24 28 29 22 21 15 26 25 17 27
AVOIDER 1 7 2 4 3 9 8 5 19 6 20 23 16 18 14 10 12 13 11 29 24 30 28 22 21 15 26 25 17 27
AVOIDER 1 7 2 4 3 9 8 5 19 6 20 23 16 18 14 10 12 13 11 28 29 24 30 22 21 15 26 25 17 27
AVOIDER 1 7 2 4 3 9 8 5 19 6 20 23 16 18 14 10 12 13 11 28 30 24 29 22 21 15 26 25 17 27
AVOIDER 1 7 2 4 3 9 8 5 19 6 20 23 16 18 14 10 12 13 11 29 28 24 30 22 21 15 26 25 17 27
AVOIDER 1 7 2 4 3 9 8 5 19 6 20 23 16 18 14 10 12 13 11 30 28 24 29 22 21 15 26 25 17 27
AVOIDER 1 7 2 4 3 9 8 5 19 6 20 23 16 18 14 10 12 13 11 29 30 24 28 22 21 15 26 25 17 27
AVOIDER 1 7 2 4 3 9 8 5 19 6 20 23 16 18 14 10 12 13 11 28 29 30 24 22 21 15 26 25 17 27
AVOIDER 1 7 2 4 3 9 8 5 19 6 20 23 16 18 14 10 12 13 11 28 30 29 24 22 21 15 26 25 17 27
AVOIDER 1 7 2 4 3 9 8 5 19 6 20 23 16 18 14 10 12 13 11 29 28 30 24 22 21 15 26 25 17 27
AVOIDER 1 7 2 4 3 9 8 5 19 6 20 23 16 18 14 10 12 13 11 30 28 29 24 22 21 15 26 25 17 27
AVOIDER 1 7 2 4 3 9 8 5 19 6 20 23 16 18 14 10 12 13 11 29 30 28 24 22 21 15 26 25 17 27
AVOIDER 1 7 2 4 3 9 8 5 19 6 23 20 16 18 14 10 12 13 11 24 30 22 28 29 21 15 26 25 17 27
AVOIDER 1 7 2 4 3 9 8 5 19 6 23 20 16 18 14 10 12 13 11 30 24 22 28 29 21 15 26 25 17 27
AVOIDER 1 7 2 4 3 9 8 5 19 6 23 20 16 18 14 10 12 13 11 24 28 30 22 29 21 15 26 25 17 27
AVOIDER 1 7 2 4 3 9 8 5 19 6 23 20 16 18 14 10 12 13 11 24 30 28 22 29 21 15 26 25 17 27
AVOIDER 1 7 2 4 3 9 8 5 19 6 23 20 16 18 14 10 12 13 11 24 29 30 22 28 21 15 26 25 17 27
AVOIDER 1 7 2 4 3 9 8 5 19 6 23 20 16 18 14 10 12 13 11 28 24 30 22 29 21 15 26 25 17 27
AVOIDER 1 7 2 4 3 9 8 5 19 6 23 20 16 18 14 10 12 13 11 30 24 28 22 29 21 15 26 25 17 27
AVOIDER 1 7 2 4 3 9 8 5 19 6 23 20 16 18 14 10 12 13 11 29 24 30 22 28 21 15 26 25 17 27
AVOIDER 1 7 2 4 3 9 8 5 19 6 23 20 16 18 14 10 12 13 11 28 30 24 22 29 21 15 26 25 17 27
AVOIDER 1 7 2 4 3 9 8 5 19 6 23 20 16 18 14 10 12 13 11 30 28 24 22 29 21 15 26 25 17 27
AVOIDER 1 7 2 4 3 9 8 5 19 6 23 20 16 18 14 10 12 13 11 29 30 24 22 28 21 15 26 25 17 27
AVOIDER 1 7 2 4 3 9 8 5 19 6 23 20 16 18 14 10 12 13 11 24 28 29 30 22 21 15 26 25 17 27
AVOIDER 1 7 2 4 3 9 8 5 19 6 23 20 16 18 14 10 12 13 11 24 28 30 29 22 21 15 26 25 17 27
AVOIDER 1 7 2 4 3 9 8 5 19 6 23 20 16 18 14 10 12 13 11 24 29 28 30 22 21 15 26 25 17 27
AVOIDER 1 7 2 4 3 9 8 5 19 6 23 20 16 18 14 10 12 13 11 24 30 28 29 22 21 15 26 25 17 27
AVOIDER 1 7 2 4 3 9 8 5 19 6 23 20 16 18 14 10 12 13 11 24 29 30 28 22 21 15 26 25 17 27
AVOIDER 1 7 2 4 3 9 8 5 19 6 23 20 16 18 14 10 12 13 11 28 24 29 30 22 21 15 26 25 17 27
AVOIDER 1 7 2 4 3 9 8 5 19 6 23 20 16 18 14 10 12 13 11 28 24 30 29 22 21 15 26 25 17 27
AVOIDER 1 7 2 4 3 9 8 5 19 6 23 20 16 18 14 10 12 13 11 29 24 28 30 22 21 15 26 25 17 27
AVOIDER 1 7 2 4 3 9 8 5 19 6 23 20 16 18 14 10 12 13 11 30 24 28 29 22 21 15 26 25 17 27
AVOIDER 1 7 2 4 3 9 8 5 19 6 23 20 16 18 14 10 12 13 11 29 24 30 28 22 21 15 26 25 17 27
AVOIDER 1 7 2 4 3 9 8 5 19 6 23 20 16 18 14 10 12 13 11 28 29 24 30 22 21 15 26 25 17 27
AVOIDER 1 7 2 4 3 9 8 5 19 6 23 20 16 18 14 10 12 13 11 28 30 24 29 22 21 15 26 25 17 27
AVOIDER 1 7 2 4 3 9 8 5 19 6 23 20 16 18 14 10 12 13 11 29 28 24 30 22 21 15 26 25 17 27
AVOIDER 1 7 2 4 3 9 8 5 19 6 23 20 16 18 14 10 12 13 11 30 28 24 29 22 21 15 26 25 17 27
AVOIDER 1 7 2 4 3 9 8 5 19 6 23 20 16 18 14 10 12 13 11 29 30 24 28 22 21 15 26 25 17 27
AVOIDER 1 7 2 4 3 9 8 5 19 6 23 20 16 18 14 10 12 13 11 28 29 30 24 22 21 15 26 25 17 27
AVOIDER 1 7 2 4 3 9 8 5 19 6 23 20 16 18 14 10 12 13 11 28 30 29 24 22 21 15 26 25 17 27
AVOIDER 1 7 2 4 3 9 8 5 19 6 23 20 16 18 14 10 12 13 11 29 28 30 24 22 21 15 26 25 17 27
AVOIDER 1 7 2 4 3 9 8 5 19 6 23 20 16 18 14 10 12 13 11 30 28 29 24 22 21 15 26 25 17 27
AVOIDER 1 7 2 4 3 9 8 5 19 6 23 20 16 18 14 10 12 13 11 29 30 28 24 22 21 15 26 25 17 27
AVOIDER 1 7 2 4 3 9 8 5 23 6 19 20 16 18 14 10 12 13 11 24 30 22 28 29 21 15 26 25 17 27
AVOIDER 1 7 2 4 3 9 8 5 23 6 19 20 16 18 14 10 12 13 11 30 24 22 28 29 21 15 26 25 17 27
AVOIDER 1 7 2 4 3 9 8 5 23 6 19 20 16 18 14 10 12 13 11 24 28 30 22 29 21 15 26 25 17 27
AVOIDER 1 7 2 4 3 9 8 5 23 6 19 20 16 18 14 10 12 13 11 24 30 28 22 29 21 15 26 25 17 27
AVOIDER 1 7 2 4 3 9 8 5 23 6 19 20 16 18 14 10 12 13 11 24 29 30 22 28 21 15 26 25 17 27
AVOIDER 1 7 2 4 3 9 8 5 23 6 19 20 16 18 14 10 12 13 11 28 24 30 22 29 21 15 26 25 17 27
AVOIDER 1 7 2 4 3 9 8 5 23 6 19 20 16 18 14 10 12 13 11 30 24 28 22 29 21 15 26 25 17 27
AVOIDER 1 7 2 4 3 9 8 5 23 6 19 20 16 18 14 10 12 13 11 29 24 30 22 28 21 15 26 25 17 27
AVOIDER 1 7 2 4 3 9 8 5 23 6 19 20 16 18 14 10 12 13 11 28 30 24 22 29 21 15 26 25 17 27
AVOIDER 1 7 2 4 3 9 8 5 23 6 19 20 16 18 14 10 12 13 11 30 28 24 22 29 21 15 26 25 17 27
AVOIDER 1 7 2 4 3 9 8 5 23 6 19 20 16 18 14 10 12 13 11 29 30 24 22 28 21 15 26 25 17 27
AVOIDER 1 7 2 4 3 9 8 5 23 6 19 20 16 18 14 10 12 13 11 24 28 29 30 22 21 15 26 25 17 27
AVOIDER 1 7 2 4 3 9 8 5 23 6 19 20 16 18 14 10 12 13 11 24 28 30 29 22 21 15 26 25 17 27
AVOIDER 1 7 2 4 3 9 8 5 23 6 19 20 16 18 14 10 12 13 11 24 29 28 30 22 21 15 26 25 17 27
AVOIDER 1 7 2 4 3 9 8 5 23 6 19 20 16 18 14 10 12 13 11 24 30 28 29 22 21 15 26 25 17 27
AVOIDER 1 7 2 4 3 9 8 5 23 6 19 20 16 18 14 10 12 13 11 24 29 30 28 22 21 15 26 25 17 27
AVOIDER 1 7 2 4 3 9 8 5 23 6 19 20 16 18 14 10 12 13 11 28 24 29 30 22 21 15 26 25 17 27
AVOIDER 1 7 2 4 3 9 8 5 23 6 19 20 16 18 14 10 12 13 11 28 24 30 29 22 21 15 26 25 17 27
AVOIDER 1 7 2 4 3 9 8 5 23 6 19 20 16 18 14 10 12 13 11 29 24 28 30 22 21 15 26 25 17 27
AVOIDER 1 7 2 4 3 9 8 5 23 6 19 20 16 18 14 10 12 13 11 30 24 28 29 22 21 15 26 25 17 27
AVOIDER 1 7 2 4 3 9 8 5 23 6 19 20 16 18 14 10 12 13 11 29 24 30 28 22 21 15 26 25 17 27
AVOIDER 1 7 2 4 3 9 8 5 23 6 19 20 16 18 14 10 12 13 11 28 29 24 30 22 21 15 26 25 17 27
AVOIDER 1 7 2 4 3 9 8 5 23 6 19 20 16 18 14 10 12 13 11 28 30 24 29 22 21 15 26 25 17 27
AVOIDER 1 7 2 4 3 9 8 5 23 6 19 20 16 18 14 10 12 13 11 29 28 24 30 22 21 15 26 25 17 27
AVOIDER 1 7 2 4 3 9 8 5 23 6 19 20 16 18 14 10 12 13 11 30 28 24 29 22 21 15 26 25 17 27
AVOIDER 1 7 2 4 3 9 8 5 23 6 19 20 16 18 14 10 12 13 11 29 30 24 28 22 21 15 26 25 17 27
AVOIDER 1 7 2 4 3 9 8 5 23 6 19 20 16 18 14 10 12 13 11 28 29 30 24 22 21 15 26 25 17 27
AVOIDER 1 7 2 4 3 9 8 5 23 6 19 20 16 18 14 10 12 13 11 28 30 29 24 22 21 15 26 25 17 27
AVOIDER 1 7 2 4 3 9 8 5 23 6 19 20 16 18 14 10 12 13 11 29 28 30 24 22 21 15 26 25 17 27
AVOIDER 1 7 2 4 3 9 8 5 23 6 19 20 16 18 14 10 12 13 11 30 28 29 24 22 21 15 26 25 17 27
AVOIDER 1 7 2 4 3 9 8 5 23 6 19 20 16 18 14 10 12 13 11 29 30 28 24 22 21 15 26 25 17 27
AVOIDER 1 7 2 4 3 9 8 5 19 6 23 16 20 18 12 14 10 13 11 28 24 30 22 29 21 15 26 25 17 27
AVOIDER 1 7 2 4 3 9 8 5 19 6 23 16 20 18 12 14 10 13 11 28 30 24 22 29 21 15 26 25 17 27
AVOIDER 1 7 2 4 3 9 8 5 19 6 23 16 20 18 12 14 10 13 11 30 28 24 22 29 21 15 26 25 17 27
AVOIDER 1 7 2 4 3 9 8 5 19 6 23 16 20 18 12 14 10 13 11 28 24 29 30 22 21 15 26 25 17 27
AVOIDER 1 7 2 4 3 9 8 5 19 6 23 16 20 18 12 14 10 13 11 28 24 30 29 22 21 15 26 25 17 27
AVOIDER 1 7 2 4 3 9 8 5 19 6 23 16 20 18 12 14 10 13 11 28 29 24 30 22 21 15 26 25 17 27
AVOIDER 1 7 2 4 3 9 8 5 19 6 23 16 20 18 12 14 10 13 11 28 30 24 29 22 21 15 26 25 17 27
AVOIDER 1 7 2 4 3 9 8 5 19 6 23 16 20 18 12 14 10 13 11 29 28 24 30 22 21 15 26 25 17 27
AVOIDER 1 7 2 4 3 9 8 5 19 6 23 16 20 18 12 14 10 13 11 30 28 24 29 22 21 15 26 25 17 27
AVOIDER 1 7 2 4 3 9 8 5 19 6 23 16 20 18 12 14 10 13 11 28 29 30 24 22 21 15 26 25 17 27
AVOIDER 1 7 2 4 3 9 8 5 19 6 23 16 20 18 12 14 10 13 11 28 30 29 24 22 21 15 26 25 17 27
AVOIDER 1 7 2 4 3 9 8 5 19 6 23 16 20 18 12 14 10 13 11 29 28 30 24 22 21 15 26 25 17 27
AVOIDER 1 7 2 4 3 9 8 5 19 6 23 16 20 18 12 14 10 13 11 30 28 29 24 22 21 15 26 25 17 27
AVOIDER 1 7 2 4 3 9 8 5 19 6 23 16 20 18 12 14 10 13 11 29 30 28 24 22 21 15 26 25 17 27
AVOIDER 1 7 2 4 3 9 8 5 23 6 19 16 20 18 12 14 10 13 11 28 24 30 22 29 21 15 26 25 17 27
AVOIDER 1 7 2 4 3 9 8 5 23 6 19 16 20 18 12 14 10 13 11 28 30 24 22 29 21 15 26 25 17 27
AVOIDER 1 7 2 4 3 9 8 5 23 6 19 16 20 18 12 14 10 13 11 30 28 24 22 29 21 15 26 25 17 27
AVOIDER 1 7 2 4 3 9 8 5 23 6 19 16 20 18 12 14 10 13 11 28 24 29 30 22 21 15 26 25 17 27
AVOIDER 1 7 2 4 3 9 8 5 23 6 19 16 20 18 12 14 10 13 11 28 24 30 29 22 21 15 26 25 17 27
AVOIDER 1 7 2 4 3 9 8 5 23 6 19 16 20 18 12 14 10 13 11 28 29 24 30 22 21 15 26 25 17 27
AVOIDER 1 7 2 4 3 9 8 5 23 6 19 16 20 18 12 14 10 13 11 28 30 24 29 22 21 15 26 25 17 27
AVOIDER 1 7 2 4 3 9 8 5 23 6 19 16 20 18 12 14 10 13 11 29 28 24 30 22 21 15 26 25 17 27
AVOIDER 1 7 2 4 3 9 8 5 23 6 19 16 20 18 12 14 10 13 11 30 28 24 29 22 21 15 26 25 17 27
AVOIDER 1 7 2 4 3 9 8 5 23 6 19 16 20 18 12 14 10 13 11 28 29 30 24 22 21 15 26 25 17 27
AVOIDER 1 7 2 4 3 9 8 5 23 6 19 16 20 18 12 14 10 13 11 28 30 29 24 22 21 15 26 25 17 27
AVOIDER 1 7 2 4 3 9 8 5 23 6 19 16 20 18 12 14 10 13 11 29 28 30 24 22 21 15 26 25 17 27
AVOIDER 1 7 2 4 3 9 8 5 23 6 19 16 20 18 12 14 10 13 11 30 28 29 24 22 21 15 26 25 17 27
AVOIDER 1 7 2 4 3 9 8 5 23 6 19 16 20 18 12 14 10 13 11 29 30 28 24 22 21 15 26 25 17 27
AVOIDER 1 7 2 4 3 9 8 5 19 6 18 23 16 20 12 14 10 13 11 28 24 30 22 29 21 15 26 25 17 27
AVOIDER 1 7 2 4 3 9 8 5 19 6 18 23 16 20 12 14 10 13 11 28 30 24 22 29 21 15 26 25 17 27
AVOIDER 1 7 2 4 3 9 8 5 19 6 18 23 16 20 12 14 10 13 11 30 28 24 22 29 21 15 26 25 17 27
AVOIDER 1 7 2 4 3 9 8 5 19 6 18 23 16 20 12 14 10 13 11 28 24 29 30 22 21 15 26 25 17 27
AVOIDER 1 7 2 4 3 9 8 5 19 6 18 23 16 20 12 14 10 13 11 28 24 30 29 22 21 15 26 25 17 27
AVOIDER 1 7 2 4 3 9 8 5 19 6 18 23 16 20 12 14 10 13 11 28 29 24 30 22 21 15 26 25 17 27
AVOIDER 1 7 2 4 3 9 8 5 19 6 18 23 16 20 12 14 10 13 11 28 30 24 29 22 21 15 26 25 17 27
AVOIDER 1 7 2 4 3 9 8 5 19 6 18 23 16 20 12 14 10 13 11 29 28 24 30 22 21 15 26 25 17 27
AVOIDER 1 7 2 4 3 9 8 5 19 6 18 23 16 20 12 14 10 13 11 30 28 24 29 22 21 15 26 25 17 27
AVOIDER 1 7 2 4 3 9 8 5 19 6 18 23 16 20 12 14 10 13 11 28 29 30 24 22 21 15 26 25 17 27
AVOIDER 1 7 2 4 3 9 8 5 19 6 18 23 16 20 12 14 10 13 11 28 30 29 24 22 21 15 26 25 17 27
AVOIDER 1 7 2 4 3 9 8 5 19 6 18 23 16 20 12 14 10 13 11 29 28 30 24 22 21 15 26 25 17 27
AVOIDER 1 7 2 4 3 9 8 5 19 6 18 23 16 20 12 14 10 13 11 30 28 29 24 22 21 15 26 25 17 27
AVOIDER 1 7 2 4 3 9 8 5 19 6 18 23 16 20 12 14 10 13 11 29 30 28 24 22 21 15 26 25 17 27
AVOIDER 1 7 2 4 3 9 8 5 19 6 23 18 16 20 12 14 10 13 11 28 24 30 22 29 21 15 26 25 17 27
AVOIDER 1 7 2 4 3 9 8 5 19 6 23 18 16 20 12 14 10 13 11 28 30 24 22 29 21 15 26 25 17 27
AVOIDER 1 7 2 4 3 9 8 5 19 6 23 18 16 20 12 14 10 13 11 30 28 24 22 29 21 15 26 25 17 27
AVOIDER 1 7 2 4 3 9 8 5 19 6 23 18 16 20 12 14 10 13 11 28 24 29 30 22 21 15 26 25 17 27
AVOIDER 1 7 2 4 3 9 8 5 19 6 23 18 16 20 12 14 10 13 11 28 24 30 29 22 21 15 26 25 17 27
AVOIDER 1 7 2 4 3 9 8 5 19 6 23 18 16 20 12 14 10 13 11 28 29 24 30 22 21 15 26 25 17 27
AVOIDER 1 7 2 4 3 9 8 5 19 6 23 18 16 20 12 14 10 13 11 28 30 24 29 22 21 15 26 25 17 27
AVOIDER 1 7 2 4 3 9 8 5 19 6 23 18 16 20 12 14 10 13 11 29 28 24 30 22 21 15 26 25 17 27
AVOIDER 1 7 2 4 3 9 8 5 19 6 23 18 16 20 12 14 10 13 11 30 28 24 29 22 21 15 26 25 17 27
AVOIDER 1 7 2 4 3 9 8 5 19 6 23 18 16 20 12 14 10 13 11 28 29 30 24 22 21 15 26 25 17 27
AVOIDER 1 7 2 4 3 9 8 5 19 6 23 18 16 20 12 14 10 13 11 28 30 29 24 22 21 15 26 25 17 27
AVOIDER 1 7 2 4 3 9 8 5 19 6 23 18 16 20 12 14 10 13 11 29 28 30 24 22 21 15 26 25 17 27
AVOIDER 1 7 2 4 3 9 8 5 19 6 23 18 16 20 12 14 10 13 11 30 28 29 24 22 21 15 26 25 17 27
AVOIDER 1 7 2 4 3 9 8 5 19 6 23 18 16 20 12 14 10 13 11 29 30 28 24 22 21 15 26 25 17 27
AVOIDER 1 7 2 4 3 9 8 5 23 6 19 18 16 20 12 14 10 13 11 28 24 30 22 29 21 15 26 25 17 27
AVOIDER 1 7 2 4 3 9 8 5 23 6 19 18 16 20 12 14 10 13 11 28 30 24 22 29 21 15 26 25 17 27
AVOIDER 1 7 2 4 3 9 8 5 23 6 19 18 16 20 12 14 10 13 11 30 28 24 22 29 21 15 26 25 17 27
AVOIDER 1 7 2 4 3 9 8 5 23 6 19 18 16 20 12 14 10 13 11 28 24 29 30 22 21 15 26 25 17 27
AVOIDER 1 7 2 4 3 9 8 5 23 6 19 18 16 20 12 14 10 13 11 28 24 30 29 22 21 15 26 25 17 27
AVOIDER 1 7 2 4 3 9 8 5 23 6 19 18 16 20 12 14 10 13 11 28 29 24 30 22 21 15 26 25 17 27
AVOIDER 1 7 2 4 3 9 8 5 23 6 19 18 16 20 12 14 10 13 11 28 30 24 29 22 21 15 26 25 17 27
AVOIDER 1 7 2 4 3 9 8 5 23 6 19 18 16 20 12 14 10 13 11 29 28 24 30 22 21 15 26 25 17 27
AVOIDER 1 7 2 4 3 9 8 5 23 6 19 18 16 20 12 14 10 13 11 30 28 24 29 22 21 15 26 25 17 27
AVOIDER 1 7 2 4 3 9 8 5 23 6 19 18 16 20 12 14 10 13 11 28 29 30 24 22 21 15 26 25 17 27
AVOIDER 1 7 2 4 3 9 8 5 23 6 19 18 16 20 12 14 10 13 11 28 30 29 24 22 21 15 26 25 17 27
AVOIDER 1 7 2 4 3 9 8 5 23 6 19 18 16 20 12 14 10 13 11 29 28 30 24 22 21 15 26 25 17 27
AVOIDER 1 7 2 4 3 9 8 5 23 6 19 18 16 20 12 14 10 13 11 30 28 29 24 22 21 15 26 25 17 27
AVOIDER 1 7 2 4 3 9 8 5 23 6 19 18 16 20 12 14 10 13 11 29 30 28 24 22 21 15 26 25 17 27
AVOIDER 1 7 2 4 3 9 8 5 19 6 20 23 16 18 12 14 10 13 11 24 30 22 28 29 21 15 26 25 17 27
AVOIDER 1 7 2 4 3 9 8 5 19 6 20 23 16 18 12 14 10 13 11 30 24 22 28 29 21 15 26 25 17 27
AVOIDER 1 7 2 4 3 9 8 5 19 6 20 23 16 18 12 14 10 13 11 24 28 30 22 29 21 15 26 25 17 27
AVOIDER 1 7 2 4 3 9 8 5 19 6 20 23 16 18 12 14 10 13 11 24 30 28 22 29 21 15 26 25 17 27
AVOIDER 1 7 2 4 3 9 8 5 19 6 20 23 16 18 12 14 10 13 11 24 29 30 22 28 21 15 26 25 17 27
AVOIDER 1 7 2 4 3 9 8 5 19 6 20 23 16 18 12 14 10 13 11 28 24 30 22 29 21 15 26 25 17 27
AVOIDER 1 7 2 4 3 9 8 5 19 6 20 23 16 18 12 14 10 13 11 30 24 28 22 29 21 15 26 25 17 27
AVOIDER 1 7 2 4 3 9 8 5 19 6 20 23 16 18 12 14 10 13 11 29 24 30 22 28 21 15 26 25 17 27
AVOIDER 1 7 2 4 3 9 8 5 19 6 20 23 16 18 12 14 10 13 11 28 30 24 22 29 21 15 26 25 17 27
AVOIDER 1 7 2 4 3 9 8 5 19 6 20 23 16 18 12 14 10 13 11 30 28 24 22 29 21 15 26 25 17 27
AVOIDER 1 7 2 4 3 9 8 5 19 6 20 23 16 18 12 14 10 13 11 29 30 24 22 28 21 15 26 25 17 27
AVOIDER 1 7 2 4 3 9 8 5 19 6 20 23 16 18 12 14 10 13 11 24 28 29 30 22 21 15 26 25 17 27
AVOIDER 1 7 2 4 3 9 8 5 19 6 20 23 16 18 12 14 10 13 11 24 28 30 29 22 21 15 26 25 17 27
AVOIDER 1 7 2 4 3 9 8 5 19 6 20 23 16 18 12 14 10 13 11 24 29 28 30 22 21 15 26 25 17 27
AVOIDER 1 7 2 4 3 9 8 5 19 6 20 23 16 18 12 14 10 13 11 24 30 28 29 22 21 15 26 25 17 27
AVOIDER 1 7 2 4 3 9 8 5 19 6 20 23 16 18 12 14 10 13 11 24 29 30 28 22 21 15 26 25 17 27
AVOIDER 1 7 2 4 3 9 8 5 19 6 20 23 16 18 12 14 10 13 11 28 24 29 30 22 21 15 26 25 17 27
AVOIDER 1 7 2 4 3 9 8 5 19 6 20 23 16 18 12 14 10 13 11 28 24 30 29 22 21 15 26 25 17 27
AVOIDER 1 7 2 4 3 9 8 5 19 6 20 23 16 18 12 14 10 13 11 29 24 28 30 22 21 15 26 25 17 27
AVOIDER 1 7 2 4 3 9 8 5 19 6 20 23 16 18 12 14 10 13 11 30 24 28 29 22 21 15 26 25 17 27
AVOIDER 1 7 2 4 3 9 8 5 19 6 20 23 16 18 12 14 10 13 11 29 24 30 28 22 21 15 26 25 17 27
AVOIDER 1 7 2 4 3 9 8 5 19 6 20 23 16 18 12 14 10 13 11 28 29 24 30 22 21 15 26 25 17 27
AVOIDER 1 7 2 4 3 9 8 5 19 6 20 23 16 18 12 14 10 13 11 28 30 24 29 22 21 15 26 25 17 27
AVOIDER 1 7 2 4 3 9 8 5 19 6 20 23 16 18 12 14 10 13 11 29 28 24 30 22 21 15 26 25 17 27
AVOIDER 1 7 2 4 3 9 8 5 19 6 20 23 16 18 12 14 10 13 11 30 28 24 29 22 21 15 26 25 17 27
AVOIDER 1 7 2 4 3 9 8 5 19 6 20 23 16 18 12 14 10 13 11 29 30 24 28 22 21 15 26 25 17 27
AVOIDER 1 7 2 4 3 9 8 5 19 6 20 23 16 18 12 14 10 13 11 28 29 30 24 22 21 15 26 25 17 27
AVOIDER 1 7 2 4 3 9 8 5 19 6 20 23 16 18 12 14 10 13 11 28 30 29 24 22 21 15 26 25 17 27
AVOIDER 1 7 2 4 3 9 8 5 19 6 20 23 16 18 12 14 10 13 11 29 28 30 24 22 21 15 26 25 17 27
AVOIDER 1 7 2 4 3 9 8 5 19 6 20 23 16 18 12 14 10 13 11 30 28 29 24 22 21 15 26 25 17 27
AVOIDER 1 7 2 4 3 9 8 5 19 6 20 23 16 18 12 14 10 13 11 29 30 28 24 22 21 15 26 25 17 27
AVOIDER 1 7 2 4 3 9 8 5 19 6 23 20 16 18 12 14 10 13 11 24 30 22 28 29 21 15 26 25 17 27
AVOIDER 1 7 2 4 3 9 8 5 19 6 23 20 16 18 12 14 10 13 11 30 24 22 28 29 21 15 26 25 17 27
AVOIDER 1 7 2 4 3 9 8 5 19 6 23 20 16 18 12 14 10 13 11 24 28 30 22 29 21 15 26 25 17 27
AVOIDER 1 7 2 4 3 9 8 5 19 6 23 20 16 18 12 14 10 13 11 24 30 28 22 29 21 15 26 25 17 27
AVOIDER 1 7 2 4 3 9 8 5 19 6 23 20 16 18 12 14 10 13 11 24 29 30 22 28 21 15 26 25 17 27
AVOIDER 1 7 2 4 3 9 8 5 19 6 23 20 16 18 12 14 10 13 11 28 24 30 22 29 21 15 26 25 17 27
AVOIDER 1 7 2 4 3 9 8 5 19 6 23 20 16 18 12 14 10 13 11 30 24 28 22 29 21 15 26 25 17 27
AVOIDER 1 7 2 4 3 9 8 5 19 6 23 20 16 18 12 14 10 13 11 29 24 30 22 28 21 15 26 25 17 27
AVOIDER 1 7 2 4 3 9 8 5 19 6 23 20 16 18 12 14 10 13 11 28 30 24 22 29 21 15 26 25 17 27
AVOIDER 1 7 2 4 3 9 8 5 19 6 23 20 16 18 12 14 10 13 11 30 28 24 22 29 21 15 26 25 17 27
AVOIDER 1 7 2 4 3 9 8 5 19 6 23 20 16 18 12 14 10 13 11 29 30 24 22 28 21 15 26 25 17 27
AVOIDER 1 7 2 4 3 9 8 5 19 6 23 20 16 18 12 14 10 13 11 24 28 29 30 22 21 15 26 25 17 27
AVOIDER 1 7 2 4 3 9 8 5 19 6 23 20 16 18 12 14 10 13 11 24 28 30 29 22 21 15 26 25 17 27
AVOIDER 1 7 2 4 3 9 8 5 19 6 23 20 16 18 12 14 10 13 11 24 29 28 30 22 21 15 26 25 17 27
AVOIDER 1 7 2 4 3 9 8 5 19 6 23 20 16 18 12 14 10 13 11 24 30 28 29 22 21 15 26 25 17 27
AVOIDER 1 7 2 4 3 9 8 5 19 6 23 20 16 18 12 14 10 13 11 24 29 30 28 22 21 15 26 25 17 27
AVOIDER 1 7 2 4 3 9 8 5 19 6 23 20 16 18 12 14 10 13 11 28 24 29 30 22 21 15 26 25 17 27
AVOIDER 1 7 2 4 3 9 8 5 19 6 23 20 16 18 12 14 10 13 11 28 24 30 29 22 21 15 26 25 17 27
AVOIDER 1 7 2 4 3 9 8 5 19 6 23 20 16 18 12 14 10 13 11 29 24 28 30 22 21 15 26 25 17 27
AVOIDER 1 7 2 4 3 9 8 5 19 6 23 20 16 18 12 14 10 13 11 30 24 28 29 22 21 15 26 25 17 27
AVOIDER 1 7 2 4 3 9 8 5 19 6 23 20 16 18 12 14 10 13 11 29 24 30 28 22 21 15 26 25 17 27
AVOIDER 1 7 2 4 3 9 8 5 19 6 23 20 16 18 12 14 10 13 11 28 29 24 30 22 21 15 26 25 17 27
AVOIDER 1 7 2 4 3 9 8 5 19 6 23 20 16 18 12 14 10 13 11 28 30 24 29 22 21 15 26 25 17 27
AVOIDER 1 7 2 4 3 9 8 5 19 6 23 20 16 18 12 14 10 13 11 29 28 24 30 22 21 15 26 25 17 27
AVOIDER 1 7 2 4 3 9 8 5 19 6 23 20 16 18 12 14 10 13 11 30 28 24 29 22 21 15 26 25 17 27
AVOIDER 1 7 2 4 3 9 8 5 19 6 23 20 16 18 12 14 10 13 11 29 30 24 28 22 21 15 26 25 17 27
AVOIDER 1 7 2 4 3 9 8 5 19 6 23 20 16 18 12 14 10 13 11 28 29 30 24 22 21 15 26 25 17 27
AVOIDER 1 7 2 4 3 9 8 5 19 6 23 20 16 18 12 14 10 13 11 28 30 29 24 22 21 15 26 25 17 27
AVOIDER 1 7 2 4 3 9 8 5 19 6 23 20 16 18 12 14 10 13 11 29 28 30 24 22 21 15 26 25 17 27
AVOIDER 1 7 2 4 3 9 8 5 19 6 23 20 16 18 12 14 10 13 11 30 28 29 24 22 21 15 26 25 17 27
AVOIDER 1 7 2 4 3 9 8 5 19 6 23 20 16 18 12 14 10 13 11 29 30 28 24 22 21 15 26 25 17 27
AVOIDER 1 7 2 4 3 9 8 5 23 6 19 20 16 18 12 14 10 13 11 24 30 22 28 29 21 15 26 25 17 27
AVOIDER 1 7 2 4 3 9 8 5 23 6 19 20 16 18 12 14 10 13 11 30 24 22 28 29 21 15 26 25 17 27
AVOIDER 1 7 2 4 3 9 8 5 23 6 19 20 16 18 12 14 10 13 11 24 28 30 22 29 21 15 26 25 17 27
AVOIDER 1 7 2 4 3 9 8 5 23 6 19 20 16 18 12 14 10 13 11 24 30 28 22 29 21 15 26 25 17 27
AVOIDER 1 7 2 4 3 9 8 5 23 6 19 20 16 18 12 14 10 13 11 24 29 30 22 28 21 15 26 25 17 27
AVOIDER 1 7 2 4 3 9 8 5 23 6 19 20 16 18 12 14 10 13 11 28 24 30 22 29 21 15 26 25 17 27
AVOIDER 1 7 2 4 3 9 8 5 23 6 19 20 16 18 12 14 10 13 11 30 24 28 22 29 21 15 26 25 17 27
AVOIDER 1 7 2 4 3 9 8 5 23 6 19 20 16 18 12 14 10 13 11 29 24 30 22 28 21 15 26 25 17 27
AVOIDER 1 7 2 4 3 9 8 5 23 6 19 20 16 18 12 14 10 13 11 28 30 24 22 29 21 15 26 25 17 27
AVOIDER 1 7 2 4 3 9 8 5 23 6 19 20 16 18 12 14 10 13 11 30 28 24 22 29 21 15 26 25 17 27
AVOIDER 1 7 2 4 3 9 8 5 23 6 19 20 16 18 12 14 10 13 11 29 30 24 22 28 21 15 26 25 17 27
AVOIDER 1 7 2 4 3 9 8 5 23 6 19 20 16 18 12 14 10 13 11 24 28 29 30 22 21 15 26 25 17 27
AVOIDER 1 7 2 4 3 9 8 5 23 6 19 20 16 18 12 14 10 13 11 24 28 30 29 22 21 15 26 25 17 27
AVOIDER 1 7 2 4 3 9 8 5 23 6 19 20 16 18 12 14 10 13 11 24 29 28 30 22 21 15 26 25 17 27
AVOIDER 1 7 2 4 3 9 8 5 23 6 19 20 16 18 12 14 10 13 11 24 30 28 29 22 21 15 26 25 17 27
AVOIDER 1 7 2 4 3 9 8 5 23 6 19 20 16 18 12 14 10 13 11 24 29 30 28 22 21 15 26 25 17 27
AVOIDER 1 7 2 4 3 9 8 5 23 6 19 20 16 18 12 14 10 13 11 28 24 29 30 22 21 15 26 25 17 27
AVOIDER 1 7 2 4 3 9 8 5 23 6 19 20 16 18 12 14 10 13 11 28 24 30 29 22 21 15 26 25 17 27
AVOIDER 1 7 2 4 3 9 8 5 23 6 19 20 16 18 12 14 10 13 11 29 24 28 30 22 21 15 26 25 17 27
AVOIDER 1 7 2 4 3 9 8 5 23 6 19 20 16 18 12 14 10 13 11 30 24 28 29 22 21 15 26 25 17 27
AVOIDER 1 7 2 4 3 9 8 5 23 6 19 20 16 18 12 14 10 13 11 29 24 30 28 22 21 15 26 25 17 27
AVOIDER 1 7 2 4 3 9 8 5 23 6 19 20 16 18 12 14 10 13 11 28 29 24 30 22 21 15 26 25 17 27
AVOIDER 1 7 2 4 3 9 8 5 23 6 19 20 16 18 12 14 10 13 11 28 30 24 29 22 21 15 26 25 17 27
AVOIDER 1 7 2 4 3 9 8 5 23 6 19 20 16 18 12 14 10 13 11 29 28 24 30 22 21 15 26 25 17 27
AVOIDER 1 7 2 4 3 9 8 5 23 6 19 20 16 18 12 14 10 13 11 30 28 24 29 22 21 15 26 25 17 27
AVOIDER 1 7 2 4 3 9 8 5 23 6 19 20 16 18 12 14 10 13 11 29 30 24 28 22 21 15 26 25 17 27
AVOIDER 1 7 2 4 3 9 8 5 23 6 19 20 16 18 12 14 10 13 11 28 29 30 24 22 21 15 26 25 17 27
AVOIDER 1 7 2 4 3 9 8 5 23 6 19 20 16 18 12 14 10 13 11 28 30 29 24 22 21 15 26 25 17 27
AVOIDER 1 7 2 4 3 9 8 5 23 6 19 20 16 18 12 14 10 13 11 29 28 30 24 22 21 15 26 25 17 27
AVOIDER 1 7 2 4 3 9 8 5 23 6 19 20 16 18 12 14 10 13 11 30 28 29 24 22 21 15 26 25 17 27
AVOIDER 1 7 2 4 3 9 8 5 23 6 19 20 16 18 12 14 10 13 11 29 30 28 24 22 21 15 26 25 17 27
AVOIDER 1 7 2 4 3 9 8 5 18 6 20 19 23 16 12 14 10 13 11 24 28 29 30 21 22 15 26 25 17 27
AVOIDER 1 7 2 4 3 9 8 5 18 6 20 19 23 16 12 14 10 13 11 24 28 30 29 21 22 15 26 25 17 27
AVOIDER 1 7 2 4 3 9 8 5 18 6 20 19 23 16 12 14 10 13 11 24 29 28 30 21 22 15 26 25 17 27
AVOIDER 1 7 2 4 3 9 8 5 18 6 20 19 23 16 12 14 10 13 11 24 30 28 29 21 22 15 26 25 17 27
AVOIDER 1 7 2 4 3 9 8 5 18 6 20 19 23 16 12 14 10 13 11 24 29 30 28 21 22 15 26 25 17 27
AVOIDER 1 7 2 4 3 9 8 5 18 6 20 19 23 16 12 14 10 13 11 28 24 29 30 21 22 15 26 25 17 27
AVOIDER 1 7 2 4 3 9 8 5 18 6 20 19 23 16 12 14 10 13 11 28 24 30 29 21 22 15 26 25 17 27
AVOIDER 1 7 2 4 3 9 8 5 18 6 20 19 23 16 12 14 10 13 11 29 24 28 30 21 22 15 26 25 17 27
AVOIDER 1 7 2 4 3 9 8 5 18 6 20 19 23 16 12 14 10 13 11 30 24 28 29 21 22 15 26 25 17 27
AVOIDER 1 7 2 4 3 9 8 5 18 6 20 19 23 16 12 14 10 13 11 29 24 30 28 21 22 15 26 25 17 27
AVOIDER 1 7 2 4 3 9 8 5 18 6 20 19 23 16 12 14 10 13 11 28 29 24 30 21 22 15 26 25 17 27
AVOIDER 1 7 2 4 3 9 8 5 18 6 20 19 23 16 12 14 10 13 11 28 30 24 29 21 22 15 26 25 17 27
AVOIDER 1 7 2 4 3 9 8 5 18 6 20 19 23 16 12 14 10 13 11 29 28 24 30 21 22 15 26 25 17 27
AVOIDER 1 7 2 4 3 9 8 5 18 6 20 19 23 16 12 14 10 13 11 30 28 24 29 21 22 15 26 25 17 27
AVOIDER 1 7 2 4 3 9 8 5 18 6 20 19 23 16 12 14 10 13 11 29 30 24 28 21 22 15 26 25 17 27
AVOIDER 1 7 2 4 3 9 8 5 18 6 20 19 23 16 12 14 10 13 11 28 29 30 24 21 22 15 26 25 17 27
AVOIDER 1 7 2 4 3 9 8 5 18 6 20 19 23 16 12 14 10 13 11 28 30 29 24 21 22 15 26 25 17 27
AVOIDER 1 7 2 4 3 9 8 5 18 6 20 19 23 16 12 14 10 13 11 29 28 30 24 21 22 15 26 25 17 27
AVOIDER 1 7 2 4 3 9 8 5 18 6 20 19 23 16 12 14 10 13 11 30 28 29 24 21 22 15 26 25 17 27
AVOIDER 1 7 2 4 3 9 8 5 18 6 20 19 23 16 12 14 10 13 11 29 30 28 24 21 22 15 26 25 17 27
AVOIDER 1 7 2 4 3 9 8 5 18 6 20 19 23 16 12 14 10 13 11 24 30 22 28 29 21 15 26 25 17 27
AVOIDER 1 7 2 4 3 9 8 5 18 6 20 19 23 16 12 14 10 13 11 30 24 22 28 29 21 15 26 25 17 27
AVOIDER 1 7 2 4 3 9 8 5 18 6 20 19 23 16 12 14 10 13 11 24 28 30 22 29 21 15 26 25 17 27
AVOIDER 1 7 2 4 3 9 8 5 18 6 20 19 23 16 12 14 10 13 11 24 30 28 22 29 21 15 26 25 17 27
AVOIDER 1 7 2 4 3 9 8 5 18 6 20 19 23 16 12 14 10 13 11 24 29 30 22 28 21 15 26 25 17 27
AVOIDER 1 7 2 4 3 9 8 5 18 6 20 19 23 16 12 14 10 13 11 28 24 30 22 29 21 15 26 25 17 27
AVOIDER 1 7 2 4 3 9 8 5 18 6 20 19 23 16 12 14 10 13 11 30 24 28 22 29 21 15 26 25 17 27
AVOIDER 1 7 2 4 3 9 8 5 18 6 20 19 23 16 12 14 10 13 11 29 24 30 22 28 21 15 26 25 17 27
AVOIDER 1 7 2 4 3 9 8 5 18 6 20 19 23 16 12 14 10 13 11 28 30 24 22 29 21 15 26 25 17 27
AVOIDER 1 7 2 4 3 9 8 5 18 6 20 19 23 16 12 14 10 13 11 30 28 24 22 29 21 15 26 25 17 27
AVOIDER 1 7 2 4 3 9 8 5 18 6 20 19 23 16 12 14 10 13 11 29 30 24 22 28 21 15 26 25 17 27
AVOIDER 1 7 2 4 3 9 8 5 18 6 20 19 23 16 12 14 10 13 11 24 28 29 30 22 21 15 26 25 17 27
AVOIDER 1 7 2 4 3 9 8 5 18 6 20 19 23 16 12 14 10 13 11 24 28 30 29 22 21 15 26 25 17 27
AVOIDER 1 7 2 4 3 9 8 5 18 6 20 19 23 16 12 14 10 13 11 24 29 28 30 22 21 15 26 25 17 27
AVOIDER 1 7 2 4 3 9 8 5 18 6 20 19 23 16 12 14 10 13 11 24 30 28 29 22 21 15 26 25 17 27
AVOIDER 1 7 2 4 3 9 8 5 18 6 20 19 23 16 12 14 10 13 11 24 29 30 28 22 21 15 26 25 17 27
AVOIDER 1 7 2 4 3 9 8 5 18 6 20 19 23 16 12 14 10 13 11 28 24 29 30 22 21 15 26 25 17 27
AVOIDER 1 7 2 4 3 9 8 5 18 6 20 19 23 16 12 14 10 13 11 28 24 30 29 22 21 15 26 25 17 27
AVOIDER 1 7 2 4 3 9 8 5 18 6 20 19 23 16 12 14 10 13 11 29 24 28 30 22 21 15 26 25 17 27
AVOIDER 1 7 2 4 3 9 8 5 18 6 20 19 23 16 12 14 10 13 11 30 24 28 29 22 21 15 26 25 17 27
AVOIDER 1 7 2 4 3 9 8 5 18 6 20 19 23 16 12 14 10 13 11 29 24 30 28 22 21 15 26 25 17 27
AVOIDER 1 7 2 4 3 9 8 5 18 6 20 19 23 16 12 14 10 13 11 28 29 24 30 22 21 15 26 25 17 27
AVOIDER 1 7 2 4 3 9 8 5 18 6 20 19 23 16 12 14 10 13 11 28 30 24 29 22 21 15 26 25 17 27
AVOIDER 1 7 2 4 3 9 8 5 18 6 20 19 23 16 12 14 10 13 11 29 28 24 30 22 21 15 26 25 17 27
AVOIDER 1 7 2 4 3 9 8 5 18 6 20 19 23 16 12 14 10 13 11 30 28 24 29 22 21 15 26 25 17 27
AVOIDER 1 7 2 4 3 9 8 5 18 6 20 19 23 16 12 14 10 13 11 29 30 24 28 22 21 15 26 25 17 27
AVOIDER 1 7 2 4 3 9 8 5 18 6 20 19 23 16 12 14 10 13 11 28 29 30 24 22 21 15 26 25 17 27
AVOIDER 1 7 2 4 3 9 8 5 18 6 20 19 23 16 12 14 10 13 11 28 30 29 24 22 21 15 26 25 17 27
AVOIDER 1 7 2 4 3 9 8 5 18 6 20 19 23 16 12 14 10 13 11 29 28 30 24 22 21 15 26 25 17 27
AVOIDER 1 7 2 4 3 9 8 5 18 6 20 19 23 16 12 14 10 13 11 30 28 29 24 22 21 15 26 25 17 27
AVOIDER 1 7 2 4 3 9 8 5 18 6 20 19 23 16 12 14 10 13 11 29 30 28 24 22 21 15 26 25 17 27
AVOIDER 1 7 2 4 3 9 8 5 18 6 20 23 19 16 12 14 10 13 11 24 28 29 30 21 22 15 26 25 17 27
AVOIDER 1 7 2 4 3 9 8 5 18 6 20 23 19 16 12 14 10 13 11 24 28 30 29 21 22 15 26 25 17 27
AVOIDER 1 7 2 4 3 9 8 5 18 6 20 23 19 16 12 14 10 13 11 24 29 28 30 21 22 15 26 25 17 27
AVOIDER 1 7 2 4 3 9 8 5 18 6 20 23 19 16 12 14 10 13 11 24 30 28 29 21 22 15 26 25 17 27
AVOIDER 1 7 2 4 3 9 8 5 18 6 20 23 19 16 12 14 10 13 11 24 29 30 28 21 22 15 26 25 17 27
AVOIDER 1 7 2 4 3 9 8 5 18 6 20 23 19 16 12 14 10 13 11 28 24 29 30 21 22 15 26 25 17 27
AVOIDER 1 7 2 4 3 9 8 5 18 6 20 23 19 16 12 14 10 13 11 28 24 30 29 21 22 15 26 25 17 27
AVOIDER 1 7 2 4 3 9 8 5 18 6 20 23 19 16 12 14 10 13 11 29 24 28 30 21 22 15 26 25 17 27
AVOIDER 1 7 2 4 3 9 8 5 18 6 20 23 19 16 12 14 10 13 11 30 24 28 29 21 22 15 26 25 17 27
AVOIDER 1 7 2 4 3 9 8 5 18 6 20 23 19 16 12 14 10 13 11 29 24 30 28 21 22 15 26 25 17 27
AVOIDER 1 7 2 4 3 9 8 5 18 6 20 23 19 16 12 14 10 13 11 28 29 24 30 21 22 15 26 25 17 27
AVOIDER 1 7 2 4 3 9 8 5 18 6 20 23 19 16 12 14 10 13 11 28 30 24 29 21 22 15 26 25 17 27
AVOIDER 1 7 2 4 3 9 8 5 18 6 20 23 19 16 12 14 10 13 11 29 28 24 30 21 22 15 26 25 17 27
AVOIDER 1 7 2 4 3 9 8 5 18 6 20 23 19 16 12 14 10 13 11 30 28 24 29 21 22 15 26 25 17 27
AVOIDER 1 7 2 4 3 9 8 5 18 6 20 23 19 16 12 14 10 13 11 29 30 24 28 21 22 15 26 25 17 27
AVOIDER 1 7 2 4 3 9 8 5 18 6 20 23 19 16 12 14 10 13 11 28 29 30 24 21 22 15 26 25 17 27
AVOIDER 1 7 2 4 3 9 8 5 18 6 20 23 19 16 12 14 10 13 11 28 30 29 24 21 22 15 26 25 17 27
AVOIDER 1 7 2 4 3 9 8 5 18 6 20 23 19 16 12 14 10 13 11 29 28 30 24 21 22 15 26 25 17 27
AVOIDER 1 7 2 4 3 9 8 5 18 6 20 23 19 16 12 14 10 13 11 30 28 29 24 21 22 15 26 25 17 27
AVOIDER 1 7 2 4 3 9 8 5 18 6 20 23 19 16 12 14 10 13 11 29 30 28 24 21 22 15 26 25 17 27
AVOIDER 1 7 2 4 3 9 8 5 18 6 20 23 19 16 12 14 10 13 11 24 30 22 28 29 21 15 26 25 17 27
AVOIDER 1 7 2 4 3 9 8 5 18 6 20 23 19 16 12 14 10 13 11 30 24 22 28 29 21 15 26 25 17 27
AVOIDER 1 7 2 4 3 9 8 5 18 6 20 23 19 16 12 14 10 13 11 24 28 30 22 29 21 15 26 25 17 27
AVOIDER 1 7 2 4 3 9 8 5 18 6 20 23 19 16 12 14 10 13 11 24 30 28 22 29 21 15 26 25 17 27
AVOIDER 1 7 2 4 3 9 8 5 18 6 20 23 19 16 12 14 10 13 11 24 29 30 22 28 21 15 26 25 17 27
AVOIDER 1 7 2 4 3 9 8 5 18 6 20 23 19 16 12 14 10 13 11 28 24 30 22 29 21 15 26 25 17 27
AVOIDER 1 7 2 4 3 9 8 5 18 6 20 23 19 16 12 14 10 13 11 30 24 28 22 29 21 15 26 25 17 27
AVOIDER 1 7 2 4 3 9 8 5 18 6 20 23 19 16 12 14 10 13 11 29 24 30 22 28 21 15 26 25 17 27
AVOIDER 1 7 2 4 3 9 8 5 18 6 20 23 19 16 12 14 10 13 11 28 30 24 22 29 21 15 26 25 17 27
AVOIDER 1 7 2 4 3 9 8 5 18 6 20 23 19 16 12 14 10 13 11 30 28 24 22 29 21 15 26 25 17 27
AVOIDER 1 7 2 4 3 9 8 5 18 6 20 23 19 16 12 14 10 13 11 29 30 24 22 28 21 15 26 25 17 27
AVOIDER 1 7 2 4 3 9 8 5 18 6 20 23 19 16 12 14 10 13 11 24 28 29 30 22 21 15 26 25 17 27
AVOIDER 1 7 2 4 3 9 8 5 18 6 20 23 19 16 12 14 10 13 11 24 28 30 29 22 21 15 26 25 17 27
AVOIDER 1 7 2 4 3 9 8 5 18 6 20 23 19 16 12 14 10 13 11 24 29 28 30 22 21 15 26 25 17 27
AVOIDER 1 7 2 4 3 9 8 5 18 6 20 23 19 16 12 14 10 13 11 24 30 28 29 22 21 15 26 25 17 27
AVOIDER 1 7 2 4 3 9 8 5 18 6 20 23 19 16 12 14 10 13 11 24 29 30 28 22 21 15 26 25 17 27
AVOIDER 1 7 2 4 3 9 8 5 18 6 20 23 19 16 12 14 10 13 11 28 24 29 30 22 21 15 26 25 17 27
AVOIDER 1 7 2 4 3 9 8 5 18 6 20 23 19 16 12 14 10 13 11 28 24 30 29 22 21 15 26 25 17 27
AVOIDER 1 7 2 4 3 9 8 5 18 6 20 23 19 16 12 14 10 13 11 29 24 28 30 22 21 15 26 25 17 27
AVOIDER 1 7 2 4 3 9 8 5 18 6 20 23 19 16 12 14 10 13 11 30 24 28 29 22 21 15 26 25 17 27
AVOIDER 1 7 2 4 3 9 8 5 18 6 20 23 19 16 12 14 10 13 11 29 24 30 28 22 21 15 26 25 17 27
AVOIDER 1 7 2 4 3 9 8 5 18 6 20 23 19 16 12 14 10 13 11 28 29 24 30 22 21 15 26 25 17 27
AVOIDER 1 7 2 4 3 9 8 5 18 6 20 23 19 16 12 14 10 13 11 28 30 24 29 22 21 15 26 25 17 27
AVOIDER 1 7 2 4 3 9 8 5 18 6 20 23 19 16 12 14 10 13 11 29 28 24 30 22 21 15 26 25 17 27
AVOIDER 1 7 2 4 3 9 8 5 18 6 20 23 19 16 12 14 10 13 11 30 28 24 29 22 21 15 26 25 17 27
AVOIDER 1 7 2 4 3 9 8 5 18 6 20 23 19 16 12 14 10 13 11 29 30 24 28 22 21 15 26 25 17 27
AVOIDER 1 7 2 4 3 9 8 5 18 6 20 23 19 16 12 14 10 13 11 28 29 30 24 22 21 15 26 25 17 27
AVOIDER 1 7 2 4 3 9 8 5 18 6 20 23 19 16 12 14 10 13 11 28 30 29 24 22 21 15 26 25 17 27
AVOIDER 1 7 2 4 3 9 8 5 18 6 20 23 19 16 12 14 10 13 11 29 28 30 24 22 21 15 26 25 17 27
AVOIDER 1 7 2 4 3 9 8 5 18 6 20 23 19 16 12 14 10 13 11 30 28 29 24 22 21 15 26 25 17 27
AVOIDER 1 7 2 4 3 9 8 5 18 6 20 23 19 16 12 14 10 13 11 29 30 28 24 22 21 15 26 25 17 27
AVOIDER 1 7 2 4 3 9 8 5 18 6 23 20 19 16 12 14 10 13 11 24 28 29 30 21 22 15 26 25 17 27
AVOIDER 1 7 2 4 3 9 8 5 18 6 23 20 19 16 12 14 10 13 11 24 28 30 29 21 22 15 26 25 17 27
AVOIDER 1 7 2 4 3 9 8 5 18 6 23 20 19 16 12 14 10 13 11 24 29 28 30 21 22 15 26 25 17 27
AVOIDER 1 7 2 4 3 9 8 5 18 6 23 20 19 16 12 14 10 13 11 24 30 28 29 21 22 15 26 25 17 27
AVOIDER 1 7 2 4 3 9 8 5 18 6 23 20 19 16 12 14 10 13 11 24 29 30 28 21 22 15 26 25 17 27
AVOIDER 1 7 2 4 3 9 8 5 18 6 23 20 19 16 12 14 10 13 11 28 24 29 30 21 22 15 26 25 17 27
AVOIDER 1 7 2 4 3 9 8 5 18 6 23 20 19 16 12 14 10 13 11 28 24 30 29 21 22 15 26 25 17 27
AVOIDER 1 7 2 4 3 9 8 5 18 6 23 20 19 16 12 14 10 13 11 29 24 28 30 21 22 15 26 25 17 27
AVOIDER 1 7 2 4 3 9 8 5 18 6 23 20 19 16 12 14 10 13 11 30 24 28 29 21 22 15 26 25 17 27
AVOIDER 1 7 2 4 3 9 8 5 18 6 23 20 19 16 12 14 10 13 11 29 24 30 28 21 22 15 26 25 17 27
AVOIDER 1 7 2 4 3 9 8 5 18 6 23 20 19 16 12 14 10 13 11 28 29 24 30 21 22 15 26 25 17 27
AVOIDER 1 7 2 4 3 9 8 5 18 6 23 20 19 16 12 14 10 13 11 28 30 24 29 21 22 15 26 25 17 27
AVOIDER 1 7 2 4 3 9 8 5 18 6 23 20 19 16 12 14 10 13 11 29 28 24 30 21 22 15 26 25 17 27
AVOIDER 1 7 2 4 3 9 8 5 18 6 23 20 19 16 12 14 10 13 11 30 28 24 29 21 22 15 26 25 17 27
AVOIDER 1 7 2 4 3 9 8 5 18 6 23 20 19 16 12 14 10 13 11 29 30 24 28 21 22 15 26 25 17 27
AVOIDER 1 7 2 4 3 9 8 5 18 6 23 20 19 16 12 14 10 13 11 28 29 30 24 21 22 15 26 25 17 27
AVOIDER 1 7 2 4 3 9 8 5 18 6 23 20 19 16 12 14 10 13 11 28 30 29 24 21 22 15 26 25 17 27
AVOIDER 1 7 2 4 3 9 8 5 18 6 23 20 19 16 12 14 10 13 11 29 28 30 24 21 22 15 26 25 17 27
AVOIDER 1 7 2 4 3 9 8 5 18 6 23 20 19 16 12 14 10 13 11 30 28 29 24 21 22 15 26 25 17 27
AVOIDER 1 7 2 4 3 9 8 5 18 6 23 20 19 16 12 14 10 13 11 29 30 28 24 21 22 15 26 25 17 27
AVOIDER 1 7 2 4 3 9 8 5 18 6 23 20 19 16 12 14 10 13 11 24 30 22 28 29 21 15 26 25 17 27
AVOIDER 1 7 2 4 3 9 8 5 18 6 23 20 19 16 12 14 10 13 11 30 24 22 28 29 21 15 26 25 17 27
AVOIDER 1 7 2 4 3 9 8 5 18 6 23 20 19 16 12 14 10 13 11 24 28 30 22 29 21 15 26 25 17 27
AVOIDER 1 7 2 4 3 9 8 5 18 6 23 20 19 16 12 14 10 13 11 24 30 28 22 29 21 15 26 25 17 27
AVOIDER 1 7 2 4 3 9 8 5 18 6 23 20 19 16 12 14 10 13 11 24 29 30 22 28 21 15 26 25 17 27
AVOIDER 1 7 2 4 3 9 8 5 18 6 23 20 19 16 12 14 10 13 11 28 24 30 22 29 21 15 26 25 17 27
AVOIDER 1 7 2 4 3 9 8 5 18 6 23 20 19 16 12 14 10 13 11 30 24 28 22 29 21 15 26 25 17 27
AVOIDER 1 7 2 4 3 9 8 5 18 6 23 20 19 16 12 14 10 13 11 29 24 30 22 28 21 15 26 25 17 27
AVOIDER 1 7 2 4 3 9 8 5 18 6 23 20 19 16 12 14 10 13 11 28 30 24 22 29 21 15 26 25 17 27
AVOIDER 1 7 2 4 3 9 8 5 18 6 23 20 19 16 12 14 10 13 11 30 28 24 22 29 21 15 26 25 17 27
AVOIDER 1 7 2 4 3 9 8 5 18 6 23 20 19 16 12 14 10 13 11 29 30 24 22 28 21 15 26 25 17 27
AVOIDER 1 7 2 4 3 9 8 5 18 6 23 20 19 16 12 14 10 13 11 24 28 29 30 22 21 15 26 25 17 27
AVOIDER 1 7 2 4 3 9 8 5 18 6 23 20 19 16 12 14 10 13 11 24 28 30 29 22 21 15 26 25 17 27
AVOIDER 1 7 2 4 3 9 8 5 18 6 23 20 19 16 12 14 10 13 11 24 29 28 30 22 21 15 26 25 17 27
AVOIDER 1 7 2 4 3 9 8 5 18 6 23 20 19 16 12 14 10 13 11 24 30 28 29 22 21 15 26 25 17 27
AVOIDER 1 7 2 4 3 9 8 5 18 6 23 20 19 16 12 14 10 13 11 24 29 30 28 22 21 15 26 25 17 27
AVOIDER 1 7 2 4 3 9 8 5 18 6 23 20 19 16 12 14 10 13 11 28 24 29 30 22 21 15 26 25 17 27
AVOIDER 1 7 2 4 3 9 8 5 18 6 23 20 19 16 12 14 10 13 11 28 24 30 29 22 21 15 26 25 17 27
AVOIDER 1 7 2 4 3 9 8 5 18 6 23 20 19 16 12 14 10 13 11 29 24 28 30 22 21 15 26 25 17 27
AVOIDER 1 7 2 4 3 9 8 5 18 6 23 20 19 16 12 14 10 13 11 30 24 28 29 22 21 15 26 25 17 27
AVOIDER 1 7 2 4 3 9 8 5 18 6 23 20 19 16 12 14 10 13 11 29 24 30 28 22 21 15 26 25 17 27
AVOIDER 1 7 2 4 3 9 8 5 18 6 23 20 19 16 12 14 10 13 11 28 29 24 30 22 21 15 26 25 17 27
AVOIDER 1 7 2 4 3 9 8 5 18 6 23 20 19 16 12 14 10 13 11 28 30 24 29 22 21 15 26 25 17 27
AVOIDER 1 7 2 4 3 9 8 5 18 6 23 20 19 16 12 14 10 13 11 29 28 24 30 22 21 15 26 25 17 27
AVOIDER 1 7 2 4 3 9 8 5 18 6 23 20 19 16 12 14 10 13 11 30 28 24 29 22 21 15 26 25 17 27
AVOIDER 1 7 2 4 3 9 8 5 18 6 23 20 19 16 12 14 10 13 11 29 30 24 28 22 21 15 26 25 17 27
AVOIDER 1 7 2 4 3 9 8 5 18 6 23 20 19 16 12 14 10 13 11 28 29 30 24 22 21 15 26 25 17 27
AVOIDER 1 7 2 4 3 9 8 5 18 6 23 20 19 16 12 14 10 13 11 28 30 29 24 22 21 15 26 25 17 27
AVOIDER 1 7 2 4 3 9 8 5 18 6 23 20 19 16 12 14 10 13 11 29 28 30 24 22 21 15 26 25 17 27
AVOIDER 1 7 2 4 3 9 8 5 18 6 23 20 19 16 12 14 10 13 11 30 28 29 24 22 21 15 26 25 17 27
AVOIDER 1 7 2 4 3 9 8 5 18 6 23 20 19 16 12 14 10 13 11 29 30 28 24 22 21 15 26 25 17 27
AVOIDER 1 7 2 4 3 9 8 5 19 6 18 20 23 16 12 14 10 13 11 24 30 22 28 29 21 15 26 25 17 27
AVOIDER 1 7 2 4 3 9 8 5 19 6 18 20 23 16 12 14 10 13 11 30 24 22 28 29 21 15 26 25 17 27
AVOIDER 1 7 2 4 3 9 8 5 19 6 18 20 23 16 12 14 10 13 11 24 28 30 22 29 21 15 26 25 17 27
AVOIDER 1 7 2 4 3 9 8 5 19 6 18 20 23 16 12 14 10 13 11 24 30 28 22 29 21 15 26 25 17 27
AVOIDER 1 7 2 4 3 9 8 5 19 6 18 20 23 16 12 14 10 13 11 24 29 30 22 28 21 15 26 25 17 27
AVOIDER 1 7 2 4 3 9 8 5 19 6 18 20 23 16 12 14 10 13 11 28 24 30 22 29 21 15 26 25 17 27
AVOIDER 1 7 2 4 3 9 8 5 19 6 18 20 23 16 12 14 10 13 11 30 24 28 22 29 21 15 26 25 17 27
AVOIDER 1 7 2 4 3 9 8 5 19 6 18 20 23 16 12 14 10 13 11 29 24 30 22 28 21 15 26 25 17 27
AVOIDER 1 7 2 4 3 9 8 5 19 6 18 20 23 16 12 14 10 13 11 28 30 24 22 29 21 15 26 25 17 27
AVOIDER 1 7 2 4 3 9 8 5 19 6 18 20 23 16 12 14 10 13 11 30 28 24 22 29 21 15 26 25 17 27
AVOIDER 1 7 2 4 3 9 8 5 19 6 18 20 23 16 12 14 10 13 11 29 30 24 22 28 21 15 26 25 17 27
AVOIDER 1 7 2 4 3 9 8 5 19 6 18 20 23 16 12 14 10 13 11 24 28 29 30 22 21 15 26 25 17 27
AVOIDER 1 7 2 4 3 9 8 5 19 6 18 20 23 16 12 14 10 13 11 24 28 30 29 22 21 15 26 25 17 27
AVOIDER 1 7 2 4 3 9 8 5 19 6 18 20 23 16 12 14 10 13 11 24 29 28 30 22 21 15 26 25 17 27
AVOIDER 1 7 2 4 3 9 8 5 19 6 18 20 23 16 12 14 10 13 11 24 30 28 29 22 21 15 26 25 17 27
AVOIDER 1 7 2 4 3 9 8 5 19 6 18 20 23 16 12 14 10 13 11 24 29 30 28 22 21 15 26 25 17 27
AVOIDER 1 7 2 4 3 9 8 5 19 6 18 20 23 16 12 14 10 13 11 28 24 29 30 22 21 15 26 25 17 27
AVOIDER 1 7 2 4 3 9 8 5 19 6 18 20 23 16 12 14 10 13 11 28 24 30 29 22 21 15 26 25 17 27
AVOIDER 1 7 2 4 3 9 8 5 19 6 18 20 23 16 12 14 10 13 11 29 24 28 30 22 21 15 26 25 17 27
AVOIDER 1 7 2 4 3 9 8 5 19 6 18 20 23 16 12 14 10 13 11 30 24 28 29 22 21 15 26 25 17 27
AVOIDER 1 7 2 4 3 9 8 5 19 6 18 20 23 16 12 14 10 13 11 29 24 30 28 22 21 15 26 25 17 27
AVOIDER 1 7 2 4 3 9 8 5 19 6 18 20 23 16 12 14 10 13 11 28 29 24 30 22 21 15 26 25 17 27
AVOIDER 1 7 2 4 3 9 8 5 19 6 18 20 23 16 12 14 10 13 11 28 30 24 29 22 21 15 26 25 17 27
AVOIDER 1 7 2 4 3 9 8 5 19 6 18 20 23 16 12 14 10 13 11 29 28 24 30 22 21 15 26 25 17 27
AVOIDER 1 7 2 4 3 9 8 5 19 6 18 20 23 16 12 14 10 13 11 30 28 24 29 22 21 15 26 25 17 27
AVOIDER 1 7 2 4 3 9 8 5 19 6 18 20 23 16 12 14 10 13 11 29 30 24 28 22 21 15 26 25 17 27
AVOIDER 1 7 2 4 3 9 8 5 19 6 18 20 23 16 12 14 10 13 11 28 29 30 24 22 21 15 26 25 17 27
AVOIDER 1 7 2 4 3 9 8 5 19 6 18 20 23 16 12 14 10 13 11 28 30 29 24 22 21 15 26 25 17 27
AVOIDER 1 7 2 4 3 9 8 5 19 6 18 20 23 16 12 14 10 13 11 29 28 30 24 22 21 15 26 25 17 27
AVOIDER 1 7 2 4 3 9 8 5 19 6 18 20 23 16 12 14 10 13 11 30 28 29 24 22 21 15 26 25 17 27
AVOIDER 1 7 2 4 3 9 8 5 19 6 18 20 23 16 12 14 10 13 11 29 30 28 24 22 21 15 26 25 17 27
AVOIDER 1 7 2 4 3 9 8 5 19 6 18 23 20 16 12 14 10 13 11 24 30 22 28 29 21 15 26 25 17 27
AVOIDER 1 7 2 4 3 9 8 5 19 6 18 23 20 16 12 14 10 13 11 30 24 22 28 29 21 15 26 25 17 27
AVOIDER 1 7 2 4 3 9 8 5 19 6 18 23 20 16 12 14 10 13 11 24 28 30 22 29 21 15 26 25 17 27
AVOIDER 1 7 2 4 3 9 8 5 19 6 18 23 20 16 12 14 10 13 11 24 30 28 22 29 21 15 26 25 17 27
AVOIDER 1 7 2 4 3 9 8 5 19 6 18 23 20 16 12 14 10 13 11 24 29 30 22 28 21 15 26 25 17 27
AVOIDER 1 7 2 4 3 9 8 5 19 6 18 23 20 16 12 14 10 13 11 28 24 30 22 29 21 15 26 25 17 27
AVOIDER 1 7 2 4 3 9 8 5 19 6 18 23 20 16 12 14 10 13 11 30 24 28 22 29 21 15 26 25 17 27
AVOIDER 1 7 2 4 3 9 8 5 19 6 18 23 20 16 12 14 10 13 11 29 24 30 22 28 21 15 26 25 17 27
AVOIDER 1 7 2 4 3 9 8 5 19 6 18 23 20 16 12 14 10 13 11 28 30 24 22 29 21 15 26 25 17 27
AVOIDER 1 7 2 4 3 9 8 5 19 6 18 23 20 16 12 14 10 13 11 30 28 24 22 29 21 15 26 25 17 27
AVOIDER 1 7 2 4 3 9 8 5 19 6 18 23 20 16 12 14 10 13 11 29 30 24 22 28 21 15 26 25 17 27
AVOIDER 1 7 2 4 3 9 8 5 19 6 18 23 20 16 12 14 10 13 11 24 28 29 30 22 21 15 26 25 17 27
AVOIDER 1 7 2 4 3 9 8 5 19 6 18 23 20 16 12 14 10 13 11 24 28 30 29 22 21 15 26 25 17 27
AVOIDER 1 7 2 4 3 9 8 5 19 6 18 23 20 16 12 14 10 13 11 24 29 28 30 22 21 15 26 25 17 27
AVOIDER 1 7 2 4 3 9 8 5 19 6 18 23 20 16 12 14 10 13 11 24 30 28 29 22 21 15 26 25 17 27
AVOIDER 1 7 2 4 3 9 8 5 19 6 18 23 20 16 12 14 10 13 11 24 29 30 28 22 21 15 26 25 17 27
AVOIDER 1 7 2 4 3 9 8 5 19 6 18 23 20 16 12 14 10 13 11 28 24 29 30 22 21 15 26 25 17 27
AVOIDER 1 7 2 4 3 9 8 5 19 6 18 23 20 16 12 14 10 13 11 28 24 30 29 22 21 15 26 25 17 27
AVOIDER 1 7 2 4 3 9 8 5 19 6 18 23 20 16 12 14 10 13 11 29 24 28 30 22 21 15 26 25 17 27
AVOIDER 1 7 2 4 3 9 8 5 19 6 18 23 20 16 12 14 10 13 11 30 24 28 29 22 21 15 26 25 17 27
AVOIDER 1 7 2 4 3 9 8 5 19 6 18 23 20 16 12 14 10 13 11 29 24 30 28 22 21 15 26 25 17 27
AVOIDER 1 7 2 4 3 9 8 5 19 6 18 23 20 16 12 14 10 13 11 28 29 24 30 22 21 15 26 25 17 27
AVOIDER 1 7 2 4 3 9 8 5 19 6 18 23 20 16 12 14 10 13 11 28 30 24 29 22 21 15 26 25 17 27
AVOIDER 1 7 2 4 3 9 8 5 19 6 18 23 20 16 12 14 10 13 11 29 28 24 30 22 21 15 26 25 17 27
AVOIDER 1 7 2 4 3 9 8 5 19 6 18 23 20 16 12 14 10 13 11 30 28 24 29 22 21 15 26 25 17 27
AVOIDER 1 7 2 4 3 9 8 5 19 6 18 23 20 16 12 14 10 13 11 29 30 24 28 22 21 15 26 25 17 27
AVOIDER 1 7 2 4 3 9 8 5 19 6 18 23 20 16 12 14 10 13 11 28 29 30 24 22 21 15 26 25 17 27
AVOIDER 1 7 2 4 3 9 8 5 19 6 18 23 20 16 12 14 10 13 11 28 30 29 24 22 21 15 26 25 17 27
AVOIDER 1 7 2 4 3 9 8 5 19 6 18 23 20 16 12 14 10 13 11 29 28 30 24 22 21 15 26 25 17 27
AVOIDER 1 7 2 4 3 9 8 5 19 6 18 23 20 16 12 14 10 13 11 30 28 29 24 22 21 15 26 25 17 27
AVOIDER 1 7 2 4 3 9 8 5 19 6 18 23 20 16 12 14 10 13 11 29 30 28 24 22 21 15 26 25 17 27
AVOIDER 1 7 2 4 3 9 8 5 23 6 18 20 19 16 12 14 10 13 11 24 28 29 30 21 22 15 26 25 17 27
AVOIDER 1 7 2 4 3 9 8 5 23 6 18 20 19 16 12 14 10 13 11 24 28 30 29 21 22 15 26 25 17 27
AVOIDER 1 7 2 4 3 9 8 5 23 6 18 20 19 16 12 14 10 13 11 24 29 28 30 21 22 15 26 25 17 27
AVOIDER 1 7 2 4 3 9 8 5 23 6 18 20 19 16 12 14 10 13 11 24 30 28 29 21 22 15 26 25 17 27
AVOIDER 1 7 2 4 3 9 8 5 23 6 18 20 19 16 12 14 10 13 11 24 29 30 28 21 22 15 26 25 17 27
AVOIDER 1 7 2 4 3 9 8 5 23 6 18 20 19 16 12 14 10 13 11 28 24 29 30 21 22 15 26 25 17 27
AVOIDER 1 7 2 4 3 9 8 5 23 6 18 20 19 16 12 14 10 13 11 28 24 30 29 21 22 15 26 25 17 27
AVOIDER 1 7 2 4 3 9 8 5 23 6 18 20 19 16 12 14 10 13 11 29 24 28 30 21 22 15 26 25 17 27
AVOIDER 1 7 2 4 3 9 8 5 23 6 18 20 19 16 12 14 10 13 11 30 24 28 29 21 22 15 26 25 17 27
AVOIDER 1 7 2 4 3 9 8 5 23 6 18 20 19 16 12 14 10 13 11 29 24 30 28 21 22 15 26 25 17 27
AVOIDER 1 7 2 4 3 9 8 5 23 6 18 20 19 16 12 14 10 13 11 28 29 24 30 21 22 15 26 25 17 27
AVOIDER 1 7 2 4 3 9 8 5 23 6 18 20 19 16 12 14 10 13 11 28 30 24 29 21 22 15 26 25 17 27
AVOIDER 1 7 2 4 3 9 8 5 23 6 18 20 19 16 12 14 10 13 11 29 28 24 30 21 22 15 26 25 17 27
AVOIDER 1 7 2 4 3 9 8 5 23 6 18 20 19 16 12 14 10 13 11 30 28 24 29 21 22 15 26 25 17 27
AVOIDER 1 7 2 4 3 9 8 5 23 6 18 20 19 16 12 14 10 13 11 29 30 24 28 21 22 15 26 25 17 27
AVOIDER 1 7 2 4 3 9 8 5 23 6 18 20 19 16 12 14 10 13 11 28 29 30 24 21 22 15 26 25 17 27
AVOIDER 1 7 2 4 3 9 8 5 23 6 18 20 19 16 12 14 10 13 11 28 30 29 24 21 22 15 26 25 17 27
AVOIDER 1 7 2 4 3 9 8 5 23 6 18 20 19 16 12 14 10 13 11 29 28 30 24 21 22 15 26 25 17 27
AVOIDER 1 7 2 4 3 9 8 5 23 6 18 20 19 16 12 14 10 13 11 30 28 29 24 21 22 15 26 25 17 27
AVOIDER 1 7 2 4 3 9 8 5 23 6 18 20 19 16 12 14 10 13 11 29 30 28 24 21 22 15 26 25 17 27
AVOIDER 1 7 2 4 3 9 8 5 23 6 18 20 19 16 12 14 10 13 11 24 30 22 28 29 21 15 26 25 17 27
AVOIDER 1 7 2 4 3 9 8 5 23 6 18 20 19 16 12 14 10 13 11 30 24 22 28 29 21 15 26 25 17 27
AVOIDER 1 7 2 4 3 9 8 5 23 6 18 20 19 16 12 14 10 13 11 24 28 30 22 29 21 15 26 25 17 27
AVOIDER 1 7 2 4 3 9 8 5 23 6 18 20 19 16 12 14 10 13 11 24 30 28 22 29 21 15 26 25 17 27
AVOIDER 1 7 2 4 3 9 8 5 23 6 18 20 19 16 12 14 10 13 11 24 29 30 22 28 21 15 26 25 17 27
AVOIDER 1 7 2 4 3 9 8 5 23 6 18 20 19 16 12 14 10 13 11 28 24 30 22 29 21 15 26 25 17 27
AVOIDER 1 7 2 4 3 9 8 5 23 6 18 20 19 16 12 14 10 13 11 30 24 28 22 29 21 15 26 25 17 27
AVOIDER 1 7 2 4 3 9 8 5 23 6 18 20 19 16 12 14 10 13 11 29 24 30 22 28 21 15 26 25 17 27
AVOIDER 1 7 2 4 3 9 8 5 23 6 18 20 19 16 12 14 10 13 11 28 30 24 22 29 21 15 26 25 17 27
AVOIDER 1 7 2 4 3 9 8 5 23 6 18 20 19 16 12 14 10 13 11 30 28 24 22 29 21 15 26 25 17 27
AVOIDER 1 7 2 4 3 9 8 5 23 6 18 20 19 16 12 14 10 13 11 29 30 24 22 28 21 15 26 25 17 27
AVOIDER 1 7 2 4 3 9 8 5 23 6 18 20 19 16 12 14 10 13 11 24 28 29 30 22 21 15 26 25 17 27
AVOIDER 1 7 2 4 3 9 8 5 23 6 18 20 19 16 12 14 10 13 11 24 28 30 29 22 21 15 26 25 17 27
AVOIDER 1 7 2 4 3 9 8 5 23 6 18 20 19 16 12 14 10 13 11 24 29 28 30 22 21 15 26 25 17 27
AVOIDER 1 7 2 4 3 9 8 5 23 6 18 20 19 16 12 14 10 13 11 24 30 28 29 22 21 15 26 25 17 27
AVOIDER 1 7 2 4 3 9 8 5 23 6 18 20 19 16 12 14 10 13 11 24 29 30 28 22 21 15 26 25 17 27
AVOIDER 1 7 2 4 3 9 8 5 23 6 18 20 19 16 12 14 10 13 11 28 24 29 30 22 21 15 26 25 17 27
AVOIDER 1 7 2 4 3 9 8 5 23 6 18 20 19 16 12 14 10 13 11 28 24 30 29 22 21 15 26 25 17 27
AVOIDER 1 7 2 4 3 9 8 5 23 6 18 20 19 16 12 14 10 13 11 29 24 28 30 22 21 15 26 25 17 27
AVOIDER 1 7 2 4 3 9 8 5 23 6 18 20 19 16 12 14 10 13 11 30 24 28 29 22 21 15 26 25 17 27
AVOIDER 1 7 2 4 3 9 8 5 23 6 18 20 19 16 12 14 10 13 11 29 24 30 28 22 21 15 26 25 17 27
AVOIDER 1 7 2 4 3 9 8 5 23 6 18 20 19 16 12 14 10 13 11 28 29 24 30 22 21 15 26 25 17 27
AVOIDER 1 7 2 4 3 9 8 5 23 6 18 20 19 16 12 14 10 13 11 28 30 24 29 22 21 15 26 25 17 27
AVOIDER 1 7 2 4 3 9 8 5 23 6 18 20 19 16 12 14 10 13 11 29 28 24 30 22 21 15 26 25 17 27
AVOIDER 1 7 2 4 3 9 8 5 23 6 18 20 19 16 12 14 10 13 11 30 28 24 29 22 21 15 26 25 17 27
AVOIDER 1 7 2 4 3 9 8 5 23 6 18 20 19 16 12 14 10 13 11 29 30 24 28 22 21 15 26 25 17 27
AVOIDER 1 7 2 4 3 9 8 5 23 6 18 20 19 16 12 14 10 13 11 28 29 30 24 22 21 15 26 25 17 27
AVOIDER 1 7 2 4 3 9 8 5 23 6 18 20 19 16 12 14 10 13 11 28 30 29 24 22 21 15 26 25 17 27
AVOIDER 1 7 2 4 3 9 8 5 23 6 18 20 19 16 12 14 10 13 11 29 28 30 24 22 21 15 26 25 17 27
AVOIDER 1 7 2 4 3 9 8 5 23 6 18 20 19 16 12 14 10 13 11 30 28 29 24 22 21 15 26 25 17 27
AVOIDER 1 7 2 4 3 9 8 5 23 6 18 20 19 16 12 14 10 13 11 29 30 28 24 22 21 15 26 25 17 27
AVOIDER 1 7 2 4 3 9 8 5 19 6 23 18 20 16 12 14 10 13 11 24 30 22 28 29 21 15 26 25 17 27
AVOIDER 1 7 2 4 3 9 8 5 19 6 23 18 20 16 12 14 10 13 11 30 24 22 28 29 21 15 26 25 17 27
AVOIDER 1 7 2 4 3 9 8 5 19 6 23 18 20 16 12 14 10 13 11 24 28 30 22 29 21 15 26 25 17 27
AVOIDER 1 7 2 4 3 9 8 5 19 6 23 18 20 16 12 14 10 13 11 24 30 28 22 29 21 15 26 25 17 27
AVOIDER 1 7 2 4 3 9 8 5 19 6 23 18 20 16 12 14 10 13 11 24 29 30 22 28 21 15 26 25 17 27
AVOIDER 1 7 2 4 3 9 8 5 19 6 23 18 20 16 12 14 10 13 11 28 24 30 22 29 21 15 26 25 17 27
AVOIDER 1 7 2 4 3 9 8 5 19 6 23 18 20 16 12 14 10 13 11 30 24 28 22 29 21 15 26 25 17 27
AVOIDER 1 7 2 4 3 9 8 5 19 6 23 18 20 16 12 14 10 13 11 29 24 30 22 28 21 15 26 25 17 27
AVOIDER 1 7 2 4 3 9 8 5 19 6 23 18 20 16 12 14 10 13 11 28 30 24 22 29 21 15 26 25 17 27
AVOIDER 1 7 2 4 3 9 8 5 19 6 23 18 20 16 12 14 10 13 11 30 28 24 22 29 21 15 26 25 17 27
AVOIDER 1 7 2 4 3 9 8 5 19 6 23 18 20 16 12 14 10 13 11 29 30 24 22 28 21 15 26 25 17 27
AVOIDER 1 7 2 4 3 9 8 5 19 6 23 18 20 16 12 14 10 13 11 24 28 29 30 22 21 15 26 25 17 27
AVOIDER 1 7 2 4 3 9 8 5 19 6 23 18 20 16 12 14 10 13 11 24 28 30 29 22 21 15 26 25 17 27
AVOIDER 1 7 2 4 3 9 8 5 19 6 23 18 20 16 12 14 10 13 11 24 29 28 30 22 21 15 26 25 17 27
AVOIDER 1 7 2 4 3 9 8 5 19 6 23 18 20 16 12 14 10 13 11 24 30 28 29 22 21 15 26 25 17 27
AVOIDER 1 7 2 4 3 9 8 5 19 6 23 18 20 16 12 14 10 13 11 24 29 30 28 22 21 15 26 25 17 27
AVOIDER 1 7 2 4 3 9 8 5 19 6 23 18 20 16 12 14 10 13 11 28 24 29 30 22 21 15 26 25 17 27
AVOIDER 1 7 2 4 3 9 8 5 19 6 23 18 20 16 12 14 10 13 11 28 24 30 29 22 21 15 26 25 17 27
AVOIDER 1 7 2 4 3 9 8 5 19 6 23 18 20 16 12 14 10 13 11 29 24 28 30 22 21 15 26 25 17 27
AVOIDER 1 7 2 4 3 9 8 5 19 6 23 18 20 16 12 14 10 13 11 30 24 28 29 22 21 15 26 25 17 27
AVOIDER 1 7 2 4 3 9 8 5 19 6 23 18 20 16 12 14 10 13 11 29 24 30 28 22 21 15 26 25 17 27
AVOIDER 1 7 2 4 3 9 8 5 19 6 23 18 20 16 12 14 10 13 11 28 29 24 30 22 21 15 26 25 17 27
AVOIDER 1 7 2 4 3 9 8 5 19 6 23 18 20 16 12 14 10 13 11 28 30 24 29 22 21 15 26 25 17 27
AVOIDER 1 7 2 4 3 9 8 5 19 6 23 18 20 16 12 14 10 13 11 29 28 24 30 22 21 15 26 25 17 27
AVOIDER 1 7 2 4 3 9 8 5 19 6 23 18 20 16 12 14 10 13 11 30 28 24 29 22 21 15 26 25 17 27
AVOIDER 1 7 2 4 3 9 8 5 19 6 23 18 20 16 12 14 10 13 11 29 30 24 28 22 21 15 26 25 17 27
AVOIDER 1 7 2 4 3 9 8 5 19 6 23 18 20 16 12 14 10 13 11 28 29 30 24 22 21 15 26 25 17 27
AVOIDER 1 7 2 4 3 9 8 5 19 6 23 18 20 16 12 14 10 13 11 28 30 29 24 22 21 15 26 25 17 27
AVOIDER 1 7 2 4 3 9 8 5 19 6 23 18 20 16 12 14 10 13 11 29 28 30 24 22 21 15 26 25 17 27
AVOIDER 1 7 2 4 3 9 8 5 19 6 23 18 20 16 12 14 10 13 11 30 28 29 24 22 21 15 26 25 17 27
AVOIDER 1 7 2 4 3 9 8 5 19 6 23 18 20 16 12 14 10 13 11 29 30 28 24 22 21 15 26 25 17 27
AVOIDER 1 7 2 4 3 9 8 5 23 6 19 18 20 16 12 14 10 13 11 24 30 22 28 29 21 15 26 25 17 27
AVOIDER 1 7 2 4 3 9 8 5 23 6 19 18 20 16 12 14 10 13 11 30 24 22 28 29 21 15 26 25 17 27
AVOIDER 1 7 2 4 3 9 8 5 23 6 19 18 20 16 12 14 10 13 11 24 28 30 22 29 21 15 26 25 17 27
AVOIDER 1 7 2 4 3 9 8 5 23 6 19 18 20 16 12 14 10 13 11 24 30 28 22 29 21 15 26 25 17 27
AVOIDER 1 7 2 4 3 9 8 5 23 6 19 18 20 16 12 14 10 13 11 24 29 30 22 28 21 15 26 25 17 27
AVOIDER 1 7 2 4 3 9 8 5 23 6 19 18 20 16 12 14 10 13 11 28 24 30 22 29 21 15 26 25 17 27
AVOIDER 1 7 2 4 3 9 8 5 23 6 19 18 20 16 12 14 10 13 11 30 24 28 22 29 21 15 26 25 17 27
AVOIDER 1 7 2 4 3 9 8 5 23 6 19 18 20 16 12 14 10 13 11 29 24 30 22 28 21 15 26 25 17 27
AVOIDER 1 7 2 4 3 9 8 5 23 6 19 18 20 16 12 14 10 13 11 28 30 24 22 29 21 15 26 25 17 27
AVOIDER 1 7 2 4 3 9 8 5 23 6 19 18 20 16 12 14 10 13 11 30 28 24 22 29 21 15 26 25 17 27
AVOIDER 1 7 2 4 3 9 8 5 23 6 19 18 20 16 12 14 10 13 11 29 30 24 22 28 21 15 26 25 17 27
AVOIDER 1 7 2 4 3 9 8 5 23 6 19 18 20 16 12 14 10 13 11 24 28 29 30 22 21 15 26 25 17 27
AVOIDER 1 7 2 4 3 9 8 5 23 6 19 18 20 16 12 14 10 13 11 24 28 30 29 22 21 15 26 25 17 27
AVOIDER 1 7 2 4 3 9 8 5 23 6 19 18 20 16 12 14 10 13 11 24 29 28 30 22 21 15 26 25 17 27
AVOIDER 1 7 2 4 3 9 8 5 23 6 19 18 20 16 12 14 10 13 11 24 30 28 29 22 21 15 26 25 17 27
AVOIDER 1 7 2 4 3 9 8 5 23 6 19 18 20 16 12 14 10 13 11 24 29 30 28 22 21 15 26 25 17 27
AVOIDER 1 7 2 4 3 9 8 5 23 6 19 18 20 16 12 14 10 13 11 28 24 29 30 22 21 15 26 25 17 27
AVOIDER 1 7 2 4 3 9 8 5 23 6 19 18 20 16 12 14 10 13 11 28 24 30 29 22 21 15 26 25 17 27
AVOIDER 1 7 2 4 3 9 8 5 23 6 19 18 20 16 12 14 10 13 11 29 24 28 30 22 21 15 26 25 17 27
AVOIDER 1 7 2 4 3 9 8 5 23 6 19 18 20 16 12 14 10 13 11 30 24 28 29 22 21 15 26 25 17 27
AVOIDER 1 7 2 4 3 9 8 5 23 6 19 18 20 16 12 14 10 13 11 29 24 30 28 22 21 15 26 25 17 27
AVOIDER 1 7 2 4 3 9 8 5 23 6 19 18 20 16 12 14 10 13 11 28 29 24 30 22 21 15 26 25 17 27
AVOIDER 1 7 2 4 3 9 8 5 23 6 19 18 20 16 12 14 10 13 11 28 30 24 29 22 21 15 26 25 17 27
AVOIDER 1 7 2 4 3 9 8 5 23 6 19 18 20 16 12 14 10 13 11 29 28 24 30 22 21 15 26 25 17 27
AVOIDER 1 7 2 4 3 9 8 5 23 6 19 18 20 16 12 14 10 13 11 30 28 24 29 22 21 15 26 25 17 27
AVOIDER 1 7 2 4 3 9 8 5 23 6 19 18 20 16 12 14 10 13 11 29 30 24 28 22 21 15 26 25 17 27
AVOIDER 1 7 2 4 3 9 8 5 23 6 19 18 20 16 12 14 10 13 11 28 29 30 24 22 21 15 26 25 17 27
AVOIDER 1 7 2 4 3 9 8 5 23 6 19 18 20 16 12 14 10 13 11 28 30 29 24 22 21 15 26 25 17 27
AVOIDER 1 7 2 4 3 9 8 5 23 6 19 18 20 16 12 14 10 13 11 29 28 30 24 22 21 15 26 25 17 27
AVOIDER 1 7 2 4 3 9 8 5 23 6 19 18 20 16 12 14 10 13 11 30 28 29 24 22 21 15 26 25 17 27
AVOIDER 1 7 2 4 3 9 8 5 23 6 19 18 20 16 12 14 10 13 11 29 30 28 24 22 21 15 26 25 17 27
AVOIDER 1 7 2 4 3 9 8 5 18 6 20 19 14 23 16 12 10 13 11 24 28 29 30 21 22 15 26 25 17 27
AVOIDER 1 7 2 4 3 9 8 5 18 6 20 19 14 23 16 12 10 13 11 24 28 30 29 21 22 15 26 25 17 27
AVOIDER 1 7 2 4 3 9 8 5 18 6 20 19 14 23 16 12 10 13 11 24 29 28 30 21 22 15 26 25 17 27
AVOIDER 1 7 2 4 3 9 8 5 18 6 20 19 14 23 16 12 10 13 11 24 30 28 29 21 22 15 26 25 17 27
AVOIDER 1 7 2 4 3 9 8 5 18 6 20 19 14 23 16 12 10 13 11 24 29 30 28 21 22 15 26 25 17 27
AVOIDER 1 7 2 4 3 9 8 5 18 6 20 19 14 23 16 12 10 13 11 28 24 29 30 21 22 15 26 25 17 27
AVOIDER 1 7 2 4 3 9 8 5 18 6 20 19 14 23 16 12 10 13 11 28 24 30 29 21 22 15 26 25 17 27
AVOIDER 1 7 2 4 3 9 8 5 18 6 20 19 14 23 16 12 10 13 11 29 24 28 30 21 22 15 26 25 17 27
AVOIDER 1 7 2 4 3 9 8 5 18 6 20 19 14 23 16 12 10 13 11 30 24 28 29 21 22 15 26 25 17 27
AVOIDER 1 7 2 4 3 9 8 5 18 6 20 19 14 23 16 12 10 13 11 29 24 30 28 21 22 15 26 25 17 27
AVOIDER 1 7 2 4 3 9 8 5 18 6 20 19 14 23 16 12 10 13 11 28 29 24 30 21 22 15 26 25 17 27
AVOIDER 1 7 2 4 3 9 8 5 18 6 20 19 14 23 16 12 10 13 11 28 30 24 29 21 22 15 26 25 17 27
AVOIDER 1 7 2 4 3 9 8 5 18 6 20 19 14 23 16 12 10 13 11 29 28 24 30 21 22 15 26 25 17 27
AVOIDER 1 7 2 4 3 9 8 5 18 6 20 19 14 23 16 12 10 13 11 30 28 24 29 21 22 15 26 25 17 27
AVOIDER 1 7 2 4 3 9 8 5 18 6 20 19 14 23 16 12 10 13 11 29 30 24 28 21 22 15 26 25 17 27
AVOIDER 1 7 2 4 3 9 8 5 18 6 20 19 14 23 16 12 10 13 11 28 29 30 24 21 22 15 26 25 17 27
AVOIDER 1 7 2 4 3 9 8 5 18 6 20 19 14 23 16 12 10 13 11 28 30 29 24 21 22 15 26 25 17 27
AVOIDER 1 7 2 4 3 9 8 5 18 6 20 19 14 23 16 12 10 13 11 29 28 30 24 21 22 15 26 25 17 27
AVOIDER 1 7 2 4 3 9 8 5 18 6 20 19 14 23 16 12 10 13 11 30 28 29 24 21 22 15 26 25 17 27
AVOIDER 1 7 2 4 3 9 8 5 18 6 20 19 14 23 16 12 10 13 11 29 30 28 24 21 22 15 26 25 17 27
AVOIDER 1 7 2 4 3 9 8 5 18 6 20 19 14 23 16 12 10 13 11 24 30 22 28 29 21 15 26 25 17 27
AVOIDER 1 7 2 4 3 9 8 5 18 6 20 19 14 23 16 12 10 13 11 30 24 22 28 29 21 15 26 25 17 27
AVOIDER 1 7 2 4 3 9 8 5 18 6 20 19 14 23 16 12 10 13 11 24 28 30 22 29 21 15 26 25 17 27
AVOIDER 1 7 2 4 3 9 8 5 18 6 20 19 14 23 16 12 10 13 11 24 30 28 22 29 21 15 26 25 17 27
AVOIDER 1 7 2 4 3 9 8 5 18 6 20 19 14 23 16 12 10 13 11 24 29 30 22 28 21 15 26 25 17 27
AVOIDER 1 7 2 4 3 9 8 5 18 6 20 19 14 23 16 12 10 13 11 28 24 30 22 29 21 15 26 25 17 27
AVOIDER 1 7 2 4 3 9 8 5 18 6 20 19 14 23 16 12 10 13 11 30 24 28 22 29 21 15 26 25 17 27
AVOIDER 1 7 2 4 3 9 8 5 18 6 20 19 14 23 16 12 10 13 11 29 24 30 22 28 21 15 26 25 17 27
AVOIDER 1 7 2 4 3 9 8 5 18 6 20 19 14 23 16 12 10 13 11 28 30 24 22 29 21 15 26 25 17 27
AVOIDER 1 7 2 4 3 9 8 5 18 6 20 19 14 23 16 12 10 13 11 30 28 24 22 29 21 15 26 25 17 27
AVOIDER 1 7 2 4 3 9 8 5 18 6 20 19 14 23 16 12 10 13 11 29 30 24 22 28 21 15 26 25 17 27
AVOIDER 1 7 2 4 3 9 8 5 18 6 20 19 14 23 16 12 10 13 11 24 28 29 30 22 21 15 26 25 17 27
AVOIDER 1 7 2 4 3 9 8 5 18 6 20 19 14 23 16 12 10 13 11 24 28 30 29 22 21 15 26 25 17 27
AVOIDER 1 7 2 4 3 9 8 5 18 6 20 19 14 23 16 12 10 13 11 24 29 28 30 22 21 15 26 25 17 27
AVOIDER 1 7 2 4 3 9 8 5 18 6 20 19 14 23 16 12 10 13 11 24 30 28 29 22 21 15 26 25 17 27
AVOIDER 1 7 2 4 3 9 8 5 18 6 20 19 14 23 16 12 10 13 11 24 29 30 28 22 21 15 26 25 17 27
AVOIDER 1 7 2 4 3 9 8 5 18 6 20 19 14 23 16 12 10 13 11 28 24 29 30 22 21 15 26 25 17 27
AVOIDER 1 7 2 4 3 9 8 5 18 6 20 19 14 23 16 12 10 13 11 28 24 30 29 22 21 15 26 25 17 27
AVOIDER 1 7 2 4 3 9 8 5 18 6 20 19 14 23 16 12 10 13 11 29 24 28 30 22 21 15 26 25 17 27
AVOIDER 1 7 2 4 3 9 8 5 18 6 20 19 14 23 16 12 10 13 11 30 24 28 29 22 21 15 26 25 17 27
AVOIDER 1 7 2 4 3 9 8 5 18 6 20 19 14 23 16 12 10 13 11 29 24 30 28 22 21 15 26 25 17 27
AVOIDER 1 7 2 4 3 9 8 5 18 6 20 19 14 23 16 12 10 13 11 28 29 24 30 22 21 15 26 25 17 27
AVOIDER 1 7 2 4 3 9 8 5 18 6 20 19 14 23 16 12 10 13 11 28 30 24 29 22 21 15 26 25 17 27
AVOIDER 1 7 2 4 3 9 8 5 18 6 20 19 14 23 16 12 10 13 11 29 28 24 30 22 21 15 26 25 17 27
AVOIDER 1 7 2 4 3 9 8 5 18 6 20 19 14 23 16 12 10 13 11 30 28 24 29 22 21 15 26 25 17 27
AVOIDER 1 7 2 4 3 9 8 5 18 6 20 19 14 23 16 12 10 13 11 29 30 24 28 22 21 15 26 25 17 27
AVOIDER 1 7 2 4 3 9 8 5 18 6 20 19 14 23 16 12 10 13 11 28 29 30 24 22 21 15 26 25 17 27
AVOIDER 1 7 2 4 3 9 8 5 18 6 20 19 14 23 16 12 10 13 11 28 30 29 24 22 21 15 26 25 17 27
AVOIDER 1 7 2 4 3 9 8 5 18 6 20 19 14 23 16 12 10 13 11 29 28 30 24 22 21 15 26 25 17 27
AVOIDER 1 7 2 4 3 9 8 5 18 6 20 19 14 23 16 12 10 13 11 30 28 29 24 22 21 15 26 25 17 27
AVOIDER 1 7 2 4 3 9 8 5 18 6 20 19 14 23 16 12 10 13 11 29 30 28 24 22 21 15 26 25 17 27
AVOIDER 1 7 2 4 3 9 8 5 19 6 18 20 14 23 16 12 10 13 11 24 30 22 28 29 21 15 26 25 17 27
AVOIDER 1 7 2 4 3 9 8 5 19 6 18 20 14 23 16 12 10 13 11 30 24 22 28 29 21 15 26 25 17 27
AVOIDER 1 7 2 4 3 9 8 5 19 6 18 20 14 23 16 12 10 13 11 24 28 30 22 29 21 15 26 25 17 27
AVOIDER 1 7 2 4 3 9 8 5 19 6 18 20 14 23 16 12 10 13 11 24 30 28 22 29 21 15 26 25 17 27
AVOIDER 1 7 2 4 3 9 8 5 19 6 18 20 14 23 16 12 10 13 11 24 29 30 22 28 21 15 26 25 17 27
AVOIDER 1 7 2 4 3 9 8 5 19 6 18 20 14 23 16 12 10 13 11 28 24 30 22 29 21 15 26 25 17 27
AVOIDER 1 7 2 4 3 9 8 5 19 6 18 20 14 23 16 12 10 13 11 30 24 28 22 29 21 15 26 25 17 27
AVOIDER 1 7 2 4 3 9 8 5 19 6 18 20 14 23 16 12 10 13 11 29 24 30 22 28 21 15 26 25 17 27
AVOIDER 1 7 2 4 3 9 8 5 19 6 18 20 14 23 16 12 10 13 11 28 30 24 22 29 21 15 26 25 17 27
AVOIDER 1 7 2 4 3 9 8 5 19 6 18 20 14 23 16 12 10 13 11 30 28 24 22 29 21 15 26 25 17 27
AVOIDER 1 7 2 4 3 9 8 5 19 6 18 20 14 23 16 12 10 13 11 29 30 24 22 28 21 15 26 25 17 27
AVOIDER 1 7 2 4 3 9 8 5 19 6 18 20 14 23 16 12 10 13 11 24 28 29 30 22 21 15 26 25 17 27
AVOIDER 1 7 2 4 3 9 8 5 19 6 18 20 14 23 16 12 10 13 11 24 28 30 29 22 21 15 26 25 17 27
AVOIDER 1 7 2 4 3 9 8 5 19 6 18 20 14 23 16 12 10 13 11 24 29 28 30 22 21 15 26 25 17 27
AVOIDER 1 7 2 4 3 9 8 5 19 6 18 20 14 23 16 12 10 13 11 24 30 28 29 22 21 15 26 25 17 27
AVOIDER 1 7 2 4 3 9 8 5 19 6 18 20 14 23 16 12 10 13 11 24 29 30 28 22 21 15 26 25 17 27
AVOIDER 1 7 2 4 3 9 8 5 19 6 18 20 14 23 16 12 10 13 11 28 24 29 30 22 21 15 26 25 17 27
AVOIDER 1 7 2 4 3 9 8 5 19 6 18 20 14 23 16 12 10 13 11 28 24 30 29 22 21 15 26 25 17 27
AVOIDER 1 7 2 4 3 9 8 5 19 6 18 20 14 23 16 12 10 13 11 29 24 28 30 22 21 15 26 25 17 27
AVOIDER 1 7 2 4 3 9 8 5 19 6 18 20 14 23 16 12 10 13 11 30 24 28 29 22 21 15 26 25 17 27
AVOIDER 1 7 2 4 3 9 8 5 19 6 18 20 14 23 16 12 10 13 11 29 24 30 28 22 21 15 26 25 17 27
AVOIDER 1 7 2 4 3 9 8 5 19 6 18 20 14 23 16 12 10 13 11 28 29 24 30 22 21 15 26 25 17 27
AVOIDER 1 7 2 4 3 9 8 5 19 6 18 20 14 23 16 12 10 13 11 28 30 24 29 22 21 15 26 25 17 27
AVOIDER 1 7 2 4 3 9 8 5 19 6 18 20 14 23 16 12 10 13 11 29 28 24 30 22 21 15 26 25 17 27
AVOIDER 1 7 2 4 3 9 8 5 19 6 18 20 14 23 16 12 10 13 11 30 28 24 29 22 21 15 26 25 17 27
AVOIDER 1 7 2 4 3 9 8 5 19 6 18 20 14 23 16 12 10 13 11 29 30 24 28 22 21 15 26 25 17 27
AVOIDER 1 7 2 4 3 9 8 5 19 6 18 20 14 23 16 12 10 13 11 28 29 30 24 22 21 15 26 25 17 27
AVOIDER 1 7 2 4 3 9 8 5 19 6 18 20 14 23 16 12 10 13 11 28 30 29 24 22 21 15 26 25 17 27
AVOIDER 1 7 2 4 3 9 8 5 19 6 18 20 14 23 16 12 10 13 11 29 28 30 24 22 21 15 26 25 17 27
AVOIDER 1 7 2 4 3 9 8 5 19 6 18 20 14 23 16 12 10 13 11 30 28 29 24 22 21 15 26 25 17 27
AVOIDER 1 7 2 4 3 9 8 5 19 6 18 20 14 23 16 12 10 13 11 29 30 28 24 22 21 15 26 25 17 27
AVOIDER 1 7 2 4 3 9 8 5 20 6 18 19 14 23 16 12 10 13 11 24 28 29 30 21 22 15 26 25 17 27
AVOIDER 1 7 2 4 3 9 8 5 20 6 18 19 14 23 16 12 10 13 11 24 28 30 29 21 22 15 26 25 17 27
AVOIDER 1 7 2 4 3 9 8 5 20 6 18 19 14 23 16 12 10 13 11 24 29 28 30 21 22 15 26 25 17 27
AVOIDER 1 7 2 4 3 9 8 5 20 6 18 19 14 23 16 12 10 13 11 24 30 28 29 21 22 15 26 25 17 27
AVOIDER 1 7 2 4 3 9 8 5 20 6 18 19 14 23 16 12 10 13 11 24 29 30 28 21 22 15 26 25 17 27
AVOIDER 1 7 2 4 3 9 8 5 20 6 18 19 14 23 16 12 10 13 11 28 24 29 30 21 22 15 26 25 17 27
AVOIDER 1 7 2 4 3 9 8 5 20 6 18 19 14 23 16 12 10 13 11 28 24 30 29 21 22 15 26 25 17 27
AVOIDER 1 7 2 4 3 9 8 5 20 6 18 19 14 23 16 12 10 13 11 29 24 28 30 21 22 15 26 25 17 27
AVOIDER 1 7 2 4 3 9 8 5 20 6 18 19 14 23 16 12 10 13 11 30 24 28 29 21 22 15 26 25 17 27
AVOIDER 1 7 2 4 3 9 8 5 20 6 18 19 14 23 16 12 10 13 11 29 24 30 28 21 22 15 26 25 17 27
AVOIDER 1 7 2 4 3 9 8 5 20 6 18 19 14 23 16 12 10 13 11 28 29 24 30 21 22 15 26 25 17 27
AVOIDER 1 7 2 4 3 9 8 5 20 6 18 19 14 23 16 12 10 13 11 28 30 24 29 21 22 15 26 25 17 27
AVOIDER 1 7 2 4 3 9 8 5 20 6 18 19 14 23 16 12 10 13 11 29 28 24 30 21 22 15 26 25 17 27
AVOIDER 1 7 2 4 3 9 8 5 20 6 18 19 14 23 16 12 10 13 11 30 28 24 29 21 22 15 26 25 17 27
AVOIDER 1 7 2 4 3 9 8 5 20 6 18 19 14 23 16 12 10 13 11 29 30 24 28 21 22 15 26 25 17 27
AVOIDER 1 7 2 4 3 9 8 5 20 6 18 19 14 23 16 12 10 13 11 28 29 30 24 21 22 15 26 25 17 27
AVOIDER 1 7 2 4 3 9 8 5 20 6 18 19 14 23 16 12 10 13 11 28 30 29 24 21 22 15 26 25 17 27
AVOIDER 1 7 2 4 3 9 8 5 20 6 18 19 14 23 16 12 10 13 11 29 28 30 24 21 22 15 26 25 17 27
AVOIDER 1 7 2 4 3 9 8 5 20 6 18 19 14 23 16 12 10 13 11 30 28 29 24 21 22 15 26 25 17 27
AVOIDER 1 7 2 4 3 9 8 5 20 6 18 19 14 23 16 12 10 13 11 29 30 28 24 21 22 15 26 25 17 27
AVOIDER 1 7 2 4 3 9 8 5 20 6 18 19 14 23 16 12 10 13 11 24 30 22 28 29 21 15 26 25 17 27
AVOIDER 1 7 2 4 3 9 8 5 20 6 18 19 14 23 16 12 10 13 11 30 24 22 28 29 21 15 26 25 17 27
AVOIDER 1 7 2 4 3 9 8 5 20 6 18 19 14 23 16 12 10 13 11 24 28 30 22 29 21 15 26 25 17 27
AVOIDER 1 7 2 4 3 9 8 5 20 6 18 19 14 23 16 12 10 13 11 24 30 28 22 29 21 15 26 25 17 27
AVOIDER 1 7 2 4 3 9 8 5 20 6 18 19 14 23 16 12 10 13 11 24 29 30 22 28 21 15 26 25 17 27
AVOIDER 1 7 2 4 3 9 8 5 20 6 18 19 14 23 16 12 10 13 11 28 24 30 22 29 21 15 26 25 17 27
AVOIDER 1 7 2 4 3 9 8 5 20 6 18 19 14 23 16 12 10 13 11 30 24 28 22 29 21 15 26 25 17 27
AVOIDER 1 7 2 4 3 9 8 5 20 6 18 19 14 23 16 12 10 13 11 29 24 30 22 28 21 15 26 25 17 27
AVOIDER 1 7 2 4 3 9 8 5 20 6 18 19 14 23 16 12 10 13 11 28 30 24 22 29 21 15 26 25 17 27
AVOIDER 1 7 2 4 3 9 8 5 20 6 18 19 14 23 16 12 10 13 11 30 28 24 22 29 21 15 26 25 17 27
AVOIDER 1 7 2 4 3 9 8 5 20 6 18 19 14 23 16 12 10 13 11 29 30 24 22 28 21 15 26 25 17 27
AVOIDER 1 7 2 4 3 9 8 5 20 6 18 19 14 23 16 12 10 13 11 24 28 29 30 22 21 15 26 25 17 27
AVOIDER 1 7 2 4 3 9 8 5 20 6 18 19 14 23 16 12 10 13 11 24 28 30 29 22 21 15 26 25 17 27
AVOIDER 1 7 2 4 3 9 8 5 20 6 18 19 14 23 16 12 10 13 11 24 29 28 30 22 21 15 26 25 17 27
AVOIDER 1 7 2 4 3 9 8 5 20 6 18 19 14 23 16 12 10 13 11 24 30 28 29 22 21 15 26 25 17 27
AVOIDER 1 7 2 4 3 9 8 5 20 6 18 19 14 23 16 12 10 13 11 24 29 30 28 22 21 15 26 25 17 27
AVOIDER 1 7 2 4 3 9 8 5 20 6 18 19 14 23 16 12 10 13 11 28 24 29 30 22 21 15 26 25 17 27
AVOIDER 1 7 2 4 3 9 8 5 20 6 18 19 14 23 16 12 10 13 11 28 24 30 29 22 21 15 26 25 17 27
AVOIDER 1 7 2 4 3 9 8 5 20 6 18 19 14 23 16 12 10 13 11 29 24 28 30 22 21 15 26 25 17 27
AVOIDER 1 7 2 4 3 9 8 5 20 6 18 19 14 23 16 12 10 13 11 30 24 28 29 22 21 15 26 25 17 27
AVOIDER 1 7 2 4 3 9 8 5 20 6 18 19 14 23 16 12 10 13 11 29 24 30 28 22 21 15 26 25 17 27
AVOIDER 1 7 2 4 3 9 8 5 20 6 18 19 14 23 16 12 10 13 11 28 29 24 30 22 21 15 26 25 17 27
AVOIDER 1 7 2 4 3 9 8 5 20 6 18 19 14 23 16 12 10 13 11 28 30 24 29 22 21 15 26 25 17 27
AVOIDER 1 7 2 4 3 9 8 5 20 6 18 19 14 23 16 12 10 13 11 29 28 24 30 22 21 15 26 25 17 27
AVOIDER 1 7 2 4 3 9 8 5 20 6 18 19 14 23 16 12 10 13 11 30 28 24 29 22 21 15 26 25 17 27
AVOIDER 1 7 2 4 3 9 8 5 20 6 18 19 14 23 16 12 10 13 11 29 30 24 28 22 21 15 26 25 17 27
AVOIDER 1 7 2 4 3 9 8 5 20 6 18 19 14 23 16 12 10 13 11 28 29 30 24 22 21 15 26 25 17 27
AVOIDER 1 7 2 4 3 9 8 5 20 6 18 19 14 23 16 12 10 13 11 28 30 29 24 22 21 15 26 25 17 27
AVOIDER 1 7 2 4 3 9 8 5 20 6 18 19 14 23 16 12 10 13 11 29 28 30 24 22 21 15 26 25 17 27
AVOIDER 1 7 2 4 3 9 8 5 20 6 18 19 14 23 16 12 10 13 11 30 28 29 24 22 21 15 26 25 17 27
AVOIDER 1 7 2 4 3 9 8 5 20 6 18 19 14 23 16 12 10 13 11 29 30 28 24 22 21 15 26 25 17 27
AVOIDER 1 7 2 4 3 9 8 5 19 6 20 18 14 23 16 12 10 13 11 24 30 22 28 29 21 15 26 25 17 27
AVOIDER 1 7 2 4 3 9 8 5 19 6 20 18 14 23 16 12 10 13 11 30 24 22 28 29 21 15 26 25 17 27
AVOIDER 1 7 2 4 3 9 8 5 19 6 20 18 14 23 16 12 10 13 11 24 28 30 22 29 21 15 26 25 17 27
AVOIDER 1 7 2 4 3 9 8 5 19 6 20 18 14 23 16 12 10 13 11 24 30 28 22 29 21 15 26 25 17 27
AVOIDER 1 7 2 4 3 9 8 5 19 6 20 18 14 23 16 12 10 13 11 24 29 30 22 28 21 15 26 25 17 27
AVOIDER 1 7 2 4 3 9 8 5 19 6 20 18 14 23 16 12 10 13 11 28 24 30 22 29 21 15 26 25 17 27
AVOIDER 1 7 2 4 3 9 8 5 19 6 20 18 14 23 16 12 10 13 11 30 24 28 22 29 21 15 26 25 17 27
AVOIDER 1 7 2 4 3 9 8 5 19 6 20 18 14 23 16 12 10 13 11 29 24 30 22 28 21 15 26 25 17 27
AVOIDER 1 7 2 4 3 9 8 5 19 6 20 18 14 23 16 12 10 13 11 28 30 24 22 29 21 15 26 25 17 27
AVOIDER 1 7 2 4 3 9 8 5 19 6 20 18 14 23 16 12 10 13 11 30 28 24 22 29 21 15 26 25 17 27
AVOIDER 1 7 2 4 3 9 8 5 19 6 20 18 14 23 16 12 10 13 11 29 30 24 22 28 21 15 26 25 17 27
AVOIDER 1 7 2 4 3 9 8 5 19 6 20 18 14 23 16 12 10 13 11 24 28 29 30 22 21 15 26 25 17 27
AVOIDER 1 7 2 4 3 9 8 5 19 6 20 18 14 23 16 12 10 13 11 24 28 30 29 22 21 15 26 25 17 27
AVOIDER 1 7 2 4 3 9 8 5 19 6 20 18 14 23 16 12 10 13 11 24 29 28 30 22 21 15 26 25 17 27
AVOIDER 1 7 2 4 3 9 8 5 19 6 20 18 14 23 16 12 10 13 11 24 30 28 29 22 21 15 26 25 17 27
AVOIDER 1 7 2 4 3 9 8 5 19 6 20 18 14 23 16 12 10 13 11 24 29 30 28 22 21 15 26 25 17 27
AVOIDER 1 7 2 4 3 9 8 5 19 6 20 18 14 23 16 12 10 13 11 28 24 29 30 22 21 15 26 25 17 27
AVOIDER 1 7 2 4 3 9 8 5 19 6 20 18 14 23 16 12 10 13 11 28 24 30 29 22 21 15 26 25 17 27
AVOIDER 1 7 2 4 3 9 8 5 19 6 20 18 14 23 16 12 10 13 11 29 24 28 30 22 21 15 26 25 17 27
AVOIDER 1 7 2 4 3 9 8 5 19 6 20 18 14 23 16 12 10 13 11 30 24 28 29 22 21 15 26 25 17 27
AVOIDER 1 7 2 4 3 9 8 5 19 6 20 18 14 23 16 12 10 13 11 29 24 30 28 22 21 15 26 25 17 27
AVOIDER 1 7 2 4 3 9 8 5 19 6 20 18 14 23 16 12 10 13 11 28 29 24 30 22 21 15 26 25 17 27
AVOIDER 1 7 2 4 3 9 8 5 19 6 20 18 14 23 16 12 10 13 11 28 30 24 29 22 21 15 26 25 17 27
AVOIDER 1 7 2 4 3 9 8 5 19 6 20 18 14 23 16 12 10 13 11 29 28 24 30 22 21 15 26 25 17 27
AVOIDER 1 7 2 4 3 9 8 5 19 6 20 18 14 23 16 12 10 13 11 30 28 24 29 22 21 15 26 25 17 27
AVOIDER 1 7 2 4 3 9 8 5 19 6 20 18 14 23 16 12 10 13 11 29 30 24 28 22 21 15 26 25 17 27
AVOIDER 1 7 2 4 3 9 8 5 19 6 20 18 14 23 16 12 10 13 11 28 29 30 24 22 21 15 26 25 17 27
AVOIDER 1 7 2 4 3 9 8 5 19 6 20 18 14 23 16 12 10 13 11 28 30 29 24 22 21 15 26 25 17 27
AVOIDER 1 7 2 4 3 9 8 5 19 6 20 18 14 23 16 12 10 13 11 29 28 30 24 22 21 15 26 25 17 27
AVOIDER 1 7 2 4 3 9 8 5 19 6 20 18 14 23 16 12 10 13 11 30 28 29 24 22 21 15 26 25 17 27
AVOIDER 1 7 2 4 3 9 8 5 19 6 20 18 14 23 16 12 10 13 11 29 30 28 24 22 21 15 26 25 17 27
AVOIDER 1 7 2 4 3 9 8 5 18 6 20 19 23 14 16 12 10 13 11 24 28 29 30 21 22 15 26 25 17 27
AVOIDER 1 7 2 4 3 9 8 5 18 6 20 19 23 14 16 12 10 13 11 24 28 30 29 21 22 15 26 25 17 27
AVOIDER 1 7 2 4 3 9 8 5 18 6 20 19 23 14 16 12 10 13 11 24 29 28 30 21 22 15 26 25 17 27
AVOIDER 1 7 2 4 3 9 8 5 18 6 20 19 23 14 16 12 10 13 11 24 30 28 29 21 22 15 26 25 17 27
AVOIDER 1 7 2 4 3 9 8 5 18 6 20 19 23 14 16 12 10 13 11 24 29 30 28 21 22 15 26 25 17 27
AVOIDER 1 7 2 4 3 9 8 5 18 6 20 19 23 14 16 12 10 13 11 28 24 29 30 21 22 15 26 25 17 27
AVOIDER 1 7 2 4 3 9 8 5 18 6 20 19 23 14 16 12 10 13 11 28 24 30 29 21 22 15 26 25 17 27
AVOIDER 1 7 2 4 3 9 8 5 18 6 20 19 23 14 16 12 10 13 11 29 24 28 30 21 22 15 26 25 17 27
AVOIDER 1 7 2 4 3 9 8 5 18 6 20 19 23 14 16 12 10 13 11 30 24 28 29 21 22 15 26 25 17 27
AVOIDER 1 7 2 4 3 9 8 5 18 6 20 19 23 14 16 12 10 13 11 29 24 30 28 21 22 15 26 25 17 27
AVOIDER 1 7 2 4 3 9 8 5 18 6 20 19 23 14 16 12 10 13 11 28 29 24 30 21 22 15 26 25 17 27
AVOIDER 1 7 2 4 3 9 8 5 18 6 20 19 23 14 16 12 10 13 11 28 30 24 29 21 22 15 26 25 17 27
AVOIDER 1 7 2 4 3 9 8 5 18 6 20 19 23 14 16 12 10 13 11 29 28 24 30 21 22 15 26 25 17 27
AVOIDER 1 7 2 4 3 9 8 5 18 6 20 19 23 14 16 12 10 13 11 30 28 24 29 21 22 15 26 25 17 27
AVOIDER 1 7 2 4 3 9 8 5 18 6 20 19 23 14 16 12 10 13 11 29 30 24 28 21 22 15 26 25 17 27
AVOIDER 1 7 2 4 3 9 8 5 18 6 20 19 23 14 16 12 10 13 11 28 29 30 24 21 22 15 26 25 17 27
AVOIDER 1 7 2 4 3 9 8 5 18 6 20 19 23 14 16 12 10 13 11 28 30 29 24 21 22 15 26 25 17 27
AVOIDER 1 7 2 4 3 9 8 5 18 6 20 19 23 14 16 12 10 13 11 29 28 30 24 21 22 15 26 25 17 27
AVOIDER 1 7 2 4 3 9 8 5 18 6 20 19 23 14 16 12 10 13 11 30 28 29 24 21 22 15 26 25 17 27
AVOIDER 1 7 2 4 3 9 8 5 18 6 20 19 23 14 16 12 10 13 11 29 30 28 24 21 22 15 26 25 17 27
AVOIDER 1 7 2 4 3 9 8 5 18 6 20 19 23 14 16 12 10 13 11 24 30 22 28 29 21 15 26 25 17 27
AVOIDER 1 7 2 4 3 9 8 5 18 6 20 19 23 14 16 12 10 13 11 30 24 22 28 29 21 15 26 25 17 27
AVOIDER 1 7 2 4 3 9 8 5 18 6 20 19 23 14 16 12 10 13 11 24 28 30 22 29 21 15 26 25 17 27
AVOIDER 1 7 2 4 3 9 8 5 18 6 20 19 23 14 16 12 10 13 11 24 30 28 22 29 21 15 26 25 17 27
AVOIDER 1 7 2 4 3 9 8 5 18 6 20 19 23 14 16 12 10 13 11 24 29 30 22 28 21 15 26 25 17 27
AVOIDER 1 7 2 4 3 9 8 5 18 6 20 19 23 14 16 12 10 13 11 28 24 30 22 29 21 15 26 25 17 27
AVOIDER 1 7 2 4 3 9 8 5 18 6 20 19 23 14 16 12 10 13 11 30 24 28 22 29 21 15 26 25 17 27
AVOIDER 1 7 2 4 3 9 8 5 18 6 20 19 23 14 16 12 10 13 11 29 24 30 22 28 21 15 26 25 17 27
AVOIDER 1 7 2 4 3 9 8 5 18 6 20 19 23 14 16 12 10 13 11 28 30 24 22 29 21 15 26 25 17 27
AVOIDER 1 7 2 4 3 9 8 5 18 6 20 19 23 14 16 12 10 13 11 30 28 24 22 29 21 15 26 25 17 27
AVOIDER 1 7 2 4 3 9 8 5 18 6 20 19 23 14 16 12 10 13 11 29 30 24 22 28 21 15 26 25 17 27
AVOIDER 1 7 2 4 3 9 8 5 18 6 20 19 23 14 16 12 10 13 11 24 28 29 30 22 21 15 26 25 17 27
AVOIDER 1 7 2 4 3 9 8 5 18 6 20 19 23 14 16 12 10 13 11 24 28 30 29 22 21 15 26 25 17 27
AVOIDER 1 7 2 4 3 9 8 5 18 6 20 19 23 14 16 12 10 13 11 24 29 28 30 22 21 15 26 25 17 27
AVOIDER 1 7 2 4 3 9 8 5 18 6 20 19 23 14 16 12 10 13 11 24 30 28 29 22 21 15 26 25 17 27
AVOIDER 1 7 2 4 3 9 8 5 18 6 20 19 23 14 16 12 10 13 11 24 29 30 28 22 21 15 26 25 17 27
AVOIDER 1 7 2 4 3 9 8 5 18 6 20 19 23 14 16 12 10 13 11 28 24 29 30 22 21 15 26 25 17 27
AVOIDER 1 7 2 4 3 9 8 5 18 6 20 19 23 14 16 12 10 13 11 28 24 30 29 22 21 15 26 25 17 27
AVOIDER 1 7 2 4 3 9 8 5 18 6 20 19 23 14 16 12 10 13 11 29 24 28 30 22 21 15 26 25 17 27
AVOIDER 1 7 2 4 3 9 8 5 18 6 20 19 23 14 16 12 10 13 11 30 24 28 29 22 21 15 26 25 17 27
AVOIDER 1 7 2 4 3 9 8 5 18 6 20 19 23 14 16 12 10 13 11 29 24 30 28 22 21 15 26 25 17 27
AVOIDER 1 7 2 4 3 9 8 5 18 6 20 19 23 14 16 12 10 13 11 28 29 24 30 22 21 15 26 25 17 27
AVOIDER 1 7 2 4 3 9 8 5 18 6 20 19 23 14 16 12 10 13 11 28 30 24 29 22 21 15 26 25 17 27
AVOIDER 1 7 2 4 3 9 8 5 18 6 20 19 23 14 16 12 10 13 11 29 28 24 30 22 21 15 26 25 17 27
AVOIDER 1 7 2 4 3 9 8 5 18 6 20 19 23 14 16 12 10 13 11 30 28 24 29 22 21 15 26 25 17 27
AVOIDER 1 7 2 4 3 9 8 5 18 6 20 19 23 14 16 12 10 13 11 29 30 24 28 22 21 15 26 25 17 27
AVOIDER 1 7 2 4 3 9 8 5 18 6 20 19 23 14 16 12 10 13 11 28 29 30 24 22 21 15 26 25 17 27
AVOIDER 1 7 2 4 3 9 8 5 18 6 20 19 23 14 16 12 10 13 11 28 30 29 24 22 21 15 26 25 17 27
AVOIDER 1 7 2 4 3 9 8 5 18 6 20 19 23 14 16 12 10 13 11 29 28 30 24 22 21 15 26 25 17 27
AVOIDER 1 7 2 4 3 9 8 5 18 6 20 19 23 14 16 12 10 13 11 30 28 29 24 22 21 15 26 25 17 27
AVOIDER 1 7 2 4 3 9 8 5 18 6 20 19 23 14 16 12 10 13 11 29 30 28 24 22 21 15 26 25 17 27
AVOIDER 1 7 2 4 3 9 8 5 18 6 20 23 19 14 16 12 10 13 11 24 28 29 30 21 22 15 26 25 17 27
AVOIDER 1 7 2 4 3 9 8 5 18 6 20 23 19 14 16 12 10 13 11 24 28 30 29 21 22 15 26 25 17 27
AVOIDER 1 7 2 4 3 9 8 5 18 6 20 23 19 14 16 12 10 13 11 24 29 28 30 21 22 15 26 25 17 27
AVOIDER 1 7 2 4 3 9 8 5 18 6 20 23 19 14 16 12 10 13 11 24 30 28 29 21 22 15 26 25 17 27
AVOIDER 1 7 2 4 3 9 8 5 18 6 20 23 19 14 16 12 10 13 11 24 29 30 28 21 22 15 26 25 17 27
AVOIDER 1 7 2 4 3 9 8 5 18 6 20 23 19 14 16 12 10 13 11 28 24 29 30 21 22 15 26 25 17 27
AVOIDER 1 7 2 4 3 9 8 5 18 6 20 23 19 14 16 12 10 13 11 28 24 30 29 21 22 15 26 25 17 27
AVOIDER 1 7 2 4 3 9 8 5 18 6 20 23 19 14 16 12 10 13 11 29 24 28 30 21 22 15 26 25 17 27
AVOIDER 1 7 2 4 3 9 8 5 18 6 20 23 19 14 16 12 10 13 11 30 24 28 29 21 22 15 26 25 17 27
AVOIDER 1 7 2 4 3 9 8 5 18 6 20 23 19 14 16 12 10 13 11 29 24 30 28 21 22 15 26 25 17 27
AVOIDER 1 7 2 4 3 9 8 5 18 6 20 23 19 14 16 12 10 13 11 28 29 24 30 21 22 15 26 25 17 27
AVOIDER 1 7 2 4 3 9 8 5 18 6 20 23 19 14 16 12 10 13 11 28 30 24 29 21 22 15 26 25 17 27
AVOIDER 1 7 2 4 3 9 8 5 18 6 20 23 19 14 16 12 10 13 11 29 28 24 30 21 22 15 26 25 17 27
AVOIDER 1 7 2 4 3 9 8 5 18 6 20 23 19 14 16 12 10 13 11 30 28 24 29 21 22 15 26 25 17 27
AVOIDER 1 7 2 4 3 9 8 5 18 6 20 23 19 14 16 12 10 13 11 29 30 24 28 21 22 15 26 25 17 27
AVOIDER 1 7 2 4 3 9 8 5 18 6 20 23 19 14 16 12 10 13 11 28 29 30 24 21 22 15 26 25 17 27
AVOIDER 1 7 2 4 3 9 8 5 18 6 20 23 19 14 16 12 10 13 11 28 30 29 24 21 22 15 26 25 17 27
AVOIDER 1 7 2 4 3 9 8 5 18 6 20 23 19 14 16 12 10 13 11 29 28 30 24 21 22 15 26 25 17 27
AVOIDER 1 7 2 4 3 9 8 5 18 6 20 23 19 14 16 12 10 13 11 30 28 29 24 21 22 15 26 25 17 27
AVOIDER 1 7 2 4 3 9 8 5 18 6 20 23 19 14 16 12 10 13 11 29 30 28 24 21 22 15 26 25 17 27
AVOIDER 1 7 2 4 3 9 8 5 18 6 20 23 19 14 16 12 10 13 11 24 30 22 28 29 21 15 26 25 17 27
AVOIDER 1 7 2 4 3 9 8 5 18 6 20 23 19 14 16 12 10 13 11 30 24 22 28 29 21 15 26 25 17 27
AVOIDER 1 7 2 4 3 9 8 5 18 6 20 23 19 14 16 12 10 13 11 24 28 30 22 29 21 15 26 25 17 27
AVOIDER 1 7 2 4 3 9 8 5 18 6 20 23 19 14 16 12 10 13 11 24 30 28 22 29 21 15 26 25 17 27
AVOIDER 1 7 2 4 3 9 8 5 18 6 20 23 19 14 16 12 10 13 11 24 29 30 22 28 21 15 26 25 17 27
AVOIDER 1 7 2 4 3 9 8 5 18 6 20 23 19 14 16 12 10 13 11 28 24 30 22 29 21 15 26 25 17 27
AVOIDER 1 7 2 4 3 9 8 5 18 6 20 23 19 14 16 12 10 13 11 30 24 28 22 29 21 15 26 25 17 27
AVOIDER 1 7 2 4 3 9 8 5 18 6 20 23 19 14 16 12 10 13 11 29 24 30 22 28 21 15 26 25 17 27
AVOIDER 1 7 2 4 3 9 8 5 18 6 20 23 19 14 16 12 10 13 11 28 30 24 22 29 21 15 26 25 17 27
AVOIDER 1 7 2 4 3 9 8 5 18 6 20 23 19 14 16 12 10 13 11 30 28 24 22 29 21 15 26 25 17 27
AVOIDER 1 7 2 4 3 9 8 5 18 6 20 23 19 14 16 12 10 13 11 29 30 24 22 28 21 15 26 25 17 27
AVOIDER 1 7 2 4 3 9 8 5 18 6 20 23 19 14 16 12 10 13 11 24 28 29 30 22 21 15 26 25 17 27
AVOIDER 1 7 2 4 3 9 8 5 18 6 20 23 19 14 16 12 10 13 11 24 28 30 29 22 21 15 26 25 17 27
AVOIDER 1 7 2 4 3 9 8 5 18 6 20 23 19 14 16 12 10 13 11 24 29 28 30 22 21 15 26 25 17 27
AVOIDER 1 7 2 4 3 9 8 5 18 6 20 23 19 14 16 12 10 13 11 24 30 28 29 22 21 15 26 25 17 27
AVOIDER 1 7 2 4 3 9 8 5 18 6 20 23 19 14 16 12 10 13 11 24 29 30 28 22 21 15 26 25 17 27
AVOIDER 1 7 2 4 3 9 8 5 18 6 20 23 19 14 16 12 10 13 11 28 24 29 30 22 21 15 26 25 17 27
AVOIDER 1 7 2 4 3 9 8 5 18 6 20 23 19 14 16 12 10 13 11 28 24 30 29 22 21 15 26 25 17 27
AVOIDER 1 7 2 4 3 9 8 5 18 6 20 23 19 14 16 12 10 13 11 29 24 28 30 22 21 15 26 25 17 27
AVOIDER 1 7 2 4 3 9 8 5 18 6 20 23 19 14 16 12 10 13 11 30 24 28 29 22 21 15 26 25 17 27
AVOIDER 1 7 2 4 3 9 8 5 18 6 20 23 19 14 16 12 10 13 11 29 24 30 28 22 21 15 26 25 17 27
AVOIDER 1 7 2 4 3 9 8 5 18 6 20 23 19 14 16 12 10 13 11 28 29 24 30 22 21 15 26 25 17 27
AVOIDER 1 7 2 4 3 9 8 5 18 6 20 23 19 14 16 12 10 13 11 28 30 24 29 22 21 15 26 25 17 27
AVOIDER 1 7 2 4 3 9 8 5 18 6 20 23 19 14 16 12 10 13 11 29 28 24 30 22 21 15 26 25 17 27
AVOIDER 1 7 2 4 3 9 8 5 18 6 20 23 19 14 16 12 10 13 11 30 28 24 29 22 21 15 26 25 17 27
AVOIDER 1 7 2 4 3 9 8 5 18 6 20 23 19 14 16 12 10 13 11 29 30 24 28 22 21 15 26 25 17 27
AVOIDER 1 7 2 4 3 9 8 5 18 6 20 23 19 14 16 12 10 13 11 28 29 30 24 22 21 15 26 25 17 27
AVOIDER 1 7 2 4 3 9 8 5 18 6 20 23 19 14 16 12 10 13 11 28 30 29 24 22 21 15 26 25 17 27
AVOIDER 1 7 2 4 3 9 8 5 18 6 20 23 19 14 16 12 10 13 11 29 28 30 24 22 21 15 26 25 17 27
AVOIDER 1 7 2 4 3 9 8 5 18 6 20 23 19 14 16 12 10 13 11 30 28 29 24 22 21 15 26 25 17 27
AVOIDER 1 7 2 4 3 9 8 5 18 6 20 23 19 14 16 12 10 13 11 29 30 28 24 22 21 15 26 25 17 27
AVOIDER 1 7 2 4 3 9 8 5 18 6 23 20 19 14 16 12 10 13 11 24 28 29 30 21 22 15 26 25 17 27
AVOIDER 1 7 2 4 3 9 8 5 18 6 23 20 19 14 16 12 10 13 11 24 28 30 29 21 22 15 26 25 17 27
AVOIDER 1 7 2 4 3 9 8 5 18 6 23 20 19 14 16 12 10 13 11 24 29 28 30 21 22 15 26 25 17 27
AVOIDER 1 7 2 4 3 9 8 5 18 6 23 20 19 14 16 12 10 13 11 24 30 28 29 21 22 15 26 25 17 27
AVOIDER 1 7 2 4 3 9 8 5 18 6 23 20 19 14 16 12 10 13 11 24 29 30 28 21 22 15 26 25 17 27
AVOIDER 1 7 2 4 3 9 8 5 18 6 23 20 19 14 16 12 10 13 11 28 24 29 30 21 22 15 26 25 17 27
AVOIDER 1 7 2 4 3 9 8 5 18 6 23 20 19 14 16 12 10 13 11 28 24 30 29 21 22 15 26 25 17 27
AVOIDER 1 7 2 4 3 9 8 5 18 6 23 20 19 14 16 12 10 13 11 29 24 28 30 21 22 15 26 25 17 27
AVOIDER 1 7 2 4 3 9 8 5 18 6 23 20 19 14 16 12 10 13 11 30 24 28 29 21 22 15 26 25 17 27
AVOIDER 1 7 2 4 3 9 8 5 18 6 23 20 19 14 16 12 10 13 11 29 24 30 28 21 22 15 26 25 17 27
AVOIDER 1 7 2 4 3 9 8 5 18 6 23 20 19 14 16 12 10 13 11 28 29 24 30 21 22 15 26 25 17 27
AVOIDER 1 7 2 4 3 9 8 5 18 6 23 20 19 14 16 12 10 13 11 28 30 24 29 21 22 15 26 25 17 27
AVOIDER 1 7 2 4 3 9 8 5 18 6 23 20 19 14 16 12 10 13 11 29 28 24 30 21 22 15 26 25 17 27
AVOIDER 1 7 2 4 3 9 8 5 18 6 23 20 19 14 16 12 10 13 11 30 28 24 29 21 22 15 26 25 17 27
AVOIDER 1 7 2 4 3 9 8 5 18 6 23 20 19 14 16 12 10 13 11 29 30 24 28 21 22 15 26 25 17 27
AVOIDER 1 7 2 4 3 9 8 5 18 6 23 20 19 14 16 12 10 13 11 28 29 30 24 21 22 15 26 25 17 27
AVOIDER 1 7 2 4 3 9 8 5 18 6 23 20 19 14 16 12 10 13 11 28 30 29 24 21 22 15 26 25 17 27
AVOIDER 1 7 2 4 3 9 8 5 18 6 23 20 19 14 16 12 10 13 11 29 28 30 24 21 22 15 26 25 17 27
AVOIDER 1 7 2 4 3 9 8 5 18 6 23 20 19 14 16 12 10 13 11 30 28 29 24 21 22 15 26 25 17 27
AVOIDER 1 7 2 4 3 9 8 5 18 6 23 20 19 14 16 12 10 13 11 29 30 28 24 21 22 15 26 25 17 27
AVOIDER 1 7 2 4 3 9 8 5 18 6 23 20 19 14 16 12 10 13 11 24 30 22 28 29 21 15 26 25 17 27
AVOIDER 1 7 2 4 3 9 8 5 18 6 23 20 19 14 16 12 10 13 11 30 24 22 28 29 21 15 26 25 17 27
AVOIDER 1 7 2 4 3 9 8 5 18 6 23 20 19 14 16 12 10 13 11 24 28 30 22 29 21 15 26 25 17 27
AVOIDER 1 7 2 4 3 9 8 5 18 6 23 20 19 14 16 12 10 13 11 24 30 28 22 29 21 15 26 25 17 27
AVOIDER 1 7 2 4 3 9 8 5 18 6 23 20 19 14 16 12 10 13 11 24 29 30 22 28 21 15 26 25 17 27
AVOIDER 1 7 2 4 3 9 8 5 18 6 23 20 19 14 16 12 10 13 11 28 24 30 22 29 21 15 26 25 17 27
AVOIDER 1 7 2 4 3 9 8 5 18 6 23 20 19 14 16 12 10 13 11 30 24 28 22 29 21 15 26 25 17 27
AVOIDER 1 7 2 4 3 9 8 5 18 6 23 20 19 14 16 12 10 13 11 29 24 30 22 28 21 15 26 25 17 27
AVOIDER 1 7 2 4 3 9 8 5 18 6 23 20 19 14 16 12 10 13 11 28 30 24 22 29 21 15 26 25 17 27
AVOIDER 1 7 2 4 3 9 8 5 18 6 23 20 19 14 16 12 10 13 11 30 28 24 22 29 21 15 26 25 17 27
AVOIDER 1 7 2 4 3 9 8 5 18 6 23 20 19 14 16 12 10 13 11 29 30 24 22 28 21 15 26 25 17 27
AVOIDER 1 7 2 4 3 9 8 5 18 6 23 20 19 14 16 12 10 13 11 24 28 29 30 22 21 15 26 25 17 27
AVOIDER 1 7 2 4 3 9 8 5 18 6 23 20 19 14 16 12 10 13 11 24 28 30 29 22 21 15 26 25 17 27
AVOIDER 1 7 2 4 3 9 8 5 18 6 23 20 19 14 16 12 10 13 11 24 29 28 30 22 21 15 26 25 17 27
AVOIDER 1 7 2 4 3 9 8 5 18 6 23 20 19 14 16 12 10 13 11 24 30 28 29 22 21 15 26 25 17 27
AVOIDER 1 7 2 4 3 9 8 5 18 6 23 20 19 14 16 12 10 13 11 24 29 30 28 22 21 15 26 25 17 27
AVOIDER 1 7 2 4 3 9 8 5 18 6 23 20 19 14 16 12 10 13 11 28 24 29 30 22 21 15 26 25 17 27
AVOIDER 1 7 2 4 3 9 8 5 18 6 23 20 19 14 16 12 10 13 11 28 24 30 29 22 21 15 26 25 17 27
AVOIDER 1 7 2 4 3 9 8 5 18 6 23 20 19 14 16 12 10 13 11 29 24 28 30 22 21 15 26 25 17 27
AVOIDER 1 7 2 4 3 9 8 5 18 6 23 20 19 14 16 12 10 13 11 30 24 28 29 22 21 15 26 25 17 27
AVOIDER 1 7 2 4 3 9 8 5 18 6 23 20 19 14 16 12 10 13 11 29 24 30 28 22 21 15 26 25 17 27
AVOIDER 1 7 2 4 3 9 8 5 18 6 23 20 19 14 16 12 10 13 11 28 29 24 30 22 21 15 26 25 17 27
AVOIDER 1 7 2 4 3 9 8 5 18 6 23 20 19 14 16 12 10 13 11 28 30 24 29 22 21 15 26 25 17 27
AVOIDER 1 7 2 4 3 9 8 5 18 6 23 20 19 14 16 12 10 13 11 29 28 24 30 22 21 15 26 25 17 27
AVOIDER 1 7 2 4 3 9 8 5 18 6 23 20 19 14 16 12 10 13 11 30 28 24 29 22 21 15 26 25 17 27
AVOIDER 1 7 2 4 3 9 8 5 18 6 23 20 19 14 16 12 10 13 11 29 30 24 28 22 21 15 26 25 17 27
AVOIDER 1 7 2 4 3 9 8 5 18 6 23 20 19 14 16 12 10 13 11 28 29 30 24 22 21 15 26 25 17 27
AVOIDER 1 7 2 4 3 9 8 5 18 6 23 20 19 14 16 12 10 13 11 28 30 29 24 22 21 15 26 25 17 27
AVOIDER 1 7 2 4 3 9 8 5 18 6 23 20 19 14 16 12 10 13 11 29 28 30 24 22 21 15 26 25 17 27
AVOIDER 1 7 2 4 3 9 8 5 18 6 23 20 19 14 16 12 10 13 11 30 28 29 24 22 21 15 26 25 17 27
AVOIDER 1 7 2 4 3 9 8 5 18 6 23 20 19 14 16 12 10 13 11 29 30 28 24 22 21 15 26 25 17 27
AVOIDER 1 7 2 4 3 9 8 5 19 6 18 20 23 14 16 12 10 13 11 24 30 22 28 29 21 15 26 25 17 27
AVOIDER 1 7 2 4 3 9 8 5 19 6 18 20 23 14 16 12 10 13 11 30 24 22 28 29 21 15 26 25 17 27
AVOIDER 1 7 2 4 3 9 8 5 19 6 18 20 23 14 16 12 10 13 11 24 28 30 22 29 21 15 26 25 17 27
AVOIDER 1 7 2 4 3 9 8 5 19 6 18 20 23 14 16 12 10 13 11 24 30 28 22 29 21 15 26 25 17 27
AVOIDER 1 7 2 4 3 9 8 5 19 6 18 20 23 14 16 12 10 13 11 24 29 30 22 28 21 15 26 25 17 27
AVOIDER 1 7 2 4 3 9 8 5 19 6 18 20 23 14 16 12 10 13 11 28 24 30 22 29 21 15 26 25 17 27
AVOIDER 1 7 2 4 3 9 8 5 19 6 18 20 23 14 16 12 10 13 11 30 24 28 22 29 21 15 26 25 17 27
AVOIDER 1 7 2 4 3 9 8 5 19 6 18 20 23 14 16 12 10 13 11 29 24 30 22 28 21 15 26 25 17 27
AVOIDER 1 7 2 4 3 9 8 5 19 6 18 20 23 14 16 12 10 13 11 28 30 24 22 29 21 15 26 25 17 27
AVOIDER 1 7 2 4 3 9 8 5 19 6 18 20 23 14 16 12 10 13 11 30 28 24 22 29 21 15 26 25 17 27
AVOIDER 1 7 2 4 3 9 8 5 19 6 18 20 23 14 16 12 10 13 11 29 30 24 22 28 21 15 26 25 17 27
AVOIDER 1 7 2 4 3 9 8 5 19 6 18 20 23 14 16 12 10 13 11 24 28 29 30 22 21 15 26 25 17 27
AVOIDER 1 7 2 4 3 9 8 5 19 6 18 20 23 14 16 12 10 13 11 24 28 30 29 22 21 15 26 25 17 27
AVOIDER 1 7 2 4 3 9 8 5 19 6 18 20 23 14 16 12 10 13 11 24 29 28 30 22 21 15 26 25 17 27
AVOIDER 1 7 2 4 3 9 8 5 19 6 18 20 23 14 16 12 10 13 11 24 30 28 29 22 21 15 26 25 17 27
AVOIDER 1 7 2 4 3 9 8 5 19 6 18 20 23 14 16 12 10 13 11 24 29 30 28 22 21 15 26 25 17 27
AVOIDER 1 7 2 4 3 9 8 5 19 6 18 20 23 14 16 12 10 13 11 28 24 29 30 22 21 15 26 25 17 27
AVOIDER 1 7 2 4 3 9 8 5 19 6 18 20 23 14 16 12 10 13 11 28 24 30 29 22 21 15 26 25 17 27
AVOIDER 1 7 2 4 3 9 8 5 19 6 18 20 23 14 16 12 10 13 11 29 24 28 30 22 21 15 26 25 17 27
AVOIDER 1 7 2 4 3 9 8 5 19 6 18 20 23 14 16 12 10 13 11 30 24 28 29 22 21 15 26 25 17 27
AVOIDER 1 7 2 4 3 9 8 5 19 6 18 20 23 14 16 12 10 13 11 29 24 30 28 22 21 15 26 25 17 27
AVOIDER 1 7 2 4 3 9 8 5 19 6 18 20 23 14 16 12 10 13 11 28 29 24 30 22 21 15 26 25 17 27
AVOIDER 1 7 2 4 3 9 8 5 19 6 18 20 23 14 16 12 10 13 11 28 30 24 29 22 21 15 26 25 17 27
AVOIDER 1 7 2 4 3 9 8 5 19 6 18 20 23 14 16 12 10 13 11 29 28 24 30 22 21 15 26 25 17 27
AVOIDER 1 7 2 4 3 9 8 5 19 6 18 20 23 14 16 12 10 13 11 30 28 24 29 22 21 15 26 25 17 27
AVOIDER 1 7 2 4 3 9 8 5 19 6 18 20 23 14 16 12 10 13 11 29 30 24 28 22 21 15 26 25 17 27
AVOIDER 1 7 2 4 3 9 8 5 19 6 18 20 23 14 16 12 10 13 11 28 29 30 24 22 21 15 26 25 17 27
AVOIDER 1 7 2 4 3 9 8 5 19 6 18 20 23 14 16 12 10 13 11 28 30 29 24 22 21 15 26 25 17 27
AVOIDER 1 7 2 4 3 9 8 5 19 6 18 20 23 14 16 12 10 13 11 29 28 30 24 22 21 15 26 25 17 27
AVOIDER 1 7 2 4 3 9 8 5 19 6 18 20 23 14 16 12 10 13 11 30 28 29 24 22 21 15 26 25 17 27
AVOIDER 1 7 2 4 3 9 8 5 19 6 18 20 23 14 16 12 10 13 11 29 30 28 24 22 21 15 26 25 17 27
AVOIDER 1 7 2 4 3 9 8 5 19 6 18 23 20 14 16 12 10 13 11 24 30 22 28 29 21 15 26 25 17 27
AVOIDER 1 7 2 4 3 9 8 5 19 6 18 23 20 14 16 12 10 13 11 30 24 22 28 29 21 15 26 25 17 27
AVOIDER 1 7 2 4 3 9 8 5 19 6 18 23 20 14 16 12 10 13 11 24 28 30 22 29 21 15 26 25 17 27
AVOIDER 1 7 2 4 3 9 8 5 19 6 18 23 20 14 16 12 10 13 11 24 30 28 22 29 21 15 26 25 17 27
AVOIDER 1 7 2 4 3 9 8 5 19 6 18 23 20 14 16 12 10 13 11 24 29 30 22 28 21 15 26 25 17 27
AVOIDER 1 7 2 4 3 9 8 5 19 6 18 23 20 14 16 12 10 13 11 28 24 30 22 29 21 15 26 25 17 27
AVOIDER 1 7 2 4 3 9 8 5 19 6 18 23 20 14 16 12 10 13 11 30 24 28 22 29 21 15 26 25 17 27
AVOIDER 1 7 2 4 3 9 8 5 19 6 18 23 20 14 16 12 10 13 11 29 24 30 22 28 21 15 26 25 17 27
AVOIDER 1 7 2 4 3 9 8 5 19 6 18 23 20 14 16 12 10 13 11 28 30 24 22 29 21 15 26 25 17 27
AVOIDER 1 7 2 4 3 9 8 5 19 6 18 23 20 14 16 12 10 13 11 30 28 24 22 29 21 15 26 25 17 27
AVOIDER 1 7 2 4 3 9 8 5 19 6 18 23 20 14 16 12 10 13 11 29 30 24 22 28 21 15 26 25 17 27
AVOIDER 1 7 2 4 3 9 8 5 19 6 18 23 20 14 16 12 10 13 11 24 28 29 30 22 21 15 26 25 17 27
AVOIDER 1 7 2 4 3 9 8 5 19 6 18 23 20 14 16 12 10 13 11 24 28 30 29 22 21 15 26 25 17 27
AVOIDER 1 7 2 4 3 9 8 5 19 6 18 23 20 14 16 12 10 13 11 24 29 28 30 22 21 15 26 25 17 27
AVOIDER 1 7 2 4 3 9 8 5 19 6 18 23 20 14 16 12 10 13 11 24 30 28 29 22 21 15 26 25 17 27
AVOIDER 1 7 2 4 3 9 8 5 19 6 18 23 20 14 16 12 10 13 11 24 29 30 28 22 21 15 26 25 17 27
AVOIDER 1 7 2 4 3 9 8 5 19 6 18 23 20 14 16 12 10 13 11 28 24 29 30 22 21 15 26 25 17 27
AVOIDER 1 7 2 4 3 9 8 5 19 6 18 23 20 14 16 12 10 13 11 28 24 30 29 22 21 15 26 25 17 27
AVOIDER 1 7 2 4 3 9 8 5 19 6 18 23 20 14 16 12 10 13 11 29 24 28 30 22 21 15 26 25 17 27
AVOIDER 1 7 2 4 3 9 8 5 19 6 18 23 20 14 16 12 10 13 11 30 24 28 29 22 21 15 26 25 17 27
AVOIDER 1 7 2 4 3 9 8 5 19 6 18 23 20 14 16 12 10 13 11 29 24 30 28 22 21 15 26 25 17 27
AVOIDER 1 7 2 4 3 9 8 5 19 6 18 23 20 14 16 12 10 13 11 28 29 24 30 22 21 15 26 25 17 27
AVOIDER 1 7 2 4 3 9 8 5 19 6 18 23 20 14 16 12 10 13 11 28 30 24 29 22 21 15 26 25 17 27
AVOIDER 1 7 2 4 3 9 8 5 19 6 18 23 20 14 16 12 10 13 11 29 28 24 30 22 21 15 26 25 17 27
AVOIDER 1 7 2 4 3 9 8 5 19 6 18 23 20 14 16 12 10 13 11 30 28 24 29 22 21 15 26 25 17 27
AVOIDER 1 7 2 4 3 9 8 5 19 6 18 23 20 14 16 12 10 13 11 29 30 24 28 22 21 15 26 25 17 27
AVOIDER 1 7 2 4 3 9 8 5 19 6 18 23 20 14 16 12 10 13 11 28 29 30 24 22 21 15 26 25 17 27
AVOIDER 1 7 2 4 3 9 8 5 19 6 18 23 20 14 16 12 10 13 11 28 30 29 24 22 21 15 26 25 17 27
AVOIDER 1 7 2 4 3 9 8 5 19 6 18 23 20 14 16 12 10 13 11 29 28 30 24 22 21 15 26 25 17 27
AVOIDER 1 7 2 4 3 9 8 5 19 6 18 23 20 14 16 12 10 13 11 30 28 29 24 22 21 15 26 25 17 27
AVOIDER 1 7 2 4 3 9 8 5 19 6 18 23 20 14 16 12 10 13 11 29 30 28 24 22 21 15 26 25 17 27
AVOIDER 1 7 2 4 3 9 8 5 20 6 18 19 23 14 16 12 10 13 11 24 28 29 30 21 22 15 26 25 17 27
AVOIDER 1 7 2 4 3 9 8 5 20 6 18 19 23 14 16 12 10 13 11 24 28 30 29 21 22 15 26 25 17 27
AVOIDER 1 7 2 4 3 9 8 5 20 6 18 19 23 14 16 12 10 13 11 24 29 28 30 21 22 15 26 25 17 27
AVOIDER 1 7 2 4 3 9 8 5 20 6 18 19 23 14 16 12 10 13 11 24 30 28 29 21 22 15 26 25 17 27
AVOIDER 1 7 2 4 3 9 8 5 20 6 18 19 23 14 16 12 10 13 11 24 29 30 28 21 22 15 26 25 17 27
AVOIDER 1 7 2 4 3 9 8 5 20 6 18 19 23 14 16 12 10 13 11 28 24 29 30 21 22 15 26 25 17 27
AVOIDER 1 7 2 4 3 9 8 5 20 6 18 19 23 14 16 12 10 13 11 28 24 30 29 21 22 15 26 25 17 27
AVOIDER 1 7 2 4 3 9 8 5 20 6 18 19 23 14 16 12 10 13 11 29 24 28 30 21 22 15 26 25 17 27
AVOIDER 1 7 2 4 3 9 8 5 20 6 18 19 23 14 16 12 10 13 11 30 24 28 29 21 22 15 26 25 17 27
AVOIDER 1 7 2 4 3 9 8 5 20 6 18 19 23 14 16 12 10 13 11 29 24 30 28 21 22 15 26 25 17 27
AVOIDER 1 7 2 4 3 9 8 5 20 6 18 19 23 14 16 12 10 13 11 28 29 24 30 21 22 15 26 25 17 27
AVOIDER 1 7 2 4 3 9 8 5 20 6 18 19 23 14 16 12 10 13 11 28 30 24 29 21 22 15 26 25 17 27
AVOIDER 1 7 2 4 3 9 8 5 20 6 18 19 23 14 16 12 10 13 11 29 28 24 30 21 22 15 26 25 17 27
AVOIDER 1 7 2 4 3 9 8 5 20 6 18 19 23 14 16 12 10 13 11 30 28 24 29 21 22 15 26 25 17 27
AVOIDER 1 7 2 4 3 9 8 5 20 6 18 19 23 14 16 12 10 13 11 29 30 24 28 21 22 15 26 25 17 27
AVOIDER 1 7 2 4 3 9 8 5 20 6 18 19 23 14 16 12 10 13 11 28 29 30 24 21 22 15 26 25 17 27
AVOIDER 1 7 2 4 3 9 8 5 20 6 18 19 23 14 16 12 10 13 11 28 30 29 24 21 22 15 26 25 17 27
AVOIDER 1 7 2 4 3 9 8 5 20 6 18 19 23 14 16 12 10 13 11 29 28 30 24 21 22 15 26 25 17 27
AVOIDER 1 7 2 4 3 9 8 5 20 6 18 19 23 14 16 12 10 13 11 30 28 29 24 21 22 15 26 25 17 27
AVOIDER 1 7 2 4 3 9 8 5 20 6 18 19 23 14 16 12 10 13 11 29 30 28 24 21 22 15 26 25 17 27
AVOIDER 1 7 2 4 3 9 8 5 20 6 18 19 23 14 16 12 10 13 11 24 30 22 28 29 21 15 26 25 17 27
AVOIDER 1 7 2 4 3 9 8 5 20 6 18 19 23 14 16 12 10 13 11 30 24 22 28 29 21 15 26 25 17 27
AVOIDER 1 7 2 4 3 9 8 5 20 6 18 19 23 14 16 12 10 13 11 24 28 30 22 29 21 15 26 25 17 27
AVOIDER 1 7 2 4 3 9 8 5 20 6 18 19 23 14 16 12 10 13 11 24 30 28 22 29 21 15 26 25 17 27
AVOIDER 1 7 2 4 3 9 8 5 20 6 18 19 23 14 16 12 10 13 11 24 29 30 22 28 21 15 26 25 17 27
AVOIDER 1 7 2 4 3 9 8 5 20 6 18 19 23 14 16 12 10 13 11 28 24 30 22 29 21 15 26 25 17 27
AVOIDER 1 7 2 4 3 9 8 5 20 6 18 19 23 14 16 12 10 13 11 30 24 28 22 29 21 15 26 25 17 27
AVOIDER 1 7 2 4 3 9 8 5 20 6 18 19 23 14 16 12 10 13 11 29 24 30 22 28 21 15 26 25 17 27
AVOIDER 1 7 2 4 3 9 8 5 20 6 18 19 23 14 16 12 10 13 11 28 30 24 22 29 21 15 26 25 17 27
AVOIDER 1 7 2 4 3 9 8 5 20 6 18 19 23 14 16 12 10 13 11 30 28 24 22 29 21 15 26 25 17 27
AVOIDER 1 7 2 4 3 9 8 5 20 6 18 19 23 14 16 12 10 13 11 29 30 24 22 28 21 15 26 25 17 27
AVOIDER 1 7 2 4 3 9 8 5 20 6 18 19 23 14 16 12 10 13 11 24 28 29 30 22 21 15 26 25 17 27
AVOIDER 1 7 2 4 3 9 8 5 20 6 18 19 23 14 16 12 10 13 11 24 28 30 29 22 21 15 26 25 17 27
AVOIDER 1 7 2 4 3 9 8 5 20 6 18 19 23 14 16 12 10 13 11 24 29 28 30 22 21 15 26 25 17 27
AVOIDER 1 7 2 4 3 9 8 5 20 6 18 19 23 14 16 12 10 13 11 24 30 28 29 22 21 15 26 25 17 27
AVOIDER 1 7 2 4 3 9 8 5 20 6 18 19 23 14 16 12 10 13 11 24 29 30 28 22 21 15 26 25 17 27
AVOIDER 1 7 2 4 3 9 8 5 20 6 18 19 23 14 16 12 10 13 11 28 24 29 30 22 21 15 26 25 17 27
AVOIDER 1 7 2 4 3 9 8 5 20 6 18 19 23 14 16 12 10 13 11 28 24 30 29 22 21 15 26 25 17 27
AVOIDER 1 7 2 4 3 9 8 5 20 6 18 19 23 14 16 12 10 13 11 29 24 28 30 22 21 15 26 25 17 27
AVOIDER 1 7 2 4 3 9 8 5 20 6 18 19 23 14 16 12 10 13 11 30 24 28 29 22 21 15 26 25 17 27
AVOIDER 1 7 2 4 3 9 8 5 20 6 18 19 23 14 16 12 10 13 11 29 24 30 28 22 21 15 26 25 17 27
AVOIDER 1 7 2 4 3 9 8 5 20 6 18 19 23 14 16 12 10 13 11 28 29 24 30 22 21 15 26 25 17 27
AVOIDER 1 7 2 4 3 9 8 5 20 6 18 19 23 14 16 12 10 13 11 28 30 24 29 22 21 15 26 25 17 27
AVOIDER 1 7 2 4 3 9 8 5 20 6 18 19 23 14 16 12 10 13 11 29 28 24 30 22 21 15 26 25 17 27
AVOIDER 1 7 2 4 3 9 8 5 20 6 18 19 23 14 16 12 10 13 11 30 28 24 29 22 21 15 26 25 17 27
AVOIDER 1 7 2 4 3 9 8 5 20 6 18 19 23 14 16 12 10 13 11 29 30 24 28 22 21 15 26 25 17 27
AVOIDER 1 7 2 4 3 9 8 5 20 6 18 19 23 14 16 12 10 13 11 28 29 30 24 22 21 15 26 25 17 27
AVOIDER 1 7 2 4 3 9 8 5 20 6 18 19 23 14 16 12 10 13 11 28 30 29 24 22 21 15 26 25 17 27
AVOIDER 1 7 2 4 3 9 8 5 20 6 18 19 23 14 16 12 10 13 11 29 28 30 24 22 21 15 26 25 17 27
AVOIDER 1 7 2 4 3 9 8 5 20 6 18 19 23 14 16 12 10 13 11 30 28 29 24 22 21 15 26 25 17 27
AVOIDER 1 7 2 4 3 9 8 5 20 6 18 19 23 14 16 12 10 13 11 29 30 28 24 22 21 15 26 25 17 27
AVOIDER 1 7 2 4 3 9 8 5 20 6 18 23 19 14 16 12 10 13 11 24 28 29 30 21 22 15 26 25 17 27
AVOIDER 1 7 2 4 3 9 8 5 20 6 18 23 19 14 16 12 10 13 11 24 28 30 29 21 22 15 26 25 17 27
AVOIDER 1 7 2 4 3 9 8 5 20 6 18 23 19 14 16 12 10 13 11 24 29 28 30 21 22 15 26 25 17 27
AVOIDER 1 7 2 4 3 9 8 5 20 6 18 23 19 14 16 12 10 13 11 24 30 28 29 21 22 15 26 25 17 27
AVOIDER 1 7 2 4 3 9 8 5 20 6 18 23 19 14 16 12 10 13 11 24 29 30 28 21 22 15 26 25 17 27
AVOIDER 1 7 2 4 3 9 8 5 20 6 18 23 19 14 16 12 10 13 11 28 24 29 30 21 22 15 26 25 17 27
AVOIDER 1 7 2 4 3 9 8 5 20 6 18 23 19 14 16 12 10 13 11 28 24 30 29 21 22 15 26 25 17 27
AVOIDER 1 7 2 4 3 9 8 5 20 6 18 23 19 14 16 12 10 13 11 29 24 28 30 21 22 15 26 25 17 27
AVOIDER 1 7 2 4 3 9 8 5 20 6 18 23 19 14 16 12 10 13 11 30 24 28 29 21 22 15 26 25 17 27
AVOIDER 1 7 2 4 3 9 8 5 20 6 18 23 19 14 16 12 10 13 11 29 24 30 28 21 22 15 26 25 17 27
AVOIDER 1 7 2 4 3 9 8 5 20 6 18 23 19 14 16 12 10 13 11 28 29 24 30 21 22 15 26 25 17 27
AVOIDER 1 7 2 4 3 9 8 5 20 6 18 23 19 14 16 12 10 13 11 28 30 24 29 21 22 15 26 25 17 27
AVOIDER 1 7 2 4 3 9 8 5 20 6 18 23 19 14 16 12 10 13 11 29 28 24 30 21 22 15 26 25 17 27
AVOIDER 1 7 2 4 3 9 8 5 20 6 18 23 19 14 16 12 10 13 11 30 28 24 29 21 22 15 26 25 17 27
AVOIDER 1 7 2 4 3 9 8 5 20 6 18 23 19 14 16 12 10 13 11 29 30 24 28 21 22 15 26 25 17 27
AVOIDER 1 7 2 4 3 9 8 5 20 6 18 23 19 14 16 12 10 13 11 28 29 30 24 21 22 15 26 25 17 27
AVOIDER 1 7 2 4 3 9 8 5 20 6 18 23 19 14 16 12 10 13 11 28 30 29 24 21 22 15 26 25 17 27
AVOIDER 1 7 2 4 3 9 8 5 20 6 18 23 19 14 16 12 10 13 11 29 28 30 24 21 22 15 26 25 17 27
AVOIDER 1 7 2 4 3 9 8 5 20 6 18 23 19 14 16 12 10 13 11 30 28 29 24 21 22 15 26 25 17 27
AVOIDER 1 7 2 4 3 9 8 5 20 6 18 23 19 14 16 12 10 13 11 29 30 28 24 21 22 15 26 25 17 27
AVOIDER 1 7 2 4 3 9 8 5 20 6 18 23 19 14 16 12 10 13 11 24 30 22 28 29 21 15 26 25 17 27
AVOIDER 1 7 2 4 3 9 8 5 20 6 18 23 19 14 16 12 10 13 11 30 24 22 28 29 21 15 26 25 17 27
AVOIDER 1 7 2 4 3 9 8 5 20 6 18 23 19 14 16 12 10 13 11 24 28 30 22 29 21 15 26 25 17 27
AVOIDER 1 7 2 4 3 9 8 5 20 6 18 23 19 14 16 12 10 13 11 24 30 28 22 29 21 15 26 25 17 27
AVOIDER 1 7 2 4 3 9 8 5 20 6 18 23 19 14 16 12 10 13 11 24 29 30 22 28 21 15 26 25 17 27
AVOIDER 1 7 2 4 3 9 8 5 20 6 18 23 19 14 16 12 10 13 11 28 24 30 22 29 21 15 26 25 17 27
AVOIDER 1 7 2 4 3 9 8 5 20 6 18 23 19 14 16 12 10 13 11 30 24 28 22 29 21 15 26 25 17 27
AVOIDER 1 7 2 4 3 9 8 5 20 6 18 23 19 14 16 12 10 13 11 29 24 30 22 28 21 15 26 25 17 27
AVOIDER 1 7 2 4 3 9 8 5 20 6 18 23 19 14 16 12 10 13 11 28 30 24 22 29 21 15 26 25 17 27
AVOIDER 1 7 2 4 3 9 8 5 20 6 18 23 19 14 16 12 10 13 11 30 28 24 22 29 21 15 26 25 17 27
AVOIDER 1 7 2 4 3 9 8 5 20 6 18 23 19 14 16 12 10 13 11 29 30 24 22 28 21 15 26 25 17 27
AVOIDER 1 7 2 4 3 9 8 5 20 6 18 23 19 14 16 12 10 13 11 24 28 29 30 22 21 15 26 25 17 27
AVOIDER 1 7 2 4 3 9 8 5 20 6 18 23 19 14 16 12 10 13 11 24 28 30 29 22 21 15 26 25 17 27
AVOIDER 1 7 2 4 3 9 8 5 20 6 18 23 19 14 16 12 10 13 11 24 29 28 30 22 21 15 26 25 17 27
AVOIDER 1 7 2 4 3 9 8 5 20 6 18 23 19 14 16 12 10 13 11 24 30 28 29 22 21 15 26 25 17 27
AVOIDER 1 7 2 4 3 9 8 5 20 6 18 23 19 14 16 12 10 13 11 24 29 30 28 22 21 15 26 25 17 27
AVOIDER 1 7 2 4 3 9 8 5 20 6 18 23 19 14 16 12 10 13 11 28 24 29 30 22 21 15 26 25 17 27
AVOIDER 1 7 2 4 3 9 8 5 20 6 18 23 19 14 16 12 10 13 11 28 24 30 29 22 21 15 26 25 17 27
AVOIDER 1 7 2 4 3 9 8 5 20 6 18 23 19 14 16 12 10 13 11 29 24 28 30 22 21 15 26 25 17 27
AVOIDER 1 7 2 4 3 9 8 5 20 6 18 23 19 14 16 12 10 13 11 30 24 28 29 22 21 15 26 25 17 27
AVOIDER 1 7 2 4 3 9 8 5 20 6 18 23 19 14 16 12 10 13 11 29 24 30 28 22 21 15 26 25 17 27
AVOIDER 1 7 2 4 3 9 8 5 20 6 18 23 19 14 16 12 10 13 11 28 29 24 30 22 21 15 26 25 17 27
AVOIDER 1 7 2 4 3 9 8 5 20 6 18 23 19 14 16 12 10 13 11 28 30 24 29 22 21 15 26 25 17 27
AVOIDER 1 7 2 4 3 9 8 5 20 6 18 23 19 14 16 12 10 13 11 29 28 24 30 22 21 15 26 25 17 27
AVOIDER 1 7 2 4 3 9 8 5 20 6 18 23 19 14 16 12 10 13 11 30 28 24 29 22 21 15 26 25 17 27
AVOIDER 1 7 2 4 3 9 8 5 20 6 18 23 19 14 16 12 10 13 11 29 30 24 28 22 21 15 26 25 17 27
AVOIDER 1 7 2 4 3 9 8 5 20 6 18 23 19 14 16 12 10 13 11 28 29 30 24 22 21 15 26 25 17 27
AVOIDER 1 7 2 4 3 9 8 5 20 6 18 23 19 14 16 12 10 13 11 28 30 29 24 22 21 15 26 25 17 27
AVOIDER 1 7 2 4 3 9 8 5 20 6 18 23 19 14 16 12 10 13 11 29 28 30 24 22 21 15 26 25 17 27
AVOIDER 1 7 2 4 3 9 8 5 20 6 18 23 19 14 16 12 10 13 11 30 28 29 24 22 21 15 26 25 17 27
AVOIDER 1 7 2 4 3 9 8 5 20 6 18 23 19 14 16 12 10 13 11 29 30 28 24 22 21 15 26 25 17 27
AVOIDER 1 7 2 4 3 9 8 5 23 6 18 20 19 14 16 12 10 13 11 24 28 29 30 21 22 15 26 25 17 27
AVOIDER 1 7 2 4 3 9 8 5 23 6 18 20 19 14 16 12 10 13 11 24 28 30 29 21 22 15 26 25 17 27
AVOIDER 1 7 2 4 3 9 8 5 23 6 18 20 19 14 16 12 10 13 11 24 29 28 30 21 22 15 26 25 17 27
AVOIDER 1 7 2 4 3 9 8 5 23 6 18 20 19 14 16 12 10 13 11 24 30 28 29 21 22 15 26 25 17 27
AVOIDER 1 7 2 4 3 9 8 5 23 6 18 20 19 14 16 12 10 13 11 24 29 30 28 21 22 15 26 25 17 27
AVOIDER 1 7 2 4 3 9 8 5 23 6 18 20 19 14 16 12 10 13 11 28 24 29 30 21 22 15 26 25 17 27
AVOIDER 1 7 2 4 3 9 8 5 23 6 18 20 19 14 16 12 10 13 11 28 24 30 29 21 22 15 26 25 17 27
AVOIDER 1 7 2 4 3 9 8 5 23 6 18 20 19 14 16 12 10 13 11 29 24 28 30 21 22 15 26 25 17 27
AVOIDER 1 7 2 4 3 9 8 5 23 6 18 20 19 14 16 12 10 13 11 30 24 28 29 21 22 15 26 25 17 27
AVOIDER 1 7 2 4 3 9 8 5 23 6 18 20 19 14 16 12 10 13 11 29 24 30 28 21 22 15 26 25 17 27
AVOIDER 1 7 2 4 3 9 8 5 23 6 18 20 19 14 16 12 10 13 11 28 29 24 30 21 22 15 26 25 17 27
AVOIDER 1 7 2 4 3 9 8 5 23 6 18 20 19 14 16 12 10 13 11 28 30 24 29 21 22 15 26 25 17 27
AVOIDER 1 7 2 4 3 9 8 5 23 6 18 20 19 14 16 12 10 13 11 29 28 24 30 21 22 15 26 25 17 27
AVOIDER 1 7 2 4 3 9 8 5 23 6 18 20 19 14 16 12 10 13 11 30 28 24 29 21 22 15 26 25 17 27
AVOIDER 1 7 2 4 3 9 8 5 23 6 18 20 19 14 16 12 10 13 11 29 30 24 28 21 22 15 26 25 17 27
AVOIDER 1 7 2 4 3 9 8 5 23 6 18 20 19 14 16 12 10 13 11 28 29 30 24 21 22 15 26 25 17 27
AVOIDER 1 7 2 4 3 9 8 5 23 6 18 20 19 14 16 12 10 13 11 28 30 29 24 21 22 15 26 25 17 27
AVOIDER 1 7 2 4 3 9 8 5 23 6 18 20 19 14 16 12 10 13 11 29 28 30 24 21 22 15 26 25 17 27
AVOIDER 1 7 2 4 3 9 8 5 23 6 18 20 19 14 16 12 10 13 11 30 28 29 24 21 22 15 26 25 17 27
AVOIDER 1 7 2 4 3 9 8 5 23 6 18 20 19 14 16 12 10 13 11 29 30 28 24 21 22 15 26 25 17 27
AVOIDER 1 7 2 4 3 9 8 5 23 6 18 20 19 14 16 12 10 13 11 24 30 22 28 29 21 15 26 25 17 27
AVOIDER 1 7 2 4 3 9 8 5 23 6 18 20 19 14 16 12 10 13 11 30 24 22 28 29 21 15 26 25 17 27
AVOIDER 1 7 2 4 3 9 8 5 23 6 18 20 19 14 16 12 10 13 11 24 28 30 22 29 21 15 26 25 17 27
AVOIDER 1 7 2 4 3 9 8 5 23 6 18 20 19 14 16 12 10 13 11 24 30 28 22 29 21 15 26 25 17 27
AVOIDER 1 7 2 4 3 9 8 5 23 6 18 20 19 14 16 12 10 13 11 24 29 30 22 28 21 15 26 25 17 27
AVOIDER 1 7 2 4 3 9 8 5 23 6 18 20 19 14 16 12 10 13 11 28 24 30 22 29 21 15 26 25 17 27
AVOIDER 1 7 2 4 3 9 8 5 23 6 18 20 19 14 16 12 10 13 11 30 24 28 22 29 21 15 26 25 17 27
AVOIDER 1 7 2 4 3 9 8 5 23 6 18 20 19 14 16 12 10 13 11 29 24 30 22 28 21 15 26 25 17 27
AVOIDER 1 7 2 4 3 9 8 5 23 6 18 20 19 14 16 12 10 13 11 28 30 24 22 29 21 15 26 25 17 27
AVOIDER 1 7 2 4 3 9 8 5 23 6 18 20 19 14 16 12 10 13 11 30 28 24 22 29 21 15 26 25 17 27
AVOIDER 1 7 2 4 3 9 8 5 23 6 18 20 19 14 16 12 10 13 11 29 30 24 22 28 21 15 26 25 17 27
AVOIDER 1 7 2 4 3 9 8 5 23 6 18 20 19 14 16 12 10 13 11 24 28 29 30 22 21 15 26 25 17 27
AVOIDER 1 7 2 4 3 9 8 5 23 6 18 20 19 14 16 12 10 13 11 24 28 30 29 22 21 15 26 25 17 27
AVOIDER 1 7 2 4 3 9 8 5 23 6 18 20 19 14 16 12 10 13 11 24 29 28 30 22 21 15 26 25 17 27
AVOIDER 1 7 2 4 3 9 8 5 23 6 18 20 19 14 16 12 10 13 11 24 30 28 29 22 21 15 26 25 17 27
AVOIDER 1 7 2 4 3 9 8 5 23 6 18 20 19 14 16 12 10 13 11 24 29 30 28 22 21 15 26 25 17 27
AVOIDER 1 7 2 4 3 9 8 5 23 6 18 20 19 14 16 12 10 13 11 28 24 29 30 22 21 15 26 25 17 27
AVOIDER 1 7 2 4 3 9 8 5 23 6 18 20 19 14 16 12 10 13 11 28 24 30 29 22 21 15 26 25 17 27
AVOIDER 1 7 2 4 3 9 8 5 23 6 18 20 19 14 16 12 10 13 11 29 24 28 30 22 21 15 26 25 17 27
AVOIDER 1 7 2 4 3 9 8 5 23 6 18 20 19 14 16 12 10 13 11 30 24 28 29 22 21 15 26 25 17 27
AVOIDER 1 7 2 4 3 9 8 5 23 6 18 20 19 14 16 12 10 13 11 29 24 30 28 22 21 15 26 25 17 27
AVOIDER 1 7 2 4 3 9 8 5 23 6 18 20 19 14 16 12 10 13 11 28 29 24 30 22 21 15 26 25 17 27
AVOIDER 1 7 2 4 3 9 8 5 23 6 18 20 19 14 16 12 10 13 11 28 30 24 29 22 21 15 26 25 17 27
AVOIDER 1 7 2 4 3 9 8 5 23 6 18 20 19 14 16 12 10 13 11 29 28 24 30 22 21 15 26 25 17 27
AVOIDER 1 7 2 4 3 9 8 5 23 6 18 20 19 14 16 12 10 13 11 30 28 24 29 22 21 15 26 25 17 27
AVOIDER 1 7 2 4 3 9 8 5 23 6 18 20 19 14 16 12 10 13 11 29 30 24 28 22 21 15 26 25 17 27
AVOIDER 1 7 2 4 3 9 8 5 23 6 18 20 19 14 16 12 10 13 11 28 29 30 24 22 21 15 26 25 17 27
AVOIDER 1 7 2 4 3 9 8 5 23 6 18 20 19 14 16 12 10 13 11 28 30 29 24 22 21 15 26 25 17 27
AVOIDER 1 7 2 4 3 9 8 5 23 6 18 20 19 14 16 12 10 13 11 29 28 30 24 22 21 15 26 25 17 27
AVOIDER 1 7 2 4 3 9 8 5 23 6 18 20 19 14 16 12 10 13 11 30 28 29 24 22 21 15 26 25 17 27
AVOIDER 1 7 2 4 3 9 8 5 23 6 18 20 19 14 16 12 10 13 11 29 30 28 24 22 21 15 26 25 17 27
AVOIDER 1 7 2 4 3 9 8 5 19 6 20 18 23 14 16 12 10 13 11 24 30 22 28 29 21 15 26 25 17 27
AVOIDER 1 7 2 4 3 9 8 5 19 6 20 18 23 14 16 12 10 13 11 30 24 22 28 29 21 15 26 25 17 27
AVOIDER 1 7 2 4 3 9 8 5 19 6 20 18 23 14 16 12 10 13 11 24 28 30 22 29 21 15 26 25 17 27
AVOIDER 1 7 2 4 3 9 8 5 19 6 20 18 23 14 16 12 10 13 11 24 30 28 22 29 21 15 26 25 17 27
AVOIDER 1 7 2 4 3 9 8 5 19 6 20 18 23 14 16 12 10 13 11 24 29 30 22 28 21 15 26 25 17 27
AVOIDER 1 7 2 4 3 9 8 5 19 6 20 18 23 14 16 12 10 13 11 28 24 30 22 29 21 15 26 25 17 27
AVOIDER 1 7 2 4 3 9 8 5 19 6 20 18 23 14 16 12 10 13 11 30 24 28 22 29 21 15 26 25 17 27
AVOIDER 1 7 2 4 3 9 8 5 19 6 20 18 23 14 16 12 10 13 11 29 24 30 22 28 21 15 26 25 17 27
AVOIDER 1 7 2 4 3 9 8 5 19 6 20 18 23 14 16 12 10 13 11 28 30 24 22 29 21 15 26 25 17 27
AVOIDER 1 7 2 4 3 9 8 5 19 6 20 18 23 14 16 12 10 13 11 30 28 24 22 29 21 15 26 25 17 27
AVOIDER 1 7 2 4 3 9 8 5 19 6 20 18 23 14 16 12 10 13 11 29 30 24 22 28 21 15 26 25 17 27
AVOIDER 1 7 2 4 3 9 8 5 19 6 20 18 23 14 16 12 10 13 11 24 28 29 30 22 21 15 26 25 17 27
AVOIDER 1 7 2 4 3 9 8 5 19 6 20 18 23 14 16 12 10 13 11 24 28 30 29 22 21 15 26 25 17 27
AVOIDER 1 7 2 4 3 9 8 5 19 6 20 18 23 14 16 12 10 13 11 24 29 28 30 22 21 15 26 25 17 27
AVOIDER 1 7 2 4 3 9 8 5 19 6 20 18 23 14 16 12 10 13 11 24 30 28 29 22 21 15 26 25 17 27
AVOIDER 1 7 2 4 3 9 8 5 19 6 20 18 23 14 16 12 10 13 11 24 29 30 28 22 21 15 26 25 17 27
AVOIDER 1 7 2 4 3 9 8 5 19 6 20 18 23 14 16 12 10 13 11 28 24 29 30 22 21 15 26 25 17 27
AVOIDER 1 7 2 4 3 9 8 5 19 6 20 18 23 14 16 12 10 13 11 28 24 30 29 22 21 15 26 25 17 27
AVOIDER 1 7 2 4 3 9 8 5 19 6 20 18 23 14 16 12 10 13 11 29 24 28 30 22 21 15 26 25 17 27
AVOIDER 1 7 2 4 3 9 8 5 19 6 20 18 23 14 16 12 10 13 11 30 24 28 29 22 21 15 26 25 17 27
AVOIDER 1 7 2 4 3 9 8 5 19 6 20 18 23 14 16 12 10 13 11 29 24 30 28 22 21 15 26 25 17 27
AVOIDER 1 7 2 4 3 9 8 5 19 6 20 18 23 14 16 12 10 13 11 28 29 24 30 22 21 15 26 25 17 27
AVOIDER 1 7 2 4 3 9 8 5 19 6 20 18 23 14 16 12 10 13 11 28 30 24 29 22 21 15 26 25 17 27
AVOIDER 1 7 2 4 3 9 8 5 19 6 20 18 23 14 16 12 10 13 11 29 28 24 30 22 21 15 26 25 17 27
AVOIDER 1 7 2 4 3 9 8 5 19 6 20 18 23 14 16 12 10 13 11 30 28 24 29 22 21 15 26 25 17 27
AVOIDER 1 7 2 4 3 9 8 5 19 6 20 18 23 14 16 12 10 13 11 29 30 24 28 22 21 15 26 25 17 27
AVOIDER 1 7 2 4 3 9 8 5 19 6 20 18 23 14 16 12 10 13 11 28 29 30 24 22 21 15 26 25 17 27
AVOIDER 1 7 2 4 3 9 8 5 19 6 20 18 23 14 16 12 10 13 11 28 30 29 24 22 21 15 26 25 17 27
AVOIDER 1 7 2 4 3 9 8 5 19 6 20 18 23 14 16 12 10 13 11 29 28 30 24 22 21 15 26 25 17 27
AVOIDER 1 7 2 4 3 9 8 5 19 6 20 18 23 14 16 12 10 13 11 30 28 29 24 22 21 15 26 25 17 27
AVOIDER 1 7 2 4 3 9 8 5 19 6 20 18 23 14 16 12 10 13 11 29 30 28 24 22 21 15 26 25 17 27
AVOIDER 1 7 2 4 3 9 8 5 19 6 23 18 20 14 16 12 10 13 11 24 30 22 28 29 21 15 26 25 17 27
AVOIDER 1 7 2 4 3 9 8 5 19 6 23 18 20 14 16 12 10 13 11 30 24 22 28 29 21 15 26 25 17 27
AVOIDER 1 7 2 4 3 9 8 5 19 6 23 18 20 14 16 12 10 13 11 24 28 30 22 29 21 15 26 25 17 27
AVOIDER 1 7 2 4 3 9 8 5 19 6 23 18 20 14 16 12 10 13 11 24 30 28 22 29 21 15 26 25 17 27
AVOIDER 1 7 2 4 3 9 8 5 19 6 23 18 20 14 16 12 10 13 11 24 29 30 22 28 21 15 26 25 17 27
AVOIDER 1 7 2 4 3 9 8 5 19 6 23 18 20 14 16 12 10 13 11 28 24 30 22 29 21 15 26 25 17 27
AVOIDER 1 7 2 4 3 9 8 5 19 6 23 18 20 14 16 12 10 13 11 30 24 28 22 29 21 15 26 25 17 27
AVOIDER 1 7 2 4 3 9 8 5 19 6 23 18 20 14 16 12 10 13 11 29 24 30 22 28 21 15 26 25 17 27
AVOIDER 1 7 2 4 3 9 8 5 19 6 23 18 20 14 16 12 10 13 11 28 30 24 22 29 21 15 26 25 17 27
AVOIDER 1 7 2 4 3 9 8 5 19 6 23 18 20 14 16 12 10 13 11 30 28 24 22 29 21 15 26 25 17 27
AVOIDER 1 7 2 4 3 9 8 5 19 6 23 18 20 14 16 12 10 13 11 29 30 24 22 28 21 15 26 25 17 27
AVOIDER 1 7 2 4 3 9 8 5 19 6 23 18 20 14 16 12 10 13 11 24 28 29 30 22 21 15 26 25 17 27
AVOIDER 1 7 2 4 3 9 8 5 19 6 23 18 20 14 16 12 10 13 11 24 28 30 29 22 21 15 26 25 17 27
AVOIDER 1 7 2 4 3 9 8 5 19 6 23 18 20 14 16 12 10 13 11 24 29 28 30 22 21 15 26 25 17 27
AVOIDER 1 7 2 4 3 9 8 5 19 6 23 18 20 14 16 12 10 13 11 24 30 28 29 22 21 15 26 25 17 27
AVOIDER 1 7 2 4 3 9 8 5 19 6 23 18 20 14 16 12 10 13 11 24 29 30 28 22 21 15 26 25 17 27
AVOIDER 1 7 2 4 3 9 8 5 19 6 23 18 20 14 16 12 10 13 11 28 24 29 30 22 21 15 26 25 17 27
AVOIDER 1 7 2 4 3 9 8 5 19 6 23 18 20 14 16 12 10 13 11 28 24 30 29 22 21 15 26 25 17 27
AVOIDER 1 7 2 4 3 9 8 5 19 6 23 18 20 14 16 12 10 13 11 29 24 28 30 22 21 15 26 25 17 27
AVOIDER 1 7 2 4 3 9 8 5 19 6 23 18 20 14 16 12 10 13 11 30 24 28 29 22 21 15 26 25 17 27
AVOIDER 1 7 2 4 3 9 8 5 19 6 23 18 20 14 16 12 10 13 11 29 24 30 28 22 21 15 26 25 17 27
AVOIDER 1 7 2 4 3 9 8 5 19 6 23 18 20 14 16 12 10 13 11 28 29 24 30 22 21 15 26 25 17 27
AVOIDER 1 7 2 4 3 9 8 5 19 6 23 18 20 14 16 12 10 13 11 28 30 24 29 22 21 15 26 25 17 27
AVOIDER 1 7 2 4 3 9 8 5 19 6 23 18 20 14 16 12 10 13 11 29 28 24 30 22 21 15 26 25 17 27
AVOIDER 1 7 2 4 3 9 8 5 19 6 23 18 20 14 16 12 10 13 11 30 28 24 29 22 21 15 26 25 17 27
AVOIDER 1 7 2 4 3 9 8 5 19 6 23 18 20 14 16 12 10 13 11 29 30 24 28 22 21 15 26 25 17 27
AVOIDER 1 7 2 4 3 9 8 5 19 6 23 18 20 14 16 12 10 13 11 28 29 30 24 22 21 15 26 25 17 27
AVOIDER 1 7 2 4 3 9 8 5 19 6 23 18 20 14 16 12 10 13 11 28 30 29 24 22 21 15 26 25 17 27
AVOIDER 1 7 2 4 3 9 8 5 19 6 23 18 20 14 16 12 10 13 11 29 28 30 24 22 21 15 26 25 17 27
AVOIDER 1 7 2 4 3 9 8 5 19 6 23 18 20 14 16 12 10 13 11 30 28 29 24 22 21 15 26 25 17 27
AVOIDER 1 7 2 4 3 9 8 5 19 6 23 18 20 14 16 12 10 13 11 29 30 28 24 22 21 15 26 25 17 27
AVOIDER 1 7 2 4 3 9 8 5 23 6 19 18 20 14 16 12 10 13 11 24 30 22 28 29 21 15 26 25 17 27
AVOIDER 1 7 2 4 3 9 8 5 23 6 19 18 20 14 16 12 10 13 11 30 24 22 28 29 21 15 26 25 17 27
AVOIDER 1 7 2 4 3 9 8 5 23 6 19 18 20 14 16 12 10 13 11 24 28 30 22 29 21 15 26 25 17 27
AVOIDER 1 7 2 4 3 9 8 5 23 6 19 18 20 14 16 12 10 13 11 24 30 28 22 29 21 15 26 25 17 27
AVOIDER 1 7 2 4 3 9 8 5 23 6 19 18 20 14 16 12 10 13 11 24 29 30 22 28 21 15 26 25 17 27
AVOIDER 1 7 2 4 3 9 8 5 23 6 19 18 20 14 16 12 10 13 11 28 24 30 22 29 21 15 26 25 17 27
AVOIDER 1 7 2 4 3 9 8 5 23 6 19 18 20 14 16 12 10 13 11 30 24 28 22 29 21 15 26 25 17 27
AVOIDER 1 7 2 4 3 9 8 5 23 6 19 18 20 14 16 12 10 13 11 29 24 30 22 28 21 15 26 25 17 27
AVOIDER 1 7 2 4 3 9 8 5 23 6 19 18 20 14 16 12 10 13 11 28 30 24 22 29 21 15 26 25 17 27
AVOIDER 1 7 2 4 3 9 8 5 23 6 19 18 20 14 16 12 10 13 11 30 28 24 22 29 21 15 26 25 17 27
AVOIDER 1 7 2 4 3 9 8 5 23 6 19 18 20 14 16 12 10 13 11 29 30 24 22 28 21 15 26 25 17 27
AVOIDER 1 7 2 4 3 9 8 5 23 6 19 18 20 14 16 12 10 13 11 24 28 29 30 22 21 15 26 25 17 27
AVOIDER 1 7 2 4 3 9 8 5 23 6 19 18 20 14 16 12 10 13 11 24 28 30 29 22 21 15 26 25 17 27
AVOIDER 1 7 2 4 3 9 8 5 23 6 19 18 20 14 16 12 10 13 11 24 29 28 30 22 21 15 26 25 17 27
AVOIDER 1 7 2 4 3 9 8 5 23 6 19 18 20 14 16 12 10 13 11 24 30 28 29 22 21 15 26 25 17 27
AVOIDER 1 7 2 4 3 9 8 5 23 6 19 18 20 14 16 12 10 13 11 24 29 30 28 22 21 15 26 25 17 27
AVOIDER 1 7 2 4 3 9 8 5 23 6 19 18 20 14 16 12 10 13 11 28 24 29 30 22 21 15 26 25 17 27
AVOIDER 1 7 2 4 3 9 8 5 23 6 19 18 20 14 16 12 10 13 11 28 24 30 29 22 21 15 26 25 17 27
AVOIDER 1 7 2 4 3 9 8 5 23 6 19 18 20 14 16 12 10 13 11 29 24 28 30 22 21 15 26 25 17 27
AVOIDER 1 7 2 4 3 9 8 5 23 6 19 18 20 14 16 12 10 13 11 30 24 28 29 22 21 15 26 25 17 27
AVOIDER 1 7 2 4 3 9 8 5 23 6 19 18 20 14 16 12 10 13 11 29 24 30 28 22 21 15 26 25 17 27
AVOIDER 1 7 2 4 3 9 8 5 23 6 19 18 20 14 16 12 10 13 11 28 29 24 30 22 21 15 26 25 17 27
AVOIDER 1 7 2 4 3 9 8 5 23 6 19 18 20 14 16 12 10 13 11 28 30 24 29 22 21 15 26 25 17 27
AVOIDER 1 7 2 4 3 9 8 5 23 6 19 18 20 14 16 12 10 13 11 29 28 24 30 22 21 15 26 25 17 27
AVOIDER 1 7 2 4 3 9 8 5 23 6 19 18 20 14 16 12 10 13 11 30 28 24 29 22 21 15 26 25 17 27
AVOIDER 1 7 2 4 3 9 8 5 23 6 19 18 20 14 16 12 10 13 11 29 30 24 28 22 21 15 26 25 17 27
AVOIDER 1 7 2 4 3 9 8 5 23 6 19 18 20 14 16 12 10 13 11 28 29 30 24 22 21 15 26 25 17 27
AVOIDER 1 7 2 4 3 9 8 5 23 6 19 18 20 14 16 12 10 13 11 28 30 29 24 22 21 15 26 25 17 27
AVOIDER 1 7 2 4 3 9 8 5 23 6 19 18 20 14 16 12 10 13 11 29 28 30 24 22 21 15 26 25 17 27
AVOIDER 1 7 2 4 3 9 8 5 23 6 19 18 20 14 16 12 10 13 11 30 28 29 24 22 21 15 26 25 17 27
AVOIDER 1 7 2 4 3 9 8 5 23 6 19 18 20 14 16 12 10 13 11 29 30 28 24 22 21 15 26 25 17 27
AVOIDER 1 7 2 4 3 9 8 5 20 6 23 18 19 14 16 12 10 13 11 24 28 29 30 21 22 15 26 25 17 27
AVOIDER 1 7 2 4 3 9 8 5 20 6 23 18 19 14 16 12 10 13 11 24 28 30 29 21 22 15 26 25 17 27
AVOIDER 1 7 2 4 3 9 8 5 20 6 23 18 19 14 16 12 10 13 11 24 29 28 30 21 22 15 26 25 17 27
AVOIDER 1 7 2 4 3 9 8 5 20 6 23 18 19 14 16 12 10 13 11 24 30 28 29 21 22 15 26 25 17 27
AVOIDER 1 7 2 4 3 9 8 5 20 6 23 18 19 14 16 12 10 13 11 24 29 30 28 21 22 15 26 25 17 27
AVOIDER 1 7 2 4 3 9 8 5 20 6 23 18 19 14 16 12 10 13 11 28 24 29 30 21 22 15 26 25 17 27
AVOIDER 1 7 2 4 3 9 8 5 20 6 23 18 19 14 16 12 10 13 11 28 24 30 29 21 22 15 26 25 17 27
AVOIDER 1 7 2 4 3 9 8 5 20 6 23 18 19 14 16 12 10 13 11 29 24 28 30 21 22 15 26 25 17 27
AVOIDER 1 7 2 4 3 9 8 5 20 6 23 18 19 14 16 12 10 13 11 30 24 28 29 21 22 15 26 25 17 27
AVOIDER 1 7 2 4 3 9 8 5 20 6 23 18 19 14 16 12 10 13 11 29 24 30 28 21 22 15 26 25 17 27
AVOIDER 1 7 2 4 3 9 8 5 20 6 23 18 19 14 16 12 10 13 11 28 29 24 30 21 22 15 26 25 17 27
AVOIDER 1 7 2 4 3 9 8 5 20 6 23 18 19 14 16 12 10 13 11 28 30 24 29 21 22 15 26 25 17 27
AVOIDER 1 7 2 4 3 9 8 5 20 6 23 18 19 14 16 12 10 13 11 29 28 24 30 21 22 15 26 25 17 27
AVOIDER 1 7 2 4 3 9 8 5 20 6 23 18 19 14 16 12 10 13 11 30 28 24 29 21 22 15 26 25 17 27
AVOIDER 1 7 2 4 3 9 8 5 20 6 23 18 19 14 16 12 10 13 11 29 30 24 28 21 22 15 26 25 17 27
AVOIDER 1 7 2 4 3 9 8 5 20 6 23 18 19 14 16 12 10 13 11 28 29 30 24 21 22 15 26 25 17 27
AVOIDER 1 7 2 4 3 9 8 5 20 6 23 18 19 14 16 12 10 13 11 28 30 29 24 21 22 15 26 25 17 27
AVOIDER 1 7 2 4 3 9 8 5 20 6 23 18 19 14 16 12 10 13 11 29 28 30 24 21 22 15 26 25 17 27
AVOIDER 1 7 2 4 3 9 8 5 20 6 23 18 19 14 16 12 10 13 11 30 28 29 24 21 22 15 26 25 17 27
AVOIDER 1 7 2 4 3 9 8 5 20 6 23 18 19 14 16 12 10 13 11 29 30 28 24 21 22 15 26 25 17 27
AVOIDER 1 7 2 4 3 9 8 5 20 6 23 18 19 14 16 12 10 13 11 24 30 22 28 29 21 15 26 25 17 27
AVOIDER 1 7 2 4 3 9 8 5 20 6 23 18 19 14 16 12 10 13 11 30 24 22 28 29 21 15 26 25 17 27
AVOIDER 1 7 2 4 3 9 8 5 20 6 23 18 19 14 16 12 10 13 11 24 28 30 22 29 21 15 26 25 17 27
AVOIDER 1 7 2 4 3 9 8 5 20 6 23 18 19 14 16 12 10 13 11 24 30 28 22 29 21 15 26 25 17 27
AVOIDER 1 7 2 4 3 9 8 5 20 6 23 18 19 14 16 12 10 13 11 24 29 30 22 28 21 15 26 25 17 27
AVOIDER 1 7 2 4 3 9 8 5 20 6 23 18 19 14 16 12 10 13 11 28 24 30 22 29 21 15 26 25 17 27
AVOIDER 1 7 2 4 3 9 8 5 20 6 23 18 19 14 16 12 10 13 11 30 24 28 22 29 21 15 26 25 17 27
AVOIDER 1 7 2 4 3 9 8 5 20 6 23 18 19 14 16 12 10 13 11 29 24 30 22 28 21 15 26 25 17 27
AVOIDER 1 7 2 4 3 9 8 5 20 6 23 18 19 14 16 12 10 13 11 28 30 24 22 29 21 15 26 25 17 27
AVOIDER 1 7 2 4 3 9 8 5 20 6 23 18 19 14 16 12 10 13 11 30 28 24 22 29 21 15 26 25 17 27
AVOIDER 1 7 2 4 3 9 8 5 20 6 23 18 19 14 16 12 10 13 11 29 30 24 22 28 21 15 26 25 17 27
AVOIDER 1 7 2 4 3 9 8 5 20 6 23 18 19 14 16 12 10 13 11 24 28 29 30 22 21 15 26 25 17 27
AVOIDER 1 7 2 4 3 9 8 5 20 6 23 18 19 14 16 12 10 13 11 24 28 30 29 22 21 15 26 25 17 27
AVOIDER 1 7 2 4 3 9 8 5 20 6 23 18 19 14 16 12 10 13 11 24 29 28 30 22 21 15 26 25 17 27
AVOIDER 1 7 2 4 3 9 8 5 20 6 23 18 19 14 16 12 10 13 11 24 30 28 29 22 21 15 26 25 17 27
AVOIDER 1 7 2 4 3 9 8 5 20 6 23 18 19 14 16 12 10 13 11 24 29 30 28 22 21 15 26 25 17 27
AVOIDER 1 7 2 4 3 9 8 5 20 6 23 18 19 14 16 12 10 13 11 28 24 29 30 22 21 15 26 25 17 27
AVOIDER 1 7 2 4 3 9 8 5 20 6 23 18 19 14 16 12 10 13 11 28 24 30 29 22 21 15 26 25 17 27
AVOIDER 1 7 2 4 3 9 8 5 20 6 23 18 19 14 16 12 10 13 11 29 24 28 30 22 21 15 26 25 17 27
AVOIDER 1 7 2 4 3 9 8 5 20 6 23 18 19 14 16 12 10 13 11 30 24 28 29 22 21 15 26 25 17 27
AVOIDER 1 7 2 4 3 9 8 5 20 6 23 18 19 14 16 12 10 13 11 29 24 30 28 22 21 15 26 25 17 27
AVOIDER 1 7 2 4 3 9 8 5 20 6 23 18 19 14 16 12 10 13 11 28 29 24 30 22 21 15 26 25 17 27
AVOIDER 1 7 2 4 3 9 8 5 20 6 23 18 19 14 16 12 10 13 11 28 30 24 29 22 21 15 26 25 17 27
AVOIDER 1 7 2 4 3 9 8 5 20 6 23 18 19 14 16 12 10 13 11 29 28 24 30 22 21 15 26 25 17 27
AVOIDER 1 7 2 4 3 9 8 5 20 6 23 18 19 14 16 12 10 13 11 30 28 24 29 22 21 15 26 25 17 27
AVOIDER 1 7 2 4 3 9 8 5 20 6 23 18 19 14 16 12 10 13 11 29 30 24 28 22 21 15 26 25 17 27
AVOIDER 1 7 2 4 3 9 8 5 20 6 23 18 19 14 16 12 10 13 11 28 29 30 24 22 21 15 26 25 17 27
AVOIDER 1 7 2 4 3 9 8 5 20 6 23 18 19 14 16 12 10 13 11 28 30 29 24 22 21 15 26 25 17 27
AVOIDER 1 7 2 4 3 9 8 5 20 6 23 18 19 14 16 12 10 13 11 29 28 30 24 22 21 15 26 25 17 27
AVOIDER 1 7 2 4 3 9 8 5 20 6 23 18 19 14 16 12 10 13 11 30 28 29 24 22 21 15 26 25 17 27
AVOIDER 1 7 2 4 3 9 8 5 20 6 23 18 19 14 16 12 10 13 11 29 30 28 24 22 21 15 26 25 17 27
AVOIDER 1 7 2 4 3 9 8 5 23 6 20 18 19 14 16 12 10 13 11 24 28 29 30 21 22 15 26 25 17 27
AVOIDER 1 7 2 4 3 9 8 5 23 6 20 18 19 14 16 12 10 13 11 24 28 30 29 21 22 15 26 25 17 27
AVOIDER 1 7 2 4 3 9 8 5 23 6 20 18 19 14 16 12 10 13 11 24 29 28 30 21 22 15 26 25 17 27
AVOIDER 1 7 2 4 3 9 8 5 23 6 20 18 19 14 16 12 10 13 11 24 30 28 29 21 22 15 26 25 17 27
AVOIDER 1 7 2 4 3 9 8 5 23 6 20 18 19 14 16 12 10 13 11 24 29 30 28 21 22 15 26 25 17 27
AVOIDER 1 7 2 4 3 9 8 5 23 6 20 18 19 14 16 12 10 13 11 28 24 29 30 21 22 15 26 25 17 27
AVOIDER 1 7 2 4 3 9 8 5 23 6 20 18 19 14 16 12 10 13 11 28 24 30 29 21 22 15 26 25 17 27
AVOIDER 1 7 2 4 3 9 8 5 23 6 20 18 19 14 16 12 10 13 11 29 24 28 30 21 22 15 26 25 17 27
AVOIDER 1 7 2 4 3 9 8 5 23 6 20 18 19 14 16 12 10 13 11 30 24 28 29 21 22 15 26 25 17 27
AVOIDER 1 7 2 4 3 9 8 5 23 6 20 18 19 14 16 12 10 13 11 29 24 30 28 21 22 15 26 25 17 27
AVOIDER 1 7 2 4 3 9 8 5 23 6 20 18 19 14 16 12 10 13 11 28 29 24 30 21 22 15 26 25 17 27
AVOIDER 1 7 2 4 3 9 8 5 23 6 20 18 19 14 16 12 10 13 11 28 30 24 29 21 22 15 26 25 17 27
AVOIDER 1 7 2 4 3 9 8 5 23 6 20 18 19 14 16 12 10 13 11 29 28 24 30 21 22 15 26 25 17 27
AVOIDER 1 7 2 4 3 9 8 5 23 6 20 18 19 14 16 12 10 13 11 30 28 24 29 21 22 15 26 25 17 27
AVOIDER 1 7 2 4 3 9 8 5 23 6 20 18 19 14 16 12 10 13 11 29 30 24 28 21 22 15 26 25 17 27
AVOIDER 1 7 2 4 3 9 8 5 23 6 20 18 19 14 16 12 10 13 11 28 29 30 24 21 22 15 26 25 17 27
AVOIDER 1 7 2 4 3 9 8 5 23 6 20 18 19 14 16 12 10 13 11 28 30 29 24 21 22 15 26 25 17 27
AVOIDER 1 7 2 4 3 9 8 5 23 6 20 18 19 14 16 12 10 13 11 29 28 30 24 21 22 15 26 25 17 27
AVOIDER 1 7 2 4 3 9 8 5 23 6 20 18 19 14 16 12 10 13 11 30 28 29 24 21 22 15 26 25 17 27
AVOIDER 1 7 2 4 3 9 8 5 23 6 20 18 19 14 16 12 10 13 11 29 30 28 24 21 22 15 26 25 17 27
AVOIDER 1 7 2 4 3 9 8 5 23 6 20 18 19 14 16 12 10 13 11 24 30 22 28 29 21 15 26 25 17 27
AVOIDER 1 7 2 4 3 9 8 5 23 6 20 18 19 14 16 12 10 13 11 30 24 22 28 29 21 15 26 25 17 27
AVOIDER 1 7 2 4 3 9 8 5 23 6 20 18 19 14 16 12 10 13 11 24 28 30 22 29 21 15 26 25 17 27
AVOIDER 1 7 2 4 3 9 8 5 23 6 20 18 19 14 16 12 10 13 11 24 30 28 22 29 21 15 26 25 17 27
AVOIDER 1 7 2 4 3 9 8 5 23 6 20 18 19 14 16 12 10 13 11 24 29 30 22 28 21 15 26 25 17 27
AVOIDER 1 7 2 4 3 9 8 5 23 6 20 18 19 14 16 12 10 13 11 28 24 30 22 29 21 15 26 25 17 27
AVOIDER 1 7 2 4 3 9 8 5 23 6 20 18 19 14 16 12 10 13 11 30 24 28 22 29 21 15 26 25 17 27
AVOIDER 1 7 2 4 3 9 8 5 23 6 20 18 19 14 16 12 10 13 11 29 24 30 22 28 21 15 26 25 17 27
AVOIDER 1 7 2 4 3 9 8 5 23 6 20 18 19 14 16 12 10 13 11 28 30 24 22 29 21 15 26 25 17 27
AVOIDER 1 7 2 4 3 9 8 5 23 6 20 18 19 14 16 12 10 13 11 30 28 24 22 29 21 15 26 25 17 27
AVOIDER 1 7 2 4 3 9 8 5 23 6 20 18 19 14 16 12 10 13 11 29 30 24 22 28 21 15 26 25 17 27
AVOIDER 1 7 2 4 3 9 8 5 23 6 20 18 19 14 16 12 10 13 11 24 28 29 30 22 21 15 26 25 17 27
AVOIDER 1 7 2 4 3 9 8 5 23 6 20 18 19 14 16 12 10 13 11 24 28 30 29 22 21 15 26 25 17 27
AVOIDER 1 7 2 4 3 9 8 5 23 6 20 18 19 14 16 12 10 13 11 24 29 28 30 22 21 15 26 25 17 27
AVOIDER 1 7 2 4 3 9 8 5 23 6 20 18 19 14 16 12 10 13 11 24 30 28 29 22 21 15 26 25 17 27
AVOIDER 1 7 2 4 3 9 8 5 23 6 20 18 19 14 16 12 10 13 11 24 29 30 28 22 21 15 26 25 17 27
AVOIDER 1 7 2 4 3 9 8 5 23 6 20 18 19 14 16 12 10 13 11 28 24 29 30 22 21 15 26 25 17 27
AVOIDER 1 7 2 4 3 9 8 5 23 6 20 18 19 14 16 12 10 13 11 28 24 30 29 22 21 15 26 25 17 27
AVOIDER 1 7 2 4 3 9 8 5 23 6 20 18 19 14 16 12 10 13 11 29 24 28 30 22 21 15 26 25 17 27
AVOIDER 1 7 2 4 3 9 8 5 23 6 20 18 19 14 16 12 10 13 11 30 24 28 29 22 21 15 26 25 17 27
AVOIDER 1 7 2 4 3 9 8 5 23 6 20 18 19 14 16 12 10 13 11 29 24 30 28 22 21 15 26 25 17 27
AVOIDER 1 7 2 4 3 9 8 5 23 6 20 18 19 14 16 12 10 13 11 28 29 24 30 22 21 15 26 25 17 27
AVOIDER 1 7 2 4 3 9 8 5 23 6 20 18 19 14 16 12 10 13 11 28 30 24 29 22 21 15 26 25 17 27
AVOIDER 1 7 2 4 3 9 8 5 23 6 20 18 19 14 16 12 10 13 11 29 28 24 30 22 21 15 26 25 17 27
AVOIDER 1 7 2 4 3 9 8 5 23 6 20 18 19 14 16 12 10 13 11 30 28 24 29 22 21 15 26 25 17 27
AVOIDER 1 7 2 4 3 9 8 5 23 6 20 18 19 14 16 12 10 13 11 29 30 24 28 22 21 15 26 25 17 27
AVOIDER 1 7 2 4 3 9 8 5 23 6 20 18 19 14 16 12 10 13 11 28 29 30 24 22 21 15 26 25 17 27
AVOIDER 1 7 2 4 3 9 8 5 23 6 20 18 19 14 16 12 10 13 11 28 30 29 24 22 21 15 26 25 17 27
AVOIDER 1 7 2 4 3 9 8 5 23 6 20 18 19 14 16 12 10 13 11 29 28 30 24 22 21 15 26 25 17 27
AVOIDER 1 7 2 4 3 9 8 5 23 6 20 18 19 14 16 12 10 13 11 30 28 29 24 22 21 15 26 25 17 27
AVOIDER 1 7 2 4 3 9 8 5 23 6 20 18 19 14 16 12 10 13 11 29 30 28 24 22 21 15 26 25 17 27
AVOIDER 1 7 2 4 3 9 8 5 19 6 20 23 18 14 16 12 10 13 11 24 30 22 28 29 21 15 26 25 17 27
AVOIDER 1 7 2 4 3 9 8 5 19 6 20 23 18 14 16 12 10 13 11 30 24 22 28 29 21 15 26 25 17 27
AVOIDER 1 7 2 4 3 9 8 5 19 6 20 23 18 14 16 12 10 13 11 24 28 30 22 29 21 15 26 25 17 27
AVOIDER 1 7 2 4 3 9 8 5 19 6 20 23 18 14 16 12 10 13 11 24 30 28 22 29 21 15 26 25 17 27
AVOIDER 1 7 2 4 3 9 8 5 19 6 20 23 18 14 16 12 10 13 11 24 29 30 22 28 21 15 26 25 17 27
AVOIDER 1 7 2 4 3 9 8 5 19 6 20 23 18 14 16 12 10 13 11 28 24 30 22 29 21 15 26 25 17 27
AVOIDER 1 7 2 4 3 9 8 5 19 6 20 23 18 14 16 12 10 13 11 30 24 28 22 29 21 15 26 25 17 27
AVOIDER 1 7 2 4 3 9 8 5 19 6 20 23 18 14 16 12 10 13 11 29 24 30 22 28 21 15 26 25 17 27
AVOIDER 1 7 2 4 3 9 8 5 19 6 20 23 18 14 16 12 10 13 11 28 30 24 22 29 21 15 26 25 17 27
AVOIDER 1 7 2 4 3 9 8 5 19 6 20 23 18 14 16 12 10 13 11 30 28 24 22 29 21 15 26 25 17 27
AVOIDER 1 7 2 4 3 9 8 5 19 6 20 23 18 14 16 12 10 13 11 29 30 24 22 28 21 15 26 25 17 27
AVOIDER 1 7 2 4 3 9 8 5 19 6 20 23 18 14 16 12 10 13 11 24 28 29 30 22 21 15 26 25 17 27
AVOIDER 1 7 2 4 3 9 8 5 19 6 20 23 18 14 16 12 10 13 11 24 28 30 29 22 21 15 26 25 17 27
AVOIDER 1 7 2 4 3 9 8 5 19 6 20 23 18 14 16 12 10 13 11 24 29 28 30 22 21 15 26 25 17 27
AVOIDER 1 7 2 4 3 9 8 5 19 6 20 23 18 14 16 12 10 13 11 24 30 28 29 22 21 15 26 25 17 27
AVOIDER 1 7 2 4 3 9 8 5 19 6 20 23 18 14 16 12 10 13 11 24 29 30 28 22 21 15 26 25 17 27
AVOIDER 1 7 2 4 3 9 8 5 19 6 20 23 18 14 16 12 10 13 11 28 24 29 30 22 21 15 26 25 17 27
AVOIDER 1 7 2 4 3 9 8 5 19 6 20 23 18 14 16 12 10 13 11 28 24 30 29 22 21 15 26 25 17 27
AVOIDER 1 7 2 4 3 9 8 5 19 6 20 23 18 14 16 12 10 13 11 29 24 28 30 22 21 15 26 25 17 27
AVOIDER 1 7 2 4 3 9 8 5 19 6 20 23 18 14 16 12 10 13 11 30 24 28 29 22 21 15 26 25 17 27
AVOIDER 1 7 2 4 3 9 8 5 19 6 20 23 18 14 16 12 10 13 11 29 24 30 28 22 21 15 26 25 17 27
AVOIDER 1 7 2 4 3 9 8 5 19 6 20 23 18 14 16 12 10 13 11 28 29 24 30 22 21 15 26 25 17 27
AVOIDER 1 7 2 4 3 9 8 5 19 6 20 23 18 14 16 12 10 13 11 28 30 24 29 22 21 15 26 25 17 27
AVOIDER 1 7 2 4 3 9 8 5 19 6 20 23 18 14 16 12 10 13 11 29 28 24 30 22 21 15 26 25 17 27
AVOIDER 1 7 2 4 3 9 8 5 19 6 20 23 18 14 16 12 10 13 11 30 28 24 29 22 21 15 26 25 17 27
AVOIDER 1 7 2 4 3 9 8 5 19 6 20 23 18 14 16 12 10 13 11 29 30 24 28 22 21 15 26 25 17 27
AVOIDER 1 7 2 4 3 9 8 5 19 6 20 23 18 14 16 12 10 13 11 28 29 30 24 22 21 15 26 25 17 27
AVOIDER 1 7 2 4 3 9 8 5 19 6 20 23 18 14 16 12 10 13 11 28 30 29 24 22 21 15 26 25 17 27
AVOIDER 1 7 2 4 3 9 8 5 19 6 20 23 18 14 16 12 10 13 11 29 28 30 24 22 21 15 26 25 17 27
AVOIDER 1 7 2 4 3 9 8 5 19 6 20 23 18 14 16 12 10 13 11 30 28 29 24 22 21 15 26 25 17 27
AVOIDER 1 7 2 4 3 9 8 5 19 6 20 23 18 14 16 12 10 13 11 29 30 28 24 22 21 15 26 25 17 27
AVOIDER 1 7 2 4 3 9 8 5 19 6 23 20 18 14 16 12 10 13 11 24 30 22 28 29 21 15 26 25 17 27
AVOIDER 1 7 2 4 3 9 8 5 19 6 23 20 18 14 16 12 10 13 11 30 24 22 28 29 21 15 26 25 17 27
AVOIDER 1 7 2 4 3 9 8 5 19 6 23 20 18 14 16 12 10 13 11 24 28 30 22 29 21 15 26 25 17 27
AVOIDER 1 7 2 4 3 9 8 5 19 6 23 20 18 14 16 12 10 13 11 24 30 28 22 29 21 15 26 25 17 27
AVOIDER 1 7 2 4 3 9 8 5 19 6 23 20 18 14 16 12 10 13 11 24 29 30 22 28 21 15 26 25 17 27
AVOIDER 1 7 2 4 3 9 8 5 19 6 23 20 18 14 16 12 10 13 11 28 24 30 22 29 21 15 26 25 17 27
AVOIDER 1 7 2 4 3 9 8 5 19 6 23 20 18 14 16 12 10 13 11 30 24 28 22 29 21 15 26 25 17 27
AVOIDER 1 7 2 4 3 9 8 5 19 6 23 20 18 14 16 12 10 13 11 29 24 30 22 28 21 15 26 25 17 27
AVOIDER 1 7 2 4 3 9 8 5 19 6 23 20 18 14 16 12 10 13 11 28 30 24 22 29 21 15 26 25 17 27
AVOIDER 1 7 2 4 3 9 8 5 19 6 23 20 18 14 16 12 10 13 11 30 28 24 22 29 21 15 26 25 17 27
AVOIDER 1 7 2 4 3 9 8 5 19 6 23 20 18 14 16 12 10 13 11 29 30 24 22 28 21 15 26 25 17 27
AVOIDER 1 7 2 4 3 9 8 5 19 6 23 20 18 14 16 12 10 13 11 24 28 29 30 22 21 15 26 25 17 27
AVOIDER 1 7 2 4 3 9 8 5 19 6 23 20 18 14 16 12 10 13 11 24 28 30 29 22 21 15 26 25 17 27
AVOIDER 1 7 2 4 3 9 8 5 19 6 23 20 18 14 16 12 10 13 11 24 29 28 30 22 21 15 26 25 17 27
AVOIDER 1 7 2 4 3 9 8 5 19 6 23 20 18 14 16 12 10 13 11 24 30 28 29 22 21 15 26 25 17 27
AVOIDER 1 7 2 4 3 9 8 5 19 6 23 20 18 14 16 12 10 13 11 24 29 30 28 22 21 15 26 25 17 27
AVOIDER 1 7 2 4 3 9 8 5 19 6 23 20 18 14 16 12 10 13 11 28 24 29 30 22 21 15 26 25 17 27
AVOIDER 1 7 2 4 3 9 8 5 19 6 23 20 18 14 16 12 10 13 11 28 24 30 29 22 21 15 26 25 17 27
AVOIDER 1 7 2 4 3 9 8 5 19 6 23 20 18 14 16 12 10 13 11 29 24 28 30 22 21 15 26 25 17 27
AVOIDER 1 7 2 4 3 9 8 5 19 6 23 20 18 14 16 12 10 13 11 30 24 28 29 22 21 15 26 25 17 27
AVOIDER 1 7 2 4 3 9 8 5 19 6 23 20 18 14 16 12 10 13 11 29 24 30 28 22 21 15 26 25 17 27
AVOIDER 1 7 2 4 3 9 8 5 19 6 23 20 18 14 16 12 10 13 11 28 29 24 30 22 21 15 26 25 17 27
AVOIDER 1 7 2 4 3 9 8 5 19 6 23 20 18 14 16 12 10 13 11 28 30 24 29 22 21 15 26 25 17 27
AVOIDER 1 7 2 4 3 9 8 5 19 6 23 20 18 14 16 12 10 13 11 29 28 24 30 22 21 15 26 25 17 27
AVOIDER 1 7 2 4 3 9 8 5 19 6 23 20 18 14 16 12 10 13 11 30 28 24 29 22 21 15 26 25 17 27
AVOIDER 1 7 2 4 3 9 8 5 19 6 23 20 18 14 16 12 10 13 11 29 30 24 28 22 21 15 26 25 17 27
AVOIDER 1 7 2 4 3 9 8 5 19 6 23 20 18 14 16 12 10 13 11 28 29 30 24 22 21 15 26 25 17 27
AVOIDER 1 7 2 4 3 9 8 5 19 6 23 20 18 14 16 12 10 13 11 28 30 29 24 22 21 15 26 25 17 27
AVOIDER 1 7 2 4 3 9 8 5 19 6 23 20 18 14 16 12 10 13 11 29 28 30 24 22 21 15 26 25 17 27
AVOIDER 1 7 2 4 3 9 8 5 19 6 23 20 18 14 16 12 10 13 11 30 28 29 24 22 21 15 26 25 17 27
AVOIDER 1 7 2 4 3 9 8 5 19 6 23 20 18 14 16 12 10 13 11 29 30 28 24 22 21 15 26 25 17 27
AVOIDER 1 7 2 4 3 9 8 5 23 6 19 20 18 14 16 12 10 13 11 24 30 22 28 29 21 15 26 25 17 27
AVOIDER 1 7 2 4 3 9 8 5 23 6 19 20 18 14 16 12 10 13 11 30 24 22 28 29 21 15 26 25 17 27
AVOIDER 1 7 2 4 3 9 8 5 23 6 19 20 18 14 16 12 10 13 11 24 28 30 22 29 21 15 26 25 17 27
AVOIDER 1 7 2 4 3 9 8 5 23 6 19 20 18 14 16 12 10 13 11 24 30 28 22 29 21 15 26 25 17 27
AVOIDER 1 7 2 4 3 9 8 5 23 6 19 20 18 14 16 12 10 13 11 24 29 30 22 28 21 15 26 25 17 27
AVOIDER 1 7 2 4 3 9 8 5 23 6 19 20 18 14 16 12 10 13 11 28 24 30 22 29 21 15 26 25 17 27
AVOIDER 1 7 2 4 3 9 8 5 23 6 19 20 18 14 16 12 10 13 11 30 24 28 22 29 21 15 26 25 17 27
AVOIDER 1 7 2 4 3 9 8 5 23 6 19 20 18 14 16 12 10 13 11 29 24 30 22 28 21 15 26 25 17 27
AVOIDER 1 7 2 4 3 9 8 5 23 6 19 20 18 14 16 12 10 13 11 28 30 24 22 29 21 15 26 25 17 27
AVOIDER 1 7 2 4 3 9 8 5 23 6 19 20 18 14 16 12 10 13 11 30 28 24 22 29 21 15 26 25 17 27
AVOIDER 1 7 2 4 3 9 8 5 23 6 19 20 18 14 16 12 10 13 11 29 30 24 22 28 21 15 26 25 17 27
AVOIDER 1 7 2 4 3 9 8 5 23 6 19 20 18 14 16 12 10 13 11 24 28 29 30 22 21 15 26 25 17 27
AVOIDER 1 7 2 4 3 9 8 5 23 6 19 20 18 14 16 12 10 13 11 24 28 30 29 22 21 15 26 25 17 27
AVOIDER 1 7 2 4 3 9 8 5 23 6 19 20 18 14 16 12 10 13 11 24 29 28 30 22 21 15 26 25 17 27
AVOIDER 1 7 2 4 3 9 8 5 23 6 19 20 18 14 16 12 10 13 11 24 30 28 29 22 21 15 26 25 17 27
AVOIDER 1 7 2 4 3 9 8 5 23 6 19 20 18 14 16 12 10 13 11 24 29 30 28 22 21 15 26 25 17 27
AVOIDER 1 7 2 4 3 9 8 5 23 6 19 20 18 14 16 12 10 13 11 28 24 29 30 22 21 15 26 25 17 27
AVOIDER 1 7 2 4 3 9 8 5 23 6 19 20 18 14 16 12 10 13 11 28 24 30 29 22 21 15 26 25 17 27
AVOIDER 1 7 2 4 3 9 8 5 23 6 19 20 18 14 16 12 10 13 11 29 24 28 30 22 21 15 26 25 17 27
AVOIDER 1 7 2 4 3 9 8 5 23 6 19 20 18 14 16 12 10 13 11 30 24 28 29 22 21 15 26 25 17 27
AVOIDER 1 7 2 4 3 9 8 5 23 6 19 20 18 14 16 12 10 13 11 29 24 30 28 22 21 15 26 25 17 27
AVOIDER 1 7 2 4 3 9 8 5 23 6 19 20 18 14 16 12 10 13 11 28 29 24 30 22 21 15 26 25 17 27
AVOIDER 1 7 2 4 3 9 8 5 23 6 19 20 18 14 16 12 10 13 11 28 30 24 29 22 21 15 26 25 17 27
AVOIDER 1 7 2 4 3 9 8 5 23 6 19 20 18 14 16 12 10 13 11 29 28 24 30 22 21 15 26 25 17 27
AVOIDER 1 7 2 4 3 9 8 5 23 6 19 20 18 14 16 12 10 13 11 30 28 24 29 22 21 15 26 25 17 27
AVOIDER 1 7 2 4 3 9 8 5 23 6 19 20 18 14 16 12 10 13 11 29 30 24 28 22 21 15 26 25 17 27
AVOIDER 1 7 2 4 3 9 8 5 23 6 19 20 18 14 16 12 10 13 11 28 29 30 24 22 21 15 26 25 17 27
AVOIDER 1 7 2 4 3 9 8 5 23 6 19 20 18 14 16 12 10 13 11 28 30 29 24 22 21 15 26 25 17 27
AVOIDER 1 7 2 4 3 9 8 5 23 6 19 20 18 14 16 12 10 13 11 29 28 30 24 22 21 15 26 25 17 27
AVOIDER 1 7 2 4 3 9 8 5 23 6 19 20 18 14 16 12 10 13 11 30 28 29 24 22 21 15 26 25 17 27
AVOIDER 1 7 2 4 3 9 8 5 23 6 19 20 18 14 16 12 10 13 11 29 30 28 24 22 21 15 26 25 17 27
AVOIDER 1 7 2 4 3 9 8 5 18 6 20 19 13 14 23 16 10 12 11 24 28 29 30 21 22 15 26 25 17 27
AVOIDER 1 7 2 4 3 9 8 5 18 6 20 19 13 14 23 16 10 12 11 24 28 30 29 21 22 15 26 25 17 27
AVOIDER 1 7 2 4 3 9 8 5 18 6 20 19 13 14 23 16 10 12 11 24 29 28 30 21 22 15 26 25 17 27
AVOIDER 1 7 2 4 3 9 8 5 18 6 20 19 13 14 23 16 10 12 11 24 30 28 29 21 22 15 26 25 17 27
AVOIDER 1 7 2 4 3 9 8 5 18 6 20 19 13 14 23 16 10 12 11 24 29 30 28 21 22 15 26 25 17 27
AVOIDER 1 7 2 4 3 9 8 5 18 6 20 19 13 14 23 16 10 12 11 28 24 29 30 21 22 15 26 25 17 27
AVOIDER 1 7 2 4 3 9 8 5 18 6 20 19 13 14 23 16 10 12 11 28 24 30 29 21 22 15 26 25 17 27
AVOIDER 1 7 2 4 3 9 8 5 18 6 20 19 13 14 23 16 10 12 11 29 24 28 30 21 22 15 26 25 17 27
AVOIDER 1 7 2 4 3 9 8 5 18 6 20 19 13 14 23 16 10 12 11 30 24 28 29 21 22 15 26 25 17 27
AVOIDER 1 7 2 4 3 9 8 5 18 6 20 19 13 14 23 16 10 12 11 29 24 30 28 21 22 15 26 25 17 27
AVOIDER 1 7 2 4 3 9 8 5 18 6 20 19 13 14 23 16 10 12 11 28 29 24 30 21 22 15 26 25 17 27
AVOIDER 1 7 2 4 3 9 8 5 18 6 20 19 13 14 23 16 10 12 11 28 30 24 29 21 22 15 26 25 17 27
AVOIDER 1 7 2 4 3 9 8 5 18 6 20 19 13 14 23 16 10 12 11 29 28 24 30 21 22 15 26 25 17 27
AVOIDER 1 7 2 4 3 9 8 5 18 6 20 19 13 14 23 16 10 12 11 30 28 24 29 21 22 15 26 25 17 27
AVOIDER 1 7 2 4 3 9 8 5 18 6 20 19 13 14 23 16 10 12 11 29 30 24 28 21 22 15 26 25 17 27
AVOIDER 1 7 2 4 3 9 8 5 18 6 20 19 13 14 23 16 10 12 11 28 29 30 24 21 22 15 26 25 17 27
AVOIDER 1 7 2 4 3 9 8 5 18 6 20 19 13 14 23 16 10 12 11 28 30 29 24 21 22 15 26 25 17 27
AVOIDER 1 7 2 4 3 9 8 5 18 6 20 19 13 14 23 16 10 12 11 29 28 30 24 21 22 15 26 25 17 27
AVOIDER 1 7 2 4 3 9 8 5 18 6 20 19 13 14 23 16 10 12 11 30 28 29 24 21 22 15 26 25 17 27
AVOIDER 1 7 2 4 3 9 8 5 18 6 20 19 13 14 23 16 10 12 11 29 30 28 24 21 22 15 26 25 17 27
AVOIDER 1 7 2 4 3 9 8 5 18 6 20 19 13 14 23 16 10 12 11 24 30 22 28 29 21 15 26 25 17 27
AVOIDER 1 7 2 4 3 9 8 5 18 6 20 19 13 14 23 16 10 12 11 30 24 22 28 29 21 15 26 25 17 27
AVOIDER 1 7 2 4 3 9 8 5 18 6 20 19 13 14 23 16 10 12 11 24 28 30 22 29 21 15 26 25 17 27
AVOIDER 1 7 2 4 3 9 8 5 18 6 20 19 13 14 23 16 10 12 11 24 30 28 22 29 21 15 26 25 17 27
AVOIDER 1 7 2 4 3 9 8 5 18 6 20 19 13 14 23 16 10 12 11 24 29 30 22 28 21 15 26 25 17 27
AVOIDER 1 7 2 4 3 9 8 5 18 6 20 19 13 14 23 16 10 12 11 28 24 30 22 29 21 15 26 25 17 27
AVOIDER 1 7 2 4 3 9 8 5 18 6 20 19 13 14 23 16 10 12 11 30 24 28 22 29 21 15 26 25 17 27
AVOIDER 1 7 2 4 3 9 8 5 18 6 20 19 13 14 23 16 10 12 11 29 24 30 22 28 21 15 26 25 17 27
AVOIDER 1 7 2 4 3 9 8 5 18 6 20 19 13 14 23 16 10 12 11 28 30 24 22 29 21 15 26 25 17 27
AVOIDER 1 7 2 4 3 9 8 5 18 6 20 19 13 14 23 16 10 12 11 30 28 24 22 29 21 15 26 25 17 27
AVOIDER 1 7 2 4 3 9 8 5 18 6 20 19 13 14 23 16 10 12 11 29 30 24 22 28 21 15 26 25 17 27
AVOIDER 1 7 2 4 3 9 8 5 18 6 20 19 13 14 23 16 10 12 11 24 28 29 30 22 21 15 26 25 17 27
AVOIDER 1 7 2 4 3 9 8 5 18 6 20 19 13 14 23 16 10 12 11 24 28 30 29 22 21 15 26 25 17 27
AVOIDER 1 7 2 4 3 9 8 5 18 6 20 19 13 14 23 16 10 12 11 24 29 28 30 22 21 15 26 25 17 27
AVOIDER 1 7 2 4 3 9 8 5 18 6 20 19 13 14 23 16 10 12 11 24 30 28 29 22 21 15 26 25 17 27
AVOIDER 1 7 2 4 3 9 8 5 18 6 20 19 13 14 23 16 10 12 11 24 29 30 28 22 21 15 26 25 17 27
AVOIDER 1 7 2 4 3 9 8 5 18 6 20 19 13 14 23 16 10 12 11 28 24 29 30 22 21 15 26 25 17 27
AVOIDER 1 7 2 4 3 9 8 5 18 6 20 19 13 14 23 16 10 12 11 28 24 30 29 22 21 15 26 25 17 27
AVOIDER 1 7 2 4 3 9 8 5 18 6 20 19 13 14 23 16 10 12 11 29 24 28 30 22 21 15 26 25 17 27
AVOIDER 1 7 2 4 3 9 8 5 18 6 20 19 13 14 23 16 10 12 11 30 24 28 29 22 21 15 26 25 17 27
AVOIDER 1 7 2 4 3 9 8 5 18 6 20 19 13 14 23 16 10 12 11 29 24 30 28 22 21 15 26 25 17 27
AVOIDER 1 7 2 4 3 9 8 5 18 6 20 19 13 14 23 16 10 12 11 28 29 24 30 22 21 15 26 25 17 27
AVOIDER 1 7 2 4 3 9 8 5 18 6 20 19 13 14 23 16 10 12 11 28 30 24 29 22 21 15 26 25 17 27
AVOIDER 1 7 2 4 3 9 8 5 18 6 20 19 13 14 23 16 10 12 11 29 28 24 30 22 21 15 26 25 17 27
AVOIDER 1 7 2 4 3 9 8 5 18 6 20 19 13 14 23 16 10 12 11 30 28 24 29 22 21 15 26 25 17 27
AVOIDER 1 7 2 4 3 9 8 5 18 6 20 19 13 14 23 16 10 12 11 29 30 24 28 22 21 15 26 25 17 27
AVOIDER 1 7 2 4 3 9 8 5 18 6 20 19 13 14 23 16 10 12 11 28 29 30 24 22 21 15 26 25 17 27
AVOIDER 1 7 2 4 3 9 8 5 18 6 20 19 13 14 23 16 10 12 11 28 30 29 24 22 21 15 26 25 17 27
AVOIDER 1 7 2 4 3 9 8 5 18 6 20 19 13 14 23 16 10 12 11 29 28 30 24 22 21 15 26 25 17 27
AVOIDER 1 7 2 4 3 9 8 5 18 6 20 19 13 14 23 16 10 12 11 30 28 29 24 22 21 15 26 25 17 27
AVOIDER 1 7 2 4 3 9 8 5 18 6 20 19 13 14 23 16 10 12 11 29 30 28 24 22 21 15 26 25 17 27
AVOIDER 1 7 2 4 3 9 8 5 19 6 18 20 13 14 23 16 10 12 11 24 30 22 28 29 21 15 26 25 17 27
AVOIDER 1 7 2 4 3 9 8 5 19 6 18 20 13 14 23 16 10 12 11 30 24 22 28 29 21 15 26 25 17 27
AVOIDER 1 7 2 4 3 9 8 5 19 6 18 20 13 14 23 16 10 12 11 24 28 30 22 29 21 15 26 25 17 27
AVOIDER 1 7 2 4 3 9 8 5 19 6 18 20 13 14 23 16 10 12 11 24 30 28 22 29 21 15 26 25 17 27
AVOIDER 1 7 2 4 3 9 8 5 19 6 18 20 13 14 23 16 10 12 11 24 29 30 22 28 21 15 26 25 17 27
AVOIDER 1 7 2 4 3 9 8 5 19 6 18 20 13 14 23 16 10 12 11 28 24 30 22 29 21 15 26 25 17 27
AVOIDER 1 7 2 4 3 9 8 5 19 6 18 20 13 14 23 16 10 12 11 30 24 28 22 29 21 15 26 25 17 27
AVOIDER 1 7 2 4 3 9 8 5 19 6 18 20 13 14 23 16 10 12 11 29 24 30 22 28 21 15 26 25 17 27
AVOIDER 1 7 2 4 3 9 8 5 19 6 18 20 13 14 23 16 10 12 11 28 30 24 22 29 21 15 26 25 17 27
AVOIDER 1 7 2 4 3 9 8 5 19 6 18 20 13 14 23 16 10 12 11 30 28 24 22 29 21 15 26 25 17 27
AVOIDER 1 7 2 4 3 9 8 5 19 6 18 20 13 14 23 16 10 12 11 29 30 24 22 28 21 15 26 25 17 27
AVOIDER 1 7 2 4 3 9 8 5 19 6 18 20 13 14 23 16 10 12 11 24 28 29 30 22 21 15 26 25 17 27
AVOIDER 1 7 2 4 3 9 8 5 19 6 18 20 13 14 23 16 10 12 11 24 28 30 29 22 21 15 26 25 17 27
AVOIDER 1 7 2 4 3 9 8 5 19 6 18 20 13 14 23 16 10 12 11 24 29 28 30 22 21 15 26 25 17 27
AVOIDER 1 7 2 4 3 9 8 5 19 6 18 20 13 14 23 16 10 12 11 24 30 28 29 22 21 15 26 25 17 27
AVOIDER 1 7 2 4 3 9 8 5 19 6 18 20 13 14 23 16 10 12 11 24 29 30 28 22 21 15 26 25 17 27
AVOIDER 1 7 2 4 3 9 8 5 19 6 18 20 13 14 23 16 10 12 11 28 24 29 30 22 21 15 26 25 17 27
AVOIDER 1 7 2 4 3 9 8 5 19 6 18 20 13 14 23 16 10 12 11 28 24 30 29 22 21 15 26 25 17 27
AVOIDER 1 7 2 4 3 9 8 5 19 6 18 20 13 14 23 16 10 12 11 29 24 28 30 22 21 15 26 25 17 27
AVOIDER 1 7 2 4 3 9 8 5 19 6 18 20 13 14 23 16 10 12 11 30 24 28 29 22 21 15 26 25 17 27
AVOIDER 1 7 2 4 3 9 8 5 19 6 18 20 13 14 23 16 10 12 11 29 24 30 28 22 21 15 26 25 17 27
AVOIDER 1 7 2 4 3 9 8 5 19 6 18 20 13 14 23 16 10 12 11 28 29 24 30 22 21 15 26 25 17 27
AVOIDER 1 7 2 4 3 9 8 5 19 6 18 20 13 14 23 16 10 12 11 28 30 24 29 22 21 15 26 25 17 27
AVOIDER 1 7 2 4 3 9 8 5 19 6 18 20 13 14 23 16 10 12 11 29 28 24 30 22 21 15 26 25 17 27
AVOIDER 1 7 2 4 3 9 8 5 19 6 18 20 13 14 23 16 10 12 11 30 28 24 29 22 21 15 26 25 17 27
AVOIDER 1 7 2 4 3 9 8 5 19 6 18 20 13 14 23 16 10 12 11 29 30 24 28 22 21 15 26 25 17 27
AVOIDER 1 7 2 4 3 9 8 5 19 6 18 20 13 14 23 16 10 12 11 28 29 30 24 22 21 15 26 25 17 27
AVOIDER 1 7 2 4 3 9 8 5 19 6 18 20 13 14 23 16 10 12 11 28 30 29 24 22 21 15 26 25 17 27
AVOIDER 1 7 2 4 3 9 8 5 19 6 18 20 13 14 23 16 10 12 11 29 28 30 24 22 21 15 26 25 17 27
AVOIDER 1 7 2 4 3 9 8 5 19 6 18 20 13 14 23 16 10 12 11 30 28 29 24 22 21 15 26 25 17 27
AVOIDER 1 7 2 4 3 9 8 5 19 6 18 20 13 14 23 16 10 12 11 29 30 28 24 22 21 15 26 25 17 27
AVOIDER 1 7 2 4 3 9 8 5 20 6 18 19 13 14 23 16 10 12 11 24 28 29 30 21 22 15 26 25 17 27
AVOIDER 1 7 2 4 3 9 8 5 20 6 18 19 13 14 23 16 10 12 11 24 28 30 29 21 22 15 26 25 17 27
AVOIDER 1 7 2 4 3 9 8 5 20 6 18 19 13 14 23 16 10 12 11 24 29 28 30 21 22 15 26 25 17 27
AVOIDER 1 7 2 4 3 9 8 5 20 6 18 19 13 14 23 16 10 12 11 24 30 28 29 21 22 15 26 25 17 27
AVOIDER 1 7 2 4 3 9 8 5 20 6 18 19 13 14 23 16 10 12 11 24 29 30 28 21 22 15 26 25 17 27
AVOIDER 1 7 2 4 3 9 8 5 20 6 18 19 13 14 23 16 10 12 11 28 24 29 30 21 22 15 26 25 17 27
AVOIDER 1 7 2 4 3 9 8 5 20 6 18 19 13 14 23 16 10 12 11 28 24 30 29 21 22 15 26 25 17 27
AVOIDER 1 7 2 4 3 9 8 5 20 6 18 19 13 14 23 16 10 12 11 29 24 28 30 21 22 15 26 25 17 27
AVOIDER 1 7 2 4 3 9 8 5 20 6 18 19 13 14 23 16 10 12 11 30 24 28 29 21 22 15 26 25 17 27
AVOIDER 1 7 2 4 3 9 8 5 20 6 18 19 13 14 23 16 10 12 11 29 24 30 28 21 22 15 26 25 17 27
AVOIDER 1 7 2 4 3 9 8 5 20 6 18 19 13 14 23 16 10 12 11 28 29 24 30 21 22 15 26 25 17 27
AVOIDER 1 7 2 4 3 9 8 5 20 6 18 19 13 14 23 16 10 12 11 28 30 24 29 21 22 15 26 25 17 27
AVOIDER 1 7 2 4 3 9 8 5 20 6 18 19 13 14 23 16 10 12 11 29 28 24 30 21 22 15 26 25 17 27
AVOIDER 1 7 2 4 3 9 8 5 20 6 18 19 13 14 23 16 10 12 11 30 28 24 29 21 22 15 26 25 17 27
AVOIDER 1 7 2 4 3 9 8 5 20 6 18 19 13 14 23 16 10 12 11 29 30 24 28 21 22 15 26 25 17 27
AVOIDER 1 7 2 4 3 9 8 5 20 6 18 19 13 14 23 16 10 12 11 28 29 30 24 21 22 15 26 25 17 27
AVOIDER 1 7 2 4 3 9 8 5 20 6 18 19 13 14 23 16 10 12 11 28 30 29 24 21 22 15 26 25 17 27
AVOIDER 1 7 2 4 3 9 8 5 20 6 18 19 13 14 23 16 10 12 11 29 28 30 24 21 22 15 26 25 17 27
AVOIDER 1 7 2 4 3 9 8 5 20 6 18 19 13 14 23 16 10 12 11 30 28 29 24 21 22 15 26 25 17 27
AVOIDER 1 7 2 4 3 9 8 5 20 6 18 19 13 14 23 16 10 12 11 29 30 28 24 21 22 15 26 25 17 27
AVOIDER 1 7 2 4 3 9 8 5 20 6 18 19 13 14 23 16 10 12 11 24 30 22 28 29 21 15 26 25 17 27
AVOIDER 1 7 2 4 3 9 8 5 20 6 18 19 13 14 23 16 10 12 11 30 24 22 28 29 21 15 26 25 17 27
AVOIDER 1 7 2 4 3 9 8 5 20 6 18 19 13 14 23 16 10 12 11 24 28 30 22 29 21 15 26 25 17 27
AVOIDER 1 7 2 4 3 9 8 5 20 6 18 19 13 14 23 16 10 12 11 24 30 28 22 29 21 15 26 25 17 27
AVOIDER 1 7 2 4 3 9 8 5 20 6 18 19 13 14 23 16 10 12 11 24 29 30 22 28 21 15 26 25 17 27
AVOIDER 1 7 2 4 3 9 8 5 20 6 18 19 13 14 23 16 10 12 11 28 24 30 22 29 21 15 26 25 17 27
AVOIDER 1 7 2 4 3 9 8 5 20 6 18 19 13 14 23 16 10 12 11 30 24 28 22 29 21 15 26 25 17 27
AVOIDER 1 7 2 4 3 9 8 5 20 6 18 19 13 14 23 16 10 12 11 29 24 30 22 28 21 15 26 25 17 27
AVOIDER 1 7 2 4 3 9 8 5 20 6 18 19 13 14 23 16 10 12 11 28 30 24 22 29 21 15 26 25 17 27
AVOIDER 1 7 2 4 3 9 8 5 20 6 18 19 13 14 23 16 10 12 11 30 28 24 22 29 21 15 26 25 17 27
AVOIDER 1 7 2 4 3 9 8 5 20 6 18 19 13 14 23 16 10 12 11 29 30 24 22 28 21 15 26 25 17 27
AVOIDER 1 7 2 4 3 9 8 5 20 6 18 19 13 14 23 16 10 12 11 24 28 29 30 22 21 15 26 25 17 27
AVOIDER 1 7 2 4 3 9 8 5 20 6 18 19 13 14 23 16 10 12 11 24 28 30 29 22 21 15 26 25 17 27
AVOIDER 1 7 2 4 3 9 8 5 20 6 18 19 13 14 23 16 10 12 11 24 29 28 30 22 21 15 26 25 17 27
AVOIDER 1 7 2 4 3 9 8 5 20 6 18 19 13 14 23 16 10 12 11 24 30 28 29 22 21 15 26 25 17 27
AVOIDER 1 7 2 4 3 9 8 5 20 6 18 19 13 14 23 16 10 12 11 24 29 30 28 22 21 15 26 25 17 27
AVOIDER 1 7 2 4 3 9 8 5 20 6 18 19 13 14 23 16 10 12 11 28 24 29 30 22 21 15 26 25 17 27
AVOIDER 1 7 2 4 3 9 8 5 20 6 18 19 13 14 23 16 10 12 11 28 24 30 29 22 21 15 26 25 17 27
AVOIDER 1 7 2 4 3 9 8 5 20 6 18 19 13 14 23 16 10 12 11 29 24 28 30 22 21 15 26 25 17 27
AVOIDER 1 7 2 4 3 9 8 5 20 6 18 19 13 14 23 16 10 12 11 30 24 28 29 22 21 15 26 25 17 27
AVOIDER 1 7 2 4 3 9 8 5 20 6 18 19 13 14 23 16 10 12 11 29 24 30 28 22 21 15 26 25 17 27
AVOIDER 1 7 2 4 3 9 8 5 20 6 18 19 13 14 23 16 10 12 11 28 29 24 30 22 21 15 26 25 17 27
AVOIDER 1 7 2 4 3 9 8 5 20 6 18 19 13 14 23 16 10 12 11 28 30 24 29 22 21 15 26 25 17 27
AVOIDER 1 7 2 4 3 9 8 5 20 6 18 19 13 14 23 16 10 12 11 29 28 24 30 22 21 15 26 25 17 27
AVOIDER 1 7 2 4 3 9 8 5 20 6 18 19 13 14 23 16 10 12 11 30 28 24 29 22 21 15 26 25 17 27
AVOIDER 1 7 2 4 3 9 8 5 20 6 18 19 13 14 23 16 10 12 11 29 30 24 28 22 21 15 26 25 17 27
AVOIDER 1 7 2 4 3 9 8 5 20 6 18 19 13 14 23 16 10 12 11 28 29 30 24 22 21 15 26 25 17 27
AVOIDER 1 7 2 4 3 9 8 5 20 6 18 19 13 14 23 16 10 12 11 28 30 29 24 22 21 15 26 25 17 27
AVOIDER 1 7 2 4 3 9 8 5 20 6 18 19 13 14 23 16 10 12 11 29 28 30 24 22 21 15 26 25 17 27
AVOIDER 1 7 2 4 3 9 8 5 20 6 18 19 13 14 23 16 10 12 11 30 28 29 24 22 21 15 26 25 17 27
AVOIDER 1 7 2 4 3 9 8 5 20 6 18 19 13 14 23 16 10 12 11 29 30 28 24 22 21 15 26 25 17 27
AVOIDER 1 7 2 4 3 9 8 5 19 6 20 18 13 14 23 16 10 12 11 24 30 22 28 29 21 15 26 25 17 27
AVOIDER 1 7 2 4 3 9 8 5 19 6 20 18 13 14 23 16 10 12 11 30 24 22 28 29 21 15 26 25 17 27
AVOIDER 1 7 2 4 3 9 8 5 19 6 20 18 13 14 23 16 10 12 11 24 28 30 22 29 21 15 26 25 17 27
AVOIDER 1 7 2 4 3 9 8 5 19 6 20 18 13 14 23 16 10 12 11 24 30 28 22 29 21 15 26 25 17 27
AVOIDER 1 7 2 4 3 9 8 5 19 6 20 18 13 14 23 16 10 12 11 24 29 30 22 28 21 15 26 25 17 27
AVOIDER 1 7 2 4 3 9 8 5 19 6 20 18 13 14 23 16 10 12 11 28 24 30 22 29 21 15 26 25 17 27
AVOIDER 1 7 2 4 3 9 8 5 19 6 20 18 13 14 23 16 10 12 11 30 24 28 22 29 21 15 26 25 17 27
AVOIDER 1 7 2 4 3 9 8 5 19 6 20 18 13 14 23 16 10 12 11 29 24 30 22 28 21 15 26 25 17 27
AVOIDER 1 7 2 4 3 9 8 5 19 6 20 18 13 14 23 16 10 12 11 28 30 24 22 29 21 15 26 25 17 27
AVOIDER 1 7 2 4 3 9 8 5 19 6 20 18 13 14 23 16 10 12 11 30 28 24 22 29 21 15 26 25 17 27
AVOIDER 1 7 2 4 3 9 8 5 19 6 20 18 13 14 23 16 10 12 11 29 30 24 22 28 21 15 26 25 17 27
AVOIDER 1 7 2 4 3 9 8 5 19 6 20 18 13 14 23 16 10 12 11 24 28 29 30 22 21 15 26 25 17 27
AVOIDER 1 7 2 4 3 9 8 5 19 6 20 18 13 14 23 16 10 12 11 24 28 30 29 22 21 15 26 25 17 27
AVOIDER 1 7 2 4 3 9 8 5 19 6 20 18 13 14 23 16 10 12 11 24 29 28 30 22 21 15 26 25 17 27
AVOIDER 1 7 2 4 3 9 8 5 19 6 20 18 13 14 23 16 10 12 11 24 30 28 29 22 21 15 26 25 17 27
AVOIDER 1 7 2 4 3 9 8 5 19 6 20 18 13 14 23 16 10 12 11 24 29 30 28 22 21 15 26 25 17 27
AVOIDER 1 7 2 4 3 9 8 5 19 6 20 18 13 14 23 16 10 12 11 28 24 29 30 22 21 15 26 25 17 27
AVOIDER 1 7 2 4 3 9 8 5 19 6 20 18 13 14 23 16 10 12 11 28 24 30 29 22 21 15 26 25 17 27
AVOIDER 1 7 2 4 3 9 8 5 19 6 20 18 13 14 23 16 10 12 11 29 24 28 30 22 21 15 26 25 17 27
AVOIDER 1 7 2 4 3 9 8 5 19 6 20 18 13 14 23 16 10 12 11 30 24 28 29 22 21 15 26 25 17 27
AVOIDER 1 7 2 4 3 9 8 5 19 6 20 18 13 14 23 16 10 12 11 29 24 30 28 22 21 15 26 25 17 27
AVOIDER 1 7 2 4 3 9 8 5 19 6 20 18 13 14 23 16 10 12 11 28 29 24 30 22 21 15 26 25 17 27
AVOIDER 1 7 2 4 3 9 8 5 19 6 20 18 13 14 23 16 10 12 11 28 30 24 29 22 21 15 26 25 17 27
AVOIDER 1 7 2 4 3 9 8 5 19 6 20 18 13 14 23 16 10 12 11 29 28 24 30 22 21 15 26 25 17 27
AVOIDER 1 7 2 4 3 9 8 5 19 6 20 18 13 14 23 16 10 12 11 30 28 24 29 22 21 15 26 25 17 27
AVOIDER 1 7 2 4 3 9 8 5 19 6 20 18 13 14 23 16 10 12 11 29 30 24 28 22 21 15 26 25 17 27
AVOIDER 1 7 2 4 3 9 8 5 19 6 20 18 13 14 23 16 10 12 11 28 29 30 24 22 21 15 26 25 17 27
AVOIDER 1 7 2 4 3 9 8 5 19 6 20 18 13 14 23 16 10 12 11 28 30 29 24 22 21 15 26 25 17 27
AVOIDER 1 7 2 4 3 9 8 5 19 6 20 18 13 14 23 16 10 12 11 29 28 30 24 22 21 15 26 25 17 27
AVOIDER 1 7 2 4 3 9 8 5 19 6 20 18 13 14 23 16 10 12 11 30 28 29 24 22 21 15 26 25 17 27
AVOIDER 1 7 2 4 3 9 8 5 19 6 20 18 13 14 23 16 10 12 11 29 30 28 24 22 21 15 26 25 17 27
AVOIDER 1 7 2 4 3 9 8 5 18 6 20 19 13 23 14 16 10 12 11 24 28 29 30 21 22 15 26 25 17 27
AVOIDER 1 7 2 4 3 9 8 5 18 6 20 19 13 23 14 16 10 12 11 24 28 30 29 21 22 15 26 25 17 27
AVOIDER 1 7 2 4 3 9 8 5 18 6 20 19 13 23 14 16 10 12 11 24 29 28 30 21 22 15 26 25 17 27
AVOIDER 1 7 2 4 3 9 8 5 18 6 20 19 13 23 14 16 10 12 11 24 30 28 29 21 22 15 26 25 17 27
AVOIDER 1 7 2 4 3 9 8 5 18 6 20 19 13 23 14 16 10 12 11 24 29 30 28 21 22 15 26 25 17 27
AVOIDER 1 7 2 4 3 9 8 5 18 6 20 19 13 23 14 16 10 12 11 28 24 29 30 21 22 15 26 25 17 27
AVOIDER 1 7 2 4 3 9 8 5 18 6 20 19 13 23 14 16 10 12 11 28 24 30 29 21 22 15 26 25 17 27
AVOIDER 1 7 2 4 3 9 8 5 18 6 20 19 13 23 14 16 10 12 11 29 24 28 30 21 22 15 26 25 17 27
AVOIDER 1 7 2 4 3 9 8 5 18 6 20 19 13 23 14 16 10 12 11 30 24 28 29 21 22 15 26 25 17 27
AVOIDER 1 7 2 4 3 9 8 5 18 6 20 19 13 23 14 16 10 12 11 29 24 30 28 21 22 15 26 25 17 27
AVOIDER 1 7 2 4 3 9 8 5 18 6 20 19 13 23 14 16 10 12 11 28 29 24 30 21 22 15 26 25 17 27
AVOIDER 1 7 2 4 3 9 8 5 18 6 20 19 13 23 14 16 10 12 11 28 30 24 29 21 22 15 26 25 17 27
AVOIDER 1 7 2 4 3 9 8 5 18 6 20 19 13 23 14 16 10 12 11 29 28 24 30 21 22 15 26 25 17 27
AVOIDER 1 7 2 4 3 9 8 5 18 6 20 19 13 23 14 16 10 12 11 30 28 24 29 21 22 15 26 25 17 27
AVOIDER 1 7 2 4 3 9 8 5 18 6 20 19 13 23 14 16 10 12 11 29 30 24 28 21 22 15 26 25 17 27
AVOIDER 1 7 2 4 3 9 8 5 18 6 20 19 13 23 14 16 10 12 11 28 29 30 24 21 22 15 26 25 17 27
AVOIDER 1 7 2 4 3 9 8 5 18 6 20 19 13 23 14 16 10 12 11 28 30 29 24 21 22 15 26 25 17 27
AVOIDER 1 7 2 4 3 9 8 5 18 6 20 19 13 23 14 16 10 12 11 29 28 30 24 21 22 15 26 25 17 27
AVOIDER 1 7 2 4 3 9 8 5 18 6 20 19 13 23 14 16 10 12 11 30 28 29 24 21 22 15 26 25 17 27
AVOIDER 1 7 2 4 3 9 8 5 18 6 20 19 13 23 14 16 10 12 11 29 30 28 24 21 22 15 26 25 17 27
AVOIDER 1 7 2 4 3 9 8 5 18 6 20 19 13 23 14 16 10 12 11 24 30 22 28 29 21 15 26 25 17 27
AVOIDER 1 7 2 4 3 9 8 5 18 6 20 19 13 23 14 16 10 12 11 30 24 22 28 29 21 15 26 25 17 27
AVOIDER 1 7 2 4 3 9 8 5 18 6 20 19 13 23 14 16 10 12 11 24 28 30 22 29 21 15 26 25 17 27
AVOIDER 1 7 2 4 3 9 8 5 18 6 20 19 13 23 14 16 10 12 11 24 30 28 22 29 21 15 26 25 17 27
AVOIDER 1 7 2 4 3 9 8 5 18 6 20 19 13 23 14 16 10 12 11 24 29 30 22 28 21 15 26 25 17 27
AVOIDER 1 7 2 4 3 9 8 5 18 6 20 19 13 23 14 16 10 12 11 28 24 30 22 29 21 15 26 25 17 27
AVOIDER 1 7 2 4 3 9 8 5 18 6 20 19 13 23 14 16 10 12 11 30 24 28 22 29 21 15 26 25 17 27
AVOIDER 1 7 2 4 3 9 8 5 18 6 20 19 13 23 14 16 10 12 11 29 24 30 22 28 21 15 26 25 17 27
AVOIDER 1 7 2 4 3 9 8 5 18 6 20 19 13 23 14 16 10 12 11 28 30 24 22 29 21 15 26 25 17 27
AVOIDER 1 7 2 4 3 9 8 5 18 6 20 19 13 23 14 16 10 12 11 30 28 24 22 29 21 15 26 25 17 27
AVOIDER 1 7 2 4 3 9 8 5 18 6 20 19 13 23 14 16 10 12 11 29 30 24 22 28 21 15 26 25 17 27
AVOIDER 1 7 2 4 3 9 8 5 18 6 20 19 13 23 14 16 10 12 11 24 28 29 30 22 21 15 26 25 17 27
AVOIDER 1 7 2 4 3 9 8 5 18 6 20 19 13 23 14 16 10 12 11 24 28 30 29 22 21 15 26 25 17 27
AVOIDER 1 7 2 4 3 9 8 5 18 6 20 19 13 23 14 16 10 12 11 24 29 28 30 22 21 15 26 25 17 27
AVOIDER 1 7 2 4 3 9 8 5 18 6 20 19 13 23 14 16 10 12 11 24 30 28 29 22 21 15 26 25 17 27
AVOIDER 1 7 2 4 3 9 8 5 18 6 20 19 13 23 14 16 10 12 11 24 29 30 28 22 21 15 26 25 17 27
AVOIDER 1 7 2 4 3 9 8 5 18 6 20 19 13 23 14 16 10 12 11 28 24 29 30 22 21 15 26 25 17 27
AVOIDER 1 7 2 4 3 9 8 5 18 6 20 19 13 23 14 16 10 12 11 28 24 30 29 22 21 15 26 25 17 27
AVOIDER 1 7 2 4 3 9 8 5 18 6 20 19 13 23 14 16 10 12 11 29 24 28 30 22 21 15 26 25 17 27
AVOIDER 1 7 2 4 3 9 8 5 18 6 20 19 13 23 14 16 10 12 11 30 24 28 29 22 21 15 26 25 17 27
AVOIDER 1 7 2 4 3 9 8 5 18 6 20 19 13 23 14 16 10 12 11 29 24 30 28 22 21 15 26 25 17 27
AVOIDER 1 7 2 4 3 9 8 5 18 6 20 19 13 23 14 16 10 12 11 28 29 24 30 22 21 15 26 25 17 27
AVOIDER 1 7 2 4 3 9 8 5 18 6 20 19 13 23 14 16 10 12 11 28 30 24 29 22 21 15 26 25 17 27
AVOIDER 1 7 2 4 3 9 8 5 18 6 20 19 13 23 14 16 10 12 11 29 28 24 30 22 21 15 26 25 17 27
AVOIDER 1 7 2 4 3 9 8 5 18 6 20 19 13 23 14 16 10 12 11 30 28 24 29 22 21 15 26 25 17 27
AVOIDER 1 7 2 4 3 9 8 5 18 6 20 19 13 23 14 16 10 12 11 29 30 24 28 22 21 15 26 25 17 27
AVOIDER 1 7 2 4 3 9 8 5 18 6 20 19 13 23 14 16 10 12 11 28 29 30 24 22 21 15 26 25 17 27
AVOIDER 1 7 2 4 3 9 8 5 18 6 20 19 13 23 14 16 10 12 11 28 30 29 24 22 21 15 26 25 17 27
AVOIDER 1 7 2 4 3 9 8 5 18 6 20 19 13 23 14 16 10 12 11 29 28 30 24 22 21 15 26 25 17 27
AVOIDER 1 7 2 4 3 9 8 5 18 6 20 19 13 23 14 16 10 12 11 30 28 29 24 22 21 15 26 25 17 27
AVOIDER 1 7 2 4 3 9 8 5 18 6 20 19 13 23 14 16 10 12 11 29 30 28 24 22 21 15 26 25 17 27
AVOIDER 1 7 2 4 3 9 8 5 19 6 18 20 13 23 14 16 10 12 11 24 30 22 28 29 21 15 26 25 17 27
AVOIDER 1 7 2 4 3 9 8 5 19 6 18 20 13 23 14 16 10 12 11 30 24 22 28 29 21 15 26 25 17 27
AVOIDER 1 7 2 4 3 9 8 5 19 6 18 20 13 23 14 16 10 12 11 24 28 30 22 29 21 15 26 25 17 27
AVOIDER 1 7 2 4 3 9 8 5 19 6 18 20 13 23 14 16 10 12 11 24 30 28 22 29 21 15 26 25 17 27
AVOIDER 1 7 2 4 3 9 8 5 19 6 18 20 13 23 14 16 10 12 11 24 29 30 22 28 21 15 26 25 17 27
AVOIDER 1 7 2 4 3 9 8 5 19 6 18 20 13 23 14 16 10 12 11 28 24 30 22 29 21 15 26 25 17 27
AVOIDER 1 7 2 4 3 9 8 5 19 6 18 20 13 23 14 16 10 12 11 30 24 28 22 29 21 15 26 25 17 27
AVOIDER 1 7 2 4 3 9 8 5 19 6 18 20 13 23 14 16 10 12 11 29 24 30 22 28 21 15 26 25 17 27
AVOIDER 1 7 2 4 3 9 8 5 19 6 18 20 13 23 14 16 10 12 11 28 30 24 22 29 21 15 26 25 17 27
AVOIDER 1 7 2 4 3 9 8 5 19 6 18 20 13 23 14 16 10 12 11 30 28 24 22 29 21 15 26 25 17 27
AVOIDER 1 7 2 4 3 9 8 5 19 6 18 20 13 23 14 16 10 12 11 29 30 24 22 28 21 15 26 25 17 27
AVOIDER 1 7 2 4 3 9 8 5 19 6 18 20 13 23 14 16 10 12 11 24 28 29 30 22 21 15 26 25 17 27
AVOIDER 1 7 2 4 3 9 8 5 19 6 18 20 13 23 14 16 10 12 11 24 28 30 29 22 21 15 26 25 17 27
AVOIDER 1 7 2 4 3 9 8 5 19 6 18 20 13 23 14 16 10 12 11 24 29 28 30 22 21 15 26 25 17 27
AVOIDER 1 7 2 4 3 9 8 5 19 6 18 20 13 23 14 16 10 12 11 24 30 28 29 22 21 15 26 25 17 27
AVOIDER 1 7 2 4 3 9 8 5 19 6 18 20 13 23 14 16 10 12 11 24 29 30 28 22 21 15 26 25 17 27
AVOIDER 1 7 2 4 3 9 8 5 19 6 18 20 13 23 14 16 10 12 11 28 24 29 30 22 21 15 26 25 17 27
AVOIDER 1 7 2 4 3 9 8 5 19 6 18 20 13 23 14 16 10 12 11 28 24 30 29 22 21 15 26 25 17 27
AVOIDER 1 7 2 4 3 9 8 5 19 6 18 20 13 23 14 16 10 12 11 29 24 28 30 22 21 15 26 25 17 27
AVOIDER 1 7 2 4 3 9 8 5 19 6 18 20 13 23 14 16 10 12 11 30 24 28 29 22 21 15 26 25 17 27
AVOIDER 1 7 2 4 3 9 8 5 19 6 18 20 13 23 14 16 10 12 11 29 24 30 28 22 21 15 26 25 17 27
AVOIDER 1 7 2 4 3 9 8 5 19 6 18 20 13 23 14 16 10 12 11 28 29 24 30 22 21 15 26 25 17 27
AVOIDER 1 7 2 4 3 9 8 5 19 6 18 20 13 23 14 16 10 12 11 28 30 24 29 22 21 15 26 25 17 27
AVOIDER 1 7 2 4 3 9 8 5 19 6 18 20 13 23 14 16 10 12 11 29 28 24 30 22 21 15 26 25 17 27
AVOIDER 1 7 2 4 3 9 8 5 19 6 18 20 13 23 14 16 10 12 11 30 28 24 29 22 21 15 26 25 17 27
AVOIDER 1 7 2 4 3 9 8 5 19 6 18 20 13 23 14 16 10 12 11 29 30 24 28 22 21 15 26 25 17 27
AVOIDER 1 7 2 4 3 9 8 5 19 6 18 20 13 23 14 16 10 12 11 28 29 30 24 22 21 15 26 25 17 27
AVOIDER 1 7 2 4 3 9 8 5 19 6 18 20 13 23 14 16 10 12 11 28 30 29 24 22 21 15 26 25 17 27
AVOIDER 1 7 2 4 3 9 8 5 19 6 18 20 13 23 14 16 10 12 11 29 28 30 24 22 21 15 26 25 17 27
AVOIDER 1 7 2 4 3 9 8 5 19 6 18 20 13 23 14 16 10 12 11 30 28 29 24 22 21 15 26 25 17 27
AVOIDER 1 7 2 4 3 9 8 5 19 6 18 20 13 23 14 16 10 12 11 29 30 28 24 22 21 15 26 25 17 27
AVOIDER 1 7 2 4 3 9 8 5 20 6 18 19 13 23 14 16 10 12 11 24 28 29 30 21 22 15 26 25 17 27
AVOIDER 1 7 2 4 3 9 8 5 20 6 18 19 13 23 14 16 10 12 11 24 28 30 29 21 22 15 26 25 17 27
AVOIDER 1 7 2 4 3 9 8 5 20 6 18 19 13 23 14 16 10 12 11 24 29 28 30 21 22 15 26 25 17 27
AVOIDER 1 7 2 4 3 9 8 5 20 6 18 19 13 23 14 16 10 12 11 24 30 28 29 21 22 15 26 25 17 27
AVOIDER 1 7 2 4 3 9 8 5 20 6 18 19 13 23 14 16 10 12 11 24 29 30 28 21 22 15 26 25 17 27
AVOIDER 1 7 2 4 3 9 8 5 20 6 18 19 13 23 14 16 10 12 11 28 24 29 30 21 22 15 26 25 17 27
AVOIDER 1 7 2 4 3 9 8 5 20 6 18 19 13 23 14 16 10 12 11 28 24 30 29 21 22 15 26 25 17 27
AVOIDER 1 7 2 4 3 9 8 5 20 6 18 19 13 23 14 16 10 12 11 29 24 28 30 21 22 15 26 25 17 27
AVOIDER 1 7 2 4 3 9 8 5 20 6 18 19 13 23 14 16 10 12 11 30 24 28 29 21 22 15 26 25 17 27
AVOIDER 1 7 2 4 3 9 8 5 20 6 18 19 13 23 14 16 10 12 11 29 24 30 28 21 22 15 26 25 17 27
AVOIDER 1 7 2 4 3 9 8 5 20 6 18 19 13 23 14 16 10 12 11 28 29 24 30 21 22 15 26 25 17 27
AVOIDER 1 7 2 4 3 9 8 5 20 6 18 19 13 23 14 16 10 12 11 28 30 24 29 21 22 15 26 25 17 27
AVOIDER 1 7 2 4 3 9 8 5 20 6 18 19 13 23 14 16 10 12 11 29 28 24 30 21 22 15 26 25 17 27
AVOIDER 1 7 2 4 3 9 8 5 20 6 18 19 13 23 14 16 10 12 11 30 28 24 29 21 22 15 26 25 17 27
AVOIDER 1 7 2 4 3 9 8 5 20 6 18 19 13 23 14 16 10 12 11 29 30 24 28 21 22 15 26 25 17 27
AVOIDER 1 7 2 4 3 9 8 5 20 6 18 19 13 23 14 16 10 12 11 28 29 30 24 21 22 15 26 25 17 27
AVOIDER 1 7 2 4 3 9 8 5 20 6 18 19 13 23 14 16 10 12 11 28 30 29 24 21 22 15 26 25 17 27
AVOIDER 1 7 2 4 3 9 8 5 20 6 18 19 13 23 14 16 10 12 11 29 28 30 24 21 22 15 26 25 17 27
AVOIDER 1 7 2 4 3 9 8 5 20 6 18 19 13 23 14 16 10 12 11 30 28 29 24 21 22 15 26 25 17 27
AVOIDER 1 7 2 4 3 9 8 5 20 6 18 19 13 23 14 16 10 12 11 29 30 28 24 21 22 15 26 25 17 27
AVOIDER 1 7 2 4 3 9 8 5 20 6 18 19 13 23 14 16 10 12 11 24 30 22 28 29 21 15 26 25 17 27
AVOIDER 1 7 2 4 3 9 8 5 20 6 18 19 13 23 14 16 10 12 11 30 24 22 28 29 21 15 26 25 17 27
AVOIDER 1 7 2 4 3 9 8 5 20 6 18 19 13 23 14 16 10 12 11 24 28 30 22 29 21 15 26 25 17 27
AVOIDER 1 7 2 4 3 9 8 5 20 6 18 19 13 23 14 16 10 12 11 24 30 28 22 29 21 15 26 25 17 27
AVOIDER 1 7 2 4 3 9 8 5 20 6 18 19 13 23 14 16 10 12 11 24 29 30 22 28 21 15 26 25 17 27
AVOIDER 1 7 2 4 3 9 8 5 20 6 18 19 13 23 14 16 10 12 11 28 24 30 22 29 21 15 26 25 17 27
AVOIDER 1 7 2 4 3 9 8 5 20 6 18 19 13 23 14 16 10 12 11 30 24 28 22 29 21 15 26 25 17 27
AVOIDER 1 7 2 4 3 9 8 5 20 6 18 19 13 23 14 16 10 12 11 29 24 30 22 28 21 15 26 25 17 27
AVOIDER 1 7 2 4 3 9 8 5 20 6 18 19 13 23 14 16 10 12 11 28 30 24 22 29 21 15 26 25 17 27
AVOIDER 1 7 2 4 3 9 8 5 20 6 18 19 13 23 14 16 10 12 11 30 28 24 22 29 21 15 26 25 17 27
AVOIDER 1 7 2 4 3 9 8 5 20 6 18 19 13 23 14 16 10 12 11 29 30 24 22 28 21 15 26 25 17 27
AVOIDER 1 7 2 4 3 9 8 5 20 6 18 19 13 23 14 16 10 12 11 24 28 29 30 22 21 15 26 25 17 27
AVOIDER 1 7 2 4 3 9 8 5 20 6 18 19 13 23 14 16 10 12 11 24 28 30 29 22 21 15 26 25 17 27
AVOIDER 1 7 2 4 3 9 8 5 20 6 18 19 13 23 14 16 10 12 11 24 29 28 30 22 21 15 26 25 17 27
AVOIDER 1 7 2 4 3 9 8 5 20 6 18 19 13 23 14 16 10 12 11 24 30 28 29 22 21 15 26 25 17 27
AVOIDER 1 7 2 4 3 9 8 5 20 6 18 19 13 23 14 16 10 12 11 24 29 30 28 22 21 15 26 25 17 27
AVOIDER 1 7 2 4 3 9 8 5 20 6 18 19 13 23 14 16 10 12 11 28 24 29 30 22 21 15 26 25 17 27
AVOIDER 1 7 2 4 3 9 8 5 20 6 18 19 13 23 14 16 10 12 11 28 24 30 29 22 21 15 26 25 17 27
AVOIDER 1 7 2 4 3 9 8 5 20 6 18 19 13 23 14 16 10 12 11 29 24 28 30 22 21 15 26 25 17 27
AVOIDER 1 7 2 4 3 9 8 5 20 6 18 19 13 23 14 16 10 12 11 30 24 28 29 22 21 15 26 25 17 27
AVOIDER 1 7 2 4 3 9 8 5 20 6 18 19 13 23 14 16 10 12 11 29 24 30 28 22 21 15 26 25 17 27
AVOIDER 1 7 2 4 3 9 8 5 20 6 18 19 13 23 14 16 10 12 11 28 29 24 30 22 21 15 26 25 17 27
AVOIDER 1 7 2 4 3 9 8 5 20 6 18 19 13 23 14 16 10 12 11 28 30 24 29 22 21 15 26 25 17 27
AVOIDER 1 7 2 4 3 9 8 5 20 6 18 19 13 23 14 16 10 12 11 29 28 24 30 22 21 15 26 25 17 27
AVOIDER 1 7 2 4 3 9 8 5 20 6 18 19 13 23 14 16 10 12 11 30 28 24 29 22 21 15 26 25 17 27
AVOIDER 1 7 2 4 3 9 8 5 20 6 18 19 13 23 14 16 10 12 11 29 30 24 28 22 21 15 26 25 17 27
AVOIDER 1 7 2 4 3 9 8 5 20 6 18 19 13 23 14 16 10 12 11 28 29 30 24 22 21 15 26 25 17 27
AVOIDER 1 7 2 4 3 9 8 5 20 6 18 19 13 23 14 16 10 12 11 28 30 29 24 22 21 15 26 25 17 27
AVOIDER 1 7 2 4 3 9 8 5 20 6 18 19 13 23 14 16 10 12 11 29 28 30 24 22 21 15 26 25 17 27
AVOIDER 1 7 2 4 3 9 8 5 20 6 18 19 13 23 14 16 10 12 11 30 28 29 24 22 21 15 26 25 17 27
AVOIDER 1 7 2 4 3 9 8 5 20 6 18 19 13 23 14 16 10 12 11 29 30 28 24 22 21 15 26 25 17 27
AVOIDER 1 7 2 4 3 9 8 5 19 6 20 18 13 23 14 16 10 12 11 24 30 22 28 29 21 15 26 25 17 27
AVOIDER 1 7 2 4 3 9 8 5 19 6 20 18 13 23 14 16 10 12 11 30 24 22 28 29 21 15 26 25 17 27
AVOIDER 1 7 2 4 3 9 8 5 19 6 20 18 13 23 14 16 10 12 11 24 28 30 22 29 21 15 26 25 17 27
AVOIDER 1 7 2 4 3 9 8 5 19 6 20 18 13 23 14 16 10 12 11 24 30 28 22 29 21 15 26 25 17 27
AVOIDER 1 7 2 4 3 9 8 5 19 6 20 18 13 23 14 16 10 12 11 24 29 30 22 28 21 15 26 25 17 27
AVOIDER 1 7 2 4 3 9 8 5 19 6 20 18 13 23 14 16 10 12 11 28 24 30 22 29 21 15 26 25 17 27
AVOIDER 1 7 2 4 3 9 8 5 19 6 20 18 13 23 14 16 10 12 11 30 24 28 22 29 21 15 26 25 17 27
AVOIDER 1 7 2 4 3 9 8 5 19 6 20 18 13 23 14 16 10 12 11 29 24 30 22 28 21 15 26 25 17 27
AVOIDER 1 7 2 4 3 9 8 5 19 6 20 18 13 23 14 16 10 12 11 28 30 24 22 29 21 15 26 25 17 27
AVOIDER 1 7 2 4 3 9 8 5 19 6 20 18 13 23 14 16 10 12 11 30 28 24 22 29 21 15 26 25 17 27
AVOIDER 1 7 2 4 3 9 8 5 19 6 20 18 13 23 14 16 10 12 11 29 30 24 22 28 21 15 26 25 17 27
AVOIDER 1 7 2 4 3 9 8 5 19 6 20 18 13 23 14 16 10 12 11 24 28 29 30 22 21 15 26 25 17 27
AVOIDER 1 7 2 4 3 9 8 5 19 6 20 18 13 23 14 16 10 12 11 24 28 30 29 22 21 15 26 25 17 27
AVOIDER 1 7 2 4 3 9 8 5 19 6 20 18 13 23 14 16 10 12 11 24 29 28 30 22 21 15 26 25 17 27
AVOIDER 1 7 2 4 3 9 8 5 19 6 20 18 13 23 14 16 10 12 11 24 30 28 29 22 21 15 26 25 17 27
AVOIDER 1 7 2 4 3 9 8 5 19 6 20 18 13 23 14 16 10 12 11 24 29 30 28 22 21 15 26 25 17 27
AVOIDER 1 7 2 4 3 9 8 5 19 6 20 18 13 23 14 16 10 12 11 28 24 29 30 22 21 15 26 25 17 27
AVOIDER 1 7 2 4 3 9 8 5 19 6 20 18 13 23 14 16 10 12 11 28 24 30 29 22 21 15 26 25 17 27
AVOIDER 1 7 2 4 3 9 8 5 19 6 20 18 13 23 14 16 10 12 11 29 24 28 30 22 21 15 26 25 17 27
AVOIDER 1 7 2 4 3 9 8 5 19 6 20 18 13 23 14 16 10 12 11 30 24 28 29 22 21 15 26 25 17 27
AVOIDER 1 7 2 4 3 9 8 5 19 6 20 18 13 23 14 16 10 12 11 29 24 30 28 22 21 15 26 25 17 27
AVOIDER 1 7 2 4 3 9 8 5 19 6 20 18 13 23 14 16 10 12 11 28 29 24 30 22 21 15 26 25 17 27
AVOIDER 1 7 2 4 3 9 8 5 19 6 20 18 13 23 14 16 10 12 11 28 30 24 29 22 21 15 26 25 17 27
AVOIDER 1 7 2 4 3 9 8 5 19 6 20 18 13 23 14 16 10 12 11 29 28 24 30 22 21 15 26 25 17 27
AVOIDER 1 7 2 4 3 9 8 5 19 6 20 18 13 23 14 16 10 12 11 30 28 24 29 22 21 15 26 25 17 27
AVOIDER 1 7 2 4 3 9 8 5 19 6 20 18 13 23 14 16 10 12 11 29 30 24 28 22 21 15 26 25 17 27
AVOIDER 1 7 2 4 3 9 8 5 19 6 20 18 13 23 14 16 10 12 11 28 29 30 24 22 21 15 26 25 17 27
AVOIDER 1 7 2 4 3 9 8 5 19 6 20 18 13 23 14 16 10 12 11 28 30 29 24 22 21 15 26 25 17 27
AVOIDER 1 7 2 4 3 9 8 5 19 6 20 18 13 23 14 16 10 12 11 29 28 30 24 22 21 15 26 25 17 27
AVOIDER 1 7 2 4 3 9 8 5 19 6 20 18 13 23 14 16 10 12 11 30 28 29 24 22 21 15 26 25 17 27
AVOIDER 1 7 2 4 3 9 8 5 19 6 20 18 13 23 14 16 10 12 11 29 30 28 24 22 21 15 26 25 17 27
AVOIDER 1 7 2 4 3 9 8 5 18 6 20 19 23 13 14 16 10 12 11 24 28 29 30 21 22 15 26 25 17 27
AVOIDER 1 7 2 4 3 9 8 5 18 6 20 19 23 13 14 16 10 12 11 24 28 30 29 21 22 15 26 25 17 27
AVOIDER 1 7 2 4 3 9 8 5 18 6 20 19 23 13 14 16 10 12 11 24 29 28 30 21 22 15 26 25 17 27
AVOIDER 1 7 2 4 3 9 8 5 18 6 20 19 23 13 14 16 10 12 11 24 30 28 29 21 22 15 26 25 17 27
AVOIDER 1 7 2 4 3 9 8 5 18 6 20 19 23 13 14 16 10 12 11 24 29 30 28 21 22 15 26 25 17 27
AVOIDER 1 7 2 4 3 9 8 5 18 6 20 19 23 13 14 16 10 12 11 28 24 29 30 21 22 15 26 25 17 27
AVOIDER 1 7 2 4 3 9 8 5 18 6 20 19 23 13 14 16 10 12 11 28 24 30 29 21 22 15 26 25 17 27
AVOIDER 1 7 2 4 3 9 8 5 18 6 20 19 23 13 14 16 10 12 11 29 24 28 30 21 22 15 26 25 17 27
AVOIDER 1 7 2 4 3 9 8 5 18 6 20 19 23 13 14 16 10 12 11 30 24 28 29 21 22 15 26 25 17 27
AVOIDER 1 7 2 4 3 9 8 5 18 6 20 19 23 13 14 16 10 12 11 29 24 30 28 21 22 15 26 25 17 27
AVOIDER 1 7 2 4 3 9 8 5 18 6 20 19 23 13 14 16 10 12 11 28 29 24 30 21 22 15 26 25 17 27
AVOIDER 1 7 2 4 3 9 8 5 18 6 20 19 23 13 14 16 10 12 11 28 30 24 29 21 22 15 26 25 17 27
AVOIDER 1 7 2 4 3 9 8 5 18 6 20 19 23 13 14 16 10 12 11 29 28 24 30 21 22 15 26 25 17 27
AVOIDER 1 7 2 4 3 9 8 5 18 6 20 19 23 13 14 16 10 12 11 30 28 24 29 21 22 15 26 25 17 27
AVOIDER 1 7 2 4 3 9 8 5 18 6 20 19 23 13 14 16 10 12 11 29 30 24 28 21 22 15 26 25 17 27
AVOIDER 1 7 2 4 3 9 8 5 18 6 20 19 23 13 14 16 10 12 11 28 29 30 24 21 22 15 26 25 17 27
AVOIDER 1 7 2 4 3 9 8 5 18 6 20 19 23 13 14 16 10 12 11 28 30 29 24 21 22 15 26 25 17 27
AVOIDER 1 7 2 4 3 9 8 5 18 6 20 19 23 13 14 16 10 12 11 29 28 30 24 21 22 15 26 25 17 27
AVOIDER 1 7 2 4 3 9 8 5 18 6 20 19 23 13 14 16 10 12 11 30 28 29 24 21 22 15 26 25 17 27
AVOIDER 1 7 2 4 3 9 8 5 18 6 20 19 23 13 14 16 10 12 11 29 30 28 24 21 22 15 26 25 17 27
AVOIDER 1 7 2 4 3 9 8 5 18 6 20 19 23 13 14 16 10 12 11 24 30 22 28 29 21 15 26 25 17 27
AVOIDER 1 7 2 4 3 9 8 5 18 6 20 19 23 13 14 16 10 12 11 30 24 22 28 29 21 15 26 25 17 27
AVOIDER 1 7 2 4 3 9 8 5 18 6 20 19 23 13 14 16 10 12 11 24 28 30 22 29 21 15 26 25 17 27
AVOIDER 1 7 2 4 3 9 8 5 18 6 20 19 23 13 14 16 10 12 11 24 30 28 22 29 21 15 26 25 17 27
AVOIDER 1 7 2 4 3 9 8 5 18 6 20 19 23 13 14 16 10 12 11 24 29 30 22 28 21 15 26 25 17 27
AVOIDER 1 7 2 4 3 9 8 5 18 6 20 19 23 13 14 16 10 12 11 28 24 30 22 29 21 15 26 25 17 27
AVOIDER 1 7 2 4 3 9 8 5 18 6 20 19 23 13 14 16 10 12 11 30 24 28 22 29 21 15 26 25 17 27
AVOIDER 1 7 2 4 3 9 8 5 18 6 20 19 23 13 14 16 10 12 11 29 24 30 22 28 21 15 26 25 17 27
AVOIDER 1 7 2 4 3 9 8 5 18 6 20 19 23 13 14 16 10 12 11 28 30 24 22 29 21 15 26 25 17 27
AVOIDER 1 7 2 4 3 9 8 5 18 6 20 19 23 13 14 16 10 12 11 30 28 24 22 29 21 15 26 25 17 27
AVOIDER 1 7 2 4 3 9 8 5 18 6 20 19 23 13 14 16 10 12 11 29 30 24 22 28 21 15 26 25 17 27
AVOIDER 1 7 2 4 3 9 8 5 18 6 20 19 23 13 14 16 10 12 11 24 28 29 30 22 21 15 26 25 17 27
AVOIDER 1 7 2 4 3 9 8 5 18 6 20 19 23 13 14 16 10 12 11 24 28 30 29 22 21 15 26 25 17 27
AVOIDER 1 7 2 4 3 9 8 5 18 6 20 19 23 13 14 16 10 12 11 24 29 28 30 22 21 15 26 25 17 27
AVOIDER 1 7 2 4 3 9 8 5 18 6 20 19 23 13 14 16 10 12 11 24 30 28 29 22 21 15 26 25 17 27
AVOIDER 1 7 2 4 3 9 8 5 18 6 20 19 23 13 14 16 10 12 11 24 29 30 28 22 21 15 26 25 17 27
AVOIDER 1 7 2 4 3 9 8 5 18 6 20 19 23 13 14 16 10 12 11 28 24 29 30 22 21 15 26 25 17 27
AVOIDER 1 7 2 4 3 9 8 5 18 6 20 19 23 13 14 16 10 12 11 28 24 30 29 22 21 15 26 25 17 27
AVOIDER 1 7 2 4 3 9 8 5 18 6 20 19 23 13 14 16 10 12 11 29 24 28 30 22 21 15 26 25 17 27
AVOIDER 1 7 2 4 3 9 8 5 18 6 20 19 23 13 14 16 10 12 11 30 24 28 29 22 21 15 26 25 17 27
AVOIDER 1 7 2 4 3 9 8 5 18 6 20 19 23 13 14 16 10 12 11 29 24 30 28 22 21 15 26 25 17 27
AVOIDER 1 7 2 4 3 9 8 5 18 6 20 19 23 13 14 16 10 12 11 28 29 24 30 22 21 15 26 25 17 27
AVOIDER 1 7 2 4 3 9 8 5 18 6 20 19 23 13 14 16 10 12 11 28 30 24 29 22 21 15 26 25 17 27
AVOIDER 1 7 2 4 3 9 8 5 18 6 20 19 23 13 14 16 10 12 11 29 28 24 30 22 21 15 26 25 17 27
AVOIDER 1 7 2 4 3 9 8 5 18 6 20 19 23 13 14 16 10 12 11 30 28 24 29 22 21 15 26 25 17 27
AVOIDER 1 7 2 4 3 9 8 5 18 6 20 19 23 13 14 16 10 12 11 29 30 24 28 22 21 15 26 25 17 27
AVOIDER 1 7 2 4 3 9 8 5 18 6 20 19 23 13 14 16 10 12 11 28 29 30 24 22 21 15 26 25 17 27
AVOIDER 1 7 2 4 3 9 8 5 18 6 20 19 23 13 14 16 10 12 11 28 30 29 24 22 21 15 26 25 17 27
AVOIDER 1 7 2 4 3 9 8 5 18 6 20 19 23 13 14 16 10 12 11 29 28 30 24 22 21 15 26 25 17 27
AVOIDER 1 7 2 4 3 9 8 5 18 6 20 19 23 13 14 16 10 12 11 30 28 29 24 22 21 15 26 25 17 27
AVOIDER 1 7 2 4 3 9 8 5 18 6 20 19 23 13 14 16 10 12 11 29 30 28 24 22 21 15 26 25 17 27
AVOIDER 1 7 2 4 3 9 8 5 18 6 20 23 19 13 14 16 10 12 11 24 28 29 30 21 22 15 26 25 17 27
AVOIDER 1 7 2 4 3 9 8 5 18 6 20 23 19 13 14 16 10 12 11 24 28 30 29 21 22 15 26 25 17 27
AVOIDER 1 7 2 4 3 9 8 5 18 6 20 23 19 13 14 16 10 12 11 24 29 28 30 21 22 15 26 25 17 27
AVOIDER 1 7 2 4 3 9 8 5 18 6 20 23 19 13 14 16 10 12 11 24 30 28 29 21 22 15 26 25 17 27
AVOIDER 1 7 2 4 3 9 8 5 18 6 20 23 19 13 14 16 10 12 11 24 29 30 28 21 22 15 26 25 17 27
AVOIDER 1 7 2 4 3 9 8 5 18 6 20 23 19 13 14 16 10 12 11 28 24 29 30 21 22 15 26 25 17 27
AVOIDER 1 7 2 4 3 9 8 5 18 6 20 23 19 13 14 16 10 12 11 28 24 30 29 21 22 15 26 25 17 27
AVOIDER 1 7 2 4 3 9 8 5 18 6 20 23 19 13 14 16 10 12 11 29 24 28 30 21 22 15 26 25 17 27
AVOIDER 1 7 2 4 3 9 8 5 18 6 20 23 19 13 14 16 10 12 11 30 24 28 29 21 22 15 26 25 17 27
AVOIDER 1 7 2 4 3 9 8 5 18 6 20 23 19 13 14 16 10 12 11 29 24 30 28 21 22 15 26 25 17 27
AVOIDER 1 7 2 4 3 9 8 5 18 6 20 23 19 13 14 16 10 12 11 28 29 24 30 21 22 15 26 25 17 27
AVOIDER 1 7 2 4 3 9 8 5 18 6 20 23 19 13 14 16 10 12 11 28 30 24 29 21 22 15 26 25 17 27
AVOIDER 1 7 2 4 3 9 8 5 18 6 20 23 19 13 14 16 10 12 11 29 28 24 30 21 22 15 26 25 17 27
AVOIDER 1 7 2 4 3 9 8 5 18 6 20 23 19 13 14 16 10 12 11 30 28 24 29 21 22 15 26 25 17 27
AVOIDER 1 7 2 4 3 9 8 5 18 6 20 23 19 13 14 16 10 12 11 29 30 24 28 21 22 15 26 25 17 27
AVOIDER 1 7 2 4 3 9 8 5 18 6 20 23 19 13 14 16 10 12 11 28 29 30 24 21 22 15 26 25 17 27
AVOIDER 1 7 2 4 3 9 8 5 18 6 20 23 19 13 14 16 10 12 11 28 30 29 24 21 22 15 26 25 17 27
AVOIDER 1 7 2 4 3 9 8 5 18 6 20 23 19 13 14 16 10 12 11 29 28 30 24 21 22 15 26 25 17 27
AVOIDER 1 7 2 4 3 9 8 5 18 6 20 23 19 13 14 16 10 12 11 30 28 29 24 21 22 15 26 25 17 27
AVOIDER 1 7 2 4 3 9 8 5 18 6 20 23 19 13 14 16 10 12 11 29 30 28 24 21 22 15 26 25 17 27
AVOIDER 1 7 2 4 3 9 8 5 18 6 20 23 19 13 14 16 10 12 11 24 30 22 28 29 21 15 26 25 17 27
AVOIDER 1 7 2 4 3 9 8 5 18 6 20 23 19 13 14 16 10 12 11 30 24 22 28 29 21 15 26 25 17 27
AVOIDER 1 7 2 4 3 9 8 5 18 6 20 23 19 13 14 16 10 12 11 24 28 30 22 29 21 15 26 25 17 27
AVOIDER 1 7 2 4 3 9 8 5 18 6 20 23 19 13 14 16 10 12 11 24 30 28 22 29 21 15 26 25 17 27
AVOIDER 1 7 2 4 3 9 8 5 18 6 20 23 19 13 14 16 10 12 11 24 29 30 22 28 21 15 26 25 17 27
AVOIDER 1 7 2 4 3 9 8 5 18 6 20 23 19 13 14 16 10 12 11 28 24 30 22 29 21 15 26 25 17 27
AVOIDER 1 7 2 4 3 9 8 5 18 6 20 23 19 13 14 16 10 12 11 30 24 28 22 29 21 15 26 25 17 27
AVOIDER 1 7 2 4 3 9 8 5 18 6 20 23 19 13 14 16 10 12 11 29 24 30 22 28 21 15 26 25 17 27
AVOIDER 1 7 2 4 3 9 8 5 18 6 20 23 19 13 14 16 10 12 11 28 30 24 22 29 21 15 26 25 17 27
AVOIDER 1 7 2 4 3 9 8 5 18 6 20 23 19 13 14 16 10 12 11 30 28 24 22 29 21 15 26 25 17 27
AVOIDER 1 7 2 4 3 9 8 5 18 6 20 23 19 13 14 16 10 12 11 29 30 24 22 28 21 15 26 25 17 27
AVOIDER 1 7 2 4 3 9 8 5 18 6 20 23 19 13 14 16 10 12 11 24 28 29 30 22 21 15 26 25 17 27
AVOIDER 1 7 2 4 3 9 8 5 18 6 20 23 19 13 14 16 10 12 11 24 28 30 29 22 21 15 26 25 17 27
AVOIDER 1 7 2 4 3 9 8 5 18 6 20 23 19 13 14 16 10 12 11 24 29 28 30 22 21 15 26 25 17 27
AVOIDER 1 7 2 4 3 9 8 5 18 6 20 23 19 13 14 16 10 12 11 24 30 28 29 22 21 15 26 25 17 27
AVOIDER 1 7 2 4 3 9 8 5 18 6 20 23 19 13 14 16 10 12 11 24 29 30 28 22 21 15 26 25 17 27
AVOIDER 1 7 2 4 3 9 8 5 18 6 20 23 19 13 14 16 10 12 11 28 24 29 30 22 21 15 26 25 17 27
AVOIDER 1 7 2 4 3 9 8 5 18 6 20 23 19 13 14 16 10 12 11 28 24 30 29 22 21 15 26 25 17 27
AVOIDER 1 7 2 4 3 9 8 5 18 6 20 23 19 13 14 16 10 12 11 29 24 28 30 22 21 15 26 25 17 27
AVOIDER 1 7 2 4 3 9 8 5 18 6 20 23 19 13 14 16 10 12 11 30 24 28 29 22 21 15 26 25 17 27
AVOIDER 1 7 2 4 3 9 8 5 18 6 20 23 19 13 14 16 10 12 11 29 24 30 28 22 21 15 26 25 17 27
AVOIDER 1 7 2 4 3 9 8 5 18 6 20 23 19 13 14 16 10 12 11 28 29 24 30 22 21 15 26 25 17 27
AVOIDER 1 7 2 4 3 9 8 5 18 6 20 23 19 13 14 16 10 12 11 28 30 24 29 22 21 15 26 25 17 27
AVOIDER 1 7 2 4 3 9 8 5 18 6 20 23 19 13 14 16 10 12 11 29 28 24 30 22 21 15 26 25 17 27
AVOIDER 1 7 2 4 3 9 8 5 18 6 20 23 19 13 14 16 10 12 11 30 28 24 29 22 21 15 26 25 17 27
AVOIDER 1 7 2 4 3 9 8 5 18 6 20 23 19 13 14 16 10 12 11 29 30 24 28 22 21 15 26 25 17 27
AVOIDER 1 7 2 4 3 9 8 5 18 6 20 23 19 13 14 16 10 12 11 28 29 30 24 22 21 15 26 25 17 27
AVOIDER 1 7 2 4 3 9 8 5 18 6 20 23 19 13 14 16 10 12 11 28 30 29 24 22 21 15 26 25 17 27
AVOIDER 1 7 2 4 3 9 8 5 18 6 20 23 19 13 14 16 10 12 11 29 28 30 24 22 21 15 26 25 17 27
AVOIDER 1 7 2 4 3 9 8 5 18 6 20 23 19 13 14 16 10 12 11 30 28 29 24 22 21 15 26 25 17 27
AVOIDER 1 7 2 4 3 9 8 5 18 6 20 23 19 13 14 16 10 12 11 29 30 28 24 22 21 15 26 25 17 27
AVOIDER 1 7 2 4 3 9 8 5 18 6 23 20 19 13 14 16 10 12 11 24 28 29 30 21 22 15 26 25 17 27
AVOIDER 1 7 2 4 3 9 8 5 18 6 23 20 19 13 14 16 10 12 11 24 28 30 29 21 22 15 26 25 17 27
AVOIDER 1 7 2 4 3 9 8 5 18 6 23 20 19 13 14 16 10 12 11 24 29 28 30 21 22 15 26 25 17 27
AVOIDER 1 7 2 4 3 9 8 5 18 6 23 20 19 13 14 16 10 12 11 24 30 28 29 21 22 15 26 25 17 27
AVOIDER 1 7 2 4 3 9 8 5 18 6 23 20 19 13 14 16 10 12 11 24 29 30 28 21 22 15 26 25 17 27
AVOIDER 1 7 2 4 3 9 8 5 18 6 23 20 19 13 14 16 10 12 11 28 24 29 30 21 22 15 26 25 17 27
AVOIDER 1 7 2 4 3 9 8 5 18 6 23 20 19 13 14 16 10 12 11 28 24 30 29 21 22 15 26 25 17 27
AVOIDER 1 7 2 4 3 9 8 5 18 6 23 20 19 13 14 16 10 12 11 29 24 28 30 21 22 15 26 25 17 27
AVOIDER 1 7 2 4 3 9 8 5 18 6 23 20 19 13 14 16 10 12 11 30 24 28 29 21 22 15 26 25 17 27
AVOIDER 1 7 2 4 3 9 8 5 18 6 23 20 19 13 14 16 10 12 11 29 24 30 28 21 22 15 26 25 17 27
AVOIDER 1 7 2 4 3 9 8 5 18 6 23 20 19 13 14 16 10 12 11 28 29 24 30 21 22 15 26 25 17 27
AVOIDER 1 7 2 4 3 9 8 5 18 6 23 20 19 13 14 16 10 12 11 28 30 24 29 21 22 15 26 25 17 27
AVOIDER 1 7 2 4 3 9 8 5 18 6 23 20 19 13 14 16 10 12 11 29 28 24 30 21 22 15 26 25 17 27
AVOIDER 1 7 2 4 3 9 8 5 18 6 23 20 19 13 14 16 10 12 11 30 28 24 29 21 22 15 26 25 17 27
AVOIDER 1 7 2 4 3 9 8 5 18 6 23 20 19 13 14 16 10 12 11 29 30 24 28 21 22 15 26 25 17 27
AVOIDER 1 7 2 4 3 9 8 5 18 6 23 20 19 13 14 16 10 12 11 28 29 30 24 21 22 15 26 25 17 27
AVOIDER 1 7 2 4 3 9 8 5 18 6 23 20 19 13 14 16 10 12 11 28 30 29 24 21 22 15 26 25 17 27
AVOIDER 1 7 2 4 3 9 8 5 18 6 23 20 19 13 14 16 10 12 11 29 28 30 24 21 22 15 26 25 17 27
AVOIDER 1 7 2 4 3 9 8 5 18 6 23 20 19 13 14 16 10 12 11 30 28 29 24 21 22 15 26 25 17 27
AVOIDER 1 7 2 4 3 9 8 5 18 6 23 20 19 13 14 16 10 12 11 29 30 28 24 21 22 15 26 25 17 27
AVOIDER 1 7 2 4 3 9 8 5 18 6 23 20 19 13 14 16 10 12 11 24 30 22 28 29 21 15 26 25 17 27
AVOIDER 1 7 2 4 3 9 8 5 18 6 23 20 19 13 14 16 10 12 11 30 24 22 28 29 21 15 26 25 17 27
AVOIDER 1 7 2 4 3 9 8 5 18 6 23 20 19 13 14 16 10 12 11 24 28 30 22 29 21 15 26 25 17 27
AVOIDER 1 7 2 4 3 9 8 5 18 6 23 20 19 13 14 16 10 12 11 24 30 28 22 29 21 15 26 25 17 27
AVOIDER 1 7 2 4 3 9 8 5 18 6 23 20 19 13 14 16 10 12 11 24 29 30 22 28 21 15 26 25 17 27
AVOIDER 1 7 2 4 3 9 8 5 18 6 23 20 19 13 14 16 10 12 11 28 24 30 22 29 21 15 26 25 17 27
AVOIDER 1 7 2 4 3 9 8 5 18 6 23 20 19 13 14 16 10 12 11 30 24 28 22 29 21 15 26 25 17 27
AVOIDER 1 7 2 4 3 9 8 5 18 6 23 20 19 13 14 16 10 12 11 29 24 30 22 28 21 15 26 25 17 27
AVOIDER 1 7 2 4 3 9 8 5 18 6 23 20 19 13 14 16 10 12 11 28 30 24 22 29 21 15 26 25 17 27
AVOIDER 1 7 2 4 3 9 8 5 18 6 23 20 19 13 14 16 10 12 11 30 28 24 22 29 21 15 26 25 17 27
AVOIDER 1 7 2 4 3 9 8 5 18 6 23 20 19 13 14 16 10 12 11 29 30 24 22 28 21 15 26 25 17 27
AVOIDER 1 7 2 4 3 9 8 5 18 6 23 20 19 13 14 16 10 12 11 24 28 29 30 22 21 15 26 25 17 27
AVOIDER 1 7 2 4 3 9 8 5 18 6 23 20 19 13 14 16 10 12 11 24 28 30 29 22 21 15 26 25 17 27
AVOIDER 1 7 2 4 3 9 8 5 18 6 23 20 19 13 14 16 10 12 11 24 29 28 30 22 21 15 26 25 17 27
AVOIDER 1 7 2 4 3 9 8 5 18 6 23 20 19 13 14 16 10 12 11 24 30 28 29 22 21 15 26 25 17 27
AVOIDER 1 7 2 4 3 9 8 5 18 6 23 20 19 13 14 16 10 12 11 24 29 30 28 22 21 15 26 25 17 27
AVOIDER 1 7 2 4 3 9 8 5 18 6 23 20 19 13 14 16 10 12 11 28 24 29 30 22 21 15 26 25 17 27
AVOIDER 1 7 2 4 3 9 8 5 18 6 23 20 19 13 14 16 10 12 11 28 24 30 29 22 21 15 26 25 17 27
AVOIDER 1 7 2 4 3 9 8 5 18 6 23 20 19 13 14 16 10 12 11 29 24 28 30 22 21 15 26 25 17 27
AVOIDER 1 7 2 4 3 9 8 5 18 6 23 20 19 13 14 16 10 12 11 30 24 28 29 22 21 15 26 25 17 27
AVOIDER 1 7 2 4 3 9 8 5 18 6 23 20 19 13 14 16 10 12 11 29 24 30 28 22 21 15 26 25 17 27
AVOIDER 1 7 2 4 3 9 8 5 18 6 23 20 19 13 14 16 10 12 11 28 29 24 30 22 21 15 26 25 17 27
AVOIDER 1 7 2 4 3 9 8 5 18 6 23 20 19 13 14 16 10 12 11 28 30 24 29 22 21 15 26 25 17 27
AVOIDER 1 7 2 4 3 9 8 5 18 6 23 20 19 13 14 16 10 12 11 29 28 24 30 22 21 15 26 25 17 27
AVOIDER 1 7 2 4 3 9 8 5 18 6 23 20 19 13 14 16 10 12 11 30 28 24 29 22 21 15 26 25 17 27
AVOIDER 1 7 2 4 3 9 8 5 18 6 23 20 19 13 14 16 10 12 11 29 30 24 28 22 21 15 26 25 17 27
AVOIDER 1 7 2 4 3 9 8 5 18 6 23 20 19 13 14 16 10 12 11 28 29 30 24 22 21 15 26 25 17 27
AVOIDER 1 7 2 4 3 9 8 5 18 6 23 20 19 13 14 16 10 12 11 28 30 29 24 22 21 15 26 25 17 27
AVOIDER 1 7 2 4 3 9 8 5 18 6 23 20 19 13 14 16 10 12 11 29 28 30 24 22 21 15 26 25 17 27
AVOIDER 1 7 2 4 3 9 8 5 18 6 23 20 19 13 14 16 10 12 11 30 28 29 24 22 21 15 26 25 17 27
AVOIDER 1 7 2 4 3 9 8 5 18 6 23 20 19 13 14 16 10 12 11 29 30 28 24 22 21 15 26 25 17 27
AVOIDER 1 7 2 4 3 9 8 5 19 6 18 20 23 13 14 16 10 12 11 24 30 22 28 29 21 15 26 25 17 27
AVOIDER 1 7 2 4 3 9 8 5 19 6 18 20 23 13 14 16 10 12 11 30 24 22 28 29 21 15 26 25 17 27
AVOIDER 1 7 2 4 3 9 8 5 19 6 18 20 23 13 14 16 10 12 11 24 28 30 22 29 21 15 26 25 17 27
AVOIDER 1 7 2 4 3 9 8 5 19 6 18 20 23 13 14 16 10 12 11 24 30 28 22 29 21 15 26 25 17 27
AVOIDER 1 7 2 4 3 9 8 5 19 6 18 20 23 13 14 16 10 12 11 24 29 30 22 28 21 15 26 25 17 27
AVOIDER 1 7 2 4 3 9 8 5 19 6 18 20 23 13 14 16 10 12 11 28 24 30 22 29 21 15 26 25 17 27
AVOIDER 1 7 2 4 3 9 8 5 19 6 18 20 23 13 14 16 10 12 11 30 24 28 22 29 21 15 26 25 17 27
AVOIDER 1 7 2 4 3 9 8 5 19 6 18 20 23 13 14 16 10 12 11 29 24 30 22 28 21 15 26 25 17 27
AVOIDER 1 7 2 4 3 9 8 5 19 6 18 20 23 13 14 16 10 12 11 28 30 24 22 29 21 15 26 25 17 27
AVOIDER 1 7 2 4 3 9 8 5 19 6 18 20 23 13 14 16 10 12 11 30 28 24 22 29 21 15 26 25 17 27
AVOIDER 1 7 2 4 3 9 8 5 19 6 18 20 23 13 14 16 10 12 11 29 30 24 22 28 21 15 26 25 17 27
AVOIDER 1 7 2 4 3 9 8 5 19 6 18 20 23 13 14 16 10 12 11 24 28 29 30 22 21 15 26 25 17 27
AVOIDER 1 7 2 4 3 9 8 5 19 6 18 20 23 13 14 16 10 12 11 24 28 30 29 22 21 15 26 25 17 27
AVOIDER 1 7 2 4 3 9 8 5 19 6 18 20 23 13 14 16 10 12 11 24 29 28 30 22 21 15 26 25 17 27
AVOIDER 1 7 2 4 3 9 8 5 19 6 18 20 23 13 14 16 10 12 11 24 30 28 29 22 21 15 26 25 17 27
AVOIDER 1 7 2 4 3 9 8 5 19 6 18 20 23 13 14 16 10 12 11 24 29 30 28 22 21 15 26 25 17 27
AVOIDER 1 7 2 4 3 9 8 5 19 6 18 20 23 13 14 16 10 12 11 28 24 29 30 22 21 15 26 25 17 27
AVOIDER 1 7 2 4 3 9 8 5 19 6 18 20 23 13 14 16 10 12 11 28 24 30 29 22 21 15 26 25 17 27
AVOIDER 1 7 2 4 3 9 8 5 19 6 18 20 23 13 14 16 10 12 11 29 24 28 30 22 21 15 26 25 17 27
AVOIDER 1 7 2 4 3 9 8 5 19 6 18 20 23 13 14 16 10 12 11 30 24 28 29 22 21 15 26 25 17 27
AVOIDER 1 7 2 4 3 9 8 5 19 6 18 20 23 13 14 16 10 12 11 29 24 30 28 22 21 15 26 25 17 27
AVOIDER 1 7 2 4 3 9 8 5 19 6 18 20 23 13 14 16 10 12 11 28 29 24 30 22 21 15 26 25 17 27
AVOIDER 1 7 2 4 3 9 8 5 19 6 18 20 23 13 14 16 10 12 11 28 30 24 29 22 21 15 26 25 17 27
AVOIDER 1 7 2 4 3 9 8 5 19 6 18 20 23 13 14 16 10 12 11 29 28 24 30 22 21 15 26 25 17 27
AVOIDER 1 7 2 4 3 9 8 5 19 6 18 20 23 13 14 16 10 12 11 30 28 24 29 22 21 15 26 25 17 27
AVOIDER 1 7 2 4 3 9 8 5 19 6 18 20 23 13 14 16 10 12 11 29 30 24 28 22 21 15 26 25 17 27
AVOIDER 1 7 2 4 3 9 8 5 19 6 18 20 23 13 14 16 10 12 11 28 29 30 24 22 21 15 26 25 17 27
AVOIDER 1 7 2 4 3 9 8 5 19 6 18 20 23 13 14 16 10 12 11 28 30 29 24 22 21 15 26 25 17 27
AVOIDER 1 7 2 4 3 9 8 5 19 6 18 20 23 13 14 16 10 12 11 29 28 30 24 22 21 15 26 25 17 27
AVOIDER 1 7 2 4 3 9 8 5 19 6 18 20 23 13 14 16 10 12 11 30 28 29 24 22 21 15 26 25 17 27
AVOIDER 1 7 2 4 3 9 8 5 19 6 18 20 23 13 14 16 10 12 11 29 30 28 24 22 21 15 26 25 17 27
AVOIDER 1 7 2 4 3 9 8 5 19 6 18 23 20 13 14 16 10 12 11 24 30 22 28 29 21 15 26 25 17 27
AVOIDER 1 7 2 4 3 9 8 5 19 6 18 23 20 13 14 16 10 12 11 30 24 22 28 29 21 15 26 25 17 27
AVOIDER 1 7 2 4 3 9 8 5 19 6 18 23 20 13 14 16 10 12 11 24 28 30 22 29 21 15 26 25 17 27
AVOIDER 1 7 2 4 3 9 8 5 19 6 18 23 20 13 14 16 10 12 11 24 30 28 22 29 21 15 26 25 17 27
AVOIDER 1 7 2 4 3 9 8 5 19 6 18 23 20 13 14 16 10 12 11 24 29 30 22 28 21 15 26 25 17 27
AVOIDER 1 7 2 4 3 9 8 5 19 6 18 23 20 13 14 16 10 12 11 28 24 30 22 29 21 15 26 25 17 27
AVOIDER 1 7 2 4 3 9 8 5 19 6 18 23 20 13 14 16 10 12 11 30 24 28 22 29 21 15 26 25 17 27
AVOIDER 1 7 2 4 3 9 8 5 19 6 18 23 20 13 14 16 10 12 11 29 24 30 22 28 21 15 26 25 17 27
AVOIDER 1 7 2 4 3 9 8 5 19 6 18 23 20 13 14 16 10 12 11 28 30 24 22 29 21 15 26 25 17 27
AVOIDER 1 7 2 4 3 9 8 5 19 6 18 23 20 13 14 16 10 12 11 30 28 24 22 29 21 15 26 25 17 27
AVOIDER 1 7 2 4 3 9 8 5 19 6 18 23 20 13 14 16 10 12 11 29 30 24 22 28 21 15 26 25 17 27
AVOIDER 1 7 2 4 3 9 8 5 19 6 18 23 20 13 14 16 10 12 11 24 28 29 30 22 21 15 26 25 17 27
AVOIDER 1 7 2 4 3 9 8 5 19 6 18 23 20 13 14 16 10 12 11 24 28 30 29 22 21 15 26 25 17 27
AVOIDER 1 7 2 4 3 9 8 5 19 6 18 23 20 13 14 16 10 12 11 24 29 28 30 22 21 15 26 25 17 27
AVOIDER 1 7 2 4 3 9 8 5 19 6 18 23 20 13 14 16 10 12 11 24 30 28 29 22 21 15 26 25 17 27
AVOIDER 1 7 2 4 3 9 8 5 19 6 18 23 20 13 14 16 10 12 11 24 29 30 28 22 21 15 26 25 17 27
AVOIDER 1 7 2 4 3 9 8 5 19 6 18 23 20 13 14 16 10 12 11 28 24 29 30 22 21 15 26 25 17 27
AVOIDER 1 7 2 4 3 9 8 5 19 6 18 23 20 13 14 16 10 12 11 28 24 30 29 22 21 15 26 25 17 27
AVOIDER 1 7 2 4 3 9 8 5 19 6 18 23 20 13 14 16 10 12 11 29 24 28 30 22 21 15 26 25 17 27
AVOIDER 1 7 2 4 3 9 8 5 19 6 18 23 20 13 14 16 10 12 11 30 24 28 29 22 21 15 26 25 17 27
AVOIDER 1 7 2 4 3 9 8 5 19 6 18 23 20 13 14 16 10 12 11 29 24 30 28 22 21 15 26 25 17 27
AVOIDER 1 7 2 4 3 9 8 5 19 6 18 23 20 13 14 16 10 12 11 28 29 24 30 22 21 15 26 25 17 27
AVOIDER 1 7 2 4 3 9 8 5 19 6 18 23 20 13 14 16 10 12 11 28 30 24 29 22 21 15 26 25 17 27
AVOIDER 1 7 2 4 3 9 8 5 19 6 18 23 20 13 14 16 10 12 11 29 28 24 30 22 21 15 26 25 17 27
AVOIDER 1 7 2 4 3 9 8 5 19 6 18 23 20 13 14 16 10 12 11 30 28 24 29 22 21 15 26 25 17 27
AVOIDER 1 7 2 4 3 9 8 5 19 6 18 23 20 13 14 16 10 12 11 29 30 24 28 22 21 15 26 25 17 27
AVOIDER 1 7 2 4 3 9 8 5 19 6 18 23 20 13 14 16 10 12 11 28 29 30 24 22 21 15 26 25 17 27
AVOIDER 1 7 2 4 3 9 8 5 19 6 18 23 20 13 14 16 10 12 11 28 30 29 24 22 21 15 26 25 17 27
AVOIDER 1 7 2 4 3 9 8 5 19 6 18 23 20 13 14 16 10 12 11 29 28 30 24 22 21 15 26 25 17 27
AVOIDER 1 7 2 4 3 9 8 5 19 6 18 23 20 13 14 16 10 12 11 30 28 29 24 22 21 15 26 25 17 27
AVOIDER 1 7 2 4 3 9 8 5 19 6 18 23 20 13 14 16 10 12 11 29 30 28 24 22 21 15 26 25 17 27
AVOIDER 1 7 2 4 3 9 8 5 20 6 18 19 23 13 14 16 10 12 11 24 28 29 30 21 22 15 26 25 17 27
AVOIDER 1 7 2 4 3 9 8 5 20 6 18 19 23 13 14 16 10 12 11 24 28 30 29 21 22 15 26 25 17 27
AVOIDER 1 7 2 4 3 9 8 5 20 6 18 19 23 13 14 16 10 12 11 24 29 28 30 21 22 15 26 25 17 27
AVOIDER 1 7 2 4 3 9 8 5 20 6 18 19 23 13 14 16 10 12 11 24 30 28 29 21 22 15 26 25 17 27
AVOIDER 1 7 2 4 3 9 8 5 20 6 18 19 23 13 14 16 10 12 11 24 29 30 28 21 22 15 26 25 17 27
AVOIDER 1 7 2 4 3 9 8 5 20 6 18 19 23 13 14 16 10 12 11 28 24 29 30 21 22 15 26 25 17 27
AVOIDER 1 7 2 4 3 9 8 5 20 6 18 19 23 13 14 16 10 12 11 28 24 30 29 21 22 15 26 25 17 27
AVOIDER 1 7 2 4 3 9 8 5 20 6 18 19 23 13 14 16 10 12 11 29 24 28 30 21 22 15 26 25 17 27
AVOIDER 1 7 2 4 3 9 8 5 20 6 18 19 23 13 14 16 10 12 11 30 24 28 29 21 22 15 26 25 17 27
AVOIDER 1 7 2 4 3 9 8 5 20 6 18 19 23 13 14 16 10 12 11 29 24 30 28 21 22 15 26 25 17 27
AVOIDER 1 7 2 4 3 9 8 5 20 6 18 19 23 13 14 16 10 12 11 28 29 24 30 21 22 15 26 25 17 27
AVOIDER 1 7 2 4 3 9 8 5 20 6 18 19 23 13 14 16 10 12 11 28 30 24 29 21 22 15 26 25 17 27
AVOIDER 1 7 2 4 3 9 8 5 20 6 18 19 23 13 14 16 10 12 11 29 28 24 30 21 22 15 26 25 17 27
AVOIDER 1 7 2 4 3 9 8 5 20 6 18 19 23 13 14 16 10 12 11 30 28 24 29 21 22 15 26 25 17 27
AVOIDER 1 7 2 4 3 9 8 5 20 6 18 19 23 13 14 16 10 12 11 29 30 24 28 21 22 15 26 25 17 27
AVOIDER 1 7 2 4 3 9 8 5 20 6 18 19 23 13 14 16 10 12 11 28 29 30 24 21 22 15 26 25 17 27
AVOIDER 1 7 2 4 3 9 8 5 20 6 18 19 23 13 14 16 10 12 11 28 30 29 24 21 22 15 26 25 17 27
AVOIDER 1 7 2 4 3 9 8 5 20 6 18 19 23 13 14 16 10 12 11 29 28 30 24 21 22 15 26 25 17 27
AVOIDER 1 7 2 4 3 9 8 5 20 6 18 19 23 13 14 16 10 12 11 30 28 29 24 21 22 15 26 25 17 27
AVOIDER 1 7 2 4 3 9 8 5 20 6 18 19 23 13 14 16 10 12 11 29 30 28 24 21 22 15 26 25 17 27
AVOIDER 1 7 2 4 3 9 8 5 20 6 18 19 23 13 14 16 10 12 11 24 30 22 28 29 21 15 26 25 17 27
AVOIDER 1 7 2 4 3 9 8 5 20 6 18 19 23 13 14 16 10 12 11 30 24 22 28 29 21 15 26 25 17 27
AVOIDER 1 7 2 4 3 9 8 5 20 6 18 19 23 13 14 16 10 12 11 24 28 30 22 29 21 15 26 25 17 27
AVOIDER 1 7 2 4 3 9 8 5 20 6 18 19 23 13 14 16 10 12 11 24 30 28 22 29 21 15 26 25 17 27
AVOIDER 1 7 2 4 3 9 8 5 20 6 18 19 23 13 14 16 10 12 11 24 29 30 22 28 21 15 26 25 17 27
AVOIDER 1 7 2 4 3 9 8 5 20 6 18 19 23 13 14 16 10 12 11 28 24 30 22 29 21 15 26 25 17 27
AVOIDER 1 7 2 4 3 9 8 5 20 6 18 19 23 13 14 16 10 12 11 30 24 28 22 29 21 15 26 25 17 27
AVOIDER 1 7 2 4 3 9 8 5 20 6 18 19 23 13 14 16 10 12 11 29 24 30 22 28 21 15 26 25 17 27
AVOIDER 1 7 2 4 3 9 8 5 20 6 18 19 23 13 14 16 10 12 11 28 30 24 22 29 21 15 26 25 17 27
AVOIDER 1 7 2 4 3 9 8 5 20 6 18 19 23 13 14 16 10 12 11 30 28 24 22 29 21 15 26 25 17 27
AVOIDER 1 7 2 4 3 9 8 5 20 6 18 19 23 13 14 16 10 12 11 29 30 24 22 28 21 15 26 25 17 27
AVOIDER 1 7 2 4 3 9 8 5 20 6 18 19 23 13 14 16 10 12 11 24 28 29 30 22 21 15 26 25 17 27
AVOIDER 1 7 2 4 3 9 8 5 20 6 18 19 23 13 14 16 10 12 11 24 28 30 29 22 21 15 26 25 17 27
AVOIDER 1 7 2 4 3 9 8 5 20 6 18 19 23 13 14 16 10 12 11 24 29 28 30 22 21 15 26 25 17 27
AVOIDER 1 7 2 4 3 9 8 5 20 6 18 19 23 13 14 16 10 12 11 24 30 28 29 22 21 15 26 25 17 27
AVOIDER 1 7 2 4 3 9 8 5 20 6 18 19 23 13 14 16 10 12 11 24 29 30 28 22 21 15 26 25 17 27
AVOIDER 1 7 2 4 3 9 8 5 20 6 18 19 23 13 14 16 10 12 11 28 24 29 30 22 21 15 26 25 17 27
AVOIDER 1 7 2 4 3 9 8 5 20 6 18 19 23 13 14 16 10 12 11 28 24 30 29 22 21 15 26 25 17 27
AVOIDER 1 7 2 4 3 9 8 5 20 6 18 19 23 13 14 16 10 12 11 29 24 28 30 22 21 15 26 25 17 27
AVOIDER 1 7 2 4 3 9 8 5 20 6 18 19 23 13 14 16 10 12 11 30 24 28 29 22 21 15 26 25 17 27
AVOIDER 1 7 2 4 3 9 8 5 20 6 18 19 23 13 14 16 10 12 11 29 24 30 28 22 21 15 26 25 17 27
AVOIDER 1 7 2 4 3 9 8 5 20 6 18 19 23 13 14 16 10 12 11 28 29 24 30 22 21 15 26 25 17 27
AVOIDER 1 7 2 4 3 9 8 5 20 6 18 19 23 13 14 16 10 12 11 28 30 24 29 22 21 15 26 25 17 27
AVOIDER 1 7 2 4 3 9 8 5 20 6 18 19 23 13 14 16 10 12 11 29 28 24 30 22 21 15 26 25 17 27
AVOIDER 1 7 2 4 3 9 8 5 20 6 18 19 23 13 14 16 10 12 11 30 28 24 29 22 21 15 26 25 17 27
AVOIDER 1 7 2 4 3 9 8 5 20 6 18 19 23 13 14 16 10 12 11 29 30 24 28 22 21 15 26 25 17 27
AVOIDER 1 7 2 4 3 9 8 5 20 6 18 19 23 13 14 16 10 12 11 28 29 30 24 22 21 15 26 25 17 27
AVOIDER 1 7 2 4 3 9 8 5 20 6 18 19 23 13 14 16 10 12 11 28 30 29 24 22 21 15 26 25 17 27
AVOIDER 1 7 2 4 3 9 8 5 20 6 18 19 23 13 14 16 10 12 11 29 28 30 24 22 21 15 26 25 17 27
AVOIDER 1 7 2 4 3 9 8 5 20 6 18 19 23 13 14 16 10 12 11 30 28 29 24 22 21 15 26 25 17 27
AVOIDER 1 7 2 4 3 9 8 5 20 6 18 19 23 13 14 16 10 12 11 29 30 28 24 22 21 15 26 25 17 27
AVOIDER 1 7 2 4 3 9 8 5 20 6 18 23 19 13 14 16 10 12 11 24 28 29 30 21 22 15 26 25 17 27
AVOIDER 1 7 2 4 3 9 8 5 20 6 18 23 19 13 14 16 10 12 11 24 28 30 29 21 22 15 26 25 17 27
AVOIDER 1 7 2 4 3 9 8 5 20 6 18 23 19 13 14 16 10 12 11 24 29 28 30 21 22 15 26 25 17 27
AVOIDER 1 7 2 4 3 9 8 5 20 6 18 23 19 13 14 16 10 12 11 24 30 28 29 21 22 15 26 25 17 27
AVOIDER 1 7 2 4 3 9 8 5 20 6 18 23 19 13 14 16 10 12 11 24 29 30 28 21 22 15 26 25 17 27
AVOIDER 1 7 2 4 3 9 8 5 20 6 18 23 19 13 14 16 10 12 11 28 24 29 30 21 22 15 26 25 17 27
AVOIDER 1 7 2 4 3 9 8 5 20 6 18 23 19 13 14 16 10 12 11 28 24 30 29 21 22 15 26 25 17 27
AVOIDER 1 7 2 4 3 9 8 5 20 6 18 23 19 13 14 16 10 12 11 29 24 28 30 21 22 15 26 25 17 27
AVOIDER 1 7 2 4 3 9 8 5 20 6 18 23 19 13 14 16 10 12 11 30 24 28 29 21 22 15 26 25 17 27
AVOIDER 1 7 2 4 3 9 8 5 20 6 18 23 19 13 14 16 10 12 11 29 24 30 28 21 22 15 26 25 17 27
AVOIDER 1 7 2 4 3 9 8 5 20 6 18 23 19 13 14 16 10 12 11 28 29 24 30 21 22 15 26 25 17 27
AVOIDER 1 7 2 4 3 9 8 5 20 6 18 23 19 13 14 16 10 12 11 28 30 24 29 21 22 15 26 25 17 27
AVOIDER 1 7 2 4 3 9 8 5 20 6 18 23 19 13 14 16 10 12 11 29 28 24 30 21 22 15 26 25 17 27
AVOIDER 1 7 2 4 3 9 8 5 20 6 18 23 19 13 14 16 10 12 11 30 28 24 29 21 22 15 26 25 17 27
AVOIDER 1 7 2 4 3 9 8 5 20 6 18 23 19 13 14 16 10 12 11 29 30 24 28 21 22 15 26 25 17 27
AVOIDER 1 7 2 4 3 9 8 5 20 6 18 23 19 13 14 16 10 12 11 28 29 30 24 21 22 15 26 25 17 27
AVOIDER 1 7 2 4 3 9 8 5 20 6 18 23 19 13 14 16 10 12 11 28 30 29 24 21 22 15 26 25 17 27
AVOIDER 1 7 2 4 3 9 8 5 20 6 18 23 19 13 14 16 10 12 11 29 28 30 24 21 22 15 26 25 17 27
AVOIDER 1 7 2 4 3 9 8 5 20 6 18 23 19 13 14 16 10 12 11 30 28 29 24 21 22 15 26 25 17 27
AVOIDER 1 7 2 4 3 9 8 5 20 6 18 23 19 13 14 16 10 12 11 29 30 28 24 21 22 15 26 25 17 27
AVOIDER 1 7 2 4 3 9 8 5 20 6 18 23 19 13 14 16 10 12 11 24 30 22 28 29 21 15 26 25 17 27
AVOIDER 1 7 2 4 3 9 8 5 20 6 18 23 19 13 14 16 10 12 11 30 24 22 28 29 21 15 26 25 17 27
AVOIDER 1 7 2 4 3 9 8 5 20 6 18 23 19 13 14 16 10 12 11 24 28 30 22 29 21 15 26 25 17 27
AVOIDER 1 7 2 4 3 9 8 5 20 6 18 23 19 13 14 16 10 12 11 24 30 28 22 29 21 15 26 25 17 27
AVOIDER 1 7 2 4 3 9 8 5 20 6 18 23 19 13 14 16 10 12 11 24 29 30 22 28 21 15 26 25 17 27
AVOIDER 1 7 2 4 3 9 8 5 20 6 18 23 19 13 14 16 10 12 11 28 24 30 22 29 21 15 26 25 17 27
AVOIDER 1 7 2 4 3 9 8 5 20 6 18 23 19 13 14 16 10 12 11 30 24 28 22 29 21 15 26 25 17 27
AVOIDER 1 7 2 4 3 9 8 5 20 6 18 23 19 13 14 16 10 12 11 29 24 30 22 28 21 15 26 25 17 27
AVOIDER 1 7 2 4 3 9 8 5 20 6 18 23 19 13 14 16 10 12 11 28 30 24 22 29 21 15 26 25 17 27
AVOIDER 1 7 2 4 3 9 8 5 20 6 18 23 19 13 14 16 10 12 11 30 28 24 22 29 21 15 26 25 17 27
AVOIDER 1 7 2 4 3 9 8 5 20 6 18 23 19 13 14 16 10 12 11 29 30 24 22 28 21 15 26 25 17 27
AVOIDER 1 7 2 4 3 9 8 5 20 6 18 23 19 13 14 16 10 12 11 24 28 29 30 22 21 15 26 25 17 27
AVOIDER 1 7 2 4 3 9 8 5 20 6 18 23 19 13 14 16 10 12 11 24 28 30 29 22 21 15 26 25 17 27
AVOIDER 1 7 2 4 3 9 8 5 20 6 18 23 19 13 14 16 10 12 11 24 29 28 30 22 21 15 26 25 17 27
AVOIDER 1 7 2 4 3 9 8 5 20 6 18 23 19 13 14 16 10 12 11 24 30 28 29 22 21 15 26 25 17 27
AVOIDER 1 7 2 4 3 9 8 5 20 6 18 23 19 13 14 16 10 12 11 24 29 30 28 22 21 15 26 25 17 27
AVOIDER 1 7 2 4 3 9 8 5 20 6 18 23 19 13 14 16 10 12 11 28 24 29 30 22 21 15 26 25 17 27
AVOIDER 1 7 2 4 3 9 8 5 20 6 18 23 19 13 14 16 10 12 11 28 24 30 29 22 21 15 26 25 17 27
AVOIDER 1 7 2 4 3 9 8 5 20 6 18 23 19 13 14 16 10 12 11 29 24 28 30 22 21 15 26 25 17 27
AVOIDER 1 7 2 4 3 9 8 5 20 6 18 23 19 13 14 16 10 12 11 30 24 28 29 22 21 15 26 25 17 27
AVOIDER 1 7 2 4 3 9 8 5 20 6 18 23 19 13 14 16 10 12 11 29 24 30 28 22 21 15 26 25 17 27
AVOIDER 1 7 2 4 3 9 8 5 20 6 18 23 19 13 14 16 10 12 11 28 29 24 30 22 21 15 26 25 17 27
AVOIDER 1 7 2 4 3 9 8 5 20 6 18 23 19 13 14 16 10 12 11 28 30 24 29 22 21 15 26 25 17 27
AVOIDER 1 7 2 4 3 9 8 5 20 6 18 23 19 13 14 16 10 12 11 29 28 24 30 22 21 15 26 25 17 27
AVOIDER 1 7 2 4 3 9 8 5 20 6 18 23 19 13 14 16 10 12 11 30 28 24 29 22 21 15 26 25 17 27
AVOIDER 1 7 2 4 3 9 8 5 20 6 18 23 19 13 14 16 10 12 11 29 30 24 28 22 21 15 26 25 17 27
AVOIDER 1 7 2 4 3 9 8 5 20 6 18 23 19 13 14 16 10 12 11 28 29 30 24 22 21 15 26 25 17 27
AVOIDER 1 7 2 4 3 9 8 5 20 6 18 23 19 13 14 16 10 12 11 28 30 29 24 22 21 15 26 25 17 27
AVOIDER 1 7 2 4 3 9 8 5 20 6 18 23 19 13 14 16 10 12 11 29 28 30 24 22 21 15 26 25 17 27
AVOIDER 1 7 2 4 3 9 8 5 20 6 18 23 19 13 14 16 10 12 11 30 28 29 24 22 21 15 26 25 17 27
AVOIDER 1 7 2 4 3 9 8 5 20 6 18 23 19 13 14 16 10 12 11 29 30 28 24 22 21 15 26 25 17 27
AVOIDER 1 7 2 4 3 9 8 5 23 6 18 20 19 13 14 16 10 12 11 24 28 29 30 21 22 15 26 25 17 27
AVOIDER 1 7 2 4 3 9 8 5 23 6 18 20 19 13 14 16 10 12 11 24 28 30 29 21 22 15 26 25 17 27
AVOIDER 1 7 2 4 3 9 8 5 23 6 18 20 19 13 14 16 10 12 11 24 29 28 30 21 22 15 26 25 17 27
AVOIDER 1 7 2 4 3 9 8 5 23 6 18 20 19 13 14 16 10 12 11 24 30 28 29 21 22 15 26 25 17 27
AVOIDER 1 7 2 4 3 9 8 5 23 6 18 20 19 13 14 16 10 12 11 24 29 30 28 21 22 15 26 25 17 27
AVOIDER 1 7 2 4 3 9 8 5 23 6 18 20 19 13 14 16 10 12 11 28 24 29 30 21 22 15 26 25 17 27
AVOIDER 1 7 2 4 3 9 8 5 23 6 18 20 19 13 14 16 10 12 11 28 24 30 29 21 22 15 26 25 17 27
AVOIDER 1 7 2 4 3 9 8 5 23 6 18 20 19 13 14 16 10 12 11 29 24 28 30 21 22 15 26 25 17 27
AVOIDER 1 7 2 4 3 9 8 5 23 6 18 20 19 13 14 16 10 12 11 30 24 28 29 21 22 15 26 25 17 27
AVOIDER 1 7 2 4 3 9 8 5 23 6 18 20 19 13 14 16 10 12 11 29 24 30 28 21 22 15 26 25 17 27
AVOIDER 1 7 2 4 3 9 8 5 23 6 18 20 19 13 14 16 10 12 11 28 29 24 30 21 22 15 26 25 17 27
AVOIDER 1 7 2 4 3 9 8 5 23 6 18 20 19 13 14 16 10 12 11 28 30 24 29 21 22 15 26 25 17 27
AVOIDER 1 7 2 4 3 9 8 5 23 6 18 20 19 13 14 16 10 12 11 29 28 24 30 21 22 15 26 25 17 27
AVOIDER 1 7 2 4 3 9 8 5 23 6 18 20 19 13 14 16 10 12 11 30 28 24 29 21 22 15 26 25 17 27
AVOIDER 1 7 2 4 3 9 8 5 23 6 18 20 19 13 14 16 10 12 11 29 30 24 28 21 22 15 26 25 17 27
AVOIDER 1 7 2 4 3 9 8 5 23 6 18 20 19 13 14 16 10 12 11 28 29 30 24 21 22 15 26 25 17 27
AVOIDER 1 7 2 4 3 9 8 5 23 6 18 20 19 13 14 16 10 12 11 28 30 29 24 21 22 15 26 25 17 27
AVOIDER 1 7 2 4 3 9 8 5 23 6 18 20 19 13 14 16 10 12 11 29 28 30 24 21 22 15 26 25 17 27
AVOIDER 1 7 2 4 3 9 8 5 23 6 18 20 19 13 14 16 10 12 11 30 28 29 24 21 22 15 26 25 17 27
AVOIDER 1 7 2 4 3 9 8 5 23 6 18 20 19 13 14 16 10 12 11 29 30 28 24 21 22 15 26 25 17 27
AVOIDER 1 7 2 4 3 9 8 5 23 6 18 20 19 13 14 16 10 12 11 24 30 22 28 29 21 15 26 25 17 27
AVOIDER 1 7 2 4 3 9 8 5 23 6 18 20 19 13 14 16 10 12 11 30 24 22 28 29 21 15 26 25 17 27
AVOIDER 1 7 2 4 3 9 8 5 23 6 18 20 19 13 14 16 10 12 11 24 28 30 22 29 21 15 26 25 17 27
AVOIDER 1 7 2 4 3 9 8 5 23 6 18 20 19 13 14 16 10 12 11 24 30 28 22 29 21 15 26 25 17 27
AVOIDER 1 7 2 4 3 9 8 5 23 6 18 20 19 13 14 16 10 12 11 24 29 30 22 28 21 15 26 25 17 27
AVOIDER 1 7 2 4 3 9 8 5 23 6 18 20 19 13 14 16 10 12 11 28 24 30 22 29 21 15 26 25 17 27
AVOIDER 1 7 2 4 3 9 8 5 23 6 18 20 19 13 14 16 10 12 11 30 24 28 22 29 21 15 26 25 17 27
AVOIDER 1 7 2 4 3 9 8 5 23 6 18 20 19 13 14 16 10 12 11 29 24 30 22 28 21 15 26 25 17 27
AVOIDER 1 7 2 4 3 9 8 5 23 6 18 20 19 13 14 16 10 12 11 28 30 24 22 29 21 15 26 25 17 27
AVOIDER 1 7 2 4 3 9 8 5 23 6 18 20 19 13 14 16 10 12 11 30 28 24 22 29 21 15 26 25 17 27
AVOIDER 1 7 2 4 3 9 8 5 23 6 18 20 19 13 14 16 10 12 11 29 30 24 22 28 21 15 26 25 17 27
AVOIDER 1 7 2 4 3 9 8 5 23 6 18 20 19 13 14 16 10 12 11 24 28 29 30 22 21 15 26 25 17 27
AVOIDER 1 7 2 4 3 9 8 5 23 6 18 20 19 13 14 16 10 12 11 24 28 30 29 22 21 15 26 25 17 27
AVOIDER 1 7 2 4 3 9 8 5 23 6 18 20 19 13 14 16 10 12 11 24 29 28 30 22 21 15 26 25 17 27
AVOIDER 1 7 2 4 3 9 8 5 23 6 18 20 19 13 14 16 10 12 11 24 30 28 29 22 21 15 26 25 17 27
AVOIDER 1 7 2 4 3 9 8 5 23 6 18 20 19 13 14 16 10 12 11 24 29 30 28 22 21 15 26 25 17 27
AVOIDER 1 7 2 4 3 9 8 5 23 6 18 20 19 13 14 16 10 12 11 28 24 29 30 22 21 15 26 25 17 27
AVOIDER 1 7 2 4 3 9 8 5 23 6 18 20 19 13 14 16 10 12 11 28 24 30 29 22 21 15 26 25 17 27
AVOIDER 1 7 2 4 3 9 8 5 23 6 18 20 19 13 14 16 10 12 11 29 24 28 30 22 21 15 26 25 17 27
AVOIDER 1 7 2 4 3 9 8 5 23 6 18 20 19 13 14 16 10 12 11 30 24 28 29 22 21 15 26 25 17 27
AVOIDER 1 7 2 4 3 9 8 5 23 6 18 20 19 13 14 16 10 12 11 29 24 30 28 22 21 15 26 25 17 27
AVOIDER 1 7 2 4 3 9 8 5 23 6 18 20 19 13 14 16 10 12 11 28 29 24 30 22 21 15 26 25 17 27
AVOIDER 1 7 2 4 3 9 8 5 23 6 18 20 19 13 14 16 10 12 11 28 30 24 29 22 21 15 26 25 17 27
AVOIDER 1 7 2 4 3 9 8 5 23 6 18 20 19 13 14 16 10 12 11 29 28 24 30 22 21 15 26 25 17 27
AVOIDER 1 7 2 4 3 9 8 5 23 6 18 20 19 13 14 16 10 12 11 30 28 24 29 22 21 15 26 25 17 27
AVOIDER 1 7 2 4 3 9 8 5 23 6 18 20 19 13 14 16 10 12 11 29 30 24 28 22 21 15 26 25 17 27
AVOIDER 1 7 2 4 3 9 8 5 23 6 18 20 19 13 14 16 10 12 11 28 29 30 24 22 21 15 26 25 17 27
AVOIDER 1 7 2 4 3 9 8 5 23 6 18 20 19 13 14 16 10 12 11 28 30 29 24 22 21 15 26 25 17 27
AVOIDER 1 7 2 4 3 9 8 5 23 6 18 20 19 13 14 16 10 12 11 29 28 30 24 22 21 15 26 25 17 27
AVOIDER 1 7 2 4 3 9 8 5 23 6 18 20 19 13 14 16 10 12 11 30 28 29 24 22 21 15 26 25 17 27
AVOIDER 1 7 2 4 3 9 8 5 23 6 18 20 19 13 14 16 10 12 11 29 30 28 24 22 21 15 26 25 17 27
AVOIDER 1 7 2 4 3 9 8 5 19 6 20 18 23 13 14 16 10 12 11 24 30 22 28 29 21 15 26 25 17 27
AVOIDER 1 7 2 4 3 9 8 5 19 6 20 18 23 13 14 16 10 12 11 30 24 22 28 29 21 15 26 25 17 27
AVOIDER 1 7 2 4 3 9 8 5 19 6 20 18 23 13 14 16 10 12 11 24 28 30 22 29 21 15 26 25 17 27
AVOIDER 1 7 2 4 3 9 8 5 19 6 20 18 23 13 14 16 10 12 11 24 30 28 22 29 21 15 26 25 17 27
AVOIDER 1 7 2 4 3 9 8 5 19 6 20 18 23 13 14 16 10 12 11 24 29 30 22 28 21 15 26 25 17 27
AVOIDER 1 7 2 4 3 9 8 5 19 6 20 18 23 13 14 16 10 12 11 28 24 30 22 29 21 15 26 25 17 27
AVOIDER 1 7 2 4 3 9 8 5 19 6 20 18 23 13 14 16 10 12 11 30 24 28 22 29 21 15 26 25 17 27
AVOIDER 1 7 2 4 3 9 8 5 19 6 20 18 23 13 14 16 10 12 11 29 24 30 22 28 21 15 26 25 17 27
AVOIDER 1 7 2 4 3 9 8 5 19 6 20 18 23 13 14 16 10 12 11 28 30 24 22 29 21 15 26 25 17 27
AVOIDER 1 7 2 4 3 9 8 5 19 6 20 18 23 13 14 16 10 12 11 30 28 24 22 29 21 15 26 25 17 27
AVOIDER 1 7 2 4 3 9 8 5 19 6 20 18 23 13 14 16 10 12 11 29 30 24 22 28 21 15 26 25 17 27
AVOIDER 1 7 2 4 3 9 8 5 19 6 20 18 23 13 14 16 10 12 11 24 28 29 30 22 21 15 26 25 17 27
AVOIDER 1 7 2 4 3 9 8 5 19 6 20 18 23 13 14 16 10 12 11 24 28 30 29 22 21 15 26 25 17 27
AVOIDER 1 7 2 4 3 9 8 5 19 6 20 18 23 13 14 16 10 12 11 24 29 28 30 22 21 15 26 25 17 27
AVOIDER 1 7 2 4 3 9 8 5 19 6 20 18 23 13 14 16 10 12 11 24 30 28 29 22 21 15 26 25 17 27
AVOIDER 1 7 2 4 3 9 8 5 19 6 20 18 23 13 14 16 10 12 11 24 29 30 28 22 21 15 26 25 17 27
AVOIDER 1 7 2 4 3 9 8 5 19 6 20 18 23 13 14 16 10 12 11 28 24 29 30 22 21 15 26 25 17 27
AVOIDER 1 7 2 4 3 9 8 5 19 6 20 18 23 13 14 16 10 12 11 28 24 30 29 22 21 15 26 25 17 27
AVOIDER 1 7 2 4 3 9 8 5 19 6 20 18 23 13 14 16 10 12 11 29 24 28 30 22 21 15 26 25 17 27
AVOIDER 1 7 2 4 3 9 8 5 19 6 20 18 23 13 14 16 10 12 11 30 24 28 29 22 21 15 26 25 17 27
AVOIDER 1 7 2 4 3 9 8 5 19 6 20 18 23 13 14 16 10 12 11 29 24 30 28 22 21 15 26 25 17 27
AVOIDER 1 7 2 4 3 9 8 5 19 6 20 18 23 13 14 16 10 12 11 28 29 24 30 22 21 15 26 25 17 27
AVOIDER 1 7 2 4 3 9 8 5 19 6 20 18 23 13 14 16 10 12 11 28 30 24 29 22 21 15 26 25 17 27
AVOIDER 1 7 2 4 3 9 8 5 19 6 20 18 23 13 14 16 10 12 11 29 28 24 30 22 21 15 26 25 17 27
AVOIDER 1 7 2 4 3 9 8 5 19 6 20 18 23 13 14 16 10 12 11 30 28 24 29 22 21 15 26 25 17 27
AVOIDER 1 7 2 4 3 9 8 5 19 6 20 18 23 13 14 16 10 12 11 29 30 24 28 22 21 15 26 25 17 27
AVOIDER 1 7 2 4 3 9 8 5 19 6 20 18 23 13 14 16 10 12 11 28 29 30 24 22 21 15 26 25 17 27
AVOIDER 1 7 2 4 3 9 8 5 19 6 20 18 23 13 14 16 10 12 11 28 30 29 24 22 21 15 26 25 17 27
AVOIDER 1 7 2 4 3 9 8 5 19 6 20 18 23 13 14 16 10 12 11 29 28 30 24 22 21 15 26 25 17 27
AVOIDER 1 7 2 4 3 9 8 5 19 6 20 18 23 13 14 16 10 12 11 30 28 29 24 22 21 15 26 25 17 27
AVOIDER 1 7 2 4 3 9 8 5 19 6 20 18 23 13 14 16 10 12 11 29 30 28 24 22 21 15 26 25 17 27
AVOIDER 1 7 2 4 3 9 8 5 19 6 23 18 20 13 14 16 10 12 11 24 30 22 28 29 21 15 26 25 17 27
AVOIDER 1 7 2 4 3 9 8 5 19 6 23 18 20 13 14 16 10 12 11 30 24 22 28 29 21 15 26 25 17 27
AVOIDER 1 7 2 4 3 9 8 5 19 6 23 18 20 13 14 16 10 12 11 24 28 30 22 29 21 15 26 25 17 27
AVOIDER 1 7 2 4 3 9 8 5 19 6 23 18 20 13 14 16 10 12 11 24 30 28 22 29 21 15 26 25 17 27
AVOIDER 1 7 2 4 3 9 8 5 19 6 23 18 20 13 14 16 10 12 11 24 29 30 22 28 21 15 26 25 17 27
AVOIDER 1 7 2 4 3 9 8 5 19 6 23 18 20 13 14 16 10 12 11 28 24 30 22 29 21 15 26 25 17 27
AVOIDER 1 7 2 4 3 9 8 5 19 6 23 18 20 13 14 16 10 12 11 30 24 28 22 29 21 15 26 25 17 27
AVOIDER 1 7 2 4 3 9 8 5 19 6 23 18 20 13 14 16 10 12 11 29 24 30 22 28 21 15 26 25 17 27
AVOIDER 1 7 2 4 3 9 8 5 19 6 23 18 20 13 14 16 10 12 11 28 30 24 22 29 21 15 26 25 17 27
AVOIDER 1 7 2 4 3 9 8 5 19 6 23 18 20 13 14 16 10 12 11 30 28 24 22 29 21 15 26 25 17 27
AVOIDER 1 7 2 4 3 9 8 5 19 6 23 18 20 13 14 16 10 12 11 29 30 24 22 28 21 15 26 25 17 27
AVOIDER 1 7 2 4 3 9 8 5 19 6 23 18 20 13 14 16 10 12 11 24 28 29 30 22 21 15 26 25 17 27
AVOIDER 1 7 2 4 3 9 8 5 19 6 23 18 20 13 14 16 10 12 11 24 28 30 29 22 21 15 26 25 17 27
AVOIDER 1 7 2 4 3 9 8 5 19 6 23 18 20 13 14 16 10 12 11 24 29 28 30 22 21 15 26 25 17 27
AVOIDER 1 7 2 4 3 9 8 5 19 6 23 18 20 13 14 16 10 12 11 24 30 28 29 22 21 15 26 25 17 27
AVOIDER 1 7 2 4 3 9 8 5 19 6 23 18 20 13 14 16 10 12 11 24 29 30 28 22 21 15 26 25 17 27
AVOIDER 1 7 2 4 3 9 8 5 19 6 23 18 20 13 14 16 10 12 11 28 24 29 30 22 21 15 26 25 17 27
AVOIDER 1 7 2 4 3 9 8 5 19 6 23 18 20 13 14 16 10 12 11 28 24 30 29 22 21 15 26 25 17 27
AVOIDER 1 7 2 4 3 9 8 5 19 6 23 18 20 13 14 16 10 12 11 29 24 28 30 22 21 15 26 25 17 27
AVOIDER 1 7 2 4 3 9 8 5 19 6 23 18 20 13 14 16 10 12 11 30 24 28 29 22 21 15 26 25 17 27
AVOIDER 1 7 2 4 3 9 8 5 19 6 23 18 20 13 14 16 10 12 11 29 24 30 28 22 21 15 26 25 17 27
AVOIDER 1 7 2 4 3 9 8 5 19 6 23 18 20 13 14 16 10 12 11 28 29 24 30 22 21 15 26 25 17 27
AVOIDER 1 7 2 4 3 9 8 5 19 6 23 18 20 13 14 16 10 12 11 28 30 24 29 22 21 15 26 25 17 27
AVOIDER 1 7 2 4 3 9 8 5 19 6 23 18 20 13 14 16 10 12 11 29 28 24 30 22 21 15 26 25 17 27
AVOIDER 1 7 2 4 3 9 8 5 19 6 23 18 20 13 14 16 10 12 11 30 28 24 29 22 21 15 26 25 17 27
AVOIDER 1 7 2 4 3 9 8 5 19 6 23 18 20 13 14 16 10 12 11 29 30 24 28 22 21 15 26 25 17 27
AVOIDER 1 7 2 4 3 9 8 5 19 6 23 18 20 13 14 16 10 12 11 28 29 30 24 22 21 15 26 25 17 27
AVOIDER 1 7 2 4 3 9 8 5 19 6 23 18 20 13 14 16 10 12 11 28 30 29 24 22 21 15 26 25 17 27
AVOIDER 1 7 2 4 3 9 8 5 19 6 23 18 20 13 14 16 10 12 11 29 28 30 24 22 21 15 26 25 17 27
AVOIDER 1 7 2 4 3 9 8 5 19 6 23 18 20 13 14 16 10 12 11 30 28 29 24 22 21 15 26 25 17 27
AVOIDER 1 7 2 4 3 9 8 5 19 6 23 18 20 13 14 16 10 12 11 29 30 28 24 22 21 15 26 25 17 27
AVOIDER 1 7 2 4 3 9 8 5 23 6 19 18 20 13 14 16 10 12 11 24 30 22 28 29 21 15 26 25 17 27
AVOIDER 1 7 2 4 3 9 8 5 23 6 19 18 20 13 14 16 10 12 11 30 24 22 28 29 21 15 26 25 17 27
AVOIDER 1 7 2 4 3 9 8 5 23 6 19 18 20 13 14 16 10 12 11 24 28 30 22 29 21 15 26 25 17 27
AVOIDER 1 7 2 4 3 9 8 5 23 6 19 18 20 13 14 16 10 12 11 24 30 28 22 29 21 15 26 25 17 27
AVOIDER 1 7 2 4 3 9 8 5 23 6 19 18 20 13 14 16 10 12 11 24 29 30 22 28 21 15 26 25 17 27
AVOIDER 1 7 2 4 3 9 8 5 23 6 19 18 20 13 14 16 10 12 11 28 24 30 22 29 21 15 26 25 17 27
AVOIDER 1 7 2 4 3 9 8 5 23 6 19 18 20 13 14 16 10 12 11 30 24 28 22 29 21 15 26 25 17 27
AVOIDER 1 7 2 4 3 9 8 5 23 6 19 18 20 13 14 16 10 12 11 29 24 30 22 28 21 15 26 25 17 27
AVOIDER 1 7 2 4 3 9 8 5 23 6 19 18 20 13 14 16 10 12 11 28 30 24 22 29 21 15 26 25 17 27
AVOIDER 1 7 2 4 3 9 8 5 23 6 19 18 20 13 14 16 10 12 11 30 28 24 22 29 21 15 26 25 17 27
AVOIDER 1 7 2 4 3 9 8 5 23 6 19 18 20 13 14 16 10 12 11 29 30 24 22 28 21 15 26 25 17 27
AVOIDER 1 7 2 4 3 9 8 5 23 6 19 18 20 13 14 16 10 12 11 24 28 29 30 22 21 15 26 25 17 27
AVOIDER 1 7 2 4 3 9 8 5 23 6 19 18 20 13 14 16 10 12 11 24 28 30 29 22 21 15 26 25 17 27
AVOIDER 1 7 2 4 3 9 8 5 23 6 19 18 20 13 14 16 10 12 11 24 29 28 30 22 21 15 26 25 17 27
AVOIDER 1 7 2 4 3 9 8 5 23 6 19 18 20 13 14 16 10 12 11 24 30 28 29 22 21 15 26 25 17 27
AVOIDER 1 7 2 4 3 9 8 5 23 6 19 18 20 13 14 16 10 12 11 24 29 30 28 22 21 15 26 25 17 27
AVOIDER 1 7 2 4 3 9 8 5 23 6 19 18 20 13 14 16 10 12 11 28 24 29 30 22 21 15 26 25 17 27
AVOIDER 1 7 2 4 3 9 8 5 23 6 19 18 20 13 14 16 10 12 11 28 24 30 29 22 21 15 26 25 17 27
AVOIDER 1 7 2 4 3 9 8 5 23 6 19 18 20 13 14 16 10 12 11 29 24 28 30 22 21 15 26 25 17 27
AVOIDER 1 7 2 4 3 9 8 5 23 6 19 18 20 13 14 16 10 12 11 30 24 28 29 22 21 15 26 25 17 27
AVOIDER 1 7 2 4 3 9 8 5 23 6 19 18 20 13 14 16 10 12 11 29 24 30 28 22 21 15 26 25 17 27
AVOIDER 1 7 2 4 3 9 8 5 23 6 19 18 20 13 14 16 10 12 11 28 29 24 30 22 21 15 26 25 17 27
AVOIDER 1 7 2 4 3 9 8 5 23 6 19 18 20 13 14 16 10 12 11 28 30 24 29 22 21 15 26 25 17 27
AVOIDER 1 7 2 4 3 9 8 5 23 6 19 18 20 13 14 16 10 12 11 29 28 24 30 22 21 15 26 25 17 27
AVOIDER 1 7 2 4 3 9 8 5 23 6 19 18 20 13 14 16 10 12 11 30 28 24 29 22 21 15 26 25 17 27
AVOIDER 1 7 2 4 3 9 8 5 23 6 19 18 20 13 14 16 10 12 11 29 30 24 28 22 21 15 26 25 17 27
AVOIDER 1 7 2 4 3 9 8 5 23 6 19 18 20 13 14 16 10 12 11 28 29 30 24 22 21 15 26 25 17 27
AVOIDER 1 7 2 4 3 9 8 5 23 6 19 18 20 13 14 16 10 12 11 28 30 29 24 22 21 15 26 25 17 27
AVOIDER 1 7 2 4 3 9 8 5 23 6 19 18 20 13 14 16 10 12 11 29 28 30 24 22 21 15 26 25 17 27
AVOIDER 1 7 2 4 3 9 8 5 23 6 19 18 20 13 14 16 10 12 11 30 28 29 24 22 21 15 26 25 17 27
AVOIDER 1 7 2 4 3 9 8 5 23 6 19 18 20 13 14 16 10 12 11 29 30 28 24 22 21 15 26 25 17 27
AVOIDER 1 7 2 4 3 9 8 5 20 6 23 18 19 13 14 16 10 12 11 24 28 29 30 21 22 15 26 25 17 27
AVOIDER 1 7 2 4 3 9 8 5 20 6 23 18 19 13 14 16 10 12 11 24 28 30 29 21 22 15 26 25 17 27
AVOIDER 1 7 2 4 3 9 8 5 20 6 23 18 19 13 14 16 10 12 11 24 29 28 30 21 22 15 26 25 17 27
AVOIDER 1 7 2 4 3 9 8 5 20 6 23 18 19 13 14 16 10 12 11 24 30 28 29 21 22 15 26 25 17 27
AVOIDER 1 7 2 4 3 9 8 5 20 6 23 18 19 13 14 16 10 12 11 24 29 30 28 21 22 15 26 25 17 27
AVOIDER 1 7 2 4 3 9 8 5 20 6 23 18 19 13 14 16 10 12 11 28 24 29 30 21 22 15 26 25 17 27
AVOIDER 1 7 2 4 3 9 8 5 20 6 23 18 19 13 14 16 10 12 11 28 24 30 29 21 22 15 26 25 17 27
AVOIDER 1 7 2 4 3 9 8 5 20 6 23 18 19 13 14 16 10 12 11 29 24 28 30 21 22 15 26 25 17 27
AVOIDER 1 7 2 4 3 9 8 5 20 6 23 18 19 13 14 16 10 12 11 30 24 28 29 21 22 15 26 25 17 27
AVOIDER 1 7 2 4 3 9 8 5 20 6 23 18 19 13 14 16 10 12 11 29 24 30 28 21 22 15 26 25 17 27
AVOIDER 1 7 2 4 3 9 8 5 20 6 23 18 19 13 14 16 10 12 11 28 29 24 30 21 22 15 26 25 17 27
AVOIDER 1 7 2 4 3 9 8 5 20 6 23 18 19 13 14 16 10 12 11 28 30 24 29 21 22 15 26 25 17 27
AVOIDER 1 7 2 4 3 9 8 5 20 6 23 18 19 13 14 16 10 12 11 29 28 24 30 21 22 15 26 25 17 27
AVOIDER 1 7 2 4 3 9 8 5 20 6 23 18 19 13 14 16 10 12 11 30 28 24 29 21 22 15 26 25 17 27
AVOIDER 1 7 2 4 3 9 8 5 20 6 23 18 19 13 14 16 10 12 11 29 30 24 28 21 22 15 26 25 17 27
AVOIDER 1 7 2 4 3 9 8 5 20 6 23 18 19 13 14 16 10 12 11 28 29 30 24 21 22 15 26 25 17 27
AVOIDER 1 7 2 4 3 9 8 5 20 6 23 18 19 13 14 16 10 12 11 28 30 29 24 21 22 15 26 25 17 27
AVOIDER 1 7 2 4 3 9 8 5 20 6 23 18 19 13 14 16 10 12 11 29 28 30 24 21 22 15 26 25 17 27
AVOIDER 1 7 2 4 3 9 8 5 20 6 23 18 19 13 14 16 10 12 11 30 28 29 24 21 22 15 26 25 17 27
AVOIDER 1 7 2 4 3 9 8 5 20 6 23 18 19 13 14 16 10 12 11 29 30 28 24 21 22 15 26 25 17 27
AVOIDER 1 7 2 4 3 9 8 5 20 6 23 18 19 13 14 16 10 12 11 24 30 22 28 29 21 15 26 25 17 27
AVOIDER 1 7 2 4 3 9 8 5 20 6 23 18 19 13 14 16 10 12 11 30 24 22 28 29 21 15 26 25 17 27
AVOIDER 1 7 2 4 3 9 8 5 20 6 23 18 19 13 14 16 10 12 11 24 28 30 22 29 21 15 26 25 17 27
AVOIDER 1 7 2 4 3 9 8 5 20 6 23 18 19 13 14 16 10 12 11 24 30 28 22 29 21 15 26 25 17 27
AVOIDER 1 7 2 4 3 9 8 5 20 6 23 18 19 13 14 16 10 12 11 24 29 30 22 28 21 15 26 25 17 27
AVOIDER 1 7 2 4 3 9 8 5 20 6 23 18 19 13 14 16 10 12 11 28 24 30 22 29 21 15 26 25 17 27
AVOIDER 1 7 2 4 3 9 8 5 20 6 23 18 19 13 14 16 10 12 11 30 24 28 22 29 21 15 26 25 17 27
AVOIDER 1 7 2 4 3 9 8 5 20 6 23 18 19 13 14 16 10 12 11 29 24 30 22 28 21 15 26 25 17 27
AVOIDER 1 7 2 4 3 9 8 5 20 6 23 18 19 13 14 16 10 12 11 28 30 24 22 29 21 15 26 25 17 27
AVOIDER 1 7 2 4 3 9 8 5 20 6 23 18 19 13 14 16 10 12 11 30 28 24 22 29 21 15 26 25 17 27
AVOIDER 1 7 2 4 3 9 8 5 20 6 23 18 19 13 14 16 10 12 11 29 30 24 22 28 21 15 26 25 17 27
AVOIDER 1 7 2 4 3 9 8 5 20 6 23 18 19 13 14 16 10 12 11 24 28 29 30 22 21 15 26 25 17 27
AVOIDER 1 7 2 4 3 9 8 5 20 6 23 18 19 13 14 16 10 12 11 24 28 30 29 22 21 15 26 25 17 27
AVOIDER 1 7 2 4 3 9 8 5 20 6 23 18 19 13 14 16 10 12 11 24 29 28 30 22 21 15 26 25 17 27
AVOIDER 1 7 2 4 3 9 8 5 20 6 23 18 19 13 14 16 10 12 11 24 30 28 29 22 21 15 26 25 17 27
AVOIDER 1 7 2 4 3 9 8 5 20 6 23 18 19 13 14 16 10 12 11 24 29 30 28 22 21 15 26 25 17 27
AVOIDER 1 7 2 4 3 9 8 5 20 6 23 18 19 13 14 16 10 12 11 28 24 29 30 22 21 15 26 25 17 27
AVOIDER 1 7 2 4 3 9 8 5 20 6 23 18 19 13 14 16 10 12 11 28 24 30 29 22 21 15 26 25 17 27
AVOIDER 1 7 2 4 3 9 8 5 20 6 23 18 19 13 14 16 10 12 11 29 24 28 30 22 21 15 26 25 17 27
AVOIDER 1 7 2 4 3 9 8 5 20 6 23 18 19 13 14 16 10 12 11 30 24 28 29 22 21 15 26 25 17 27
AVOIDER 1 7 2 4 3 9 8 5 20 6 23 18 19 13 14 16 10 12 11 29 24 30 28 22 21 15 26 25 17 27
AVOIDER 1 7 2 4 3 9 8 5 20 6 23 18 19 13 14 16 10 12 11 28 29 24 30 22 21 15 26 25 17 27
AVOIDER 1 7 2 4 3 9 8 5 20 6 23 18 19 13 14 16 10 12 11 28 30 24 29 22 21 15 26 25 17 27
AVOIDER 1 7 2 4 3 9 8 5 20 6 23 18 19 13 14 16 10 12 11 29 28 24 30 22 21 15 26 25 17 27
AVOIDER 1 7 2 4 3 9 8 5 20 6 23 18 19 13 14 16 10 12 11 30 28 24 29 22 21 15 26 25 17 27
AVOIDER 1 7 2 4 3 9 8 5 20 6 23 18 19 13 14 16 10 12 11 29 30 24 28 22 21 15 26 25 17 27
AVOIDER 1 7 2 4 3 9 8 5 20 6 23 18 19 13 14 16 10 12 11 28 29 30 24 22 21 15 26 25 17 27
AVOIDER 1 7 2 4 3 9 8 5 20 6 23 18 19 13 14 16 10 12 11 28 30 29 24 22 21 15 26 25 17 27
AVOIDER 1 7 2 4 3 9 8 5 20 6 23 18 19 13 14 16 10 12 11 29 28 30 24 22 21 15 26 25 17 27
AVOIDER 1 7 2 4 3 9 8 5 20 6 23 18 19 13 14 16 10 12 11 30 28 29 24 22 21 15 26 25 17 27
AVOIDER 1 7 2 4 3 9 8 5 20 6 23 18 19 13 14 16 10 12 11 29 30 28 24 22 21 15 26 25 17 27
AVOIDER 1 7 2 4 3 9 8 5 23 6 20 18 19 13 14 16 10 12 11 24 28 29 30 21 22 15 26 25 17 27
AVOIDER 1 7 2 4 3 9 8 5 23 6 20 18 19 13 14 16 10 12 11 24 28 30 29 21 22 15 26 25 17 27
AVOIDER 1 7 2 4 3 9 8 5 23 6 20 18 19 13 14 16 10 12 11 24 29 28 30 21 22 15 26 25 17 27
AVOIDER 1 7 2 4 3 9 8 5 23 6 20 18 19 13 14 16 10 12 11 24 30 28 29 21 22 15 26 25 17 27
AVOIDER 1 7 2 4 3 9 8 5 23 6 20 18 19 13 14 16 10 12 11 24 29 30 28 21 22 15 26 25 17 27
AVOIDER 1 7 2 4 3 9 8 5 23 6 20 18 19 13 14 16 10 12 11 28 24 29 30 21 22 15 26 25 17 27
AVOIDER 1 7 2 4 3 9 8 5 23 6 20 18 19 13 14 16 10 12 11 28 24 30 29 21 22 15 26 25 17 27
AVOIDER 1 7 2 4 3 9 8 5 23 6 20 18 19 13 14 16 10 12 11 29 24 28 30 21 22 15 26 25 17 27
AVOIDER 1 7 2 4 3 9 8 5 23 6 20 18 19 13 14 16 10 12 11 30 24 28 29 21 22 15 26 25 17 27
AVOIDER 1 7 2 4 3 9 8 5 23 6 20 18 19 13 14 16 10 12 11 29 24 30 28 21 22 15 26 25 17 27
AVOIDER 1 7 2 4 3 9 8 5 23 6 20 18 19 13 14 16 10 12 11 28 29 24 30 21 22 15 26 25 17 27
AVOIDER 1 7 2 4 3 9 8 5 23 6 20 18 19 13 14 16 10 12 11 28 30 24 29 21 22 15 26 25 17 27
AVOIDER 1 7 2 4 3 9 8 5 23 6 20 18 19 13 14 16 10 12 11 29 28 24 30 21 22 15 26 25 17 27
AVOIDER 1 7 2 4 3 9 8 5 23 6 20 18 19 13 14 16 10 12 11 30 28 24 29 21 22 15 26 25 17 27
AVOIDER 1 7 2 4 3 9 8 5 23 6 20 18 19 13 14 16 10 12 11 29 30 24 28 21 22 15 26 25 17 27
AVOIDER 1 7 2 4 3 9 8 5 23 6 20 18 19 13 14 16 10 12 11 28 29 30 24 21 22 15 26 25 17 27
AVOIDER 1 7 2 4 3 9 8 5 23 6 20 18 19 13 14 16 10 12 11 28 30 29 24 21 22 15 26 25 17 27
AVOIDER 1 7 2 4 3 9 8 5 23 6 20 18 19 13 14 16 10 12 11 29 28 30 24 21 22 15 26 25 17 27
AVOIDER 1 7 2 4 3 9 8 5 23 6 20 18 19 13 14 16 10 12 11 30 28 29 24 21 22 15 26 25 17 27
AVOIDER 1 7 2 4 3 9 8 5 23 6 20 18 19 13 14 16 10 12 11 29 30 28 24 21 22 15 26 25 17 27
AVOIDER 1 7 2 4 3 9 8 5 23 6 20 18 19 13 14 16 10 12 11 24 30 22 28 29 21 15 26 25 17 27
AVOIDER 1 7 2 4 3 9 8 5 23 6 20 18 19 13 14 16 10 12 11 30 24 22 28 29 21 15 26 25 17 27
AVOIDER 1 7 2 4 3 9 8 5 23 6 20 18 19 13 14 16 10 12 11 24 28 30 22 29 21 15 26 25 17 27
AVOIDER 1 7 2 4 3 9 8 5 23 6 20 18 19 13 14 16 10 12 11 24 30 28 22 29 21 15 26 25 17 27
AVOIDER 1 7 2 4 3 9 8 5 23 6 20 18 19 13 14 16 10 12 11 24 29 30 22 28 21 15 26 25 17 27
AVOIDER 1 7 2 4 3 9 8 5 23 6 20 18 19 13 14 16 10 12 11 28 24 30 22 29 21 15 26 25 17 27
AVOIDER 1 7 2 4 3 9 8 5 23 6 20 18 19 13 14 16 10 12 11 30 24 28 22 29 21 15 26 25 17 27
AVOIDER 1 7 2 4 3 9 8 5 23 6 20 18 19 13 14 16 10 12 11 29 24 30 22 28 21 15 26 25 17 27
AVOIDER 1 7 2 4 3 9 8 5 23 6 20 18 19 13 14 16 10 12 11 28 30 24 22 29 21 15 26 25 17 27
AVOIDER 1 7 2 4 3 9 8 5 23 6 20 18 19 13 14 16 10 12 11 30 28 24 22 29 21 15 26 25 17 27
AVOIDER 1 7 2 4 3 9 8 5 23 6 20 18 19 13 14 16 10 12 11 29 30 24 22 28 21 15 26 25 17 27
AVOIDER 1 7 2 4 3 9 8 5 23 6 20 18 19 13 14 16 10 12 11 24 28 29 30 22 21 15 26 25 17 27
AVOIDER 1 7 2 4 3 9 8 5 23 6 20 18 19 13 14 16 10 12 11 24 28 30 29 22 21 15 26 25 17 27
AVOIDER 1 7 2 4 3 9 8 5 23 6 20 18 19 13 14 16 10 12 11 24 29 28 30 22 21 15 26 25 17 27
AVOIDER 1 7 2 4 3 9 8 5 23 6 20 18 19 13 14 16 10 12 11 24 30 28 29 22 21 15 26 25 17 27
AVOIDER 1 7 2 4 3 9 8 5 23 6 20 18 19 13 14 16 10 12 11 24 29 30 28 22 21 15 26 25 17 27
AVOIDER 1 7 2 4 3 9 8 5 23 6 20 18 19 13 14 16 10 12 11 28 24 29 30 22 21 15 26 25 17 27
AVOIDER 1 7 2 4 3 9 8 5 23 6 20 18 19 13 14 16 10 12 11 28 24 30 29 22 21 15 26 25 17 27
AVOIDER 1 7 2 4 3 9 8 5 23 6 20 18 19 13 14 16 10 12 11 29 24 28 30 22 21 15 26 25 17 27
AVOIDER 1 7 2 4 3 9 8 5 23 6 20 18 19 13 14 16 10 12 11 30 24 28 29 22 21 15 26 25 17 27
AVOIDER 1 7 2 4 3 9 8 5 23 6 20 18 19 13 14 16 10 12 11 29 24 30 28 22 21 15 26 25 17 27
AVOIDER 1 7 2 4 3 9 8 5 23 6 20 18 19 13 14 16 10 12 11 28 29 24 30 22 21 15 26 25 17 27
AVOIDER 1 7 2 4 3 9 8 5 23 6 20 18 19 13 14 16 10 12 11 28 30 24 29 22 21 15 26 25 17 27
AVOIDER 1 7 2 4 3 9 8 5 23 6 20 18 19 13 14 16 10 12 11 29 28 24 30 22 21 15 26 25 17 27
AVOIDER 1 7 2 4 3 9 8 5 23 6 20 18 19 13 14 16 10 12 11 30 28 24 29 22 21 15 26 25 17 27
AVOIDER 1 7 2 4 3 9 8 5 23 6 20 18 19 13 14 16 10 12 11 29 30 24 28 22 21 15 26 25 17 27
AVOIDER 1 7 2 4 3 9 8 5 23 6 20 18 19 13 14 16 10 12 11 28 29 30 24 22 21 15 26 25 17 27
AVOIDER 1 7 2 4 3 9 8 5 23 6 20 18 19 13 14 16 10 12 11 28 30 29 24 22 21 15 26 25 17 27
AVOIDER 1 7 2 4 3 9 8 5 23 6 20 18 19 13 14 16 10 12 11 29 28 30 24 22 21 15 26 25 17 27
AVOIDER 1 7 2 4 3 9 8 5 23 6 20 18 19 13 14 16 10 12 11 30 28 29 24 22 21 15 26 25 17 27
AVOIDER 1 7 2 4 3 9 8 5 23 6 20 18 19 13 14 16 10 12 11 29 30 28 24 22 21 15 26 25 17 27
AVOIDER 1 7 2 4 3 9 8 5 19 6 20 23 18 13 14 16 10 12 11 24 30 22 28 29 21 15 26 25 17 27
AVOIDER 1 7 2 4 3 9 8 5 19 6 20 23 18 13 14 16 10 12 11 30 24 22 28 29 21 15 26 25 17 27
AVOIDER 1 7 2 4 3 9 8 5 19 6 20 23 18 13 14 16 10 12 11 24 28 30 22 29 21 15 26 25 17 27
AVOIDER 1 7 2 4 3 9 8 5 19 6 20 23 18 13 14 16 10 12 11 24 30 28 22 29 21 15 26 25 17 27
AVOIDER 1 7 2 4 3 9 8 5 19 6 20 23 18 13 14 16 10 12 11 24 29 30 22 28 21 15 26 25 17 27
AVOIDER 1 7 2 4 3 9 8 5 19 6 20 23 18 13 14 16 10 12 11 28 24 30 22 29 21 15 26 25 17 27
AVOIDER 1 7 2 4 3 9 8 5 19 6 20 23 18 13 14 16 10 12 11 30 24 28 22 29 21 15 26 25 17 27
AVOIDER 1 7 2 4 3 9 8 5 19 6 20 23 18 13 14 16 10 12 11 29 24 30 22 28 21 15 26 25 17 27
AVOIDER 1 7 2 4 3 9 8 5 19 6 20 23 18 13 14 16 10 12 11 28 30 24 22 29 21 15 26 25 17 27
AVOIDER 1 7 2 4 3 9 8 5 19 6 20 23 18 13 14 16 10 12 11 30 28 24 22 29 21 15 26 25 17 27
AVOIDER 1 7 2 4 3 9 8 5 19 6 20 23 18 13 14 16 10 12 11 29 30 24 22 28 21 15 26 25 17 27
AVOIDER 1 7 2 4 3 9 8 5 19 6 20 23 18 13 14 16 10 12 11 24 28 29 30 22 21 15 26 25 17 27
AVOIDER 1 7 2 4 3 9 8 5 19 6 20 23 18 13 14 16 10 12 11 24 28 30 29 22 21 15 26 25 17 27
AVOIDER 1 7 2 4 3 9 8 5 19 6 20 23 18 13 14 16 10 12 11 24 29 28 30 22 21 15 26 25 17 27
AVOIDER 1 7 2 4 3 9 8 5 19 6 20 23 18 13 14 16 10 12 11 24 30 28 29 22 21 15 26 25 17 27
AVOIDER 1 7 2 4 3 9 8 5 19 6 20 23 18 13 14 16 10 12 11 24 29 30 28 22 21 15 26 25 17 27
AVOIDER 1 7 2 4 3 9 8 5 19 6 20 23 18 13 14 16 10 12 11 28 24 29 30 22 21 15 26 25 17 27
AVOIDER 1 7 2 4 3 9 8 5 19 6 20 23 18 13 14 16 10 12 11 28 24 30 29 22 21 15 26 25 17 27
AVOIDER 1 7 2 4 3 9 8 5 19 6 20 23 18 13 14 16 10 12 11 29 24 28 30 22 21 15 26 25 17 27
AVOIDER 1 7 2 4 3 9 8 5 19 6 20 23 18 13 14 16 10 12 11 30 24 28 29 22 21 15 26 25 17 27
AVOIDER 1 7 2 4 3 9 8 5 19 6 20 23 18 13 14 16 10 12 11 29 24 30 28 22 21 15 26 25 17 27
AVOIDER 1 7 2 4 3 9 8 5 19 6 20 23 18 13 14 16 10 12 11 28 29 24 30 22 21 15 26 25 17 27
AVOIDER 1 7 2 4 3 9 8 5 19 6 20 23 18 13 14 16 10 12 11 28 30 24 29 22 21 15 26 25 17 27
AVOIDER 1 7 2 4 3 9 8 5 19 6 20 23 18 13 14 16 10 12 11 29 28 24 30 22 21 15 26 25 17 27
AVOIDER 1 7 2 4 3 9 8 5 19 6 20 23 18 13 14 16 10 12 11 30 28 24 29 22 21 15 26 25 17 27
AVOIDER 1 7 2 4 3 9 8 5 19 6 20 23 18 13 14 16 10 12 11 29 30 24 28 22 21 15 26 25 17 27
AVOIDER 1 7 2 4 3 9 8 5 19 6 20 23 18 13 14 16 10 12 11 28 29 30 24 22 21 15 26 25 17 27
AVOIDER 1 7 2 4 3 9 8 5 19 6 20 23 18 13 14 16 10 12 11 28 30 29 24 22 21 15 26 25 17 27
AVOIDER 1 7 2 4 3 9 8 5 19 6 20 23 18 13 14 16 10 12 11 29 28 30 24 22 21 15 26 25 17 27
AVOIDER 1 7 2 4 3 9 8 5 19 6 20 23 18 13 14 16 10 12 11 30 28 29 24 22 21 15 26 25 17 27
AVOIDER 1 7 2 4 3 9 8 5 19 6 20 23 18 13 14 16 10 12 11 29 30 28 24 22 21 15 26 25 17 27
AVOIDER 1 7 2 4 3 9 8 5 19 6 23 20 18 13 14 16 10 12 11 24 30 22 28 29 21 15 26 25 17 27
AVOIDER 1 7 2 4 3 9 8 5 19 6 23 20 18 13 14 16 10 12 11 30 24 22 28 29 21 15 26 25 17 27
AVOIDER 1 7 2 4 3 9 8 5 19 6 23 20 18 13 14 16 10 12 11 24 28 30 22 29 21 15 26 25 17 27
AVOIDER 1 7 2 4 3 9 8 5 19 6 23 20 18 13 14 16 10 12 11 24 30 28 22 29 21 15 26 25 17 27
AVOIDER 1 7 2 4 3 9 8 5 19 6 23 20 18 13 14 16 10 12 11 24 29 30 22 28 21 15 26 25 17 27
AVOIDER 1 7 2 4 3 9 8 5 19 6 23 20 18 13 14 16 10 12 11 28 24 30 22 29 21 15 26 25 17 27
AVOIDER 1 7 2 4 3 9 8 5 19 6 23 20 18 13 14 16 10 12 11 30 24 28 22 29 21 15 26 25 17 27
AVOIDER 1 7 2 4 3 9 8 5 19 6 23 20 18 13 14 16 10 12 11 29 24 30 22 28 21 15 26 25 17 27
AVOIDER 1 7 2 4 3 9 8 5 19 6 23 20 18 13 14 16 10 12 11 28 30 24 22 29 21 15 26 25 17 27
AVOIDER 1 7 2 4 3 9 8 5 19 6 23 20 18 13 14 16 10 12 11 30 28 24 22 29 21 15 26 25 17 27
AVOIDER 1 7 2 4 3 9 8 5 19 6 23 20 18 13 14 16 10 12 11 29 30 24 22 28 21 15 26 25 17 27
AVOIDER 1 7 2 4 3 9 8 5 19 6 23 20 18 13 14 16 10 12 11 24 28 29 30 22 21 15 26 25 17 27
AVOIDER 1 7 2 4 3 9 8 5 19 6 23 20 18 13 14 16 10 12 11 24 28 30 29 22 21 15 26 25 17 27
AVOIDER 1 7 2 4 3 9 8 5 19 6 23 20 18 13 14 16 10 12 11 24 29 28 30 22 21 15 26 25 17 27
AVOIDER 1 7 2 4 3 9 8 5 19 6 23 20 18 13 14 16 10 12 11 24 30 28 29 22 21 15 26 25 17 27
AVOIDER 1 7 2 4 3 9 8 5 19 6 23 20 18 13 14 16 10 12 11 24 29 30 28 22 21 15 26 25 17 27
AVOIDER 1 7 2 4 3 9 8 5 19 6 23 20 18 13 14 16 10 12 11 28 24 29 30 22 21 15 26 25 17 27
AVOIDER 1 7 2 4 3 9 8 5 19 6 23 20 18 13 14 16 10 12 11 28 24 30 29 22 21 15 26 25 17 27
AVOIDER 1 7 2 4 3 9 8 5 19 6 23 20 18 13 14 16 10 12 11 29 24 28 30 22 21 15 26 25 17 27
AVOIDER 1 7 2 4 3 9 8 5 19 6 23 20 18 13 14 16 10 12 11 30 24 28 29 22 21 15 26 25 17 27
AVOIDER 1 7 2 4 3 9 8 5 19 6 23 20 18 13 14 16 10 12 11 29 24 30 28 22 21 15 26 25 17 27
AVOIDER 1 7 2 4 3 9 8 5 19 6 23 20 18 13 14 16 10 12 11 28 29 24 30 22 21 15 26 25 17 27
AVOIDER 1 7 2 4 3 9 8 5 19 6 23 20 18 13 14 16 10 12 11 28 30 24 29 22 21 15 26 25 17 27
AVOIDER 1 7 2 4 3 9 8 5 19 6 23 20 18 13 14 16 10 12 11 29 28 24 30 22 21 15 26 25 17 27
AVOIDER 1 7 2 4 3 9 8 5 19 6 23 20 18 13 14 16 10 12 11 30 28 24 29 22 21 15 26 25 17 27
AVOIDER 1 7 2 4 3 9 8 5 19 6 23 20 18 13 14 16 10 12 11 29 30 24 28 22 21 15 26 25 17 27
AVOIDER 1 7 2 4 3 9 8 5 19 6 23 20 18 13 14 16 10 12 11 28 29 30 24 22 21 15 26 25 17 27
AVOIDER 1 7 2 4 3 9 8 5 19 6 23 20 18 13 14 16 10 12 11 28 30 29 24 22 21 15 26 25 17 27
AVOIDER 1 7 2 4 3 9 8 5 19 6 23 20 18 13 14 16 10 12 11 29 28 30 24 22 21 15 26 25 17 27
AVOIDER 1 7 2 4 3 9 8 5 19 6 23 20 18 13 14 16 10 12 11 30 28 29 24 22 21 15 26 25 17 27
AVOIDER 1 7 2 4 3 9 8 5 19 6 23 20 18 13 14 16 10 12 11 29 30 28 24 22 21 15 26 25 17 27
AVOIDER 1 7 2 4 3 9 8 5 23 6 19 20 18 13 14 16 10 12 11 24 30 22 28 29 21 15 26 25 17 27
AVOIDER 1 7 2 4 3 9 8 5 23 6 19 20 18 13 14 16 10 12 11 30 24 22 28 29 21 15 26 25 17 27
AVOIDER 1 7 2 4 3 9 8 5 23 6 19 20 18 13 14 16 10 12 11 24 28 30 22 29 21 15 26 25 17 27
AVOIDER 1 7 2 4 3 9 8 5 23 6 19 20 18 13 14 16 10 12 11 24 30 28 22 29 21 15 26 25 17 27
AVOIDER 1 7 2 4 3 9 8 5 23 6 19 20 18 13 14 16 10 12 11 24 29 30 22 28 21 15 26 25 17 27
AVOIDER 1 7 2 4 3 9 8 5 23 6 19 20 18 13 14 16 10 12 11 28 24 30 22 29 21 15 26 25 17 27
AVOIDER 1 7 2 4 3 9 8 5 23 6 19 20 18 13 14 16 10 12 11 30 24 28 22 29 21 15 26 25 17 27
AVOIDER 1 7 2 4 3 9 8 5 23 6 19 20 18 13 14 16 10 12 11 29 24 30 22 28 21 15 26 25 17 27
AVOIDER 1 7 2 4 3 9 8 5 23 6 19 20 18 13 14 16 10 12 11 28 30 24 22 29 21 15 26 25 17 27
AVOIDER 1 7 2 4 3 9 8 5 23 6 19 20 18 13 14 16 10 12 11 30 28 24 22 29 21 15 26 25 17 27
AVOIDER 1 7 2 4 3 9 8 5 23 6 19 20 18 13 14 16 10 12 11 29 30 24 22 28 21 15 26 25 17 27
AVOIDER 1 7 2 4 3 9 8 5 23 6 19 20 18 13 14 16 10 12 11 24 28 29 30 22 21 15 26 25 17 27
AVOIDER 1 7 2 4 3 9 8 5 23 6 19 20 18 13 14 16 10 12 11 24 28 30 29 22 21 15 26 25 17 27
AVOIDER 1 7 2 4 3 9 8 5 23 6 19 20 18 13 14 16 10 12 11 24 29 28 30 22 21 15 26 25 17 27
AVOIDER 1 7 2 4 3 9 8 5 23 6 19 20 18 13 14 16 10 12 11 24 30 28 29 22 21 15 26 25 17 27
AVOIDER 1 7 2 4 3 9 8 5 23 6 19 20 18 13 14 16 10 12 11 24 29 30 28 22 21 15 26 25 17 27
AVOIDER 1 7 2 4 3 9 8 5 23 6 19 20 18 13 14 16 10 12 11 28 24 29 30 22 21 15 26 25 17 27
AVOIDER 1 7 2 4 3 9 8 5 23 6 19 20 18 13 14 16 10 12 11 28 24 30 29 22 21 15 26 25 17 27
AVOIDER 1 7 2 4 3 9 8 5 23 6 19 20 18 13 14 16 10 12 11 29 24 28 30 22 21 15 26 25 17 27
AVOIDER 1 7 2 4 3 9 8 5 23 6 19 20 18 13 14 16 10 12 11 30 24 28 29 22 21 15 26 25 17 27
AVOIDER 1 7 2 4 3 9 8 5 23 6 19 20 18 13 14 16 10 12 11 29 24 30 28 22 21 15 26 25 17 27
AVOIDER 1 7 2 4 3 9 8 5 23 6 19 20 18 13 14 16 10 12 11 28 29 24 30 22 21 15 26 25 17 27
AVOIDER 1 7 2 4 3 9 8 5 23 6 19 20 18 13 14 16 10 12 11 28 30 24 29 22 21 15 26 25 17 27
AVOIDER 1 7 2 4 3 9 8 5 23 6 19 20 18 13 14 16 10 12 11 29 28 24 30 22 21 15 26 25 17 27
AVOIDER 1 7 2 4 3 9 8 5 23 6 19 20 18 13 14 16 10 12 11 30 28 24 29 22 21 15 26 25 17 27
AVOIDER 1 7 2 4 3 9 8 5 23 6 19 20 18 13 14 16 10 12 11 29 30 24 28 22 21 15 26 25 17 27
AVOIDER 1 7 2 4 3 9 8 5 23 6 19 20 18 13 14 16 10 12 11 28 29 30 24 22 21 15 26 25 17 27
AVOIDER 1 7 2 4 3 9 8 5 23 6 19 20 18 13 14 16 10 12 11 28 30 29 24 22 21 15 26 25 17 27
AVOIDER 1 7 2 4 3 9 8 5 23 6 19 20 18 13 14 16 10 12 11 29 28 30 24 22 21 15 26 25 17 27
AVOIDER 1 7 2 4 3 9 8 5 23 6 19 20 18 13 14 16 10 12 11 30 28 29 24 22 21 15 26 25 17 27
AVOIDER 1 7 2 4 3 9 8 5 23 6 19 20 18 13 14 16 10 12 11 29 30 28 24 22 21 15 26 25 17 27
