# exhaustive 5-cut search, max cut <= 110
*** DEPTH-5 FEASIBLE: [1, 2, 4, 10, 28]
*** DEPTH-5 FEASIBLE: [1, 2, 4, 10, 29]
*** DEPTH-5 FEASIBLE: [1, 2, 4, 10, 30]
*** DEPTH-5 FEASIBLE: [1, 2, 4, 10, 31]
*** DEPTH-5 FEASIBLE: [1, 2, 4, 10, 32]
*** DEPTH-5 FEASIBLE: [1, 2, 4, 10, 33]
*** DEPTH-5 FEASIBLE: [1, 2, 4, 10, 34]
*** DEPTH-5 FEASIBLE: [1, 2, 4, 10, 35]
*** DEPTH-5 FEASIBLE: [1, 2, 4, 10, 36]
*** DEPTH-5 FEASIBLE: [1, 2, 4, 10, 37]
*** DEPTH-5 FEASIBLE: [1, 2, 4, 10, 38]
*** DEPTH-5 FEASIBLE: [1, 2, 4, 10, 39]
*** DEPTH-5 FEASIBLE: [1, 2, 4, 10, 40]
*** DEPTH-5 FEASIBLE: [1, 2, 4, 10, 41]
*** DEPTH-5 FEASIBLE: [1, 2, 4, 10, 42]
*** DEPTH-5 FEASIBLE: [1, 2, 4, 10, 43]
*** DEPTH-5 FEASIBLE: [1, 2, 4, 10, 44]
*** DEPTH-5 FEASIBLE: [1, 2, 4, 10, 45]
*** DEPTH-5 FEASIBLE: [1, 2, 4, 10, 46]
*** DEPTH-5 FEASIBLE: [1, 2, 4, 10, 47]
*** DEPTH-5 FEASIBLE: [1, 2, 4, 10, 48]
*** DEPTH-5 FEASIBLE: [1, 2, 4, 10, 49]
*** DEPTH-5 FEASIBLE: [1, 2, 4, 10, 50]
*** DEPTH-5 FEASIBLE: [1, 2, 4, 10, 51]
*** DEPTH-5 FEASIBLE: [1, 2, 4, 10, 52]
*** DEPTH-5 FEASIBLE: [1, 2, 4, 10, 53]
*** DEPTH-5 FEASIBLE: [1, 2, 4, 10, 54]
*** DEPTH-5 FEASIBLE: [1, 2, 4, 10, 55]
*** DEPTH-5 FEASIBLE: [1, 2, 4, 10, 56]
*** DEPTH-5 FEASIBLE: [1, 2, 4, 10, 57]
*** DEPTH-5 FEASIBLE: [1, 2, 4, 10, 58]
*** DEPTH-5 FEASIBLE: [1, 2, 4, 10, 59]
*** DEPTH-5 FEASIBLE: [1, 2, 4, 10, 60]
*** DEPTH-5 FEASIBLE: [1, 2, 4, 10, 61]
*** DEPTH-5 FEASIBLE: [1, 2, 4, 10, 62]
*** DEPTH-5 FEASIBLE: [1, 2, 4, 10, 63]
*** DEPTH-5 FEASIBLE: [1, 2, 4, 10, 64]
*** DEPTH-5 FEASIBLE: [1, 2, 4, 10, 65]
*** DEPTH-5 FEASIBLE: [1, 2, 4, 10, 66]
*** DEPTH-5 FEASIBLE: [1, 2, 4, 10, 67]
*** DEPTH-5 FEASIBLE: [1, 2, 4, 10, 68]
*** DEPTH-5 FEASIBLE: [1, 2, 4, 10, 69]
*** DEPTH-5 FEASIBLE: [1, 2, 4, 10, 70]
*** DEPTH-5 FEASIBLE: [1, 2, 4, 10, 71]
*** DEPTH-5 FEASIBLE: [1, 2, 4, 10, 72]
*** DEPTH-5 FEASIBLE: [1, 2, 4, 10, 73]
*** DEPTH-5 FEASIBLE: [1, 2, 4, 10, 74]
*** DEPTH-5 FEASIBLE: [1, 2, 4, 10, 75]
*** DEPTH-5 FEASIBLE: [1, 2, 4, 10, 76]
*** DEPTH-5 FEASIBLE: [1, 2, 4, 10, 77]
*** DEPTH-5 FEASIBLE: [1, 2, 4, 10, 78]
*** DEPTH-5 FEASIBLE: [1, 2, 4, 10, 79]
*** DEPTH-5 FEASIBLE: [1, 2, 4, 10, 80]
*** DEPTH-5 FEASIBLE: [1, 2, 4, 10, 81]
*** DEPTH-5 FEASIBLE: [1, 2, 4, 10, 82]
*** DEPTH-5 FEASIBLE: [1, 2, 4, 10, 83]
*** DEPTH-5 FEASIBLE: [1, 2, 4, 10, 84]
*** DEPTH-5 FEASIBLE: [1, 2, 4, 10, 85]
*** DEPTH-5 FEASIBLE: [1, 2, 4, 10, 86]
*** DEPTH-5 FEASIBLE: [1, 2, 4, 10, 87]
*** DEPTH-5 FEASIBLE: [1, 2, 4, 10, 88]
*** DEPTH-5 FEASIBLE: [1, 2, 4, 10, 89]
*** DEPTH-5 FEASIBLE: [1, 2, 4, 10, 90]
*** DEPTH-5 FEASIBLE: [1, 2, 4, 10, 91]
*** DEPTH-5 FEASIBLE: [1, 2, 4, 10, 92]
*** DEPTH-5 FEASIBLE: [1, 2, 4, 10, 93]
*** DEPTH-5 FEASIBLE: [1, 2, 4, 10, 94]
*** DEPTH-5 FEASIBLE: [1, 2, 4, 10, 95]
*** DEPTH-5 FEASIBLE: [1, 2, 4, 10, 96]
*** DEPTH-5 FEASIBLE: [1, 2, 4, 10, 97]
*** DEPTH-5 FEASIBLE: [1, 2, 4, 10, 98]
*** DEPTH-5 FEASIBLE: [1, 2, 4, 10, 99]
*** DEPTH-5 FEASIBLE: [1, 2, 4, 10, 100]
*** DEPTH-5 FEASIBLE: [1, 2, 4, 10, 101]
*** DEPTH-5 FEASIBLE: [1, 2, 4, 10, 102]
*** DEPTH-5 FEASIBLE: [1, 2, 4, 10, 103]
*** DEPTH-5 FEASIBLE: [1, 2, 4, 10, 104]
!! TIME_CAP at [1, 2, 4, 10, 105] (303s) -- treated as INCONCLUSIVE, branch kept alive
*** DEPTH-5 FEASIBLE: [1, 2, 4, 10, 105]
*** DEPTH-5 FEASIBLE: [1, 2, 4, 10, 106]
*** DEPTH-5 FEASIBLE: [1, 2, 4, 10, 107]
*** DEPTH-5 FEASIBLE: [1, 2, 4, 10, 108]
*** DEPTH-5 FEASIBLE: [1, 2, 4, 10, 109]
*** DEPTH-5 FEASIBLE: [1, 2, 4, 10, 110]
*** DEPTH-5 FEASIBLE: [1, 2, 4, 11, 31]
*** DEPTH-5 FEASIBLE: [1, 2, 4, 11, 32]
*** DEPTH-5 FEASIBLE: [1, 2, 4, 11, 33]
*** DEPTH-5 FEASIBLE: [1, 2, 4, 11, 34]
*** DEPTH-5 FEASIBLE: [1, 2, 4, 11, 35]
*** DEPTH-5 FEASIBLE: [1, 2, 4, 11, 36]
*** DEPTH-5 FEASIBLE: [1, 2, 4, 11, 37]
*** DEPTH-5 FEASIBLE: [1, 2, 4, 11, 38]
*** DEPTH-5 FEASIBLE: [1, 2, 4, 11, 39]
*** DEPTH-5 FEASIBLE: [1, 2, 4, 11, 40]
*** DEPTH-5 FEASIBLE: [1, 2, 4, 11, 41]
*** DEPTH-5 FEASIBLE: [1, 2, 4, 11, 42]
*** DEPTH-5 FEASIBLE: [1, 2, 4, 11, 43]
*** DEPTH-5 FEASIBLE: [1, 2, 4, 11, 44]
*** DEPTH-5 FEASIBLE: [1, 2, 4, 11, 45]
*** DEPTH-5 FEASIBLE: [1, 2, 4, 11, 46]
*** DEPTH-5 FEASIBLE: [1, 2, 4, 11, 47]
*** DEPTH-5 FEASIBLE: [1, 2, 4, 11, 48]
*** DEPTH-5 FEASIBLE: [1, 2, 4, 11, 49]
*** DEPTH-5 FEASIBLE: [1, 2, 4, 11, 50]
*** DEPTH-5 FEASIBLE: [1, 2, 4, 11, 51]
*** DEPTH-5 FEASIBLE: [1, 2, 4, 11, 52]
*** DEPTH-5 FEASIBLE: [1, 2, 4, 11, 53]
*** DEPTH-5 FEASIBLE: [1, 2, 4, 11, 54]
*** DEPTH-5 FEASIBLE: [1, 2, 4, 11, 55]
*** DEPTH-5 FEASIBLE: [1, 2, 4, 11, 56]
*** DEPTH-5 FEASIBLE: [1, 2, 4, 11, 57]
*** DEPTH-5 FEASIBLE: [1, 2, 4, 11, 58]
*** DEPTH-5 FEASIBLE: [1, 2, 4, 11, 59]
*** DEPTH-5 FEASIBLE: [1, 2, 4, 11, 60]
*** DEPTH-5 FEASIBLE: [1, 2, 4, 11, 61]
*** DEPTH-5 FEASIBLE: [1, 2, 4, 11, 62]
*** DEPTH-5 FEASIBLE: [1, 2, 4, 11, 63]
*** DEPTH-5 FEASIBLE: [1, 2, 4, 11, 64]
*** DEPTH-5 FEASIBLE: [1, 2, 4, 11, 65]
*** DEPTH-5 FEASIBLE: [1, 2, 4, 11, 66]
*** DEPTH-5 FEASIBLE: [1, 2, 4, 11, 67]
*** DEPTH-5 FEASIBLE: [1, 2, 4, 11, 68]
*** DEPTH-5 FEASIBLE: [1, 2, 4, 11, 69]
*** DEPTH-5 FEASIBLE: [1, 2, 4, 11, 70]
*** DEPTH-5 FEASIBLE: [1, 2, 4, 11, 71]
*** DEPTH-5 FEASIBLE: [1, 2, 4, 11, 72]
*** DEPTH-5 FEASIBLE: [1, 2, 4, 11, 73]
*** DEPTH-5 FEASIBLE: [1, 2, 4, 11, 74]
*** DEPTH-5 FEASIBLE: [1, 2, 4, 11, 75]
*** DEPTH-5 FEASIBLE: [1, 2, 4, 11, 76]
*** DEPTH-5 FEASIBLE: [1, 2, 4, 11, 77]
*** DEPTH-5 FEASIBLE: [1, 2, 4, 11, 78]
*** DEPTH-5 FEASIBLE: [1, 2, 4, 11, 79]
*** DEPTH-5 FEASIBLE: [1, 2, 4, 11, 80]
*** DEPTH-5 FEASIBLE: [1, 2, 4, 11, 81]
*** DEPTH-5 FEASIBLE: [1, 2, 4, 11, 82]
*** DEPTH-5 FEASIBLE: [1, 2, 4, 11, 83]
*** DEPTH-5 FEASIBLE: [1, 2, 4, 11, 84]
*** DEPTH-5 FEASIBLE: [1, 2, 4, 11, 85]
*** DEPTH-5 FEASIBLE: [1, 2, 4, 11, 86]
*** DEPTH-5 FEASIBLE: [1, 2, 4, 11, 87]
*** DEPTH-5 FEASIBLE: [1, 2, 4, 11, 88]
*** DEPTH-5 FEASIBLE: [1, 2, 4, 11, 89]
*** DEPTH-5 FEASIBLE: [1, 2, 4, 11, 90]
*** DEPTH-5 FEASIBLE: [1, 2, 4, 11, 91]
*** DEPTH-5 FEASIBLE: [1, 2, 4, 11, 92]
*** DEPTH-5 FEASIBLE: [1, 2, 4, 11, 93]
*** DEPTH-5 FEASIBLE: [1, 2, 4, 11, 94]
*** DEPTH-5 FEASIBLE: [1, 2, 4, 11, 95]
*** DEPTH-5 FEASIBLE: [1, 2, 4, 11, 96]
*** DEPTH-5 FEASIBLE: [1, 2, 4, 11, 97]
*** DEPTH-5 FEASIBLE: [1, 2, 4, 11, 98]
*** DEPTH-5 FEASIBLE: [1, 2, 4, 11, 99]
*** DEPTH-5 FEASIBLE: [1, 2, 4, 11, 100]
*** DEPTH-5 FEASIBLE: [1, 2, 4, 11, 101]
*** DEPTH-5 FEASIBLE: [1, 2, 4, 11, 102]
*** DEPTH-5 FEASIBLE: [1, 2, 4, 11, 103]
*** DEPTH-5 FEASIBLE: [1, 2, 4, 11, 104]
*** DEPTH-5 FEASIBLE: [1, 2, 4, 11, 105]
*** DEPTH-5 FEASIBLE: [1, 2, 4, 11, 106]
*** DEPTH-5 FEASIBLE: [1, 2, 4, 11, 107]
*** DEPTH-5 FEASIBLE: [1, 2, 4, 11, 108]
*** DEPTH-5 FEASIBLE: [1, 2, 4, 11, 109]
*** DEPTH-5 FEASIBLE: [1, 2, 4, 11, 110]
*** DEPTH-5 FEASIBLE: [1, 2, 4, 12, 34]
*** DEPTH-5 FEASIBLE: [1, 2, 4, 12, 35]
*** DEPTH-5 FEASIBLE: [1, 2, 4, 12, 36]
*** DEPTH-5 FEASIBLE: [1, 2, 4, 12, 37]
*** DEPTH-5 FEASIBLE: [1, 2, 4, 12, 38]
*** DEPTH-5 FEASIBLE: [1, 2, 4, 12, 39]
*** DEPTH-5 FEASIBLE: [1, 2, 4, 12, 40]
*** DEPTH-5 FEASIBLE: [1, 2, 4, 12, 46]
*** DEPTH-5 FEASIBLE: [1, 2, 4, 12, 47]
*** DEPTH-5 FEASIBLE: [1, 2, 4, 12, 48]
*** DEPTH-5 FEASIBLE: [1, 2, 4, 12, 49]
*** DEPTH-5 FEASIBLE: [1, 2, 4, 12, 50]
*** DEPTH-5 FEASIBLE: [1, 2, 4, 12, 51]
*** DEPTH-5 FEASIBLE: [1, 2, 4, 12, 52]
*** DEPTH-5 FEASIBLE: [1, 2, 4, 12, 53]
*** DEPTH-5 FEASIBLE: [1, 2, 4, 12, 54]
*** DEPTH-5 FEASIBLE: [1, 2, 4, 12, 55]
*** DEPTH-5 FEASIBLE: [1, 2, 4, 12, 56]
*** DEPTH-5 FEASIBLE: [1, 2, 4, 12, 57]
*** DEPTH-5 FEASIBLE: [1, 2, 4, 12, 58]
*** DEPTH-5 FEASIBLE: [1, 2, 4, 12, 59]
*** DEPTH-5 FEASIBLE: [1, 2, 4, 12, 60]
*** DEPTH-5 FEASIBLE: [1, 2, 4, 12, 61]
*** DEPTH-5 FEASIBLE: [1, 2, 4, 12, 62]
*** DEPTH-5 FEASIBLE: [1, 2, 4, 12, 63]
*** DEPTH-5 FEASIBLE: [1, 2, 4, 12, 64]
*** DEPTH-5 FEASIBLE: [1, 2, 4, 12, 65]
*** DEPTH-5 FEASIBLE: [1, 2, 4, 12, 66]
*** DEPTH-5 FEASIBLE: [1, 2, 4, 12, 67]
*** DEPTH-5 FEASIBLE: [1, 2, 4, 12, 68]
*** DEPTH-5 FEASIBLE: [1, 2, 4, 12, 69]
*** DEPTH-5 FEASIBLE: [1, 2, 4, 12, 70]
*** DEPTH-5 FEASIBLE: [1, 2, 4, 12, 71]
*** DEPTH-5 FEASIBLE: [1, 2, 4, 12, 72]
*** DEPTH-5 FEASIBLE: [1, 2, 4, 12, 73]
*** DEPTH-5 FEASIBLE: [1, 2, 4, 12, 74]
*** DEPTH-5 FEASIBLE: [1, 2, 4, 12, 75]
*** DEPTH-5 FEASIBLE: [1, 2, 4, 12, 76]
*** DEPTH-5 FEASIBLE: [1, 2, 4, 12, 77]
*** DEPTH-5 FEASIBLE: [1, 2, 4, 12, 78]
*** DEPTH-5 FEASIBLE: [1, 2, 4, 12, 79]
*** DEPTH-5 FEASIBLE: [1, 2, 4, 12, 80]
*** DEPTH-5 FEASIBLE: [1, 2, 4, 12, 81]
*** DEPTH-5 FEASIBLE: [1, 2, 4, 12, 82]
*** DEPTH-5 FEASIBLE: [1, 2, 4, 12, 83]
*** DEPTH-5 FEASIBLE: [1, 2, 4, 12, 84]
*** DEPTH-5 FEASIBLE: [1, 2, 4, 12, 85]
*** DEPTH-5 FEASIBLE: [1, 2, 4, 12, 86]
*** DEPTH-5 FEASIBLE: [1, 2, 4, 12, 87]
*** DEPTH-5 FEASIBLE: [1, 2, 4, 12, 88]
*** DEPTH-5 FEASIBLE: [1, 2, 4, 12, 89]
*** DEPTH-5 FEASIBLE: [1, 2, 4, 12, 90]
*** DEPTH-5 FEASIBLE: [1, 2, 4, 12, 91]
*** DEPTH-5 FEASIBLE: [1, 2, 4, 12, 92]
*** DEPTH-5 FEASIBLE: [1, 2, 4, 12, 93]
*** DEPTH-5 FEASIBLE: [1, 2, 4, 12, 94]
*** DEPTH-5 FEASIBLE: [1, 2, 4, 12, 95]
*** DEPTH-5 FEASIBLE: [1, 2, 4, 12, 96]
*** DEPTH-5 FEASIBLE: [1, 2, 4, 12, 97]
*** DEPTH-5 FEASIBLE: [1, 2, 4, 12, 98]
*** DEPTH-5 FEASIBLE: [1, 2, 4, 12, 99]
*** DEPTH-5 FEASIBLE: [1, 2, 4, 12, 100]
*** DEPTH-5 FEASIBLE: [1, 2, 4, 12, 101]
*** DEPTH-5 FEASIBLE: [1, 2, 4, 12, 102]
*** DEPTH-5 FEASIBLE: [1, 2, 4, 12, 103]
*** DEPTH-5 FEASIBLE: [1, 2, 4, 12, 104]
*** DEPTH-5 FEASIBLE: [1, 2, 4, 12, 105]
*** DEPTH-5 FEASIBLE: [1, 2, 4, 12, 106]
*** DEPTH-5 FEASIBLE: [1, 2, 4, 12, 107]
*** DEPTH-5 FEASIBLE: [1, 2, 4, 12, 108]
*** DEPTH-5 FEASIBLE: [1, 2, 4, 12, 109]
*** DEPTH-5 FEASIBLE: [1, 2, 4, 12, 110]
*** DEPTH-5 FEASIBLE: [1, 2, 4, 13, 37]
*** DEPTH-5 FEASIBLE: [1, 2, 4, 13, 38]
*** DEPTH-5 FEASIBLE: [1, 2, 4, 13, 39]
*** DEPTH-5 FEASIBLE: [1, 2, 4, 13, 40]
*** DEPTH-5 FEASIBLE: [1, 2, 4, 13, 41]
*** DEPTH-5 FEASIBLE: [1, 2, 4, 13, 42]
*** DEPTH-5 FEASIBLE: [1, 2, 4, 13, 43]
*** DEPTH-5 FEASIBLE: [1, 2, 4, 13, 44]
*** DEPTH-5 FEASIBLE: [1, 2, 4, 13, 45]
*** DEPTH-5 FEASIBLE: [1, 2, 4, 13, 46]
*** DEPTH-5 FEASIBLE: [1, 2, 4, 13, 48]
*** DEPTH-5 FEASIBLE: [1, 2, 4, 13, 49]
*** DEPTH-5 FEASIBLE: [1, 2, 4, 13, 50]
*** DEPTH-5 FEASIBLE: [1, 2, 4, 13, 51]
*** DEPTH-5 FEASIBLE: [1, 2, 4, 13, 52]
*** DEPTH-5 FEASIBLE: [1, 2, 4, 13, 53]
*** DEPTH-5 FEASIBLE: [1, 2, 4, 13, 54]
*** DEPTH-5 FEASIBLE: [1, 2, 4, 13, 55]
*** DEPTH-5 FEASIBLE: [1, 2, 4, 13, 56]
*** DEPTH-5 FEASIBLE: [1, 2, 4, 13, 57]
*** DEPTH-5 FEASIBLE: [1, 2, 4, 13, 58]
*** DEPTH-5 FEASIBLE: [1, 2, 4, 13, 59]
*** DEPTH-5 FEASIBLE: [1, 2, 4, 13, 60]
*** DEPTH-5 FEASIBLE: [1, 2, 4, 13, 61]
*** DEPTH-5 FEASIBLE: [1, 2, 4, 13, 62]
*** DEPTH-5 FEASIBLE: [1, 2, 4, 13, 63]
*** DEPTH-5 FEASIBLE: [1, 2, 4, 13, 64]
*** DEPTH-5 FEASIBLE: [1, 2, 4, 13, 65]
*** DEPTH-5 FEASIBLE: [1, 2, 4, 13, 66]
*** DEPTH-5 FEASIBLE: [1, 2, 4, 13, 67]
*** DEPTH-5 FEASIBLE: [1, 2, 4, 13, 68]
*** DEPTH-5 FEASIBLE: [1, 2, 4, 13, 69]
*** DEPTH-5 FEASIBLE: [1, 2, 4, 13, 70]
*** DEPTH-5 FEASIBLE: [1, 2, 4, 13, 71]
*** DEPTH-5 FEASIBLE: [1, 2, 4, 13, 72]
*** DEPTH-5 FEASIBLE: [1, 2, 4, 13, 73]
*** DEPTH-5 FEASIBLE: [1, 2, 4, 13, 74]
*** DEPTH-5 FEASIBLE: [1, 2, 4, 13, 75]
*** DEPTH-5 FEASIBLE: [1, 2, 4, 13, 76]
*** DEPTH-5 FEASIBLE: [1, 2, 4, 13, 77]
*** DEPTH-5 FEASIBLE: [1, 2, 4, 13, 78]
*** DEPTH-5 FEASIBLE: [1, 2, 4, 13, 79]
*** DEPTH-5 FEASIBLE: [1, 2, 4, 13, 80]
*** DEPTH-5 FEASIBLE: [1, 2, 4, 13, 81]
*** DEPTH-5 FEASIBLE: [1, 2, 4, 13, 82]
*** DEPTH-5 FEASIBLE: [1, 2, 4, 13, 83]
*** DEPTH-5 FEASIBLE: [1, 2, 4, 13, 84]
*** DEPTH-5 FEASIBLE: [1, 2, 4, 13, 85]
*** DEPTH-5 FEASIBLE: [1, 2, 4, 13, 86]
*** DEPTH-5 FEASIBLE: [1, 2, 4, 13, 87]
*** DEPTH-5 FEASIBLE: [1, 2, 4, 13, 88]
*** DEPTH-5 FEASIBLE: [1, 2, 4, 13, 89]
*** DEPTH-5 FEASIBLE: [1, 2, 4, 13, 90]
*** DEPTH-5 FEASIBLE: [1, 2, 4, 13, 91]
*** DEPTH-5 FEASIBLE: [1, 2, 4, 13, 92]
*** DEPTH-5 FEASIBLE: [1, 2, 4, 13, 93]
*** DEPTH-5 FEASIBLE: [1, 2, 4, 13, 94]
*** DEPTH-5 FEASIBLE: [1, 2, 4, 13, 95]
*** DEPTH-5 FEASIBLE: [1, 2, 4, 13, 96]
*** DEPTH-5 FEASIBLE: [1, 2, 4, 13, 97]
*** DEPTH-5 FEASIBLE: [1, 2, 4, 13, 98]
*** DEPTH-5 FEASIBLE: [1, 2, 4, 13, 99]
*** DEPTH-5 FEASIBLE: [1, 2, 4, 13, 100]
*** DEPTH-5 FEASIBLE: [1, 2, 4, 13, 101]
*** DEPTH-5 FEASIBLE: [1, 2, 4, 13, 102]
*** DEPTH-5 FEASIBLE: [1, 2, 4, 13, 103]
*** DEPTH-5 FEASIBLE: [1, 2, 4, 13, 104]
*** DEPTH-5 FEASIBLE: [1, 2, 4, 13, 105]
*** DEPTH-5 FEASIBLE: [1, 2, 4, 13, 106]
*** DEPTH-5 FEASIBLE: [1, 2, 4, 13, 107]
*** DEPTH-5 FEASIBLE: [1, 2, 4, 13, 108]
*** DEPTH-5 FEASIBLE: [1, 2, 4, 13, 109]
*** DEPTH-5 FEASIBLE: [1, 2, 4, 13, 110]
*** DEPTH-5 FEASIBLE: [1, 2, 4, 14, 40]
*** DEPTH-5 FEASIBLE: [1, 2, 4, 14, 41]
*** DEPTH-5 FEASIBLE: [1, 2, 4, 14, 42]
*** DEPTH-5 FEASIBLE: [1, 2, 4, 14, 43]
*** DEPTH-5 FEASIBLE: [1, 2, 4, 14, 44]
*** DEPTH-5 FEASIBLE: [1, 2, 4, 14, 45]
*** DEPTH-5 FEASIBLE: [1, 2, 4, 14, 46]
*** DEPTH-5 FEASIBLE: [1, 2, 4, 14, 56]
*** DEPTH-5 FEASIBLE: [1, 2, 4, 14, 57]
*** DEPTH-5 FEASIBLE: [1, 2, 4, 14, 58]
*** DEPTH-5 FEASIBLE: [1, 2, 4, 14, 59]
*** DEPTH-5 FEASIBLE: [1, 2, 4, 14, 60]
*** DEPTH-5 FEASIBLE: [1, 2, 4, 14, 61]
*** DEPTH-5 FEASIBLE: [1, 2, 4, 14, 62]
*** DEPTH-5 FEASIBLE: [1, 2, 4, 14, 63]
*** DEPTH-5 FEASIBLE: [1, 2, 4, 14, 64]
*** DEPTH-5 FEASIBLE: [1, 2, 4, 14, 65]
*** DEPTH-5 FEASIBLE: [1, 2, 4, 14, 66]
*** DEPTH-5 FEASIBLE: [1, 2, 4, 14, 67]
*** DEPTH-5 FEASIBLE: [1, 2, 4, 14, 68]
*** DEPTH-5 FEASIBLE: [1, 2, 4, 14, 69]
*** DEPTH-5 FEASIBLE: [1, 2, 4, 14, 70]
*** DEPTH-5 FEASIBLE: [1, 2, 4, 14, 71]
*** DEPTH-5 FEASIBLE: [1, 2, 4, 14, 72]
*** DEPTH-5 FEASIBLE: [1, 2, 4, 14, 73]
*** DEPTH-5 FEASIBLE: [1, 2, 4, 14, 74]
*** DEPTH-5 FEASIBLE: [1, 2, 4, 14, 75]
*** DEPTH-5 FEASIBLE: [1, 2, 4, 14, 76]
*** DEPTH-5 FEASIBLE: [1, 2, 4, 14, 77]
*** DEPTH-5 FEASIBLE: [1, 2, 4, 14, 78]
*** DEPTH-5 FEASIBLE: [1, 2, 4, 14, 79]
*** DEPTH-5 FEASIBLE: [1, 2, 4, 14, 80]
*** DEPTH-5 FEASIBLE: [1, 2, 4, 14, 81]
*** DEPTH-5 FEASIBLE: [1, 2, 4, 14, 82]
*** DEPTH-5 FEASIBLE: [1, 2, 4, 14, 83]
*** DEPTH-5 FEASIBLE: [1, 2, 4, 14, 84]
*** DEPTH-5 FEASIBLE: [1, 2, 4, 14, 85]
*** DEPTH-5 FEASIBLE: [1, 2, 4, 14, 86]
*** DEPTH-5 FEASIBLE: [1, 2, 4, 14, 87]
*** DEPTH-5 FEASIBLE: [1, 2, 4, 14, 88]
*** DEPTH-5 FEASIBLE: [1, 2, 4, 14, 89]
*** DEPTH-5 FEASIBLE: [1, 2, 4, 14, 90]
*** DEPTH-5 FEASIBLE: [1, 2, 4, 14, 91]
*** DEPTH-5 FEASIBLE: [1, 2, 4, 14, 92]
*** DEPTH-5 FEASIBLE: [1, 2, 4, 14, 93]
*** DEPTH-5 FEASIBLE: [1, 2, 4, 14, 94]
*** DEPTH-5 FEASIBLE: [1, 2, 4, 14, 95]
*** DEPTH-5 FEASIBLE: [1, 2, 4, 14, 96]
*** DEPTH-5 FEASIBLE: [1, 2, 4, 14, 97]
*** DEPTH-5 FEASIBLE: [1, 2, 4, 14, 98]
*** DEPTH-5 FEASIBLE: [1, 2, 4, 14, 99]
*** DEPTH-5 FEASIBLE: [1, 2, 4, 14, 100]
*** DEPTH-5 FEASIBLE: [1, 2, 4, 14, 101]
*** DEPTH-5 FEASIBLE: [1, 2, 4, 14, 102]
*** DEPTH-5 FEASIBLE: [1, 2, 4, 14, 103]
*** DEPTH-5 FEASIBLE: [1, 2, 4, 14, 104]
*** DEPTH-5 FEASIBLE: [1, 2, 4, 14, 105]
*** DEPTH-5 FEASIBLE: [1, 2, 4, 14, 106]
*** DEPTH-5 FEASIBLE: [1, 2, 4, 14, 107]
*** DEPTH-5 FEASIBLE: [1, 2, 4, 14, 108]
*** DEPTH-5 FEASIBLE: [1, 2, 4, 14, 109]
*** DEPTH-5 FEASIBLE: [1, 2, 4, 14, 110]
*** DEPTH-5 FEASIBLE: [1, 2, 4, 15, 43]
*** DEPTH-5 FEASIBLE: [1, 2, 4, 15, 44]
*** DEPTH-5 FEASIBLE: [1, 2, 4, 15, 45]
*** DEPTH-5 FEASIBLE: [1, 2, 4, 15, 46]
*** DEPTH-5 FEASIBLE: [1, 2, 4, 15, 47]
*** DEPTH-5 FEASIBLE: [1, 2, 4, 15, 48]
*** DEPTH-5 FEASIBLE: [1, 2, 4, 15, 55]
*** DEPTH-5 FEASIBLE: [1, 2, 4, 15, 61]
*** DEPTH-5 FEASIBLE: [1, 2, 4, 15, 62]
*** DEPTH-5 FEASIBLE: [1, 2, 4, 15, 63]
*** DEPTH-5 FEASIBLE: [1, 2, 4, 15, 64]
*** DEPTH-5 FEASIBLE: [1, 2, 4, 15, 65]
*** DEPTH-5 FEASIBLE: [1, 2, 4, 15, 66]
*** DEPTH-5 FEASIBLE: [1, 2, 4, 15, 67]
*** DEPTH-5 FEASIBLE: [1, 2, 4, 15, 68]
*** DEPTH-5 FEASIBLE: [1, 2, 4, 15, 69]
*** DEPTH-5 FEASIBLE: [1, 2, 4, 15, 70]
*** DEPTH-5 FEASIBLE: [1, 2, 4, 15, 71]
*** DEPTH-5 FEASIBLE: [1, 2, 4, 15, 72]
*** DEPTH-5 FEASIBLE: [1, 2, 4, 15, 73]
*** DEPTH-5 FEASIBLE: [1, 2, 4, 15, 74]
*** DEPTH-5 FEASIBLE: [1, 2, 4, 15, 75]
*** DEPTH-5 FEASIBLE: [1, 2, 4, 15, 76]
*** DEPTH-5 FEASIBLE: [1, 2, 4, 15, 77]
*** DEPTH-5 FEASIBLE: [1, 2, 4, 15, 78]
*** DEPTH-5 FEASIBLE: [1, 2, 4, 15, 79]
*** DEPTH-5 FEASIBLE: [1, 2, 4, 15, 80]
*** DEPTH-5 FEASIBLE: [1, 2, 4, 15, 81]
*** DEPTH-5 FEASIBLE: [1, 2, 4, 15, 82]
*** DEPTH-5 FEASIBLE: [1, 2, 4, 15, 83]
*** DEPTH-5 FEASIBLE: [1, 2, 4, 15, 84]
*** DEPTH-5 FEASIBLE: [1, 2, 4, 15, 85]
*** DEPTH-5 FEASIBLE: [1, 2, 4, 15, 86]
*** DEPTH-5 FEASIBLE: [1, 2, 4, 15, 87]
*** DEPTH-5 FEASIBLE: [1, 2, 4, 15, 88]
*** DEPTH-5 FEASIBLE: [1, 2, 4, 15, 89]
*** DEPTH-5 FEASIBLE: [1, 2, 4, 15, 90]
*** DEPTH-5 FEASIBLE: [1, 2, 4, 15, 91]
*** DEPTH-5 FEASIBLE: [1, 2, 4, 15, 92]
*** DEPTH-5 FEASIBLE: [1, 2, 4, 15, 93]
*** DEPTH-5 FEASIBLE: [1, 2, 4, 15, 94]
*** DEPTH-5 FEASIBLE: [1, 2, 4, 15, 95]
*** DEPTH-5 FEASIBLE: [1, 2, 4, 15, 96]
*** DEPTH-5 FEASIBLE: [1, 2, 4, 15, 97]
*** DEPTH-5 FEASIBLE: [1, 2, 4, 15, 98]
*** DEPTH-5 FEASIBLE: [1, 2, 4, 15, 99]
*** DEPTH-5 FEASIBLE: [1, 2, 4, 15, 100]
*** DEPTH-5 FEASIBLE: [1, 2, 4, 15, 101]
*** DEPTH-5 FEASIBLE: [1, 2, 4, 15, 102]
*** DEPTH-5 FEASIBLE: [1, 2, 4, 15, 103]
*** DEPTH-5 FEASIBLE: [1, 2, 4, 15, 104]
*** DEPTH-5 FEASIBLE: [1, 2, 4, 15, 105]
*** DEPTH-5 FEASIBLE: [1, 2, 4, 15, 106]
*** DEPTH-5 FEASIBLE: [1, 2, 4, 15, 107]
*** DEPTH-5 FEASIBLE: [1, 2, 4, 15, 108]
*** DEPTH-5 FEASIBLE: [1, 2, 4, 15, 109]
*** DEPTH-5 FEASIBLE: [1, 2, 4, 15, 110]
*** DEPTH-5 FEASIBLE: [1, 2, 4, 16, 46]
*** DEPTH-5 FEASIBLE: [1, 2, 4, 16, 47]
*** DEPTH-5 FEASIBLE: [1, 2, 4, 16, 48]
*** DEPTH-5 FEASIBLE: [1, 2, 4, 16, 49]
*** DEPTH-5 FEASIBLE: [1, 2, 4, 16, 50]
*** DEPTH-5 FEASIBLE: [1, 2, 4, 16, 51]
*** DEPTH-5 FEASIBLE: [1, 2, 4, 16, 52]
*** DEPTH-5 FEASIBLE: [1, 2, 4, 16, 53]
*** DEPTH-5 FEASIBLE: [1, 2, 4, 16, 54]
*** DEPTH-5 FEASIBLE: [1, 2, 4, 16, 55]
*** DEPTH-5 FEASIBLE: [1, 2, 4, 16, 68]
*** DEPTH-5 FEASIBLE: [1, 2, 4, 16, 69]
*** DEPTH-5 FEASIBLE: [1, 2, 4, 16, 70]
*** DEPTH-5 FEASIBLE: [1, 2, 4, 16, 71]
*** DEPTH-5 FEASIBLE: [1, 2, 4, 16, 72]
*** DEPTH-5 FEASIBLE: [1, 2, 4, 16, 73]
*** DEPTH-5 FEASIBLE: [1, 2, 4, 16, 74]
*** DEPTH-5 FEASIBLE: [1, 2, 4, 16, 75]
*** DEPTH-5 FEASIBLE: [1, 2, 4, 16, 76]
*** DEPTH-5 FEASIBLE: [1, 2, 4, 16, 77]
*** DEPTH-5 FEASIBLE: [1, 2, 4, 16, 78]
*** DEPTH-5 FEASIBLE: [1, 2, 4, 16, 79]
*** DEPTH-5 FEASIBLE: [1, 2, 4, 16, 80]
*** DEPTH-5 FEASIBLE: [1, 2, 4, 16, 81]
*** DEPTH-5 FEASIBLE: [1, 2, 4, 16, 82]
*** DEPTH-5 FEASIBLE: [1, 2, 4, 16, 83]
*** DEPTH-5 FEASIBLE: [1, 2, 4, 16, 84]
*** DEPTH-5 FEASIBLE: [1, 2, 4, 16, 85]
*** DEPTH-5 FEASIBLE: [1, 2, 4, 16, 86]
*** DEPTH-5 FEASIBLE: [1, 2, 4, 16, 87]
*** DEPTH-5 FEASIBLE: [1, 2, 4, 16, 88]
*** DEPTH-5 FEASIBLE: [1, 2, 4, 16, 89]
*** DEPTH-5 FEASIBLE: [1, 2, 4, 16, 90]
*** DEPTH-5 FEASIBLE: [1, 2, 4, 16, 91]
*** DEPTH-5 FEASIBLE: [1, 2, 4, 16, 92]
*** DEPTH-5 FEASIBLE: [1, 2, 4, 16, 93]
*** DEPTH-5 FEASIBLE: [1, 2, 4, 16, 94]
*** DEPTH-5 FEASIBLE: [1, 2, 4, 16, 95]
*** DEPTH-5 FEASIBLE: [1, 2, 4, 16, 96]
*** DEPTH-5 FEASIBLE: [1, 2, 4, 16, 97]
*** DEPTH-5 FEASIBLE: [1, 2, 4, 16, 98]
*** DEPTH-5 FEASIBLE: [1, 2, 4, 16, 99]
*** DEPTH-5 FEASIBLE: [1, 2, 4, 16, 100]
*** DEPTH-5 FEASIBLE: [1, 2, 4, 16, 101]
*** DEPTH-5 FEASIBLE: [1, 2, 4, 16, 102]
*** DEPTH-5 FEASIBLE: [1, 2, 4, 16, 103]
*** DEPTH-5 FEASIBLE: [1, 2, 4, 16, 104]
*** DEPTH-5 FEASIBLE: [1, 2, 4, 16, 105]
*** DEPTH-5 FEASIBLE: [1, 2, 4, 16, 106]
*** DEPTH-5 FEASIBLE: [1, 2, 4, 16, 107]
*** DEPTH-5 FEASIBLE: [1, 2, 4, 16, 108]
*** DEPTH-5 FEASIBLE: [1, 2, 4, 16, 109]
*** DEPTH-5 FEASIBLE: [1, 2, 4, 16, 110]
*** DEPTH-5 FEASIBLE: [1, 2, 4, 17, 49]
*** DEPTH-5 FEASIBLE: [1, 2, 4, 17, 50]
*** DEPTH-5 FEASIBLE: [1, 2, 4, 17, 51]
*** DEPTH-5 FEASIBLE: [1, 2, 4, 17, 52]
*** DEPTH-5 FEASIBLE: [1, 2, 4, 17, 53]
*** DEPTH-5 FEASIBLE: [1, 2, 4, 17, 54]
*** DEPTH-5 FEASIBLE: [1, 2, 4, 17, 55]
*** DEPTH-5 FEASIBLE: [1, 2, 4, 17, 56]
*** DEPTH-5 FEASIBLE: [1, 2, 4, 17, 57]
*** DEPTH-5 FEASIBLE: [1, 2, 4, 17, 58]
*** DEPTH-5 FEASIBLE: [1, 2, 4, 17, 72]
*** DEPTH-5 FEASIBLE: [1, 2, 4, 17, 73]
*** DEPTH-5 FEASIBLE: [1, 2, 4, 17, 74]
*** DEPTH-5 FEASIBLE: [1, 2, 4, 17, 75]
*** DEPTH-5 FEASIBLE: [1, 2, 4, 17, 76]
*** DEPTH-5 FEASIBLE: [1, 2, 4, 17, 77]
*** DEPTH-5 FEASIBLE: [1, 2, 4, 17, 78]
*** DEPTH-5 FEASIBLE: [1, 2, 4, 17, 79]
*** DEPTH-5 FEASIBLE: [1, 2, 4, 17, 80]
*** DEPTH-5 FEASIBLE: [1, 2, 4, 17, 81]
*** DEPTH-5 FEASIBLE: [1, 2, 4, 17, 82]
*** DEPTH-5 FEASIBLE: [1, 2, 4, 17, 83]
*** DEPTH-5 FEASIBLE: [1, 2, 4, 17, 84]
*** DEPTH-5 FEASIBLE: [1, 2, 4, 17, 85]
*** DEPTH-5 FEASIBLE: [1, 2, 4, 17, 86]
*** DEPTH-5 FEASIBLE: [1, 2, 4, 17, 87]
*** DEPTH-5 FEASIBLE: [1, 2, 4, 17, 88]
*** DEPTH-5 FEASIBLE: [1, 2, 4, 17, 89]
*** DEPTH-5 FEASIBLE: [1, 2, 4, 17, 90]
*** DEPTH-5 FEASIBLE: [1, 2, 4, 17, 91]
*** DEPTH-5 FEASIBLE: [1, 2, 4, 17, 92]
*** DEPTH-5 FEASIBLE: [1, 2, 4, 17, 93]
*** DEPTH-5 FEASIBLE: [1, 2, 4, 17, 94]
*** DEPTH-5 FEASIBLE: [1, 2, 4, 17, 95]
*** DEPTH-5 FEASIBLE: [1, 2, 4, 17, 96]
*** DEPTH-5 FEASIBLE: [1, 2, 4, 17, 97]
*** DEPTH-5 FEASIBLE: [1, 2, 4, 17, 98]
*** DEPTH-5 FEASIBLE: [1, 2, 4, 17, 99]
*** DEPTH-5 FEASIBLE: [1, 2, 4, 17, 100]
*** DEPTH-5 FEASIBLE: [1, 2, 4, 17, 101]
*** DEPTH-5 FEASIBLE: [1, 2, 4, 17, 102]
*** DEPTH-5 FEASIBLE: [1, 2, 4, 17, 103]
*** DEPTH-5 FEASIBLE: [1, 2, 4, 17, 104]
*** DEPTH-5 FEASIBLE: [1, 2, 4, 17, 105]
*** DEPTH-5 FEASIBLE: [1, 2, 4, 17, 106]
*** DEPTH-5 FEASIBLE: [1, 2, 4, 17, 107]
*** DEPTH-5 FEASIBLE: [1, 2, 4, 17, 108]
*** DEPTH-5 FEASIBLE: [1, 2, 4, 17, 109]
*** DEPTH-5 FEASIBLE: [1, 2, 4, 17, 110]
*** DEPTH-5 FEASIBLE: [1, 2, 4, 18, 52]
*** DEPTH-5 FEASIBLE: [1, 2, 4, 18, 53]
*** DEPTH-5 FEASIBLE: [1, 2, 4, 18, 54]
*** DEPTH-5 FEASIBLE: [1, 2, 4, 18, 55]
*** DEPTH-5 FEASIBLE: [1, 2, 4, 18, 56]
*** DEPTH-5 FEASIBLE: [1, 2, 4, 18, 57]
*** DEPTH-5 FEASIBLE: [1, 2, 4, 18, 58]
*** DEPTH-5 FEASIBLE: [1, 2, 4, 18, 59]
*** DEPTH-5 FEASIBLE: [1, 2, 4, 18, 60]
*** DEPTH-5 FEASIBLE: [1, 2, 4, 18, 61]
*** DEPTH-5 FEASIBLE: [1, 2, 4, 18, 62]
*** DEPTH-5 FEASIBLE: [1, 2, 4, 18, 79]
*** DEPTH-5 FEASIBLE: [1, 2, 4, 18, 80]
*** DEPTH-5 FEASIBLE: [1, 2, 4, 18, 81]
*** DEPTH-5 FEASIBLE: [1, 2, 4, 18, 82]
*** DEPTH-5 FEASIBLE: [1, 2, 4, 18, 83]
*** DEPTH-5 FEASIBLE: [1, 2, 4, 18, 84]
*** DEPTH-5 FEASIBLE: [1, 2, 4, 18, 85]
*** DEPTH-5 FEASIBLE: [1, 2, 4, 18, 86]
*** DEPTH-5 FEASIBLE: [1, 2, 4, 18, 87]
*** DEPTH-5 FEASIBLE: [1, 2, 4, 18, 88]
*** DEPTH-5 FEASIBLE: [1, 2, 4, 18, 89]
*** DEPTH-5 FEASIBLE: [1, 2, 4, 18, 90]
*** DEPTH-5 FEASIBLE: [1, 2, 4, 18, 91]
*** DEPTH-5 FEASIBLE: [1, 2, 4, 18, 92]
*** DEPTH-5 FEASIBLE: [1, 2, 4, 18, 93]
*** DEPTH-5 FEASIBLE: [1, 2, 4, 18, 94]
*** DEPTH-5 FEASIBLE: [1, 2, 4, 18, 95]
*** DEPTH-5 FEASIBLE: [1, 2, 4, 18, 96]
*** DEPTH-5 FEASIBLE: [1, 2, 4, 18, 97]
*** DEPTH-5 FEASIBLE: [1, 2, 4, 18, 98]
*** DEPTH-5 FEASIBLE: [1, 2, 4, 18, 99]
*** DEPTH-5 FEASIBLE: [1, 2, 4, 18, 100]
*** DEPTH-5 FEASIBLE: [1, 2, 4, 18, 101]
*** DEPTH-5 FEASIBLE: [1, 2, 4, 18, 102]
*** DEPTH-5 FEASIBLE: [1, 2, 4, 18, 103]
*** DEPTH-5 FEASIBLE: [1, 2, 4, 18, 104]
*** DEPTH-5 FEASIBLE: [1, 2, 4, 18, 105]
*** DEPTH-5 FEASIBLE: [1, 2, 4, 18, 106]
*** DEPTH-5 FEASIBLE: [1, 2, 4, 18, 107]
*** DEPTH-5 FEASIBLE: [1, 2, 4, 18, 108]
*** DEPTH-5 FEASIBLE: [1, 2, 4, 18, 109]
*** DEPTH-5 FEASIBLE: [1, 2, 4, 18, 110]
*** DEPTH-5 FEASIBLE: [1, 2, 4, 19, 55]
*** DEPTH-5 FEASIBLE: [1, 2, 4, 19, 56]
*** DEPTH-5 FEASIBLE: [1, 2, 4, 19, 57]
*** DEPTH-5 FEASIBLE: [1, 2, 4, 19, 58]
*** DEPTH-5 FEASIBLE: [1, 2, 4, 19, 59]
*** DEPTH-5 FEASIBLE: [1, 2, 4, 19, 60]
*** DEPTH-5 FEASIBLE: [1, 2, 4, 19, 61]
*** DEPTH-5 FEASIBLE: [1, 2, 4, 19, 62]
*** DEPTH-5 FEASIBLE: [1, 2, 4, 19, 63]
*** DEPTH-5 FEASIBLE: [1, 2, 4, 19, 64]
*** DEPTH-5 FEASIBLE: [1, 2, 4, 19, 80]
*** DEPTH-5 FEASIBLE: [1, 2, 4, 19, 81]
*** DEPTH-5 FEASIBLE: [1, 2, 4, 19, 82]
*** DEPTH-5 FEASIBLE: [1, 2, 4, 19, 83]
*** DEPTH-5 FEASIBLE: [1, 2, 4, 19, 84]
*** DEPTH-5 FEASIBLE: [1, 2, 4, 19, 85]
*** DEPTH-5 FEASIBLE: [1, 2, 4, 19, 86]
*** DEPTH-5 FEASIBLE: [1, 2, 4, 19, 87]
*** DEPTH-5 FEASIBLE: [1, 2, 4, 19, 88]
*** DEPTH-5 FEASIBLE: [1, 2, 4, 19, 89]
*** DEPTH-5 FEASIBLE: [1, 2, 4, 19, 90]
*** DEPTH-5 FEASIBLE: [1, 2, 4, 19, 91]
*** DEPTH-5 FEASIBLE: [1, 2, 4, 19, 92]
*** DEPTH-5 FEASIBLE: [1, 2, 4, 19, 93]
*** DEPTH-5 FEASIBLE: [1, 2, 4, 19, 94]
*** DEPTH-5 FEASIBLE: [1, 2, 4, 19, 95]
*** DEPTH-5 FEASIBLE: [1, 2, 4, 19, 96]
*** DEPTH-5 FEASIBLE: [1, 2, 4, 19, 97]
*** DEPTH-5 FEASIBLE: [1, 2, 4, 19, 98]
*** DEPTH-5 FEASIBLE: [1, 2, 4, 19, 99]
*** DEPTH-5 FEASIBLE: [1, 2, 4, 19, 100]
*** DEPTH-5 FEASIBLE: [1, 2, 4, 19, 101]
*** DEPTH-5 FEASIBLE: [1, 2, 4, 19, 102]
*** DEPTH-5 FEASIBLE: [1, 2, 4, 19, 103]
*** DEPTH-5 FEASIBLE: [1, 2, 4, 19, 104]
*** DEPTH-5 FEASIBLE: [1, 2, 4, 19, 105]
*** DEPTH-5 FEASIBLE: [1, 2, 4, 19, 106]
*** DEPTH-5 FEASIBLE: [1, 2, 4, 19, 107]
*** DEPTH-5 FEASIBLE: [1, 2, 4, 19, 108]
*** DEPTH-5 FEASIBLE: [1, 2, 4, 19, 109]
*** DEPTH-5 FEASIBLE: [1, 2, 4, 19, 110]
*** DEPTH-5 FEASIBLE: [1, 2, 4, 20, 58]
*** DEPTH-5 FEASIBLE: [1, 2, 4, 20, 59]
*** DEPTH-5 FEASIBLE: [1, 2, 4, 20, 60]
*** DEPTH-5 FEASIBLE: [1, 2, 4, 20, 61]
*** DEPTH-5 FEASIBLE: [1, 2, 4, 20, 62]
*** DEPTH-5 FEASIBLE: [1, 2, 4, 20, 63]
*** DEPTH-5 FEASIBLE: [1, 2, 4, 20, 64]
*** DEPTH-5 FEASIBLE: [1, 2, 4, 20, 65]
*** DEPTH-5 FEASIBLE: [1, 2, 4, 20, 66]
*** DEPTH-5 FEASIBLE: [1, 2, 4, 20, 67]
*** DEPTH-5 FEASIBLE: [1, 2, 4, 20, 68]
*** DEPTH-5 FEASIBLE: [1, 2, 4, 20, 88]
*** DEPTH-5 FEASIBLE: [1, 2, 4, 20, 89]
*** DEPTH-5 FEASIBLE: [1, 2, 4, 20, 90]
*** DEPTH-5 FEASIBLE: [1, 2, 4, 20, 91]
*** DEPTH-5 FEASIBLE: [1, 2, 4, 20, 92]
*** DEPTH-5 FEASIBLE: [1, 2, 4, 20, 93]
*** DEPTH-5 FEASIBLE: [1, 2, 4, 20, 94]
*** DEPTH-5 FEASIBLE: [1, 2, 4, 20, 95]
*** DEPTH-5 FEASIBLE: [1, 2, 4, 20, 96]
*** DEPTH-5 FEASIBLE: [1, 2, 4, 20, 97]
*** DEPTH-5 FEASIBLE: [1, 2, 4, 20, 98]
*** DEPTH-5 FEASIBLE: [1, 2, 4, 20, 99]
*** DEPTH-5 FEASIBLE: [1, 2, 4, 20, 100]
*** DEPTH-5 FEASIBLE: [1, 2, 4, 20, 101]
*** DEPTH-5 FEASIBLE: [1, 2, 4, 20, 102]
*** DEPTH-5 FEASIBLE: [1, 2, 4, 20, 103]
*** DEPTH-5 FEASIBLE: [1, 2, 4, 20, 104]
*** DEPTH-5 FEASIBLE: [1, 2, 4, 20, 105]
*** DEPTH-5 FEASIBLE: [1, 2, 4, 20, 106]
*** DEPTH-5 FEASIBLE: [1, 2, 4, 20, 107]
*** DEPTH-5 FEASIBLE: [1, 2, 4, 20, 108]
*** DEPTH-5 FEASIBLE: [1, 2, 4, 20, 109]
*** DEPTH-5 FEASIBLE: [1, 2, 4, 20, 110]
*** DEPTH-5 FEASIBLE: [1, 2, 4, 21, 61]
*** DEPTH-5 FEASIBLE: [1, 2, 4, 21, 62]
*** DEPTH-5 FEASIBLE: [1, 2, 4, 21, 63]
*** DEPTH-5 FEASIBLE: [1, 2, 4, 21, 64]
*** DEPTH-5 FEASIBLE: [1, 2, 4, 21, 65]
*** DEPTH-5 FEASIBLE: [1, 2, 4, 21, 66]
*** DEPTH-5 FEASIBLE: [1, 2, 4, 21, 67]
*** DEPTH-5 FEASIBLE: [1, 2, 4, 21, 68]
*** DEPTH-5 FEASIBLE: [1, 2, 4, 21, 69]
*** DEPTH-5 FEASIBLE: [1, 2, 4, 21, 70]
*** DEPTH-5 FEASIBLE: [1, 2, 4, 21, 94]
*** DEPTH-5 FEASIBLE: [1, 2, 4, 21, 95]
*** DEPTH-5 FEASIBLE: [1, 2, 4, 21, 96]
*** DEPTH-5 FEASIBLE: [1, 2, 4, 21, 97]
*** DEPTH-5 FEASIBLE: [1, 2, 4, 21, 98]
*** DEPTH-5 FEASIBLE: [1, 2, 4, 21, 99]
*** DEPTH-5 FEASIBLE: [1, 2, 4, 21, 100]
*** DEPTH-5 FEASIBLE: [1, 2, 4, 21, 101]
*** DEPTH-5 FEASIBLE: [1, 2, 4, 21, 102]
*** DEPTH-5 FEASIBLE: [1, 2, 4, 21, 103]
*** DEPTH-5 FEASIBLE: [1, 2, 4, 21, 104]
*** DEPTH-5 FEASIBLE: [1, 2, 4, 21, 105]
*** DEPTH-5 FEASIBLE: [1, 2, 4, 21, 106]
*** DEPTH-5 FEASIBLE: [1, 2, 4, 21, 107]
*** DEPTH-5 FEASIBLE: [1, 2, 4, 21, 108]
*** DEPTH-5 FEASIBLE: [1, 2, 4, 21, 109]
*** DEPTH-5 FEASIBLE: [1, 2, 4, 21, 110]
*** DEPTH-5 FEASIBLE: [1, 2, 4, 22, 64]
*** DEPTH-5 FEASIBLE: [1, 2, 4, 22, 65]
*** DEPTH-5 FEASIBLE: [1, 2, 4, 22, 66]
*** DEPTH-5 FEASIBLE: [1, 2, 4, 22, 67]
*** DEPTH-5 FEASIBLE: [1, 2, 4, 22, 68]
*** DEPTH-5 FEASIBLE: [1, 2, 4, 22, 69]
*** DEPTH-5 FEASIBLE: [1, 2, 4, 22, 70]
*** DEPTH-5 FEASIBLE: [1, 2, 4, 22, 71]
*** DEPTH-5 FEASIBLE: [1, 2, 4, 22, 72]
*** DEPTH-5 FEASIBLE: [1, 2, 4, 22, 73]
*** DEPTH-5 FEASIBLE: [1, 2, 4, 22, 101]
*** DEPTH-5 FEASIBLE: [1, 2, 4, 22, 102]
*** DEPTH-5 FEASIBLE: [1, 2, 4, 22, 103]
*** DEPTH-5 FEASIBLE: [1, 2, 4, 22, 104]
*** DEPTH-5 FEASIBLE: [1, 2, 4, 22, 105]
*** DEPTH-5 FEASIBLE: [1, 2, 4, 22, 106]
*** DEPTH-5 FEASIBLE: [1, 2, 4, 22, 107]
*** DEPTH-5 FEASIBLE: [1, 2, 4, 22, 108]
*** DEPTH-5 FEASIBLE: [1, 2, 4, 22, 109]
*** DEPTH-5 FEASIBLE: [1, 2, 4, 22, 110]
*** DEPTH-5 FEASIBLE: [1, 2, 4, 23, 67]
*** DEPTH-5 FEASIBLE: [1, 2, 4, 23, 68]
*** DEPTH-5 FEASIBLE: [1, 2, 4, 23, 69]
*** DEPTH-5 FEASIBLE: [1, 2, 4, 23, 70]
*** DEPTH-5 FEASIBLE: [1, 2, 4, 23, 71]
*** DEPTH-5 FEASIBLE: [1, 2, 4, 23, 72]
*** DEPTH-5 FEASIBLE: [1, 2, 4, 23, 73]
*** DEPTH-5 FEASIBLE: [1, 2, 4, 23, 74]
*** DEPTH-5 FEASIBLE: [1, 2, 4, 23, 75]
*** DEPTH-5 FEASIBLE: [1, 2, 4, 23, 76]
*** DEPTH-5 FEASIBLE: [1, 2, 4, 23, 102]
*** DEPTH-5 FEASIBLE: [1, 2, 4, 23, 103]
*** DEPTH-5 FEASIBLE: [1, 2, 4, 23, 104]
*** DEPTH-5 FEASIBLE: [1, 2, 4, 23, 105]
*** DEPTH-5 FEASIBLE: [1, 2, 4, 23, 106]
*** DEPTH-5 FEASIBLE: [1, 2, 4, 23, 107]
*** DEPTH-5 FEASIBLE: [1, 2, 4, 23, 108]
*** DEPTH-5 FEASIBLE: [1, 2, 4, 23, 109]
*** DEPTH-5 FEASIBLE: [1, 2, 4, 23, 110]
*** DEPTH-5 FEASIBLE: [1, 2, 4, 24, 70]
*** DEPTH-5 FEASIBLE: [1, 2, 4, 24, 71]
*** DEPTH-5 FEASIBLE: [1, 2, 4, 24, 72]
*** DEPTH-5 FEASIBLE: [1, 2, 4, 24, 73]
*** DEPTH-5 FEASIBLE: [1, 2, 4, 24, 74]
*** DEPTH-5 FEASIBLE: [1, 2, 4, 24, 75]
*** DEPTH-5 FEASIBLE: [1, 2, 4, 24, 76]
*** DEPTH-5 FEASIBLE: [1, 2, 4, 24, 77]
*** DEPTH-5 FEASIBLE: [1, 2, 4, 24, 78]
*** DEPTH-5 FEASIBLE: [1, 2, 4, 24, 79]
*** DEPTH-5 FEASIBLE: [1, 2, 4, 24, 80]
*** DEPTH-5 FEASIBLE: [1, 2, 4, 24, 81]
*** DEPTH-5 FEASIBLE: [1, 2, 4, 24, 82]
*** DEPTH-5 FEASIBLE: [1, 2, 4, 24, 83]
*** DEPTH-5 FEASIBLE: [1, 2, 4, 24, 108]
*** DEPTH-5 FEASIBLE: [1, 2, 4, 24, 109]
*** DEPTH-5 FEASIBLE: [1, 2, 4, 24, 110]
*** DEPTH-5 FEASIBLE: [1, 2, 4, 25, 73]
*** DEPTH-5 FEASIBLE: [1, 2, 4, 25, 74]
*** DEPTH-5 FEASIBLE: [1, 2, 4, 25, 75]
*** DEPTH-5 FEASIBLE: [1, 2, 4, 25, 76]
*** DEPTH-5 FEASIBLE: [1, 2, 4, 25, 77]
*** DEPTH-5 FEASIBLE: [1, 2, 4, 25, 78]
*** DEPTH-5 FEASIBLE: [1, 2, 4, 25, 79]
*** DEPTH-5 FEASIBLE: [1, 2, 4, 25, 80]
*** DEPTH-5 FEASIBLE: [1, 2, 4, 25, 81]
*** DEPTH-5 FEASIBLE: [1, 2, 4, 25, 82]
*** DEPTH-5 FEASIBLE: [1, 2, 4, 25, 83]
*** DEPTH-5 FEASIBLE: [1, 2, 4, 26, 76]
*** DEPTH-5 FEASIBLE: [1, 2, 4, 26, 77]
*** DEPTH-5 FEASIBLE: [1, 2, 4, 26, 78]
*** DEPTH-5 FEASIBLE: [1, 2, 4, 26, 79]
*** DEPTH-5 FEASIBLE: [1, 2, 4, 26, 80]
*** DEPTH-5 FEASIBLE: [1, 2, 4, 26, 81]
*** DEPTH-5 FEASIBLE: [1, 2, 4, 26, 82]
*** DEPTH-5 FEASIBLE: [1, 2, 4, 26, 83]
*** DEPTH-5 FEASIBLE: [1, 2, 4, 26, 84]
*** DEPTH-5 FEASIBLE: [1, 2, 4, 26, 85]
*** DEPTH-5 FEASIBLE: [1, 2, 4, 26, 86]
*** DEPTH-5 FEASIBLE: [1, 2, 4, 27, 79]
*** DEPTH-5 FEASIBLE: [1, 2, 4, 27, 80]
*** DEPTH-5 FEASIBLE: [1, 2, 4, 27, 81]
*** DEPTH-5 FEASIBLE: [1, 2, 4, 27, 82]
*** DEPTH-5 FEASIBLE: [1, 2, 4, 27, 83]
*** DEPTH-5 FEASIBLE: [1, 2, 4, 27, 84]
*** DEPTH-5 FEASIBLE: [1, 2, 4, 27, 85]
*** DEPTH-5 FEASIBLE: [1, 2, 4, 27, 86]
*** DEPTH-5 FEASIBLE: [1, 2, 4, 27, 87]
*** DEPTH-5 FEASIBLE: [1, 2, 4, 27, 88]
*** DEPTH-5 FEASIBLE: [1, 2, 4, 27, 89]
*** DEPTH-5 FEASIBLE: [1, 2, 4, 27, 90]
*** DEPTH-5 FEASIBLE: [1, 2, 4, 28, 82]
*** DEPTH-5 FEASIBLE: [1, 2, 4, 28, 83]
*** DEPTH-5 FEASIBLE: [1, 2, 4, 28, 84]
*** DEPTH-5 FEASIBLE: [1, 2, 4, 28, 85]
*** DEPTH-5 FEASIBLE: [1, 2, 4, 28, 86]
*** DEPTH-5 FEASIBLE: [1, 2, 4, 28, 87]
*** DEPTH-5 FEASIBLE: [1, 2, 4, 28, 88]
*** DEPTH-5 FEASIBLE: [1, 2, 4, 28, 89]
*** DEPTH-5 FEASIBLE: [1, 2, 4, 28, 90]
*** DEPTH-5 FEASIBLE: [1, 2, 4, 28, 91]
*** DEPTH-5 FEASIBLE: [1, 2, 4, 28, 92]
*** DEPTH-5 FEASIBLE: [1, 2, 4, 28, 93]
*** DEPTH-5 FEASIBLE: [1, 2, 4, 28, 94]
*** DEPTH-5 FEASIBLE: [1, 2, 4, 29, 85]
*** DEPTH-5 FEASIBLE: [1, 2, 4, 29, 86]
*** DEPTH-5 FEASIBLE: [1, 2, 4, 29, 87]
*** DEPTH-5 FEASIBLE: [1, 2, 4, 29, 88]
*** DEPTH-5 FEASIBLE: [1, 2, 4, 29, 89]
*** DEPTH-5 FEASIBLE: [1, 2, 4, 29, 90]
*** DEPTH-5 FEASIBLE: [1, 2, 4, 29, 91]
*** DEPTH-5 FEASIBLE: [1, 2, 4, 29, 92]
*** DEPTH-5 FEASIBLE: [1, 2, 4, 29, 93]
*** DEPTH-5 FEASIBLE: [1, 2, 4, 29, 94]
*** DEPTH-5 FEASIBLE: [1, 2, 4, 29, 95]
*** DEPTH-5 FEASIBLE: [1, 2, 4, 30, 88]
*** DEPTH-5 FEASIBLE: [1, 2, 4, 30, 89]
*** DEPTH-5 FEASIBLE: [1, 2, 4, 30, 90]
*** DEPTH-5 FEASIBLE: [1, 2, 4, 30, 91]
*** DEPTH-5 FEASIBLE: [1, 2, 4, 30, 92]
*** DEPTH-5 FEASIBLE: [1, 2, 4, 30, 93]
*** DEPTH-5 FEASIBLE: [1, 2, 4, 30, 94]
*** DEPTH-5 FEASIBLE: [1, 2, 4, 30, 95]
*** DEPTH-5 FEASIBLE: [1, 2, 4, 30, 96]
*** DEPTH-5 FEASIBLE: [1, 2, 4, 30, 97]
*** DEPTH-5 FEASIBLE: [1, 2, 4, 30, 98]
*** DEPTH-5 FEASIBLE: [1, 2, 4, 31, 91]
*** DEPTH-5 FEASIBLE: [1, 2, 4, 31, 92]
*** DEPTH-5 FEASIBLE: [1, 2, 4, 31, 93]
*** DEPTH-5 FEASIBLE: [1, 2, 4, 31, 94]
*** DEPTH-5 FEASIBLE: [1, 2, 4, 31, 95]
*** DEPTH-5 FEASIBLE: [1, 2, 4, 31, 96]
*** DEPTH-5 FEASIBLE: [1, 2, 4, 31, 97]
*** DEPTH-5 FEASIBLE: [1, 2, 4, 31, 98]
*** DEPTH-5 FEASIBLE: [1, 2, 4, 31, 99]
*** DEPTH-5 FEASIBLE: [1, 2, 4, 31, 100]
*** DEPTH-5 FEASIBLE: [1, 2, 4, 31, 101]
*** DEPTH-5 FEASIBLE: [1, 2, 4, 31, 102]
*** DEPTH-5 FEASIBLE: [1, 2, 4, 31, 103]
*** DEPTH-5 FEASIBLE: [1, 2, 4, 32, 94]
*** DEPTH-5 FEASIBLE: [1, 2, 4, 32, 95]
*** DEPTH-5 FEASIBLE: [1, 2, 4, 32, 96]
*** DEPTH-5 FEASIBLE: [1, 2, 4, 32, 97]
*** DEPTH-5 FEASIBLE: [1, 2, 4, 32, 98]
*** DEPTH-5 FEASIBLE: [1, 2, 4, 32, 99]
*** DEPTH-5 FEASIBLE: [1, 2, 4, 32, 100]
*** DEPTH-5 FEASIBLE: [1, 2, 4, 32, 101]
*** DEPTH-5 FEASIBLE: [1, 2, 4, 32, 102]
*** DEPTH-5 FEASIBLE: [1, 2, 4, 32, 103]
*** DEPTH-5 FEASIBLE: [1, 2, 4, 32, 104]
*** DEPTH-5 FEASIBLE: [1, 2, 4, 32, 105]
*** DEPTH-5 FEASIBLE: [1, 2, 4, 32, 106]
*** DEPTH-5 FEASIBLE: [1, 2, 4, 33, 97]
*** DEPTH-5 FEASIBLE: [1, 2, 4, 33, 98]
*** DEPTH-5 FEASIBLE: [1, 2, 4, 33, 99]
*** DEPTH-5 FEASIBLE: [1, 2, 4, 33, 100]
*** DEPTH-5 FEASIBLE: [1, 2, 4, 33, 101]
*** DEPTH-5 FEASIBLE: [1, 2, 4, 33, 102]
*** DEPTH-5 FEASIBLE: [1, 2, 4, 33, 103]
*** DEPTH-5 FEASIBLE: [1, 2, 4, 33, 104]
*** DEPTH-5 FEASIBLE: [1, 2, 4, 33, 105]
*** DEPTH-5 FEASIBLE: [1, 2, 4, 33, 106]
*** DEPTH-5 FEASIBLE: [1, 2, 4, 33, 107]
*** DEPTH-5 FEASIBLE: [1, 2, 4, 33, 108]
*** DEPTH-5 FEASIBLE: [1, 2, 4, 33, 109]
*** DEPTH-5 FEASIBLE: [1, 2, 4, 34, 100]
*** DEPTH-5 FEASIBLE: [1, 2, 4, 34, 101]
*** DEPTH-5 FEASIBLE: [1, 2, 4, 34, 102]
*** DEPTH-5 FEASIBLE: [1, 2, 4, 34, 103]
*** DEPTH-5 FEASIBLE: [1, 2, 4, 34, 104]
*** DEPTH-5 FEASIBLE: [1, 2, 4, 34, 105]
*** DEPTH-5 FEASIBLE: [1, 2, 4, 34, 106]
*** DEPTH-5 FEASIBLE: [1, 2, 4, 34, 107]
*** DEPTH-5 FEASIBLE: [1, 2, 4, 34, 108]
*** DEPTH-5 FEASIBLE: [1, 2, 4, 34, 109]
*** DEPTH-5 FEASIBLE: [1, 2, 4, 34, 110]
*** DEPTH-5 FEASIBLE: [1, 2, 4, 35, 103]
*** DEPTH-5 FEASIBLE: [1, 2, 4, 35, 104]
*** DEPTH-5 FEASIBLE: [1, 2, 4, 35, 105]
*** DEPTH-5 FEASIBLE: [1, 2, 4, 35, 106]
*** DEPTH-5 FEASIBLE: [1, 2, 4, 35, 107]
*** DEPTH-5 FEASIBLE: [1, 2, 4, 35, 108]
*** DEPTH-5 FEASIBLE: [1, 2, 4, 35, 109]
*** DEPTH-5 FEASIBLE: [1, 2, 4, 35, 110]
*** DEPTH-5 FEASIBLE: [1, 2, 4, 36, 106]
*** DEPTH-5 FEASIBLE: [1, 2, 4, 36, 107]
*** DEPTH-5 FEASIBLE: [1, 2, 4, 36, 108]
*** DEPTH-5 FEASIBLE: [1, 2, 4, 36, 109]
*** DEPTH-5 FEASIBLE: [1, 2, 4, 36, 110]
*** DEPTH-5 FEASIBLE: [1, 2, 4, 37, 109]
*** DEPTH-5 FEASIBLE: [1, 2, 4, 37, 110]
*** DEPTH-5 FEASIBLE: [1, 2, 5, 13, 37]
*** DEPTH-5 FEASIBLE: [1, 2, 5, 13, 38]
*** DEPTH-5 FEASIBLE: [1, 2, 5, 13, 39]
*** DEPTH-5 FEASIBLE: [1, 2, 5, 13, 40]
*** DEPTH-5 FEASIBLE: [1, 2, 5, 13, 41]
*** DEPTH-5 FEASIBLE: [1, 2, 5, 13, 52]
*** DEPTH-5 FEASIBLE: [1, 2, 5, 13, 53]
*** DEPTH-5 FEASIBLE: [1, 2, 5, 13, 54]
*** DEPTH-5 FEASIBLE: [1, 2, 5, 13, 55]
*** DEPTH-5 FEASIBLE: [1, 2, 5, 13, 56]
*** DEPTH-5 FEASIBLE: [1, 2, 5, 13, 57]
*** DEPTH-5 FEASIBLE: [1, 2, 5, 13, 58]
*** DEPTH-5 FEASIBLE: [1, 2, 5, 13, 59]
*** DEPTH-5 FEASIBLE: [1, 2, 5, 13, 60]
*** DEPTH-5 FEASIBLE: [1, 2, 5, 13, 61]
*** DEPTH-5 FEASIBLE: [1, 2, 5, 13, 62]
*** DEPTH-5 FEASIBLE: [1, 2, 5, 13, 63]
*** DEPTH-5 FEASIBLE: [1, 2, 5, 13, 64]
*** DEPTH-5 FEASIBLE: [1, 2, 5, 13, 65]
*** DEPTH-5 FEASIBLE: [1, 2, 5, 13, 66]
*** DEPTH-5 FEASIBLE: [1, 2, 5, 13, 67]
*** DEPTH-5 FEASIBLE: [1, 2, 5, 13, 68]
*** DEPTH-5 FEASIBLE: [1, 2, 5, 13, 69]
*** DEPTH-5 FEASIBLE: [1, 2, 5, 13, 70]
*** DEPTH-5 FEASIBLE: [1, 2, 5, 13, 71]
*** DEPTH-5 FEASIBLE: [1, 2, 5, 13, 72]
*** DEPTH-5 FEASIBLE: [1, 2, 5, 13, 73]
*** DEPTH-5 FEASIBLE: [1, 2, 5, 13, 74]
*** DEPTH-5 FEASIBLE: [1, 2, 5, 13, 75]
*** DEPTH-5 FEASIBLE: [1, 2, 5, 13, 76]
*** DEPTH-5 FEASIBLE: [1, 2, 5, 13, 77]
*** DEPTH-5 FEASIBLE: [1, 2, 5, 13, 78]
*** DEPTH-5 FEASIBLE: [1, 2, 5, 13, 79]
*** DEPTH-5 FEASIBLE: [1, 2, 5, 13, 80]
*** DEPTH-5 FEASIBLE: [1, 2, 5, 13, 81]
*** DEPTH-5 FEASIBLE: [1, 2, 5, 13, 82]
*** DEPTH-5 FEASIBLE: [1, 2, 5, 13, 83]
*** DEPTH-5 FEASIBLE: [1, 2, 5, 13, 84]
*** DEPTH-5 FEASIBLE: [1, 2, 5, 13, 85]
*** DEPTH-5 FEASIBLE: [1, 2, 5, 13, 86]
*** DEPTH-5 FEASIBLE: [1, 2, 5, 13, 87]
*** DEPTH-5 FEASIBLE: [1, 2, 5, 13, 88]
*** DEPTH-5 FEASIBLE: [1, 2, 5, 13, 89]
*** DEPTH-5 FEASIBLE: [1, 2, 5, 13, 90]
*** DEPTH-5 FEASIBLE: [1, 2, 5, 13, 91]
*** DEPTH-5 FEASIBLE: [1, 2, 5, 13, 92]
*** DEPTH-5 FEASIBLE: [1, 2, 5, 13, 93]
*** DEPTH-5 FEASIBLE: [1, 2, 5, 13, 94]
*** DEPTH-5 FEASIBLE: [1, 2, 5, 13, 95]
*** DEPTH-5 FEASIBLE: [1, 2, 5, 13, 96]
*** DEPTH-5 FEASIBLE: [1, 2, 5, 13, 97]
*** DEPTH-5 FEASIBLE: [1, 2, 5, 13, 98]
*** DEPTH-5 FEASIBLE: [1, 2, 5, 13, 99]
*** DEPTH-5 FEASIBLE: [1, 2, 5, 13, 100]
*** DEPTH-5 FEASIBLE: [1, 2, 5, 13, 101]
*** DEPTH-5 FEASIBLE: [1, 2, 5, 13, 102]
*** DEPTH-5 FEASIBLE: [1, 2, 5, 13, 103]
*** DEPTH-5 FEASIBLE: [1, 2, 5, 13, 104]
*** DEPTH-5 FEASIBLE: [1, 2, 5, 13, 105]
*** DEPTH-5 FEASIBLE: [1, 2, 5, 13, 106]
*** DEPTH-5 FEASIBLE: [1, 2, 5, 13, 107]
*** DEPTH-5 FEASIBLE: [1, 2, 5, 13, 108]
*** DEPTH-5 FEASIBLE: [1, 2, 5, 13, 109]
*** DEPTH-5 FEASIBLE: [1, 2, 5, 13, 110]
*** DEPTH-5 FEASIBLE: [1, 2, 5, 14, 40]
*** DEPTH-5 FEASIBLE: [1, 2, 5, 14, 41]
*** DEPTH-5 FEASIBLE: [1, 2, 5, 14, 42]
*** DEPTH-5 FEASIBLE: [1, 2, 5, 14, 43]
*** DEPTH-5 FEASIBLE: [1, 2, 5, 14, 44]
*** DEPTH-5 FEASIBLE: [1, 2, 5, 14, 45]
*** DEPTH-5 FEASIBLE: [1, 2, 5, 14, 46]
*** DEPTH-5 FEASIBLE: [1, 2, 5, 14, 56]
*** DEPTH-5 FEASIBLE: [1, 2, 5, 14, 57]
*** DEPTH-5 FEASIBLE: [1, 2, 5, 14, 58]
*** DEPTH-5 FEASIBLE: [1, 2, 5, 14, 59]
*** DEPTH-5 FEASIBLE: [1, 2, 5, 14, 60]
*** DEPTH-5 FEASIBLE: [1, 2, 5, 14, 61]
*** DEPTH-5 FEASIBLE: [1, 2, 5, 14, 62]
*** DEPTH-5 FEASIBLE: [1, 2, 5, 14, 63]
*** DEPTH-5 FEASIBLE: [1, 2, 5, 14, 64]
*** DEPTH-5 FEASIBLE: [1, 2, 5, 14, 65]
*** DEPTH-5 FEASIBLE: [1, 2, 5, 14, 66]
*** DEPTH-5 FEASIBLE: [1, 2, 5, 14, 67]
*** DEPTH-5 FEASIBLE: [1, 2, 5, 14, 68]
*** DEPTH-5 FEASIBLE: [1, 2, 5, 14, 69]
*** DEPTH-5 FEASIBLE: [1, 2, 5, 14, 70]
*** DEPTH-5 FEASIBLE: [1, 2, 5, 14, 71]
*** DEPTH-5 FEASIBLE: [1, 2, 5, 14, 72]
*** DEPTH-5 FEASIBLE: [1, 2, 5, 14, 73]
*** DEPTH-5 FEASIBLE: [1, 2, 5, 14, 74]
*** DEPTH-5 FEASIBLE: [1, 2, 5, 14, 75]
*** DEPTH-5 FEASIBLE: [1, 2, 5, 14, 76]
*** DEPTH-5 FEASIBLE: [1, 2, 5, 14, 77]
*** DEPTH-5 FEASIBLE: [1, 2, 5, 14, 78]
*** DEPTH-5 FEASIBLE: [1, 2, 5, 14, 79]
*** DEPTH-5 FEASIBLE: [1, 2, 5, 14, 80]
*** DEPTH-5 FEASIBLE: [1, 2, 5, 14, 81]
*** DEPTH-5 FEASIBLE: [1, 2, 5, 14, 82]
*** DEPTH-5 FEASIBLE: [1, 2, 5, 14, 83]
*** DEPTH-5 FEASIBLE: [1, 2, 5, 14, 84]
*** DEPTH-5 FEASIBLE: [1, 2, 5, 14, 85]
*** DEPTH-5 FEASIBLE: [1, 2, 5, 14, 86]
*** DEPTH-5 FEASIBLE: [1, 2, 5, 14, 87]
*** DEPTH-5 FEASIBLE: [1, 2, 5, 14, 88]
*** DEPTH-5 FEASIBLE: [1, 2, 5, 14, 89]
*** DEPTH-5 FEASIBLE: [1, 2, 5, 14, 90]
*** DEPTH-5 FEASIBLE: [1, 2, 5, 14, 91]
*** DEPTH-5 FEASIBLE: [1, 2, 5, 14, 92]
*** DEPTH-5 FEASIBLE: [1, 2, 5, 14, 93]
*** DEPTH-5 FEASIBLE: [1, 2, 5, 14, 94]
*** DEPTH-5 FEASIBLE: [1, 2, 5, 14, 95]
*** DEPTH-5 FEASIBLE: [1, 2, 5, 14, 96]
*** DEPTH-5 FEASIBLE: [1, 2, 5, 14, 97]
*** DEPTH-5 FEASIBLE: [1, 2, 5, 14, 98]
*** DEPTH-5 FEASIBLE: [1, 2, 5, 14, 99]
*** DEPTH-5 FEASIBLE: [1, 2, 5, 14, 100]
*** DEPTH-5 FEASIBLE: [1, 2, 5, 14, 101]
*** DEPTH-5 FEASIBLE: [1, 2, 5, 14, 102]
*** DEPTH-5 FEASIBLE: [1, 2, 5, 14, 103]
*** DEPTH-5 FEASIBLE: [1, 2, 5, 14, 104]
*** DEPTH-5 FEASIBLE: [1, 2, 5, 14, 105]
*** DEPTH-5 FEASIBLE: [1, 2, 5, 14, 106]
*** DEPTH-5 FEASIBLE: [1, 2, 5, 14, 107]
*** DEPTH-5 FEASIBLE: [1, 2, 5, 14, 108]
*** DEPTH-5 FEASIBLE: [1, 2, 5, 14, 109]
*** DEPTH-5 FEASIBLE: [1, 2, 5, 14, 110]
*** DEPTH-5 FEASIBLE: [1, 2, 5, 15, 43]
*** DEPTH-5 FEASIBLE: [1, 2, 5, 15, 44]
*** DEPTH-5 FEASIBLE: [1, 2, 5, 15, 45]
*** DEPTH-5 FEASIBLE: [1, 2, 5, 15, 46]
*** DEPTH-5 FEASIBLE: [1, 2, 5, 15, 47]
*** DEPTH-5 FEASIBLE: [1, 2, 5, 15, 63]
*** DEPTH-5 FEASIBLE: [1, 2, 5, 15, 64]
*** DEPTH-5 FEASIBLE: [1, 2, 5, 15, 65]
*** DEPTH-5 FEASIBLE: [1, 2, 5, 15, 66]
*** DEPTH-5 FEASIBLE: [1, 2, 5, 15, 67]
*** DEPTH-5 FEASIBLE: [1, 2, 5, 15, 68]
*** DEPTH-5 FEASIBLE: [1, 2, 5, 15, 69]
*** DEPTH-5 FEASIBLE: [1, 2, 5, 15, 70]
*** DEPTH-5 FEASIBLE: [1, 2, 5, 15, 71]
*** DEPTH-5 FEASIBLE: [1, 2, 5, 15, 72]
*** DEPTH-5 FEASIBLE: [1, 2, 5, 15, 73]
*** DEPTH-5 FEASIBLE: [1, 2, 5, 15, 74]
*** DEPTH-5 FEASIBLE: [1, 2, 5, 15, 75]
*** DEPTH-5 FEASIBLE: [1, 2, 5, 15, 76]
*** DEPTH-5 FEASIBLE: [1, 2, 5, 15, 77]
*** DEPTH-5 FEASIBLE: [1, 2, 5, 15, 78]
*** DEPTH-5 FEASIBLE: [1, 2, 5, 15, 79]
*** DEPTH-5 FEASIBLE: [1, 2, 5, 15, 80]
*** DEPTH-5 FEASIBLE: [1, 2, 5, 15, 81]
*** DEPTH-5 FEASIBLE: [1, 2, 5, 15, 82]
*** DEPTH-5 FEASIBLE: [1, 2, 5, 15, 83]
*** DEPTH-5 FEASIBLE: [1, 2, 5, 15, 84]
*** DEPTH-5 FEASIBLE: [1, 2, 5, 15, 85]
*** DEPTH-5 FEASIBLE: [1, 2, 5, 15, 86]
*** DEPTH-5 FEASIBLE: [1, 2, 5, 15, 87]
*** DEPTH-5 FEASIBLE: [1, 2, 5, 15, 88]
*** DEPTH-5 FEASIBLE: [1, 2, 5, 15, 89]
*** DEPTH-5 FEASIBLE: [1, 2, 5, 15, 90]
*** DEPTH-5 FEASIBLE: [1, 2, 5, 15, 91]
*** DEPTH-5 FEASIBLE: [1, 2, 5, 15, 92]
*** DEPTH-5 FEASIBLE: [1, 2, 5, 15, 93]
*** DEPTH-5 FEASIBLE: [1, 2, 5, 15, 94]
*** DEPTH-5 FEASIBLE: [1, 2, 5, 15, 95]
*** DEPTH-5 FEASIBLE: [1, 2, 5, 15, 96]
*** DEPTH-5 FEASIBLE: [1, 2, 5, 15, 97]
*** DEPTH-5 FEASIBLE: [1, 2, 5, 15, 98]
*** DEPTH-5 FEASIBLE: [1, 2, 5, 15, 99]
*** DEPTH-5 FEASIBLE: [1, 2, 5, 15, 100]
*** DEPTH-5 FEASIBLE: [1, 2, 5, 15, 101]
*** DEPTH-5 FEASIBLE: [1, 2, 5, 15, 102]
*** DEPTH-5 FEASIBLE: [1, 2, 5, 15, 103]
*** DEPTH-5 FEASIBLE: [1, 2, 5, 15, 104]
*** DEPTH-5 FEASIBLE: [1, 2, 5, 15, 105]
*** DEPTH-5 FEASIBLE: [1, 2, 5, 15, 106]
*** DEPTH-5 FEASIBLE: [1, 2, 5, 15, 107]
*** DEPTH-5 FEASIBLE: [1, 2, 5, 15, 108]
*** DEPTH-5 FEASIBLE: [1, 2, 5, 15, 109]
*** DEPTH-5 FEASIBLE: [1, 2, 5, 15, 110]
*** DEPTH-5 FEASIBLE: [1, 2, 5, 16, 46]
*** DEPTH-5 FEASIBLE: [1, 2, 5, 16, 47]
*** DEPTH-5 FEASIBLE: [1, 2, 5, 16, 48]
*** DEPTH-5 FEASIBLE: [1, 2, 5, 16, 49]
*** DEPTH-5 FEASIBLE: [1, 2, 5, 16, 69]
*** DEPTH-5 FEASIBLE: [1, 2, 5, 16, 70]
*** DEPTH-5 FEASIBLE: [1, 2, 5, 16, 71]
*** DEPTH-5 FEASIBLE: [1, 2, 5, 16, 72]
*** DEPTH-5 FEASIBLE: [1, 2, 5, 16, 73]
*** DEPTH-5 FEASIBLE: [1, 2, 5, 16, 74]
*** DEPTH-5 FEASIBLE: [1, 2, 5, 16, 75]
*** DEPTH-5 FEASIBLE: [1, 2, 5, 16, 76]
*** DEPTH-5 FEASIBLE: [1, 2, 5, 16, 77]
*** DEPTH-5 FEASIBLE: [1, 2, 5, 16, 78]
*** DEPTH-5 FEASIBLE: [1, 2, 5, 16, 79]
*** DEPTH-5 FEASIBLE: [1, 2, 5, 16, 80]
*** DEPTH-5 FEASIBLE: [1, 2, 5, 16, 81]
*** DEPTH-5 FEASIBLE: [1, 2, 5, 16, 82]
*** DEPTH-5 FEASIBLE: [1, 2, 5, 16, 83]
*** DEPTH-5 FEASIBLE: [1, 2, 5, 16, 84]
*** DEPTH-5 FEASIBLE: [1, 2, 5, 16, 85]
*** DEPTH-5 FEASIBLE: [1, 2, 5, 16, 86]
*** DEPTH-5 FEASIBLE: [1, 2, 5, 16, 87]
*** DEPTH-5 FEASIBLE: [1, 2, 5, 16, 88]
*** DEPTH-5 FEASIBLE: [1, 2, 5, 16, 89]
*** DEPTH-5 FEASIBLE: [1, 2, 5, 16, 90]
*** DEPTH-5 FEASIBLE: [1, 2, 5, 16, 91]
*** DEPTH-5 FEASIBLE: [1, 2, 5, 16, 92]
*** DEPTH-5 FEASIBLE: [1, 2, 5, 16, 93]
*** DEPTH-5 FEASIBLE: [1, 2, 5, 16, 94]
*** DEPTH-5 FEASIBLE: [1, 2, 5, 16, 95]
*** DEPTH-5 FEASIBLE: [1, 2, 5, 16, 96]
*** DEPTH-5 FEASIBLE: [1, 2, 5, 16, 97]
*** DEPTH-5 FEASIBLE: [1, 2, 5, 16, 98]
*** DEPTH-5 FEASIBLE: [1, 2, 5, 16, 99]
*** DEPTH-5 FEASIBLE: [1, 2, 5, 16, 100]
*** DEPTH-5 FEASIBLE: [1, 2, 5, 16, 101]
*** DEPTH-5 FEASIBLE: [1, 2, 5, 16, 102]
*** DEPTH-5 FEASIBLE: [1, 2, 5, 16, 103]
*** DEPTH-5 FEASIBLE: [1, 2, 5, 16, 104]
*** DEPTH-5 FEASIBLE: [1, 2, 5, 16, 105]
*** DEPTH-5 FEASIBLE: [1, 2, 5, 16, 106]
*** DEPTH-5 FEASIBLE: [1, 2, 5, 16, 107]
*** DEPTH-5 FEASIBLE: [1, 2, 5, 16, 108]
*** DEPTH-5 FEASIBLE: [1, 2, 5, 16, 109]
*** DEPTH-5 FEASIBLE: [1, 2, 5, 16, 110]
*** DEPTH-5 FEASIBLE: [1, 2, 5, 17, 49]
*** DEPTH-5 FEASIBLE: [1, 2, 5, 17, 50]
*** DEPTH-5 FEASIBLE: [1, 2, 5, 17, 51]
*** DEPTH-5 FEASIBLE: [1, 2, 5, 17, 52]
*** DEPTH-5 FEASIBLE: [1, 2, 5, 17, 53]
*** DEPTH-5 FEASIBLE: [1, 2, 5, 17, 54]
*** DEPTH-5 FEASIBLE: [1, 2, 5, 17, 55]
*** DEPTH-5 FEASIBLE: [1, 2, 5, 17, 56]
*** DEPTH-5 FEASIBLE: [1, 2, 5, 17, 74]
*** DEPTH-5 FEASIBLE: [1, 2, 5, 17, 75]
*** DEPTH-5 FEASIBLE: [1, 2, 5, 17, 76]
*** DEPTH-5 FEASIBLE: [1, 2, 5, 17, 77]
*** DEPTH-5 FEASIBLE: [1, 2, 5, 17, 78]
*** DEPTH-5 FEASIBLE: [1, 2, 5, 17, 79]
*** DEPTH-5 FEASIBLE: [1, 2, 5, 17, 80]
*** DEPTH-5 FEASIBLE: [1, 2, 5, 17, 81]
*** DEPTH-5 FEASIBLE: [1, 2, 5, 17, 82]
*** DEPTH-5 FEASIBLE: [1, 2, 5, 17, 83]
*** DEPTH-5 FEASIBLE: [1, 2, 5, 17, 84]
*** DEPTH-5 FEASIBLE: [1, 2, 5, 17, 85]
*** DEPTH-5 FEASIBLE: [1, 2, 5, 17, 86]
*** DEPTH-5 FEASIBLE: [1, 2, 5, 17, 87]
*** DEPTH-5 FEASIBLE: [1, 2, 5, 17, 88]
*** DEPTH-5 FEASIBLE: [1, 2, 5, 17, 89]
*** DEPTH-5 FEASIBLE: [1, 2, 5, 17, 90]
*** DEPTH-5 FEASIBLE: [1, 2, 5, 17, 91]
*** DEPTH-5 FEASIBLE: [1, 2, 5, 17, 92]
*** DEPTH-5 FEASIBLE: [1, 2, 5, 17, 93]
*** DEPTH-5 FEASIBLE: [1, 2, 5, 17, 94]
*** DEPTH-5 FEASIBLE: [1, 2, 5, 17, 95]
*** DEPTH-5 FEASIBLE: [1, 2, 5, 17, 96]
*** DEPTH-5 FEASIBLE: [1, 2, 5, 17, 97]
*** DEPTH-5 FEASIBLE: [1, 2, 5, 17, 98]
*** DEPTH-5 FEASIBLE: [1, 2, 5, 17, 99]
*** DEPTH-5 FEASIBLE: [1, 2, 5, 17, 100]
*** DEPTH-5 FEASIBLE: [1, 2, 5, 17, 101]
*** DEPTH-5 FEASIBLE: [1, 2, 5, 17, 102]
*** DEPTH-5 FEASIBLE: [1, 2, 5, 17, 103]
*** DEPTH-5 FEASIBLE: [1, 2, 5, 17, 104]
*** DEPTH-5 FEASIBLE: [1, 2, 5, 17, 105]
*** DEPTH-5 FEASIBLE: [1, 2, 5, 17, 106]
*** DEPTH-5 FEASIBLE: [1, 2, 5, 17, 107]
*** DEPTH-5 FEASIBLE: [1, 2, 5, 17, 108]
*** DEPTH-5 FEASIBLE: [1, 2, 5, 17, 109]
*** DEPTH-5 FEASIBLE: [1, 2, 5, 17, 110]
*** DEPTH-5 FEASIBLE: [1, 2, 5, 18, 52]
*** DEPTH-5 FEASIBLE: [1, 2, 5, 18, 53]
*** DEPTH-5 FEASIBLE: [1, 2, 5, 18, 54]
*** DEPTH-5 FEASIBLE: [1, 2, 5, 18, 55]
*** DEPTH-5 FEASIBLE: [1, 2, 5, 18, 56]
*** DEPTH-5 FEASIBLE: [1, 2, 5, 18, 57]
*** DEPTH-5 FEASIBLE: [1, 2, 5, 18, 58]
*** DEPTH-5 FEASIBLE: [1, 2, 5, 18, 59]
*** DEPTH-5 FEASIBLE: [1, 2, 5, 18, 79]
*** DEPTH-5 FEASIBLE: [1, 2, 5, 18, 80]
*** DEPTH-5 FEASIBLE: [1, 2, 5, 18, 81]
*** DEPTH-5 FEASIBLE: [1, 2, 5, 18, 82]
*** DEPTH-5 FEASIBLE: [1, 2, 5, 18, 83]
*** DEPTH-5 FEASIBLE: [1, 2, 5, 18, 84]
*** DEPTH-5 FEASIBLE: [1, 2, 5, 18, 85]
*** DEPTH-5 FEASIBLE: [1, 2, 5, 18, 86]
*** DEPTH-5 FEASIBLE: [1, 2, 5, 18, 87]
*** DEPTH-5 FEASIBLE: [1, 2, 5, 18, 88]
*** DEPTH-5 FEASIBLE: [1, 2, 5, 18, 89]
*** DEPTH-5 FEASIBLE: [1, 2, 5, 18, 90]
*** DEPTH-5 FEASIBLE: [1, 2, 5, 18, 91]
*** DEPTH-5 FEASIBLE: [1, 2, 5, 18, 92]
*** DEPTH-5 FEASIBLE: [1, 2, 5, 18, 93]
*** DEPTH-5 FEASIBLE: [1, 2, 5, 18, 94]
*** DEPTH-5 FEASIBLE: [1, 2, 5, 18, 95]
*** DEPTH-5 FEASIBLE: [1, 2, 5, 18, 96]
*** DEPTH-5 FEASIBLE: [1, 2, 5, 18, 97]
*** DEPTH-5 FEASIBLE: [1, 2, 5, 18, 98]
*** DEPTH-5 FEASIBLE: [1, 2, 5, 18, 99]
*** DEPTH-5 FEASIBLE: [1, 2, 5, 18, 100]
*** DEPTH-5 FEASIBLE: [1, 2, 5, 18, 101]
*** DEPTH-5 FEASIBLE: [1, 2, 5, 18, 102]
*** DEPTH-5 FEASIBLE: [1, 2, 5, 18, 103]
*** DEPTH-5 FEASIBLE: [1, 2, 5, 18, 104]
*** DEPTH-5 FEASIBLE: [1, 2, 5, 18, 105]
*** DEPTH-5 FEASIBLE: [1, 2, 5, 18, 106]
*** DEPTH-5 FEASIBLE: [1, 2, 5, 18, 107]
*** DEPTH-5 FEASIBLE: [1, 2, 5, 18, 108]
*** DEPTH-5 FEASIBLE: [1, 2, 5, 18, 109]
*** DEPTH-5 FEASIBLE: [1, 2, 5, 18, 110]
*** DEPTH-5 FEASIBLE: [1, 2, 5, 19, 55]
*** DEPTH-5 FEASIBLE: [1, 2, 5, 19, 56]
*** DEPTH-5 FEASIBLE: [1, 2, 5, 19, 57]
*** DEPTH-5 FEASIBLE: [1, 2, 5, 19, 58]
*** DEPTH-5 FEASIBLE: [1, 2, 5, 19, 59]
*** DEPTH-5 FEASIBLE: [1, 2, 5, 19, 60]
*** DEPTH-5 FEASIBLE: [1, 2, 5, 19, 61]
*** DEPTH-5 FEASIBLE: [1, 2, 5, 19, 62]
*** DEPTH-5 FEASIBLE: [1, 2, 5, 19, 83]
*** DEPTH-5 FEASIBLE: [1, 2, 5, 19, 85]
*** DEPTH-5 FEASIBLE: [1, 2, 5, 19, 86]
*** DEPTH-5 FEASIBLE: [1, 2, 5, 19, 87]
*** DEPTH-5 FEASIBLE: [1, 2, 5, 19, 88]
*** DEPTH-5 FEASIBLE: [1, 2, 5, 19, 89]
*** DEPTH-5 FEASIBLE: [1, 2, 5, 19, 90]
*** DEPTH-5 FEASIBLE: [1, 2, 5, 19, 91]
*** DEPTH-5 FEASIBLE: [1, 2, 5, 19, 92]
*** DEPTH-5 FEASIBLE: [1, 2, 5, 19, 93]
*** DEPTH-5 FEASIBLE: [1, 2, 5, 19, 94]
*** DEPTH-5 FEASIBLE: [1, 2, 5, 19, 95]
*** DEPTH-5 FEASIBLE: [1, 2, 5, 19, 96]
*** DEPTH-5 FEASIBLE: [1, 2, 5, 19, 97]
*** DEPTH-5 FEASIBLE: [1, 2, 5, 19, 98]
*** DEPTH-5 FEASIBLE: [1, 2, 5, 19, 99]
*** DEPTH-5 FEASIBLE: [1, 2, 5, 19, 100]
*** DEPTH-5 FEASIBLE: [1, 2, 5, 19, 101]
*** DEPTH-5 FEASIBLE: [1, 2, 5, 19, 102]
*** DEPTH-5 FEASIBLE: [1, 2, 5, 19, 103]
*** DEPTH-5 FEASIBLE: [1, 2, 5, 19, 104]
*** DEPTH-5 FEASIBLE: [1, 2, 5, 19, 105]
*** DEPTH-5 FEASIBLE: [1, 2, 5, 19, 106]
*** DEPTH-5 FEASIBLE: [1, 2, 5, 19, 107]
*** DEPTH-5 FEASIBLE: [1, 2, 5, 19, 108]
*** DEPTH-5 FEASIBLE: [1, 2, 5, 19, 109]
*** DEPTH-5 FEASIBLE: [1, 2, 5, 19, 110]
*** DEPTH-5 FEASIBLE: [1, 2, 5, 20, 58]
*** DEPTH-5 FEASIBLE: [1, 2, 5, 20, 59]
*** DEPTH-5 FEASIBLE: [1, 2, 5, 20, 60]
*** DEPTH-5 FEASIBLE: [1, 2, 5, 20, 61]
*** DEPTH-5 FEASIBLE: [1, 2, 5, 20, 62]
*** DEPTH-5 FEASIBLE: [1, 2, 5, 20, 63]
*** DEPTH-5 FEASIBLE: [1, 2, 5, 20, 64]
*** DEPTH-5 FEASIBLE: [1, 2, 5, 20, 88]
*** DEPTH-5 FEASIBLE: [1, 2, 5, 20, 89]
*** DEPTH-5 FEASIBLE: [1, 2, 5, 20, 90]
*** DEPTH-5 FEASIBLE: [1, 2, 5, 20, 91]
*** DEPTH-5 FEASIBLE: [1, 2, 5, 20, 92]
*** DEPTH-5 FEASIBLE: [1, 2, 5, 20, 93]
*** DEPTH-5 FEASIBLE: [1, 2, 5, 20, 94]
*** DEPTH-5 FEASIBLE: [1, 2, 5, 20, 95]
*** DEPTH-5 FEASIBLE: [1, 2, 5, 20, 96]
*** DEPTH-5 FEASIBLE: [1, 2, 5, 20, 97]
*** DEPTH-5 FEASIBLE: [1, 2, 5, 20, 98]
*** DEPTH-5 FEASIBLE: [1, 2, 5, 20, 99]
*** DEPTH-5 FEASIBLE: [1, 2, 5, 20, 100]
*** DEPTH-5 FEASIBLE: [1, 2, 5, 20, 101]
*** DEPTH-5 FEASIBLE: [1, 2, 5, 20, 102]
*** DEPTH-5 FEASIBLE: [1, 2, 5, 20, 103]
*** DEPTH-5 FEASIBLE: [1, 2, 5, 20, 104]
*** DEPTH-5 FEASIBLE: [1, 2, 5, 20, 105]
*** DEPTH-5 FEASIBLE: [1, 2, 5, 20, 106]
*** DEPTH-5 FEASIBLE: [1, 2, 5, 20, 107]
*** DEPTH-5 FEASIBLE: [1, 2, 5, 20, 108]
*** DEPTH-5 FEASIBLE: [1, 2, 5, 20, 109]
*** DEPTH-5 FEASIBLE: [1, 2, 5, 20, 110]
*** DEPTH-5 FEASIBLE: [1, 2, 5, 21, 61]
*** DEPTH-5 FEASIBLE: [1, 2, 5, 21, 62]
*** DEPTH-5 FEASIBLE: [1, 2, 5, 21, 63]
*** DEPTH-5 FEASIBLE: [1, 2, 5, 21, 64]
*** DEPTH-5 FEASIBLE: [1, 2, 5, 21, 65]
*** DEPTH-5 FEASIBLE: [1, 2, 5, 21, 66]
*** DEPTH-5 FEASIBLE: [1, 2, 5, 21, 67]
*** DEPTH-5 FEASIBLE: [1, 2, 5, 21, 68]
*** DEPTH-5 FEASIBLE: [1, 2, 5, 21, 69]
*** DEPTH-5 FEASIBLE: [1, 2, 5, 21, 95]
*** DEPTH-5 FEASIBLE: [1, 2, 5, 21, 96]
*** DEPTH-5 FEASIBLE: [1, 2, 5, 21, 97]
*** DEPTH-5 FEASIBLE: [1, 2, 5, 21, 98]
*** DEPTH-5 FEASIBLE: [1, 2, 5, 21, 99]
*** DEPTH-5 FEASIBLE: [1, 2, 5, 21, 100]
*** DEPTH-5 FEASIBLE: [1, 2, 5, 21, 101]
*** DEPTH-5 FEASIBLE: [1, 2, 5, 21, 102]
*** DEPTH-5 FEASIBLE: [1, 2, 5, 21, 103]
*** DEPTH-5 FEASIBLE: [1, 2, 5, 21, 104]
*** DEPTH-5 FEASIBLE: [1, 2, 5, 21, 105]
*** DEPTH-5 FEASIBLE: [1, 2, 5, 21, 106]
*** DEPTH-5 FEASIBLE: [1, 2, 5, 21, 107]
*** DEPTH-5 FEASIBLE: [1, 2, 5, 21, 108]
*** DEPTH-5 FEASIBLE: [1, 2, 5, 21, 109]
*** DEPTH-5 FEASIBLE: [1, 2, 5, 21, 110]
*** DEPTH-5 FEASIBLE: [1, 2, 5, 22, 64]
*** DEPTH-5 FEASIBLE: [1, 2, 5, 22, 65]
*** DEPTH-5 FEASIBLE: [1, 2, 5, 22, 66]
*** DEPTH-5 FEASIBLE: [1, 2, 5, 22, 67]
*** DEPTH-5 FEASIBLE: [1, 2, 5, 22, 68]
*** DEPTH-5 FEASIBLE: [1, 2, 5, 22, 69]
*** DEPTH-5 FEASIBLE: [1, 2, 5, 22, 70]
*** DEPTH-5 FEASIBLE: [1, 2, 5, 22, 71]
*** DEPTH-5 FEASIBLE: [1, 2, 5, 22, 101]
*** DEPTH-5 FEASIBLE: [1, 2, 5, 22, 102]
*** DEPTH-5 FEASIBLE: [1, 2, 5, 22, 103]
*** DEPTH-5 FEASIBLE: [1, 2, 5, 22, 104]
*** DEPTH-5 FEASIBLE: [1, 2, 5, 22, 105]
*** DEPTH-5 FEASIBLE: [1, 2, 5, 22, 106]
*** DEPTH-5 FEASIBLE: [1, 2, 5, 22, 107]
*** DEPTH-5 FEASIBLE: [1, 2, 5, 22, 108]
*** DEPTH-5 FEASIBLE: [1, 2, 5, 22, 109]
*** DEPTH-5 FEASIBLE: [1, 2, 5, 22, 110]
*** DEPTH-5 FEASIBLE: [1, 2, 5, 23, 67]
*** DEPTH-5 FEASIBLE: [1, 2, 5, 23, 68]
*** DEPTH-5 FEASIBLE: [1, 2, 5, 23, 69]
*** DEPTH-5 FEASIBLE: [1, 2, 5, 23, 70]
*** DEPTH-5 FEASIBLE: [1, 2, 5, 23, 71]
*** DEPTH-5 FEASIBLE: [1, 2, 5, 23, 72]
*** DEPTH-5 FEASIBLE: [1, 2, 5, 23, 73]
*** DEPTH-5 FEASIBLE: [1, 2, 5, 23, 74]
*** DEPTH-5 FEASIBLE: [1, 2, 5, 23, 102]
*** DEPTH-5 FEASIBLE: [1, 2, 5, 23, 103]
*** DEPTH-5 FEASIBLE: [1, 2, 5, 23, 104]
*** DEPTH-5 FEASIBLE: [1, 2, 5, 23, 105]
*** DEPTH-5 FEASIBLE: [1, 2, 5, 23, 106]
*** DEPTH-5 FEASIBLE: [1, 2, 5, 23, 107]
*** DEPTH-5 FEASIBLE: [1, 2, 5, 23, 108]
*** DEPTH-5 FEASIBLE: [1, 2, 5, 23, 109]
*** DEPTH-5 FEASIBLE: [1, 2, 5, 23, 110]
*** DEPTH-5 FEASIBLE: [1, 2, 5, 24, 70]
*** DEPTH-5 FEASIBLE: [1, 2, 5, 24, 71]
*** DEPTH-5 FEASIBLE: [1, 2, 5, 24, 72]
*** DEPTH-5 FEASIBLE: [1, 2, 5, 24, 73]
*** DEPTH-5 FEASIBLE: [1, 2, 5, 24, 74]
*** DEPTH-5 FEASIBLE: [1, 2, 5, 24, 75]
*** DEPTH-5 FEASIBLE: [1, 2, 5, 24, 76]
*** DEPTH-5 FEASIBLE: [1, 2, 5, 24, 77]
*** DEPTH-5 FEASIBLE: [1, 2, 5, 24, 109]
*** DEPTH-5 FEASIBLE: [1, 2, 5, 24, 110]
*** DEPTH-5 FEASIBLE: [1, 2, 5, 25, 73]
*** DEPTH-5 FEASIBLE: [1, 2, 5, 25, 74]
*** DEPTH-5 FEASIBLE: [1, 2, 5, 25, 75]
*** DEPTH-5 FEASIBLE: [1, 2, 5, 25, 76]
*** DEPTH-5 FEASIBLE: [1, 2, 5, 25, 77]
*** DEPTH-5 FEASIBLE: [1, 2, 5, 25, 78]
*** DEPTH-5 FEASIBLE: [1, 2, 5, 25, 79]
*** DEPTH-5 FEASIBLE: [1, 2, 5, 25, 80]
*** DEPTH-5 FEASIBLE: [1, 2, 5, 25, 81]
*** DEPTH-5 FEASIBLE: [1, 2, 5, 26, 76]
*** DEPTH-5 FEASIBLE: [1, 2, 5, 26, 77]
*** DEPTH-5 FEASIBLE: [1, 2, 5, 26, 78]
*** DEPTH-5 FEASIBLE: [1, 2, 5, 26, 79]
*** DEPTH-5 FEASIBLE: [1, 2, 5, 26, 80]
*** DEPTH-5 FEASIBLE: [1, 2, 5, 26, 81]
*** DEPTH-5 FEASIBLE: [1, 2, 5, 26, 82]
*** DEPTH-5 FEASIBLE: [1, 2, 5, 26, 83]
*** DEPTH-5 FEASIBLE: [1, 2, 5, 26, 84]
*** DEPTH-5 FEASIBLE: [1, 2, 5, 27, 79]
*** DEPTH-5 FEASIBLE: [1, 2, 5, 27, 80]
*** DEPTH-5 FEASIBLE: [1, 2, 5, 27, 81]
*** DEPTH-5 FEASIBLE: [1, 2, 5, 27, 82]
*** DEPTH-5 FEASIBLE: [1, 2, 5, 27, 83]
*** DEPTH-5 FEASIBLE: [1, 2, 5, 27, 84]
*** DEPTH-5 FEASIBLE: [1, 2, 5, 27, 85]
*** DEPTH-5 FEASIBLE: [1, 2, 5, 27, 86]
*** DEPTH-5 FEASIBLE: [1, 2, 5, 27, 87]
*** DEPTH-5 FEASIBLE: [1, 2, 5, 28, 82]
*** DEPTH-5 FEASIBLE: [1, 2, 5, 28, 83]
*** DEPTH-5 FEASIBLE: [1, 2, 5, 28, 84]
*** DEPTH-5 FEASIBLE: [1, 2, 5, 28, 85]
*** DEPTH-5 FEASIBLE: [1, 2, 5, 28, 86]
*** DEPTH-5 FEASIBLE: [1, 2, 5, 28, 87]
*** DEPTH-5 FEASIBLE: [1, 2, 5, 28, 88]
*** DEPTH-5 FEASIBLE: [1, 2, 5, 28, 91]
*** DEPTH-5 FEASIBLE: [1, 2, 5, 29, 85]
*** DEPTH-5 FEASIBLE: [1, 2, 5, 29, 86]
*** DEPTH-5 FEASIBLE: [1, 2, 5, 29, 87]
*** DEPTH-5 FEASIBLE: [1, 2, 5, 29, 88]
*** DEPTH-5 FEASIBLE: [1, 2, 5, 29, 89]
*** DEPTH-5 FEASIBLE: [1, 2, 5, 29, 90]
*** DEPTH-5 FEASIBLE: [1, 2, 5, 29, 91]
*** DEPTH-5 FEASIBLE: [1, 2, 5, 29, 92]
*** DEPTH-5 FEASIBLE: [1, 2, 5, 30, 88]
*** DEPTH-5 FEASIBLE: [1, 2, 5, 30, 89]
*** DEPTH-5 FEASIBLE: [1, 2, 5, 30, 90]
*** DEPTH-5 FEASIBLE: [1, 2, 5, 30, 91]
*** DEPTH-5 FEASIBLE: [1, 2, 5, 30, 92]
*** DEPTH-5 FEASIBLE: [1, 2, 5, 30, 93]
*** DEPTH-5 FEASIBLE: [1, 2, 5, 30, 94]
*** DEPTH-5 FEASIBLE: [1, 2, 5, 30, 95]
*** DEPTH-5 FEASIBLE: [1, 2, 5, 30, 96]
*** DEPTH-5 FEASIBLE: [1, 2, 5, 31, 91]
*** DEPTH-5 FEASIBLE: [1, 2, 5, 31, 92]
*** DEPTH-5 FEASIBLE: [1, 2, 5, 31, 93]
*** DEPTH-5 FEASIBLE: [1, 2, 5, 31, 94]
*** DEPTH-5 FEASIBLE: [1, 2, 5, 31, 95]
*** DEPTH-5 FEASIBLE: [1, 2, 5, 31, 96]
*** DEPTH-5 FEASIBLE: [1, 2, 5, 31, 97]
*** DEPTH-5 FEASIBLE: [1, 2, 5, 31, 98]
*** DEPTH-5 FEASIBLE: [1, 2, 5, 32, 94]
*** DEPTH-5 FEASIBLE: [1, 2, 5, 32, 95]
*** DEPTH-5 FEASIBLE: [1, 2, 5, 32, 96]
*** DEPTH-5 FEASIBLE: [1, 2, 5, 32, 97]
*** DEPTH-5 FEASIBLE: [1, 2, 5, 32, 98]
*** DEPTH-5 FEASIBLE: [1, 2, 5, 32, 99]
*** DEPTH-5 FEASIBLE: [1, 2, 5, 32, 100]
*** DEPTH-5 FEASIBLE: [1, 2, 5, 32, 101]
*** DEPTH-5 FEASIBLE: [1, 2, 5, 32, 102]
*** DEPTH-5 FEASIBLE: [1, 2, 5, 32, 103]
*** DEPTH-5 FEASIBLE: [1, 2, 5, 32, 104]
*** DEPTH-5 FEASIBLE: [1, 2, 5, 33, 97]
*** DEPTH-5 FEASIBLE: [1, 2, 5, 33, 98]
*** DEPTH-5 FEASIBLE: [1, 2, 5, 33, 99]
*** DEPTH-5 FEASIBLE: [1, 2, 5, 33, 100]
*** DEPTH-5 FEASIBLE: [1, 2, 5, 33, 101]
*** DEPTH-5 FEASIBLE: [1, 2, 5, 33, 102]
*** DEPTH-5 FEASIBLE: [1, 2, 5, 33, 103]
*** DEPTH-5 FEASIBLE: [1, 2, 5, 33, 104]
*** DEPTH-5 FEASIBLE: [1, 2, 5, 33, 105]
*** DEPTH-5 FEASIBLE: [1, 2, 5, 34, 100]
*** DEPTH-5 FEASIBLE: [1, 2, 5, 34, 101]
*** DEPTH-5 FEASIBLE: [1, 2, 5, 34, 102]
*** DEPTH-5 FEASIBLE: [1, 2, 5, 34, 103]
*** DEPTH-5 FEASIBLE: [1, 2, 5, 34, 104]
*** DEPTH-5 FEASIBLE: [1, 2, 5, 34, 105]
*** DEPTH-5 FEASIBLE: [1, 2, 5, 34, 106]
*** DEPTH-5 FEASIBLE: [1, 2, 5, 34, 107]
*** DEPTH-5 FEASIBLE: [1, 2, 5, 34, 108]
*** DEPTH-5 FEASIBLE: [1, 2, 5, 34, 109]
*** DEPTH-5 FEASIBLE: [1, 2, 5, 34, 110]
*** DEPTH-5 FEASIBLE: [1, 2, 5, 35, 103]
*** DEPTH-5 FEASIBLE: [1, 2, 5, 35, 104]
*** DEPTH-5 FEASIBLE: [1, 2, 5, 35, 105]
*** DEPTH-5 FEASIBLE: [1, 2, 5, 35, 106]
*** DEPTH-5 FEASIBLE: [1, 2, 5, 35, 107]
*** DEPTH-5 FEASIBLE: [1, 2, 5, 35, 108]
*** DEPTH-5 FEASIBLE: [1, 2, 5, 35, 109]
*** DEPTH-5 FEASIBLE: [1, 2, 5, 35, 110]
*** DEPTH-5 FEASIBLE: [1, 2, 5, 36, 106]
*** DEPTH-5 FEASIBLE: [1, 2, 5, 36, 107]
*** DEPTH-5 FEASIBLE: [1, 2, 5, 36, 108]
*** DEPTH-5 FEASIBLE: [1, 2, 5, 36, 109]
*** DEPTH-5 FEASIBLE: [1, 2, 5, 36, 110]
*** DEPTH-5 FEASIBLE: [1, 2, 5, 37, 109]
*** DEPTH-5 FEASIBLE: [1, 2, 5, 37, 110]
*** DEPTH-5 FEASIBLE: [1, 2, 6, 16, 46]
*** DEPTH-5 FEASIBLE: [1, 2, 6, 16, 47]
*** DEPTH-5 FEASIBLE: [1, 2, 6, 16, 48]
*** DEPTH-5 FEASIBLE: [1, 2, 6, 16, 69]
*** DEPTH-5 FEASIBLE: [1, 2, 6, 16, 70]
*** DEPTH-5 FEASIBLE: [1, 2, 6, 16, 71]
*** DEPTH-5 FEASIBLE: [1, 2, 6, 16, 72]
*** DEPTH-5 FEASIBLE: [1, 2, 6, 16, 73]
*** DEPTH-5 FEASIBLE: [1, 2, 6, 16, 74]
*** DEPTH-5 FEASIBLE: [1, 2, 6, 16, 75]
*** DEPTH-5 FEASIBLE: [1, 2, 6, 16, 76]
*** DEPTH-5 FEASIBLE: [1, 2, 6, 16, 77]
*** DEPTH-5 FEASIBLE: [1, 2, 6, 16, 78]
*** DEPTH-5 FEASIBLE: [1, 2, 6, 16, 79]
*** DEPTH-5 FEASIBLE: [1, 2, 6, 16, 80]
*** DEPTH-5 FEASIBLE: [1, 2, 6, 16, 81]
*** DEPTH-5 FEASIBLE: [1, 2, 6, 16, 82]
*** DEPTH-5 FEASIBLE: [1, 2, 6, 16, 83]
*** DEPTH-5 FEASIBLE: [1, 2, 6, 16, 84]
*** DEPTH-5 FEASIBLE: [1, 2, 6, 16, 85]
*** DEPTH-5 FEASIBLE: [1, 2, 6, 16, 86]
*** DEPTH-5 FEASIBLE: [1, 2, 6, 16, 87]
*** DEPTH-5 FEASIBLE: [1, 2, 6, 16, 88]
*** DEPTH-5 FEASIBLE: [1, 2, 6, 16, 89]
*** DEPTH-5 FEASIBLE: [1, 2, 6, 16, 90]
*** DEPTH-5 FEASIBLE: [1, 2, 6, 16, 91]
*** DEPTH-5 FEASIBLE: [1, 2, 6, 16, 92]
*** DEPTH-5 FEASIBLE: [1, 2, 6, 16, 93]
*** DEPTH-5 FEASIBLE: [1, 2, 6, 16, 94]
*** DEPTH-5 FEASIBLE: [1, 2, 6, 16, 95]
*** DEPTH-5 FEASIBLE: [1, 2, 6, 16, 96]
*** DEPTH-5 FEASIBLE: [1, 2, 6, 16, 97]
*** DEPTH-5 FEASIBLE: [1, 2, 6, 16, 98]
*** DEPTH-5 FEASIBLE: [1, 2, 6, 16, 99]
*** DEPTH-5 FEASIBLE: [1, 2, 6, 16, 100]
*** DEPTH-5 FEASIBLE: [1, 2, 6, 16, 101]
*** DEPTH-5 FEASIBLE: [1, 2, 6, 16, 102]
*** DEPTH-5 FEASIBLE: [1, 2, 6, 16, 103]
*** DEPTH-5 FEASIBLE: [1, 2, 6, 16, 104]
*** DEPTH-5 FEASIBLE: [1, 2, 6, 16, 105]
*** DEPTH-5 FEASIBLE: [1, 2, 6, 16, 106]
*** DEPTH-5 FEASIBLE: [1, 2, 6, 16, 107]
*** DEPTH-5 FEASIBLE: [1, 2, 6, 16, 108]
*** DEPTH-5 FEASIBLE: [1, 2, 6, 16, 109]
*** DEPTH-5 FEASIBLE: [1, 2, 6, 16, 110]
*** DEPTH-5 FEASIBLE: [1, 2, 6, 17, 49]
*** DEPTH-5 FEASIBLE: [1, 2, 6, 17, 50]
*** DEPTH-5 FEASIBLE: [1, 2, 6, 17, 76]
*** DEPTH-5 FEASIBLE: [1, 2, 6, 17, 77]
*** DEPTH-5 FEASIBLE: [1, 2, 6, 17, 78]
*** DEPTH-5 FEASIBLE: [1, 2, 6, 17, 79]
*** DEPTH-5 FEASIBLE: [1, 2, 6, 17, 80]
*** DEPTH-5 FEASIBLE: [1, 2, 6, 17, 81]
*** DEPTH-5 FEASIBLE: [1, 2, 6, 17, 82]
*** DEPTH-5 FEASIBLE: [1, 2, 6, 17, 83]
*** DEPTH-5 FEASIBLE: [1, 2, 6, 17, 84]
*** DEPTH-5 FEASIBLE: [1, 2, 6, 17, 85]
*** DEPTH-5 FEASIBLE: [1, 2, 6, 17, 86]
*** DEPTH-5 FEASIBLE: [1, 2, 6, 17, 87]
*** DEPTH-5 FEASIBLE: [1, 2, 6, 17, 88]
*** DEPTH-5 FEASIBLE: [1, 2, 6, 17, 89]
*** DEPTH-5 FEASIBLE: [1, 2, 6, 17, 90]
*** DEPTH-5 FEASIBLE: [1, 2, 6, 17, 91]
*** DEPTH-5 FEASIBLE: [1, 2, 6, 17, 92]
*** DEPTH-5 FEASIBLE: [1, 2, 6, 17, 93]
*** DEPTH-5 FEASIBLE: [1, 2, 6, 17, 94]
*** DEPTH-5 FEASIBLE: [1, 2, 6, 17, 95]
*** DEPTH-5 FEASIBLE: [1, 2, 6, 17, 96]
*** DEPTH-5 FEASIBLE: [1, 2, 6, 17, 97]
*** DEPTH-5 FEASIBLE: [1, 2, 6, 17, 98]
*** DEPTH-5 FEASIBLE: [1, 2, 6, 17, 99]
*** DEPTH-5 FEASIBLE: [1, 2, 6, 17, 100]
*** DEPTH-5 FEASIBLE: [1, 2, 6, 17, 101]
*** DEPTH-5 FEASIBLE: [1, 2, 6, 17, 102]
*** DEPTH-5 FEASIBLE: [1, 2, 6, 17, 103]
*** DEPTH-5 FEASIBLE: [1, 2, 6, 17, 104]
*** DEPTH-5 FEASIBLE: [1, 2, 6, 17, 105]
*** DEPTH-5 FEASIBLE: [1, 2, 6, 17, 106]
*** DEPTH-5 FEASIBLE: [1, 2, 6, 17, 107]
*** DEPTH-5 FEASIBLE: [1, 2, 6, 17, 108]
*** DEPTH-5 FEASIBLE: [1, 2, 6, 17, 109]
*** DEPTH-5 FEASIBLE: [1, 2, 6, 17, 110]
*** DEPTH-5 FEASIBLE: [1, 2, 6, 18, 52]
*** DEPTH-5 FEASIBLE: [1, 2, 6, 18, 53]
*** DEPTH-5 FEASIBLE: [1, 2, 6, 18, 54]
*** DEPTH-5 FEASIBLE: [1, 2, 6, 18, 55]
*** DEPTH-5 FEASIBLE: [1, 2, 6, 18, 80]
*** DEPTH-5 FEASIBLE: [1, 2, 6, 18, 81]
*** DEPTH-5 FEASIBLE: [1, 2, 6, 18, 82]
*** DEPTH-5 FEASIBLE: [1, 2, 6, 18, 83]
*** DEPTH-5 FEASIBLE: [1, 2, 6, 18, 84]
*** DEPTH-5 FEASIBLE: [1, 2, 6, 18, 85]
*** DEPTH-5 FEASIBLE: [1, 2, 6, 18, 86]
*** DEPTH-5 FEASIBLE: [1, 2, 6, 18, 87]
*** DEPTH-5 FEASIBLE: [1, 2, 6, 18, 88]
*** DEPTH-5 FEASIBLE: [1, 2, 6, 18, 89]
*** DEPTH-5 FEASIBLE: [1, 2, 6, 18, 90]
*** DEPTH-5 FEASIBLE: [1, 2, 6, 18, 91]
*** DEPTH-5 FEASIBLE: [1, 2, 6, 18, 92]
*** DEPTH-5 FEASIBLE: [1, 2, 6, 18, 93]
*** DEPTH-5 FEASIBLE: [1, 2, 6, 18, 94]
*** DEPTH-5 FEASIBLE: [1, 2, 6, 18, 95]
*** DEPTH-5 FEASIBLE: [1, 2, 6, 18, 96]
*** DEPTH-5 FEASIBLE: [1, 2, 6, 18, 97]
*** DEPTH-5 FEASIBLE: [1, 2, 6, 18, 98]
*** DEPTH-5 FEASIBLE: [1, 2, 6, 18, 99]
*** DEPTH-5 FEASIBLE: [1, 2, 6, 18, 100]
*** DEPTH-5 FEASIBLE: [1, 2, 6, 18, 101]
*** DEPTH-5 FEASIBLE: [1, 2, 6, 18, 102]
*** DEPTH-5 FEASIBLE: [1, 2, 6, 18, 103]
*** DEPTH-5 FEASIBLE: [1, 2, 6, 18, 104]
*** DEPTH-5 FEASIBLE: [1, 2, 6, 18, 105]
*** DEPTH-5 FEASIBLE: [1, 2, 6, 18, 106]
*** DEPTH-5 FEASIBLE: [1, 2, 6, 18, 107]
*** DEPTH-5 FEASIBLE: [1, 2, 6, 18, 108]
*** DEPTH-5 FEASIBLE: [1, 2, 6, 18, 109]
*** DEPTH-5 FEASIBLE: [1, 2, 6, 18, 110]
*** DEPTH-5 FEASIBLE: [1, 2, 6, 19, 55]
*** DEPTH-5 FEASIBLE: [1, 2, 6, 19, 56]
*** DEPTH-5 FEASIBLE: [1, 2, 6, 19, 57]
*** DEPTH-5 FEASIBLE: [1, 2, 6, 19, 58]
*** DEPTH-5 FEASIBLE: [1, 2, 6, 19, 83]
*** DEPTH-5 FEASIBLE: [1, 2, 6, 19, 85]
*** DEPTH-5 FEASIBLE: [1, 2, 6, 19, 86]
*** DEPTH-5 FEASIBLE: [1, 2, 6, 19, 87]
*** DEPTH-5 FEASIBLE: [1, 2, 6, 19, 88]
*** DEPTH-5 FEASIBLE: [1, 2, 6, 19, 89]
*** DEPTH-5 FEASIBLE: [1, 2, 6, 19, 90]
*** DEPTH-5 FEASIBLE: [1, 2, 6, 19, 91]
*** DEPTH-5 FEASIBLE: [1, 2, 6, 19, 92]
*** DEPTH-5 FEASIBLE: [1, 2, 6, 19, 93]
*** DEPTH-5 FEASIBLE: [1, 2, 6, 19, 94]
*** DEPTH-5 FEASIBLE: [1, 2, 6, 19, 95]
*** DEPTH-5 FEASIBLE: [1, 2, 6, 19, 96]
*** DEPTH-5 FEASIBLE: [1, 2, 6, 19, 97]
*** DEPTH-5 FEASIBLE: [1, 2, 6, 19, 98]
*** DEPTH-5 FEASIBLE: [1, 2, 6, 19, 99]
*** DEPTH-5 FEASIBLE: [1, 2, 6, 19, 100]
*** DEPTH-5 FEASIBLE: [1, 2, 6, 19, 101]
*** DEPTH-5 FEASIBLE: [1, 2, 6, 19, 102]
*** DEPTH-5 FEASIBLE: [1, 2, 6, 19, 103]
*** DEPTH-5 FEASIBLE: [1, 2, 6, 19, 104]
*** DEPTH-5 FEASIBLE: [1, 2, 6, 19, 105]
*** DEPTH-5 FEASIBLE: [1, 2, 6, 19, 106]
*** DEPTH-5 FEASIBLE: [1, 2, 6, 19, 107]
*** DEPTH-5 FEASIBLE: [1, 2, 6, 19, 108]
*** DEPTH-5 FEASIBLE: [1, 2, 6, 19, 109]
*** DEPTH-5 FEASIBLE: [1, 2, 6, 19, 110]
*** DEPTH-5 FEASIBLE: [1, 2, 6, 20, 58]
*** DEPTH-5 FEASIBLE: [1, 2, 6, 20, 59]
*** DEPTH-5 FEASIBLE: [1, 2, 6, 20, 60]
*** DEPTH-5 FEASIBLE: [1, 2, 6, 20, 61]
*** DEPTH-5 FEASIBLE: [1, 2, 6, 20, 62]
*** DEPTH-5 FEASIBLE: [1, 2, 6, 20, 90]
*** DEPTH-5 FEASIBLE: [1, 2, 6, 20, 91]
*** DEPTH-5 FEASIBLE: [1, 2, 6, 20, 92]
*** DEPTH-5 FEASIBLE: [1, 2, 6, 20, 93]
*** DEPTH-5 FEASIBLE: [1, 2, 6, 20, 94]
*** DEPTH-5 FEASIBLE: [1, 2, 6, 20, 95]
*** DEPTH-5 FEASIBLE: [1, 2, 6, 20, 96]
*** DEPTH-5 FEASIBLE: [1, 2, 6, 20, 97]
*** DEPTH-5 FEASIBLE: [1, 2, 6, 20, 98]
*** DEPTH-5 FEASIBLE: [1, 2, 6, 20, 99]
*** DEPTH-5 FEASIBLE: [1, 2, 6, 20, 100]
*** DEPTH-5 FEASIBLE: [1, 2, 6, 20, 101]
*** DEPTH-5 FEASIBLE: [1, 2, 6, 20, 102]
*** DEPTH-5 FEASIBLE: [1, 2, 6, 20, 103]
*** DEPTH-5 FEASIBLE: [1, 2, 6, 20, 104]
*** DEPTH-5 FEASIBLE: [1, 2, 6, 20, 105]
*** DEPTH-5 FEASIBLE: [1, 2, 6, 20, 106]
*** DEPTH-5 FEASIBLE: [1, 2, 6, 20, 107]
*** DEPTH-5 FEASIBLE: [1, 2, 6, 20, 108]
*** DEPTH-5 FEASIBLE: [1, 2, 6, 20, 109]
*** DEPTH-5 FEASIBLE: [1, 2, 6, 20, 110]
*** DEPTH-5 FEASIBLE: [1, 2, 6, 21, 61]
*** DEPTH-5 FEASIBLE: [1, 2, 6, 21, 62]
*** DEPTH-5 FEASIBLE: [1, 2, 6, 21, 63]
*** DEPTH-5 FEASIBLE: [1, 2, 6, 21, 64]
*** DEPTH-5 FEASIBLE: [1, 2, 6, 21, 65]
*** DEPTH-5 FEASIBLE: [1, 2, 6, 21, 96]
*** DEPTH-5 FEASIBLE: [1, 2, 6, 21, 97]
*** DEPTH-5 FEASIBLE: [1, 2, 6, 21, 98]
*** DEPTH-5 FEASIBLE: [1, 2, 6, 21, 99]
*** DEPTH-5 FEASIBLE: [1, 2, 6, 21, 100]
*** DEPTH-5 FEASIBLE: [1, 2, 6, 21, 101]
*** DEPTH-5 FEASIBLE: [1, 2, 6, 21, 102]
*** DEPTH-5 FEASIBLE: [1, 2, 6, 21, 103]
*** DEPTH-5 FEASIBLE: [1, 2, 6, 21, 104]
*** DEPTH-5 FEASIBLE: [1, 2, 6, 21, 105]
*** DEPTH-5 FEASIBLE: [1, 2, 6, 21, 106]
*** DEPTH-5 FEASIBLE: [1, 2, 6, 21, 107]
*** DEPTH-5 FEASIBLE: [1, 2, 6, 21, 108]
*** DEPTH-5 FEASIBLE: [1, 2, 6, 21, 109]
*** DEPTH-5 FEASIBLE: [1, 2, 6, 21, 110]
*** DEPTH-5 FEASIBLE: [1, 2, 6, 22, 64]
*** DEPTH-5 FEASIBLE: [1, 2, 6, 22, 65]
*** DEPTH-5 FEASIBLE: [1, 2, 6, 22, 66]
*** DEPTH-5 FEASIBLE: [1, 2, 6, 22, 67]
*** DEPTH-5 FEASIBLE: [1, 2, 6, 22, 68]
*** DEPTH-5 FEASIBLE: [1, 2, 6, 22, 69]
*** DEPTH-5 FEASIBLE: [1, 2, 6, 22, 101]
*** DEPTH-5 FEASIBLE: [1, 2, 6, 22, 102]
*** DEPTH-5 FEASIBLE: [1, 2, 6, 22, 103]
*** DEPTH-5 FEASIBLE: [1, 2, 6, 22, 104]
*** DEPTH-5 FEASIBLE: [1, 2, 6, 22, 105]
*** DEPTH-5 FEASIBLE: [1, 2, 6, 22, 106]
*** DEPTH-5 FEASIBLE: [1, 2, 6, 22, 107]
*** DEPTH-5 FEASIBLE: [1, 2, 6, 22, 108]
*** DEPTH-5 FEASIBLE: [1, 2, 6, 22, 109]
*** DEPTH-5 FEASIBLE: [1, 2, 6, 22, 110]
*** DEPTH-5 FEASIBLE: [1, 2, 6, 23, 67]
*** DEPTH-5 FEASIBLE: [1, 2, 6, 23, 68]
*** DEPTH-5 FEASIBLE: [1, 2, 6, 23, 69]
*** DEPTH-5 FEASIBLE: [1, 2, 6, 23, 70]
*** DEPTH-5 FEASIBLE: [1, 2, 6, 23, 71]
*** DEPTH-5 FEASIBLE: [1, 2, 6, 23, 72]
*** DEPTH-5 FEASIBLE: [1, 2, 6, 23, 108]
*** DEPTH-5 FEASIBLE: [1, 2, 6, 23, 109]
*** DEPTH-5 FEASIBLE: [1, 2, 6, 23, 110]
*** DEPTH-5 FEASIBLE: [1, 2, 6, 24, 70]
*** DEPTH-5 FEASIBLE: [1, 2, 6, 24, 71]
*** DEPTH-5 FEASIBLE: [1, 2, 6, 24, 72]
*** DEPTH-5 FEASIBLE: [1, 2, 6, 24, 73]
*** DEPTH-5 FEASIBLE: [1, 2, 6, 24, 74]
*** DEPTH-5 FEASIBLE: [1, 2, 6, 25, 73]
*** DEPTH-5 FEASIBLE: [1, 2, 6, 25, 74]
*** DEPTH-5 FEASIBLE: [1, 2, 6, 25, 75]
*** DEPTH-5 FEASIBLE: [1, 2, 6, 25, 76]
*** DEPTH-5 FEASIBLE: [1, 2, 6, 25, 77]
*** DEPTH-5 FEASIBLE: [1, 2, 6, 25, 78]
*** DEPTH-5 FEASIBLE: [1, 2, 6, 26, 76]
*** DEPTH-5 FEASIBLE: [1, 2, 6, 26, 77]
*** DEPTH-5 FEASIBLE: [1, 2, 6, 26, 78]
*** DEPTH-5 FEASIBLE: [1, 2, 6, 26, 79]
*** DEPTH-5 FEASIBLE: [1, 2, 6, 26, 80]
*** DEPTH-5 FEASIBLE: [1, 2, 6, 26, 81]
*** DEPTH-5 FEASIBLE: [1, 2, 6, 26, 82]
*** DEPTH-5 FEASIBLE: [1, 2, 6, 27, 79]
*** DEPTH-5 FEASIBLE: [1, 2, 6, 27, 80]
*** DEPTH-5 FEASIBLE: [1, 2, 6, 27, 81]
*** DEPTH-5 FEASIBLE: [1, 2, 6, 27, 82]
*** DEPTH-5 FEASIBLE: [1, 2, 6, 27, 83]
*** DEPTH-5 FEASIBLE: [1, 2, 6, 27, 84]
*** DEPTH-5 FEASIBLE: [1, 2, 6, 27, 85]
*** DEPTH-5 FEASIBLE: [1, 2, 6, 28, 82]
*** DEPTH-5 FEASIBLE: [1, 2, 6, 28, 83]
*** DEPTH-5 FEASIBLE: [1, 2, 6, 28, 84]
*** DEPTH-5 FEASIBLE: [1, 2, 6, 28, 85]
*** DEPTH-5 FEASIBLE: [1, 2, 6, 28, 86]
*** DEPTH-5 FEASIBLE: [1, 2, 6, 28, 87]
*** DEPTH-5 FEASIBLE: [1, 2, 6, 28, 88]
*** DEPTH-5 FEASIBLE: [1, 2, 6, 29, 85]
*** DEPTH-5 FEASIBLE: [1, 2, 6, 29, 86]
*** DEPTH-5 FEASIBLE: [1, 2, 6, 29, 87]
*** DEPTH-5 FEASIBLE: [1, 2, 6, 29, 88]
*** DEPTH-5 FEASIBLE: [1, 2, 6, 29, 89]
*** DEPTH-5 FEASIBLE: [1, 2, 6, 30, 88]
*** DEPTH-5 FEASIBLE: [1, 2, 6, 30, 89]
*** DEPTH-5 FEASIBLE: [1, 2, 6, 30, 90]
*** DEPTH-5 FEASIBLE: [1, 2, 6, 30, 91]
*** DEPTH-5 FEASIBLE: [1, 2, 6, 30, 92]
*** DEPTH-5 FEASIBLE: [1, 2, 6, 30, 93]
*** DEPTH-5 FEASIBLE: [1, 2, 6, 31, 91]
*** DEPTH-5 FEASIBLE: [1, 2, 6, 31, 92]
*** DEPTH-5 FEASIBLE: [1, 2, 6, 31, 93]
*** DEPTH-5 FEASIBLE: [1, 2, 6, 31, 94]
*** DEPTH-5 FEASIBLE: [1, 2, 6, 31, 95]
*** DEPTH-5 FEASIBLE: [1, 2, 6, 31, 96]
*** DEPTH-5 FEASIBLE: [1, 2, 6, 31, 97]
*** DEPTH-5 FEASIBLE: [1, 2, 6, 32, 94]
*** DEPTH-5 FEASIBLE: [1, 2, 6, 32, 95]
*** DEPTH-5 FEASIBLE: [1, 2, 6, 32, 96]
*** DEPTH-5 FEASIBLE: [1, 2, 6, 32, 97]
*** DEPTH-5 FEASIBLE: [1, 2, 6, 32, 98]
*** DEPTH-5 FEASIBLE: [1, 2, 6, 32, 99]
*** DEPTH-5 FEASIBLE: [1, 2, 6, 33, 97]
*** DEPTH-5 FEASIBLE: [1, 2, 6, 33, 98]
*** DEPTH-5 FEASIBLE: [1, 2, 6, 33, 99]
*** DEPTH-5 FEASIBLE: [1, 2, 6, 33, 100]
*** DEPTH-5 FEASIBLE: [1, 2, 6, 33, 101]
*** DEPTH-5 FEASIBLE: [1, 2, 6, 33, 102]
*** DEPTH-5 FEASIBLE: [1, 2, 6, 34, 100]
*** DEPTH-5 FEASIBLE: [1, 2, 6, 34, 101]
*** DEPTH-5 FEASIBLE: [1, 2, 6, 34, 102]
*** DEPTH-5 FEASIBLE: [1, 2, 6, 34, 103]
*** DEPTH-5 FEASIBLE: [1, 2, 6, 34, 104]
*** DEPTH-5 FEASIBLE: [1, 2, 6, 34, 105]
*** DEPTH-5 FEASIBLE: [1, 2, 6, 34, 106]
*** DEPTH-5 FEASIBLE: [1, 2, 6, 35, 103]
*** DEPTH-5 FEASIBLE: [1, 2, 6, 35, 104]
*** DEPTH-5 FEASIBLE: [1, 2, 6, 35, 105]
*** DEPTH-5 FEASIBLE: [1, 2, 6, 35, 106]
*** DEPTH-5 FEASIBLE: [1, 2, 6, 35, 107]
*** DEPTH-5 FEASIBLE: [1, 2, 6, 35, 109]
*** DEPTH-5 FEASIBLE: [1, 2, 6, 36, 106]
*** DEPTH-5 FEASIBLE: [1, 2, 6, 36, 107]
*** DEPTH-5 FEASIBLE: [1, 2, 6, 36, 108]
*** DEPTH-5 FEASIBLE: [1, 2, 6, 36, 109]
*** DEPTH-5 FEASIBLE: [1, 2, 6, 36, 110]
*** DEPTH-5 FEASIBLE: [1, 2, 6, 37, 109]
*** DEPTH-5 FEASIBLE: [1, 2, 6, 37, 110]
*** DEPTH-5 FEASIBLE: [1, 2, 7, 19, 55]
*** DEPTH-5 FEASIBLE: [1, 2, 7, 19, 56]
*** DEPTH-5 FEASIBLE: [1, 2, 7, 19, 57]
*** DEPTH-5 FEASIBLE: [1, 2, 7, 19, 58]
*** DEPTH-5 FEASIBLE: [1, 2, 7, 19, 92]
*** DEPTH-5 FEASIBLE: [1, 2, 7, 19, 93]
*** DEPTH-5 FEASIBLE: [1, 2, 7, 19, 94]
*** DEPTH-5 FEASIBLE: [1, 2, 7, 19, 95]
*** DEPTH-5 FEASIBLE: [1, 2, 7, 19, 96]
*** DEPTH-5 FEASIBLE: [1, 2, 7, 19, 97]
*** DEPTH-5 FEASIBLE: [1, 2, 7, 19, 98]
*** DEPTH-5 FEASIBLE: [1, 2, 7, 19, 99]
*** DEPTH-5 FEASIBLE: [1, 2, 7, 19, 100]
*** DEPTH-5 FEASIBLE: [1, 2, 7, 19, 101]
*** DEPTH-5 FEASIBLE: [1, 2, 7, 19, 102]
*** DEPTH-5 FEASIBLE: [1, 2, 7, 19, 103]
*** DEPTH-5 FEASIBLE: [1, 2, 7, 19, 104]
*** DEPTH-5 FEASIBLE: [1, 2, 7, 19, 105]
*** DEPTH-5 FEASIBLE: [1, 2, 7, 19, 106]
*** DEPTH-5 FEASIBLE: [1, 2, 7, 19, 107]
*** DEPTH-5 FEASIBLE: [1, 2, 7, 19, 108]
*** DEPTH-5 FEASIBLE: [1, 2, 7, 19, 109]
*** DEPTH-5 FEASIBLE: [1, 2, 7, 19, 110]
*** DEPTH-5 FEASIBLE: [1, 2, 7, 20, 58]
*** DEPTH-5 FEASIBLE: [1, 2, 7, 20, 59]
*** DEPTH-5 FEASIBLE: [1, 2, 7, 20, 99]
*** DEPTH-5 FEASIBLE: [1, 2, 7, 20, 100]
*** DEPTH-5 FEASIBLE: [1, 2, 7, 20, 101]
*** DEPTH-5 FEASIBLE: [1, 2, 7, 20, 102]
*** DEPTH-5 FEASIBLE: [1, 2, 7, 20, 103]
*** DEPTH-5 FEASIBLE: [1, 2, 7, 20, 104]
*** DEPTH-5 FEASIBLE: [1, 2, 7, 20, 105]
*** DEPTH-5 FEASIBLE: [1, 2, 7, 20, 106]
*** DEPTH-5 FEASIBLE: [1, 2, 7, 20, 107]
*** DEPTH-5 FEASIBLE: [1, 2, 7, 20, 108]
*** DEPTH-5 FEASIBLE: [1, 2, 7, 20, 109]
*** DEPTH-5 FEASIBLE: [1, 2, 7, 20, 110]
*** DEPTH-5 FEASIBLE: [1, 2, 7, 21, 61]
*** DEPTH-5 FEASIBLE: [1, 2, 7, 21, 62]
*** DEPTH-5 FEASIBLE: [1, 2, 7, 21, 63]
*** DEPTH-5 FEASIBLE: [1, 2, 7, 21, 96]
*** DEPTH-5 FEASIBLE: [1, 2, 7, 21, 97]
*** DEPTH-5 FEASIBLE: [1, 2, 7, 21, 98]
*** DEPTH-5 FEASIBLE: [1, 2, 7, 21, 99]
*** DEPTH-5 FEASIBLE: [1, 2, 7, 21, 100]
*** DEPTH-5 FEASIBLE: [1, 2, 7, 21, 101]
*** DEPTH-5 FEASIBLE: [1, 2, 7, 21, 102]
*** DEPTH-5 FEASIBLE: [1, 2, 7, 21, 103]
*** DEPTH-5 FEASIBLE: [1, 2, 7, 21, 104]
*** DEPTH-5 FEASIBLE: [1, 2, 7, 21, 105]
*** DEPTH-5 FEASIBLE: [1, 2, 7, 21, 106]
*** DEPTH-5 FEASIBLE: [1, 2, 7, 21, 107]
*** DEPTH-5 FEASIBLE: [1, 2, 7, 21, 108]
*** DEPTH-5 FEASIBLE: [1, 2, 7, 21, 109]
*** DEPTH-5 FEASIBLE: [1, 2, 7, 21, 110]
*** DEPTH-5 FEASIBLE: [1, 2, 7, 22, 64]
*** DEPTH-5 FEASIBLE: [1, 2, 7, 22, 65]
*** DEPTH-5 FEASIBLE: [1, 2, 7, 22, 66]
*** DEPTH-5 FEASIBLE: [1, 2, 7, 22, 103]
*** DEPTH-5 FEASIBLE: [1, 2, 7, 22, 104]
*** DEPTH-5 FEASIBLE: [1, 2, 7, 22, 105]
*** DEPTH-5 FEASIBLE: [1, 2, 7, 22, 106]
*** DEPTH-5 FEASIBLE: [1, 2, 7, 22, 107]
*** DEPTH-5 FEASIBLE: [1, 2, 7, 22, 108]
*** DEPTH-5 FEASIBLE: [1, 2, 7, 22, 109]
*** DEPTH-5 FEASIBLE: [1, 2, 7, 22, 110]
*** DEPTH-5 FEASIBLE: [1, 2, 7, 23, 67]
*** DEPTH-5 FEASIBLE: [1, 2, 7, 23, 68]
*** DEPTH-5 FEASIBLE: [1, 2, 7, 23, 69]
*** DEPTH-5 FEASIBLE: [1, 2, 7, 23, 70]
*** DEPTH-5 FEASIBLE: [1, 2, 7, 23, 108]
*** DEPTH-5 FEASIBLE: [1, 2, 7, 23, 109]
*** DEPTH-5 FEASIBLE: [1, 2, 7, 23, 110]
*** DEPTH-5 FEASIBLE: [1, 2, 7, 24, 70]
*** DEPTH-5 FEASIBLE: [1, 2, 7, 24, 71]
*** DEPTH-5 FEASIBLE: [1, 2, 7, 24, 72]
*** DEPTH-5 FEASIBLE: [1, 2, 7, 25, 73]
*** DEPTH-5 FEASIBLE: [1, 2, 7, 25, 74]
*** DEPTH-5 FEASIBLE: [1, 2, 7, 25, 75]
*** DEPTH-5 FEASIBLE: [1, 2, 7, 26, 76]
*** DEPTH-5 FEASIBLE: [1, 2, 7, 26, 77]
*** DEPTH-5 FEASIBLE: [1, 2, 7, 26, 78]
*** DEPTH-5 FEASIBLE: [1, 2, 7, 26, 79]
*** DEPTH-5 FEASIBLE: [1, 2, 7, 27, 79]
*** DEPTH-5 FEASIBLE: [1, 2, 7, 27, 80]
*** DEPTH-5 FEASIBLE: [1, 2, 7, 27, 81]
*** DEPTH-5 FEASIBLE: [1, 2, 7, 27, 82]
*** DEPTH-5 FEASIBLE: [1, 2, 7, 28, 82]
*** DEPTH-5 FEASIBLE: [1, 2, 7, 28, 83]
*** DEPTH-5 FEASIBLE: [1, 2, 7, 28, 84]
*** DEPTH-5 FEASIBLE: [1, 2, 7, 28, 85]
*** DEPTH-5 FEASIBLE: [1, 2, 7, 28, 86]
*** DEPTH-5 FEASIBLE: [1, 2, 7, 29, 85]
*** DEPTH-5 FEASIBLE: [1, 2, 7, 29, 86]
*** DEPTH-5 FEASIBLE: [1, 2, 7, 29, 87]
*** DEPTH-5 FEASIBLE: [1, 2, 7, 29, 88]
*** DEPTH-5 FEASIBLE: [1, 2, 7, 30, 88]
*** DEPTH-5 FEASIBLE: [1, 2, 7, 30, 89]
*** DEPTH-5 FEASIBLE: [1, 2, 7, 30, 90]
*** DEPTH-5 FEASIBLE: [1, 2, 7, 31, 91]
*** DEPTH-5 FEASIBLE: [1, 2, 7, 31, 92]
*** DEPTH-5 FEASIBLE: [1, 2, 7, 31, 93]
*** DEPTH-5 FEASIBLE: [1, 2, 7, 31, 94]
*** DEPTH-5 FEASIBLE: [1, 2, 7, 32, 94]
*** DEPTH-5 FEASIBLE: [1, 2, 7, 32, 95]
*** DEPTH-5 FEASIBLE: [1, 2, 7, 32, 96]
*** DEPTH-5 FEASIBLE: [1, 2, 7, 32, 97]
*** DEPTH-5 FEASIBLE: [1, 2, 7, 32, 98]
*** DEPTH-5 FEASIBLE: [1, 2, 7, 33, 97]
*** DEPTH-5 FEASIBLE: [1, 2, 7, 33, 98]
*** DEPTH-5 FEASIBLE: [1, 2, 7, 33, 99]
*** DEPTH-5 FEASIBLE: [1, 2, 7, 33, 100]
*** DEPTH-5 FEASIBLE: [1, 2, 7, 34, 100]
*** DEPTH-5 FEASIBLE: [1, 2, 7, 34, 101]
*** DEPTH-5 FEASIBLE: [1, 2, 7, 34, 102]
*** DEPTH-5 FEASIBLE: [1, 2, 7, 34, 103]
*** DEPTH-5 FEASIBLE: [1, 2, 7, 35, 103]
*** DEPTH-5 FEASIBLE: [1, 2, 7, 35, 104]
*** DEPTH-5 FEASIBLE: [1, 2, 7, 35, 105]
*** DEPTH-5 FEASIBLE: [1, 2, 7, 35, 106]
*** DEPTH-5 FEASIBLE: [1, 2, 7, 35, 107]
*** DEPTH-5 FEASIBLE: [1, 2, 7, 36, 106]
*** DEPTH-5 FEASIBLE: [1, 2, 7, 36, 107]
*** DEPTH-5 FEASIBLE: [1, 2, 7, 36, 108]
*** DEPTH-5 FEASIBLE: [1, 2, 7, 36, 109]
*** DEPTH-5 FEASIBLE: [1, 2, 7, 36, 110]
*** DEPTH-5 FEASIBLE: [1, 2, 7, 37, 109]
*** DEPTH-5 FEASIBLE: [1, 2, 7, 37, 110]
*** DEPTH-5 FEASIBLE: [1, 2, 8, 22, 64]
*** DEPTH-5 FEASIBLE: [1, 2, 8, 22, 107]
*** DEPTH-5 FEASIBLE: [1, 2, 8, 22, 108]
*** DEPTH-5 FEASIBLE: [1, 2, 8, 22, 109]
*** DEPTH-5 FEASIBLE: [1, 2, 8, 22, 110]
*** DEPTH-5 FEASIBLE: [1, 2, 8, 23, 67]
*** DEPTH-5 FEASIBLE: [1, 2, 8, 24, 70]
*** DEPTH-5 FEASIBLE: [1, 2, 8, 24, 71]
*** DEPTH-5 FEASIBLE: [1, 2, 8, 25, 73]
*** DEPTH-5 FEASIBLE: [1, 2, 8, 26, 76]
*** DEPTH-5 FEASIBLE: [1, 2, 8, 27, 79]
*** DEPTH-5 FEASIBLE: [1, 2, 8, 28, 82]
*** DEPTH-5 FEASIBLE: [1, 2, 8, 28, 83]
*** DEPTH-5 FEASIBLE: [1, 2, 8, 29, 85]
*** DEPTH-5 FEASIBLE: [1, 2, 8, 29, 86]
*** DEPTH-5 FEASIBLE: [1, 2, 8, 30, 88]
*** DEPTH-5 FEASIBLE: [1, 2, 8, 30, 89]
*** DEPTH-5 FEASIBLE: [1, 2, 8, 31, 91]
*** DEPTH-5 FEASIBLE: [1, 2, 8, 32, 94]
*** DEPTH-5 FEASIBLE: [1, 2, 8, 32, 95]
*** DEPTH-5 FEASIBLE: [1, 2, 8, 33, 97]
*** DEPTH-5 FEASIBLE: [1, 2, 8, 33, 98]
*** DEPTH-5 FEASIBLE: [1, 2, 8, 34, 100]
*** DEPTH-5 FEASIBLE: [1, 2, 8, 34, 101]
*** DEPTH-5 FEASIBLE: [1, 2, 8, 35, 103]
*** DEPTH-5 FEASIBLE: [1, 2, 8, 35, 104]
*** DEPTH-5 FEASIBLE: [1, 2, 8, 36, 106]
*** DEPTH-5 FEASIBLE: [1, 2, 8, 36, 107]
*** DEPTH-5 FEASIBLE: [1, 2, 8, 36, 108]
*** DEPTH-5 FEASIBLE: [1, 2, 8, 37, 109]
*** DEPTH-5 FEASIBLE: [1, 3, 7, 19, 55]
*** DEPTH-5 FEASIBLE: [1, 3, 7, 19, 56]
*** DEPTH-5 FEASIBLE: [1, 3, 7, 19, 99]
*** DEPTH-5 FEASIBLE: [1, 3, 7, 19, 100]
*** DEPTH-5 FEASIBLE: [1, 3, 7, 19, 101]
*** DEPTH-5 FEASIBLE: [1, 3, 7, 19, 102]
*** DEPTH-5 FEASIBLE: [1, 3, 7, 19, 103]
*** DEPTH-5 FEASIBLE: [1, 3, 7, 19, 104]
*** DEPTH-5 FEASIBLE: [1, 3, 7, 19, 105]
*** DEPTH-5 FEASIBLE: [1, 3, 7, 19, 106]
*** DEPTH-5 FEASIBLE: [1, 3, 7, 19, 107]
*** DEPTH-5 FEASIBLE: [1, 3, 7, 19, 108]
*** DEPTH-5 FEASIBLE: [1, 3, 7, 19, 109]
*** DEPTH-5 FEASIBLE: [1, 3, 7, 19, 110]
*** DEPTH-5 FEASIBLE: [1, 3, 7, 20, 58]
*** DEPTH-5 FEASIBLE: [1, 3, 7, 20, 59]
*** DEPTH-5 FEASIBLE: [1, 3, 7, 20, 99]
*** DEPTH-5 FEASIBLE: [1, 3, 7, 20, 100]
*** DEPTH-5 FEASIBLE: [1, 3, 7, 20, 101]
*** DEPTH-5 FEASIBLE: [1, 3, 7, 20, 102]
*** DEPTH-5 FEASIBLE: [1, 3, 7, 20, 103]
*** DEPTH-5 FEASIBLE: [1, 3, 7, 20, 104]
*** DEPTH-5 FEASIBLE: [1, 3, 7, 20, 105]
*** DEPTH-5 FEASIBLE: [1, 3, 7, 20, 106]
*** DEPTH-5 FEASIBLE: [1, 3, 7, 20, 107]
*** DEPTH-5 FEASIBLE: [1, 3, 7, 20, 108]
*** DEPTH-5 FEASIBLE: [1, 3, 7, 20, 109]
*** DEPTH-5 FEASIBLE: [1, 3, 7, 20, 110]
*** DEPTH-5 FEASIBLE: [1, 3, 7, 21, 61]
*** DEPTH-5 FEASIBLE: [1, 3, 7, 21, 62]
*** DEPTH-5 FEASIBLE: [1, 3, 7, 21, 63]
*** DEPTH-5 FEASIBLE: [1, 3, 7, 21, 96]
*** DEPTH-5 FEASIBLE: [1, 3, 7, 21, 97]
*** DEPTH-5 FEASIBLE: [1, 3, 7, 21, 98]
*** DEPTH-5 FEASIBLE: [1, 3, 7, 21, 99]
*** DEPTH-5 FEASIBLE: [1, 3, 7, 21, 100]
*** DEPTH-5 FEASIBLE: [1, 3, 7, 21, 101]
*** DEPTH-5 FEASIBLE: [1, 3, 7, 21, 102]
*** DEPTH-5 FEASIBLE: [1, 3, 7, 21, 103]
*** DEPTH-5 FEASIBLE: [1, 3, 7, 21, 104]
*** DEPTH-5 FEASIBLE: [1, 3, 7, 21, 105]
*** DEPTH-5 FEASIBLE: [1, 3, 7, 21, 106]
*** DEPTH-5 FEASIBLE: [1, 3, 7, 21, 107]
*** DEPTH-5 FEASIBLE: [1, 3, 7, 21, 108]
*** DEPTH-5 FEASIBLE: [1, 3, 7, 21, 109]
*** DEPTH-5 FEASIBLE: [1, 3, 7, 21, 110]
*** DEPTH-5 FEASIBLE: [1, 3, 7, 22, 64]
*** DEPTH-5 FEASIBLE: [1, 3, 7, 22, 65]
*** DEPTH-5 FEASIBLE: [1, 3, 7, 22, 66]
*** DEPTH-5 FEASIBLE: [1, 3, 7, 22, 107]
*** DEPTH-5 FEASIBLE: [1, 3, 7, 22, 108]
*** DEPTH-5 FEASIBLE: [1, 3, 7, 22, 109]
*** DEPTH-5 FEASIBLE: [1, 3, 7, 22, 110]
*** DEPTH-5 FEASIBLE: [1, 3, 7, 23, 67]
*** DEPTH-5 FEASIBLE: [1, 3, 7, 23, 68]
*** DEPTH-5 FEASIBLE: [1, 3, 7, 23, 69]
*** DEPTH-5 FEASIBLE: [1, 3, 7, 23, 70]
*** DEPTH-5 FEASIBLE: [1, 3, 7, 23, 108]
*** DEPTH-5 FEASIBLE: [1, 3, 7, 23, 109]
*** DEPTH-5 FEASIBLE: [1, 3, 7, 23, 110]
*** DEPTH-5 FEASIBLE: [1, 3, 7, 24, 70]
*** DEPTH-5 FEASIBLE: [1, 3, 7, 24, 71]
*** DEPTH-5 FEASIBLE: [1, 3, 7, 24, 72]
*** DEPTH-5 FEASIBLE: [1, 3, 7, 25, 73]
*** DEPTH-5 FEASIBLE: [1, 3, 7, 25, 74]
*** DEPTH-5 FEASIBLE: [1, 3, 7, 25, 75]
*** DEPTH-5 FEASIBLE: [1, 3, 7, 26, 76]
*** DEPTH-5 FEASIBLE: [1, 3, 7, 26, 77]
*** DEPTH-5 FEASIBLE: [1, 3, 7, 26, 78]
*** DEPTH-5 FEASIBLE: [1, 3, 7, 27, 79]
*** DEPTH-5 FEASIBLE: [1, 3, 7, 27, 80]
*** DEPTH-5 FEASIBLE: [1, 3, 7, 27, 81]
*** DEPTH-5 FEASIBLE: [1, 3, 7, 27, 82]
*** DEPTH-5 FEASIBLE: [1, 3, 7, 28, 82]
*** DEPTH-5 FEASIBLE: [1, 3, 7, 28, 83]
*** DEPTH-5 FEASIBLE: [1, 3, 7, 28, 84]
*** DEPTH-5 FEASIBLE: [1, 3, 7, 28, 85]
*** DEPTH-5 FEASIBLE: [1, 3, 7, 28, 86]
*** DEPTH-5 FEASIBLE: [1, 3, 7, 29, 85]
*** DEPTH-5 FEASIBLE: [1, 3, 7, 29, 86]
*** DEPTH-5 FEASIBLE: [1, 3, 7, 29, 87]
*** DEPTH-5 FEASIBLE: [1, 3, 7, 29, 88]
*** DEPTH-5 FEASIBLE: [1, 3, 7, 30, 88]
*** DEPTH-5 FEASIBLE: [1, 3, 7, 30, 89]
*** DEPTH-5 FEASIBLE: [1, 3, 7, 30, 90]
*** DEPTH-5 FEASIBLE: [1, 3, 7, 31, 91]
*** DEPTH-5 FEASIBLE: [1, 3, 7, 31, 92]
*** DEPTH-5 FEASIBLE: [1, 3, 7, 31, 93]
*** DEPTH-5 FEASIBLE: [1, 3, 7, 31, 94]
*** DEPTH-5 FEASIBLE: [1, 3, 7, 32, 94]
*** DEPTH-5 FEASIBLE: [1, 3, 7, 32, 95]
*** DEPTH-5 FEASIBLE: [1, 3, 7, 32, 96]
*** DEPTH-5 FEASIBLE: [1, 3, 7, 32, 97]
*** DEPTH-5 FEASIBLE: [1, 3, 7, 33, 97]
*** DEPTH-5 FEASIBLE: [1, 3, 7, 33, 98]
*** DEPTH-5 FEASIBLE: [1, 3, 7, 33, 99]
*** DEPTH-5 FEASIBLE: [1, 3, 7, 33, 100]
*** DEPTH-5 FEASIBLE: [1, 3, 7, 34, 100]
*** DEPTH-5 FEASIBLE: [1, 3, 7, 34, 101]
*** DEPTH-5 FEASIBLE: [1, 3, 7, 34, 102]
*** DEPTH-5 FEASIBLE: [1, 3, 7, 35, 103]
*** DEPTH-5 FEASIBLE: [1, 3, 7, 35, 104]
*** DEPTH-5 FEASIBLE: [1, 3, 7, 35, 105]
*** DEPTH-5 FEASIBLE: [1, 3, 7, 35, 106]
*** DEPTH-5 FEASIBLE: [1, 3, 7, 35, 107]
*** DEPTH-5 FEASIBLE: [1, 3, 7, 36, 106]
*** DEPTH-5 FEASIBLE: [1, 3, 7, 36, 107]
*** DEPTH-5 FEASIBLE: [1, 3, 7, 36, 108]
*** DEPTH-5 FEASIBLE: [1, 3, 7, 36, 110]
*** DEPTH-5 FEASIBLE: [1, 3, 7, 37, 109]
*** DEPTH-5 FEASIBLE: [1, 3, 7, 37, 110]
*** DEPTH-5 FEASIBLE: [1, 3, 8, 22, 64]
*** DEPTH-5 FEASIBLE: [1, 3, 8, 22, 107]
*** DEPTH-5 FEASIBLE: [1, 3, 8, 22, 108]
*** DEPTH-5 FEASIBLE: [1, 3, 8, 22, 109]
*** DEPTH-5 FEASIBLE: [1, 3, 8, 22, 110]
*** DEPTH-5 FEASIBLE: [1, 3, 8, 24, 70]
*** DEPTH-5 FEASIBLE: [1, 3, 8, 24, 71]
*** DEPTH-5 FEASIBLE: [1, 3, 8, 26, 76]
*** DEPTH-5 FEASIBLE: [1, 3, 8, 27, 79]
*** DEPTH-5 FEASIBLE: [1, 3, 8, 28, 82]
*** DEPTH-5 FEASIBLE: [1, 3, 8, 28, 83]
*** DEPTH-5 FEASIBLE: [1, 3, 8, 29, 85]
*** DEPTH-5 FEASIBLE: [1, 3, 8, 29, 86]
*** DEPTH-5 FEASIBLE: [1, 3, 8, 30, 88]
*** DEPTH-5 FEASIBLE: [1, 3, 8, 30, 89]
*** DEPTH-5 FEASIBLE: [1, 3, 8, 31, 91]
*** DEPTH-5 FEASIBLE: [1, 3, 8, 32, 94]
*** DEPTH-5 FEASIBLE: [1, 3, 8, 32, 95]
*** DEPTH-5 FEASIBLE: [1, 3, 8, 33, 97]
*** DEPTH-5 FEASIBLE: [1, 3, 8, 33, 98]
*** DEPTH-5 FEASIBLE: [1, 3, 8, 34, 100]
*** DEPTH-5 FEASIBLE: [1, 3, 8, 34, 101]
*** DEPTH-5 FEASIBLE: [1, 3, 8, 35, 103]
*** DEPTH-5 FEASIBLE: [1, 3, 8, 36, 106]
*** DEPTH-5 FEASIBLE: [1, 3, 8, 36, 107]
*** DEPTH-5 FEASIBLE: [1, 3, 8, 36, 108]
*** DEPTH-5 FEASIBLE: [1, 3, 8, 37, 109]
*** DEPTH-5 FEASIBLE: [2, 3, 7, 19, 55]
*** DEPTH-5 FEASIBLE: [2, 3, 7, 19, 56]
*** DEPTH-5 FEASIBLE: [2, 3, 7, 19, 99]
*** DEPTH-5 FEASIBLE: [2, 3, 7, 19, 100]
*** DEPTH-5 FEASIBLE: [2, 3, 7, 19, 101]
*** DEPTH-5 FEASIBLE: [2, 3, 7, 19, 102]
*** DEPTH-5 FEASIBLE: [2, 3, 7, 19, 103]
*** DEPTH-5 FEASIBLE: [2, 3, 7, 19, 104]
*** DEPTH-5 FEASIBLE: [2, 3, 7, 19, 105]
*** DEPTH-5 FEASIBLE: [2, 3, 7, 19, 106]
*** DEPTH-5 FEASIBLE: [2, 3, 7, 19, 107]
*** DEPTH-5 FEASIBLE: [2, 3, 7, 19, 108]
*** DEPTH-5 FEASIBLE: [2, 3, 7, 19, 109]
*** DEPTH-5 FEASIBLE: [2, 3, 7, 19, 110]
*** DEPTH-5 FEASIBLE: [2, 3, 7, 20, 58]
*** DEPTH-5 FEASIBLE: [2, 3, 7, 20, 59]
*** DEPTH-5 FEASIBLE: [2, 3, 7, 20, 99]
*** DEPTH-5 FEASIBLE: [2, 3, 7, 20, 100]
*** DEPTH-5 FEASIBLE: [2, 3, 7, 20, 101]
*** DEPTH-5 FEASIBLE: [2, 3, 7, 20, 102]
*** DEPTH-5 FEASIBLE: [2, 3, 7, 20, 103]
*** DEPTH-5 FEASIBLE: [2, 3, 7, 20, 104]
*** DEPTH-5 FEASIBLE: [2, 3, 7, 20, 105]
*** DEPTH-5 FEASIBLE: [2, 3, 7, 20, 106]
*** DEPTH-5 FEASIBLE: [2, 3, 7, 20, 107]
*** DEPTH-5 FEASIBLE: [2, 3, 7, 20, 108]
*** DEPTH-5 FEASIBLE: [2, 3, 7, 20, 109]
*** DEPTH-5 FEASIBLE: [2, 3, 7, 20, 110]
*** DEPTH-5 FEASIBLE: [2, 3, 7, 21, 61]
*** DEPTH-5 FEASIBLE: [2, 3, 7, 21, 62]
*** DEPTH-5 FEASIBLE: [2, 3, 7, 21, 63]
*** DEPTH-5 FEASIBLE: [2, 3, 7, 21, 96]
*** DEPTH-5 FEASIBLE: [2, 3, 7, 21, 97]
*** DEPTH-5 FEASIBLE: [2, 3, 7, 21, 98]
*** DEPTH-5 FEASIBLE: [2, 3, 7, 21, 99]
*** DEPTH-5 FEASIBLE: [2, 3, 7, 21, 100]
*** DEPTH-5 FEASIBLE: [2, 3, 7, 21, 101]
*** DEPTH-5 FEASIBLE: [2, 3, 7, 21, 102]
*** DEPTH-5 FEASIBLE: [2, 3, 7, 21, 103]
*** DEPTH-5 FEASIBLE: [2, 3, 7, 21, 104]
*** DEPTH-5 FEASIBLE: [2, 3, 7, 21, 105]
*** DEPTH-5 FEASIBLE: [2, 3, 7, 21, 106]
*** DEPTH-5 FEASIBLE: [2, 3, 7, 21, 107]
*** DEPTH-5 FEASIBLE: [2, 3, 7, 21, 108]
*** DEPTH-5 FEASIBLE: [2, 3, 7, 21, 109]
*** DEPTH-5 FEASIBLE: [2, 3, 7, 21, 110]
*** DEPTH-5 FEASIBLE: [2, 3, 7, 22, 64]
*** DEPTH-5 FEASIBLE: [2, 3, 7, 22, 65]
*** DEPTH-5 FEASIBLE: [2, 3, 7, 22, 66]
*** DEPTH-5 FEASIBLE: [2, 3, 7, 22, 107]
*** DEPTH-5 FEASIBLE: [2, 3, 7, 22, 108]
*** DEPTH-5 FEASIBLE: [2, 3, 7, 22, 109]
*** DEPTH-5 FEASIBLE: [2, 3, 7, 22, 110]
*** DEPTH-5 FEASIBLE: [2, 3, 7, 23, 67]
*** DEPTH-5 FEASIBLE: [2, 3, 7, 23, 68]
*** DEPTH-5 FEASIBLE: [2, 3, 7, 23, 69]
*** DEPTH-5 FEASIBLE: [2, 3, 7, 23, 70]
*** DEPTH-5 FEASIBLE: [2, 3, 7, 23, 108]
*** DEPTH-5 FEASIBLE: [2, 3, 7, 23, 109]
*** DEPTH-5 FEASIBLE: [2, 3, 7, 23, 110]
*** DEPTH-5 FEASIBLE: [2, 3, 7, 24, 70]
*** DEPTH-5 FEASIBLE: [2, 3, 7, 24, 71]
*** DEPTH-5 FEASIBLE: [2, 3, 7, 24, 72]
*** DEPTH-5 FEASIBLE: [2, 3, 7, 25, 73]
*** DEPTH-5 FEASIBLE: [2, 3, 7, 25, 74]
*** DEPTH-5 FEASIBLE: [2, 3, 7, 25, 75]
*** DEPTH-5 FEASIBLE: [2, 3, 7, 26, 76]
*** DEPTH-5 FEASIBLE: [2, 3, 7, 26, 77]
*** DEPTH-5 FEASIBLE: [2, 3, 7, 26, 78]
*** DEPTH-5 FEASIBLE: [2, 3, 7, 27, 79]
*** DEPTH-5 FEASIBLE: [2, 3, 7, 27, 80]
*** DEPTH-5 FEASIBLE: [2, 3, 7, 27, 81]
*** DEPTH-5 FEASIBLE: [2, 3, 7, 27, 82]
*** DEPTH-5 FEASIBLE: [2, 3, 7, 28, 82]
*** DEPTH-5 FEASIBLE: [2, 3, 7, 28, 83]
*** DEPTH-5 FEASIBLE: [2, 3, 7, 28, 84]
*** DEPTH-5 FEASIBLE: [2, 3, 7, 28, 85]
*** DEPTH-5 FEASIBLE: [2, 3, 7, 28, 86]
*** DEPTH-5 FEASIBLE: [2, 3, 7, 29, 85]
*** DEPTH-5 FEASIBLE: [2, 3, 7, 29, 86]
*** DEPTH-5 FEASIBLE: [2, 3, 7, 29, 87]
*** DEPTH-5 FEASIBLE: [2, 3, 7, 29, 88]
*** DEPTH-5 FEASIBLE: [2, 3, 7, 30, 88]
*** DEPTH-5 FEASIBLE: [2, 3, 7, 30, 89]
*** DEPTH-5 FEASIBLE: [2, 3, 7, 30, 90]
*** DEPTH-5 FEASIBLE: [2, 3, 7, 31, 91]
*** DEPTH-5 FEASIBLE: [2, 3, 7, 31, 92]
*** DEPTH-5 FEASIBLE: [2, 3, 7, 31, 93]
*** DEPTH-5 FEASIBLE: [2, 3, 7, 31, 94]
*** DEPTH-5 FEASIBLE: [2, 3, 7, 32, 94]
*** DEPTH-5 FEASIBLE: [2, 3, 7, 32, 95]
*** DEPTH-5 FEASIBLE: [2, 3, 7, 32, 96]
*** DEPTH-5 FEASIBLE: [2, 3, 7, 32, 97]
*** DEPTH-5 FEASIBLE: [2, 3, 7, 33, 97]
*** DEPTH-5 FEASIBLE: [2, 3, 7, 33, 98]
*** DEPTH-5 FEASIBLE: [2, 3, 7, 33, 99]
*** DEPTH-5 FEASIBLE: [2, 3, 7, 33, 100]
*** DEPTH-5 FEASIBLE: [2, 3, 7, 34, 100]
*** DEPTH-5 FEASIBLE: [2, 3, 7, 34, 101]
*** DEPTH-5 FEASIBLE: [2, 3, 7, 34, 102]
*** DEPTH-5 FEASIBLE: [2, 3, 7, 35, 103]
*** DEPTH-5 FEASIBLE: [2, 3, 7, 35, 104]
*** DEPTH-5 FEASIBLE: [2, 3, 7, 35, 105]
*** DEPTH-5 FEASIBLE: [2, 3, 7, 35, 106]
*** DEPTH-5 FEASIBLE: [2, 3, 7, 35, 107]
*** DEPTH-5 FEASIBLE: [2, 3, 7, 36, 106]
*** DEPTH-5 FEASIBLE: [2, 3, 7, 36, 107]
*** DEPTH-5 FEASIBLE: [2, 3, 7, 36, 108]
*** DEPTH-5 FEASIBLE: [2, 3, 7, 36, 110]
*** DEPTH-5 FEASIBLE: [2, 3, 7, 37, 109]
*** DEPTH-5 FEASIBLE: [2, 3, 7, 37, 110]
*** DEPTH-5 FEASIBLE: [2, 3, 8, 22, 64]
*** DEPTH-5 FEASIBLE: [2, 3, 8, 22, 107]
*** DEPTH-5 FEASIBLE: [2, 3, 8, 22, 108]
*** DEPTH-5 FEASIBLE: [2, 3, 8, 22, 109]
*** DEPTH-5 FEASIBLE: [2, 3, 8, 22, 110]
*** DEPTH-5 FEASIBLE: [2, 3, 8, 24, 70]
*** DEPTH-5 FEASIBLE: [2, 3, 8, 24, 71]
*** DEPTH-5 FEASIBLE: [2, 3, 8, 26, 76]
*** DEPTH-5 FEASIBLE: [2, 3, 8, 27, 79]
*** DEPTH-5 FEASIBLE: [2, 3, 8, 28, 82]
*** DEPTH-5 FEASIBLE: [2, 3, 8, 28, 83]
*** DEPTH-5 FEASIBLE: [2, 3, 8, 29, 85]
*** DEPTH-5 FEASIBLE: [2, 3, 8, 29, 86]
*** DEPTH-5 FEASIBLE: [2, 3, 8, 30, 88]
*** DEPTH-5 FEASIBLE: [2, 3, 8, 30, 89]
*** DEPTH-5 FEASIBLE: [2, 3, 8, 31, 91]
*** DEPTH-5 FEASIBLE: [2, 3, 8, 32, 94]
*** DEPTH-5 FEASIBLE: [2, 3, 8, 32, 95]
*** DEPTH-5 FEASIBLE: [2, 3, 8, 33, 97]
*** DEPTH-5 FEASIBLE: [2, 3, 8, 33, 98]
*** DEPTH-5 FEASIBLE: [2, 3, 8, 34, 100]
*** DEPTH-5 FEASIBLE: [2, 3, 8, 34, 101]
*** DEPTH-5 FEASIBLE: [2, 3, 8, 35, 103]
*** DEPTH-5 FEASIBLE: [2, 3, 8, 36, 106]
*** DEPTH-5 FEASIBLE: [2, 3, 8, 36, 107]
*** DEPTH-5 FEASIBLE: [2, 3, 8, 36, 108]
*** DEPTH-5 FEASIBLE: [2, 3, 8, 37, 109]
# DONE M=110: depth-5 feasible sets = [[1, 2, 4, 10, 28], [1, 2, 4, 10, 29], [1, 2, 4, 10, 30], [1, 2, 4, 10, 31], [1, 2, 4, 10, 32], [1, 2, 4, 10, 33], [1, 2, 4, 10, 34], [1, 2, 4, 10, 35], [1, 2, 4, 10, 36], [1, 2, 4, 10, 37], [1, 2, 4, 10, 38], [1, 2, 4, 10, 39], [1, 2, 4, 10, 40], [1, 2, 4, 10, 41], [1, 2, 4, 10, 42], [1, 2, 4, 10, 43], [1, 2, 4, 10, 44], [1, 2, 4, 10, 45], [1, 2, 4, 10, 46], [1, 2, 4, 10, 47], [1, 2, 4, 10, 48], [1, 2, 4, 10, 49], [1, 2, 4, 10, 50], [1, 2, 4, 10, 51], [1, 2, 4, 10, 52], [1, 2, 4, 10, 53], [1, 2, 4, 10, 54], [1, 2, 4, 10, 55], [1, 2, 4, 10, 56], [1, 2, 4, 10, 57], [1, 2, 4, 10, 58], [1, 2, 4, 10, 59], [1, 2, 4, 10, 60], [1, 2, 4, 10, 61], [1, 2, 4, 10, 62], [1, 2, 4, 10, 63], [1, 2, 4, 10, 64], [1, 2, 4, 10, 65], [1, 2, 4, 10, 66], [1, 2, 4, 10, 67], [1, 2, 4, 10, 68], [1, 2, 4, 10, 69], [1, 2, 4, 10, 70], [1, 2, 4, 10, 71], [1, 2, 4, 10, 72], [1, 2, 4, 10, 73], [1, 2, 4, 10, 74], [1, 2, 4, 10, 75], [1, 2, 4, 10, 76], [1, 2, 4, 10, 77], [1, 2, 4, 10, 78], [1, 2, 4, 10, 79], [1, 2, 4, 10, 80], [1, 2, 4, 10, 81], [1, 2, 4, 10, 82], [1, 2, 4, 10, 83], [1, 2, 4, 10, 84], [1, 2, 4, 10, 85], [1, 2, 4, 10, 86], [1, 2, 4, 10, 87], [1, 2, 4, 10, 88], [1, 2, 4, 10, 89], [1, 2, 4, 10, 90], [1, 2, 4, 10, 91], [1, 2, 4, 10, 92], [1, 2, 4, 10, 93], [1, 2, 4, 10, 94], [1, 2, 4, 10, 95], [1, 2, 4, 10, 96], [1, 2, 4, 10, 97], [1, 2, 4, 10, 98], [1, 2, 4, 10, 99], [1, 2, 4, 10, 100], [1, 2, 4, 10, 101], [1, 2, 4, 10, 102], [1, 2, 4, 10, 103], [1, 2, 4, 10, 104], [1, 2, 4, 10, 105], [1, 2, 4, 10, 106], [1, 2, 4, 10, 107], [1, 2, 4, 10, 108], [1, 2, 4, 10, 109], [1, 2, 4, 10, 110], [1, 2, 4, 11, 31], [1, 2, 4, 11, 32], [1, 2, 4, 11, 33], [1, 2, 4, 11, 34], [1, 2, 4, 11, 35], [1, 2, 4, 11, 36], [1, 2, 4, 11, 37], [1, 2, 4, 11, 38], [1, 2, 4, 11, 39], [1, 2, 4, 11, 40], [1, 2, 4, 11, 41], [1, 2, 4, 11, 42], [1, 2, 4, 11, 43], [1, 2, 4, 11, 44], [1, 2, 4, 11, 45], [1, 2, 4, 11, 46], [1, 2, 4, 11, 47], [1, 2, 4, 11, 48], [1, 2, 4, 11, 49], [1, 2, 4, 11, 50], [1, 2, 4, 11, 51], [1, 2, 4, 11, 52], [1, 2, 4, 11, 53], [1, 2, 4, 11, 54], [1, 2, 4, 11, 55], [1, 2, 4, 11, 56], [1, 2, 4, 11, 57], [1, 2, 4, 11, 58], [1, 2, 4, 11, 59], [1, 2, 4, 11, 60], [1, 2, 4, 11, 61], [1, 2, 4, 11, 62], [1, 2, 4, 11, 63], [1, 2, 4, 11, 64], [1, 2, 4, 11, 65], [1, 2, 4, 11, 66], [1, 2, 4, 11, 67], [1, 2, 4, 11, 68], [1, 2, 4, 11, 69], [1, 2, 4, 11, 70], [1, 2, 4, 11, 71], [1, 2, 4, 11, 72], [1, 2, 4, 11, 73], [1, 2, 4, 11, 74], [1, 2, 4, 11, 75], [1, 2, 4, 11, 76], [1, 2, 4, 11, 77], [1, 2, 4, 11, 78], [1, 2, 4, 11, 79], [1, 2, 4, 11, 80], [1, 2, 4, 11, 81], [1, 2, 4, 11, 82], [1, 2, 4, 11, 83], [1, 2, 4, 11, 84], [1, 2, 4, 11, 85], [1, 2, 4, 11, 86], [1, 2, 4, 11, 87], [1, 2, 4, 11, 88], [1, 2, 4, 11, 89], [1, 2, 4, 11, 90], [1, 2, 4, 11, 91], [1, 2, 4, 11, 92], [1, 2, 4, 11, 93], [1, 2, 4, 11, 94], [1, 2, 4, 11, 95], [1, 2, 4, 11, 96], [1, 2, 4, 11, 97], [1, 2, 4, 11, 98], [1, 2, 4, 11, 99], [1, 2, 4, 11, 100], [1, 2, 4, 11, 101], [1, 2, 4, 11, 102], [1, 2, 4, 11, 103], [1, 2, 4, 11, 104], [1, 2, 4, 11, 105], [1, 2, 4, 11, 106], [1, 2, 4, 11, 107], [1, 2, 4, 11, 108], [1, 2, 4, 11, 109], [1, 2, 4, 11, 110], [1, 2, 4, 12, 34], [1, 2, 4, 12, 35], [1, 2, 4, 12, 36], [1, 2, 4, 12, 37], [1, 2, 4, 12, 38], [1, 2, 4, 12, 39], [1, 2, 4, 12, 40], [1, 2, 4, 12, 46], [1, 2, 4, 12, 47], [1, 2, 4, 12, 48], [1, 2, 4, 12, 49], [1, 2, 4, 12, 50], [1, 2, 4, 12, 51], [1, 2, 4, 12, 52], [1, 2, 4, 12, 53], [1, 2, 4, 12, 54], [1, 2, 4, 12, 55], [1, 2, 4, 12, 56], [1, 2, 4, 12, 57], [1, 2, 4, 12, 58], [1, 2, 4, 12, 59], [1, 2, 4, 12, 60], [1, 2, 4, 12, 61], [1, 2, 4, 12, 62], [1, 2, 4, 12, 63], [1, 2, 4, 12, 64], [1, 2, 4, 12, 65], [1, 2, 4, 12, 66], [1, 2, 4, 12, 67], [1, 2, 4, 12, 68], [1, 2, 4, 12, 69], [1, 2, 4, 12, 70], [1, 2, 4, 12, 71], [1, 2, 4, 12, 72], [1, 2, 4, 12, 73], [1, 2, 4, 12, 74], [1, 2, 4, 12, 75], [1, 2, 4, 12, 76], [1, 2, 4, 12, 77], [1, 2, 4, 12, 78], [1, 2, 4, 12, 79], [1, 2, 4, 12, 80], [1, 2, 4, 12, 81], [1, 2, 4, 12, 82], [1, 2, 4, 12, 83], [1, 2, 4, 12, 84], [1, 2, 4, 12, 85], [1, 2, 4, 12, 86], [1, 2, 4, 12, 87], [1, 2, 4, 12, 88], [1, 2, 4, 12, 89], [1, 2, 4, 12, 90], [1, 2, 4, 12, 91], [1, 2, 4, 12, 92], [1, 2, 4, 12, 93], [1, 2, 4, 12, 94], [1, 2, 4, 12, 95], [1, 2, 4, 12, 96], [1, 2, 4, 12, 97], [1, 2, 4, 12, 98], [1, 2, 4, 12, 99], [1, 2, 4, 12, 100], [1, 2, 4, 12, 101], [1, 2, 4, 12, 102], [1, 2, 4, 12, 103], [1, 2, 4, 12, 104], [1, 2, 4, 12, 105], [1, 2, 4, 12, 106], [1, 2, 4, 12, 107], [1, 2, 4, 12, 108], [1, 2, 4, 12, 109], [1, 2, 4, 12, 110], [1, 2, 4, 13, 37], [1, 2, 4, 13, 38], [1, 2, 4, 13, 39], [1, 2, 4, 13, 40], [1, 2, 4, 13, 41], [1, 2, 4, 13, 42], [1, 2, 4, 13, 43], [1, 2, 4, 13, 44], [1, 2, 4, 13, 45], [1, 2, 4, 13, 46], [1, 2, 4, 13, 48], [1, 2, 4, 13, 49], [1, 2, 4, 13, 50], [1, 2, 4, 13, 51], [1, 2, 4, 13, 52], [1, 2, 4, 13, 53], [1, 2, 4, 13, 54], [1, 2, 4, 13, 55], [1, 2, 4, 13, 56], [1, 2, 4, 13, 57], [1, 2, 4, 13, 58], [1, 2, 4, 13, 59], [1, 2, 4, 13, 60], [1, 2, 4, 13, 61], [1, 2, 4, 13, 62], [1, 2, 4, 13, 63], [1, 2, 4, 13, 64], [1, 2, 4, 13, 65], [1, 2, 4, 13, 66], [1, 2, 4, 13, 67], [1, 2, 4, 13, 68], [1, 2, 4, 13, 69], [1, 2, 4, 13, 70], [1, 2, 4, 13, 71], [1, 2, 4, 13, 72], [1, 2, 4, 13, 73], [1, 2, 4, 13, 74], [1, 2, 4, 13, 75], [1, 2, 4, 13, 76], [1, 2, 4, 13, 77], [1, 2, 4, 13, 78], [1, 2, 4, 13, 79], [1, 2, 4, 13, 80], [1, 2, 4, 13, 81], [1, 2, 4, 13, 82], [1, 2, 4, 13, 83], [1, 2, 4, 13, 84], [1, 2, 4, 13, 85], [1, 2, 4, 13, 86], [1, 2, 4, 13, 87], [1, 2, 4, 13, 88], [1, 2, 4, 13, 89], [1, 2, 4, 13, 90], [1, 2, 4, 13, 91], [1, 2, 4, 13, 92], [1, 2, 4, 13, 93], [1, 2, 4, 13, 94], [1, 2, 4, 13, 95], [1, 2, 4, 13, 96], [1, 2, 4, 13, 97], [1, 2, 4, 13, 98], [1, 2, 4, 13, 99], [1, 2, 4, 13, 100], [1, 2, 4, 13, 101], [1, 2, 4, 13, 102], [1, 2, 4, 13, 103], [1, 2, 4, 13, 104], [1, 2, 4, 13, 105], [1, 2, 4, 13, 106], [1, 2, 4, 13, 107], [1, 2, 4, 13, 108], [1, 2, 4, 13, 109], [1, 2, 4, 13, 110], [1, 2, 4, 14, 40], [1, 2, 4, 14, 41], [1, 2, 4, 14, 42], [1, 2, 4, 14, 43], [1, 2, 4, 14, 44], [1, 2, 4, 14, 45], [1, 2, 4, 14, 46], [1, 2, 4, 14, 56], [1, 2, 4, 14, 57], [1, 2, 4, 14, 58], [1, 2, 4, 14, 59], [1, 2, 4, 14, 60], [1, 2, 4, 14, 61], [1, 2, 4, 14, 62], [1, 2, 4, 14, 63], [1, 2, 4, 14, 64], [1, 2, 4, 14, 65], [1, 2, 4, 14, 66], [1, 2, 4, 14, 67], [1, 2, 4, 14, 68], [1, 2, 4, 14, 69], [1, 2, 4, 14, 70], [1, 2, 4, 14, 71], [1, 2, 4, 14, 72], [1, 2, 4, 14, 73], [1, 2, 4, 14, 74], [1, 2, 4, 14, 75], [1, 2, 4, 14, 76], [1, 2, 4, 14, 77], [1, 2, 4, 14, 78], [1, 2, 4, 14, 79], [1, 2, 4, 14, 80], [1, 2, 4, 14, 81], [1, 2, 4, 14, 82], [1, 2, 4, 14, 83], [1, 2, 4, 14, 84], [1, 2, 4, 14, 85], [1, 2, 4, 14, 86], [1, 2, 4, 14, 87], [1, 2, 4, 14, 88], [1, 2, 4, 14, 89], [1, 2, 4, 14, 90], [1, 2, 4, 14, 91], [1, 2, 4, 14, 92], [1, 2, 4, 14, 93], [1, 2, 4, 14, 94], [1, 2, 4, 14, 95], [1, 2, 4, 14, 96], [1, 2, 4, 14, 97], [1, 2, 4, 14, 98], [1, 2, 4, 14, 99], [1, 2, 4, 14, 100], [1, 2, 4, 14, 101], [1, 2, 4, 14, 102], [1, 2, 4, 14, 103], [1, 2, 4, 14, 104], [1, 2, 4, 14, 105], [1, 2, 4, 14, 106], [1, 2, 4, 14, 107], [1, 2, 4, 14, 108], [1, 2, 4, 14, 109], [1, 2, 4, 14, 110], [1, 2, 4, 15, 43], [1, 2, 4, 15, 44], [1, 2, 4, 15, 45], [1, 2, 4, 15, 46], [1, 2, 4, 15, 47], [1, 2, 4, 15, 48], [1, 2, 4, 15, 55], [1, 2, 4, 15, 61], [1, 2, 4, 15, 62], [1, 2, 4, 15, 63], [1, 2, 4, 15, 64], [1, 2, 4, 15, 65], [1, 2, 4, 15, 66], [1, 2, 4, 15, 67], [1, 2, 4, 15, 68], [1, 2, 4, 15, 69], [1, 2, 4, 15, 70], [1, 2, 4, 15, 71], [1, 2, 4, 15, 72], [1, 2, 4, 15, 73], [1, 2, 4, 15, 74], [1, 2, 4, 15, 75], [1, 2, 4, 15, 76], [1, 2, 4, 15, 77], [1, 2, 4, 15, 78], [1, 2, 4, 15, 79], [1, 2, 4, 15, 80], [1, 2, 4, 15, 81], [1, 2, 4, 15, 82], [1, 2, 4, 15, 83], [1, 2, 4, 15, 84], [1, 2, 4, 15, 85], [1, 2, 4, 15, 86], [1, 2, 4, 15, 87], [1, 2, 4, 15, 88], [1, 2, 4, 15, 89], [1, 2, 4, 15, 90], [1, 2, 4, 15, 91], [1, 2, 4, 15, 92], [1, 2, 4, 15, 93], [1, 2, 4, 15, 94], [1, 2, 4, 15, 95], [1, 2, 4, 15, 96], [1, 2, 4, 15, 97], [1, 2, 4, 15, 98], [1, 2, 4, 15, 99], [1, 2, 4, 15, 100], [1, 2, 4, 15, 101], [1, 2, 4, 15, 102], [1, 2, 4, 15, 103], [1, 2, 4, 15, 104], [1, 2, 4, 15, 105], [1, 2, 4, 15, 106], [1, 2, 4, 15, 107], [1, 2, 4, 15, 108], [1, 2, 4, 15, 109], [1, 2, 4, 15, 110], [1, 2, 4, 16, 46], [1, 2, 4, 16, 47], [1, 2, 4, 16, 48], [1, 2, 4, 16, 49], [1, 2, 4, 16, 50], [1, 2, 4, 16, 51], [1, 2, 4, 16, 52], [1, 2, 4, 16, 53], [1, 2, 4, 16, 54], [1, 2, 4, 16, 55], [1, 2, 4, 16, 68], [1, 2, 4, 16, 69], [1, 2, 4, 16, 70], [1, 2, 4, 16, 71], [1, 2, 4, 16, 72], [1, 2, 4, 16, 73], [1, 2, 4, 16, 74], [1, 2, 4, 16, 75], [1, 2, 4, 16, 76], [1, 2, 4, 16, 77], [1, 2, 4, 16, 78], [1, 2, 4, 16, 79], [1, 2, 4, 16, 80], [1, 2, 4, 16, 81], [1, 2, 4, 16, 82], [1, 2, 4, 16, 83], [1, 2, 4, 16, 84], [1, 2, 4, 16, 85], [1, 2, 4, 16, 86], [1, 2, 4, 16, 87], [1, 2, 4, 16, 88], [1, 2, 4, 16, 89], [1, 2, 4, 16, 90], [1, 2, 4, 16, 91], [1, 2, 4, 16, 92], [1, 2, 4, 16, 93], [1, 2, 4, 16, 94], [1, 2, 4, 16, 95], [1, 2, 4, 16, 96], [1, 2, 4, 16, 97], [1, 2, 4, 16, 98], [1, 2, 4, 16, 99], [1, 2, 4, 16, 100], [1, 2, 4, 16, 101], [1, 2, 4, 16, 102], [1, 2, 4, 16, 103], [1, 2, 4, 16, 104], [1, 2, 4, 16, 105], [1, 2, 4, 16, 106], [1, 2, 4, 16, 107], [1, 2, 4, 16, 108], [1, 2, 4, 16, 109], [1, 2, 4, 16, 110], [1, 2, 4, 17, 49], [1, 2, 4, 17, 50], [1, 2, 4, 17, 51], [1, 2, 4, 17, 52], [1, 2, 4, 17, 53], [1, 2, 4, 17, 54], [1, 2, 4, 17, 55], [1, 2, 4, 17, 56], [1, 2, 4, 17, 57], [1, 2, 4, 17, 58], [1, 2, 4, 17, 72], [1, 2, 4, 17, 73], [1, 2, 4, 17, 74], [1, 2, 4, 17, 75], [1, 2, 4, 17, 76], [1, 2, 4, 17, 77], [1, 2, 4, 17, 78], [1, 2, 4, 17, 79], [1, 2, 4, 17, 80], [1, 2, 4, 17, 81], [1, 2, 4, 17, 82], [1, 2, 4, 17, 83], [1, 2, 4, 17, 84], [1, 2, 4, 17, 85], [1, 2, 4, 17, 86], [1, 2, 4, 17, 87], [1, 2, 4, 17, 88], [1, 2, 4, 17, 89], [1, 2, 4, 17, 90], [1, 2, 4, 17, 91], [1, 2, 4, 17, 92], [1, 2, 4, 17, 93], [1, 2, 4, 17, 94], [1, 2, 4, 17, 95], [1, 2, 4, 17, 96], [1, 2, 4, 17, 97], [1, 2, 4, 17, 98], [1, 2, 4, 17, 99], [1, 2, 4, 17, 100], [1, 2, 4, 17, 101], [1, 2, 4, 17, 102], [1, 2, 4, 17, 103], [1, 2, 4, 17, 104], [1, 2, 4, 17, 105], [1, 2, 4, 17, 106], [1, 2, 4, 17, 107], [1, 2, 4, 17, 108], [1, 2, 4, 17, 109], [1, 2, 4, 17, 110], [1, 2, 4, 18, 52], [1, 2, 4, 18, 53], [1, 2, 4, 18, 54], [1, 2, 4, 18, 55], [1, 2, 4, 18, 56], [1, 2, 4, 18, 57], [1, 2, 4, 18, 58], [1, 2, 4, 18, 59], [1, 2, 4, 18, 60], [1, 2, 4, 18, 61], [1, 2, 4, 18, 62], [1, 2, 4, 18, 79], [1, 2, 4, 18, 80], [1, 2, 4, 18, 81], [1, 2, 4, 18, 82], [1, 2, 4, 18, 83], [1, 2, 4, 18, 84], [1, 2, 4, 18, 85], [1, 2, 4, 18, 86], [1, 2, 4, 18, 87], [1, 2, 4, 18, 88], [1, 2, 4, 18, 89], [1, 2, 4, 18, 90], [1, 2, 4, 18, 91], [1, 2, 4, 18, 92], [1, 2, 4, 18, 93], [1, 2, 4, 18, 94], [1, 2, 4, 18, 95], [1, 2, 4, 18, 96], [1, 2, 4, 18, 97], [1, 2, 4, 18, 98], [1, 2, 4, 18, 99], [1, 2, 4, 18, 100], [1, 2, 4, 18, 101], [1, 2, 4, 18, 102], [1, 2, 4, 18, 103], [1, 2, 4, 18, 104], [1, 2, 4, 18, 105], [1, 2, 4, 18, 106], [1, 2, 4, 18, 107], [1, 2, 4, 18, 108], [1, 2, 4, 18, 109], [1, 2, 4, 18, 110], [1, 2, 4, 19, 55], [1, 2, 4, 19, 56], [1, 2, 4, 19, 57], [1, 2, 4, 19, 58], [1, 2, 4, 19, 59], [1, 2, 4, 19, 60], [1, 2, 4, 19, 61], [1, 2, 4, 19, 62], [1, 2, 4, 19, 63], [1, 2, 4, 19, 64], [1, 2, 4, 19, 80], [1, 2, 4, 19, 81], [1, 2, 4, 19, 82], [1, 2, 4, 19, 83], [1, 2, 4, 19, 84], [1, 2, 4, 19, 85], [1, 2, 4, 19, 86], [1, 2, 4, 19, 87], [1, 2, 4, 19, 88], [1, 2, 4, 19, 89], [1, 2, 4, 19, 90], [1, 2, 4, 19, 91], [1, 2, 4, 19, 92], [1, 2, 4, 19, 93], [1, 2, 4, 19, 94], [1, 2, 4, 19, 95], [1, 2, 4, 19, 96], [1, 2, 4, 19, 97], [1, 2, 4, 19, 98], [1, 2, 4, 19, 99], [1, 2, 4, 19, 100], [1, 2, 4, 19, 101], [1, 2, 4, 19, 102], [1, 2, 4, 19, 103], [1, 2, 4, 19, 104], [1, 2, 4, 19, 105], [1, 2, 4, 19, 106], [1, 2, 4, 19, 107], [1, 2, 4, 19, 108], [1, 2, 4, 19, 109], [1, 2, 4, 19, 110], [1, 2, 4, 20, 58], [1, 2, 4, 20, 59], [1, 2, 4, 20, 60], [1, 2, 4, 20, 61], [1, 2, 4, 20, 62], [1, 2, 4, 20, 63], [1, 2, 4, 20, 64], [1, 2, 4, 20, 65], [1, 2, 4, 20, 66], [1, 2, 4, 20, 67], [1, 2, 4, 20, 68], [1, 2, 4, 20, 88], [1, 2, 4, 20, 89], [1, 2, 4, 20, 90], [1, 2, 4, 20, 91], [1, 2, 4, 20, 92], [1, 2, 4, 20, 93], [1, 2, 4, 20, 94], [1, 2, 4, 20, 95], [1, 2, 4, 20, 96], [1, 2, 4, 20, 97], [1, 2, 4, 20, 98], [1, 2, 4, 20, 99], [1, 2, 4, 20, 100], [1, 2, 4, 20, 101], [1, 2, 4, 20, 102], [1, 2, 4, 20, 103], [1, 2, 4, 20, 104], [1, 2, 4, 20, 105], [1, 2, 4, 20, 106], [1, 2, 4, 20, 107], [1, 2, 4, 20, 108], [1, 2, 4, 20, 109], [1, 2, 4, 20, 110], [1, 2, 4, 21, 61], [1, 2, 4, 21, 62], [1, 2, 4, 21, 63], [1, 2, 4, 21, 64], [1, 2, 4, 21, 65], [1, 2, 4, 21, 66], [1, 2, 4, 21, 67], [1, 2, 4, 21, 68], [1, 2, 4, 21, 69], [1, 2, 4, 21, 70], [1, 2, 4, 21, 94], [1, 2, 4, 21, 95], [1, 2, 4, 21, 96], [1, 2, 4, 21, 97], [1, 2, 4, 21, 98], [1, 2, 4, 21, 99], [1, 2, 4, 21, 100], [1, 2, 4, 21, 101], [1, 2, 4, 21, 102], [1, 2, 4, 21, 103], [1, 2, 4, 21, 104], [1, 2, 4, 21, 105], [1, 2, 4, 21, 106], [1, 2, 4, 21, 107], [1, 2, 4, 21, 108], [1, 2, 4, 21, 109], [1, 2, 4, 21, 110], [1, 2, 4, 22, 64], [1, 2, 4, 22, 65], [1, 2, 4, 22, 66], [1, 2, 4, 22, 67], [1, 2, 4, 22, 68], [1, 2, 4, 22, 69], [1, 2, 4, 22, 70], [1, 2, 4, 22, 71], [1, 2, 4, 22, 72], [1, 2, 4, 22, 73], [1, 2, 4, 22, 101], [1, 2, 4, 22, 102], [1, 2, 4, 22, 103], [1, 2, 4, 22, 104], [1, 2, 4, 22, 105], [1, 2, 4, 22, 106], [1, 2, 4, 22, 107], [1, 2, 4, 22, 108], [1, 2, 4, 22, 109], [1, 2, 4, 22, 110], [1, 2, 4, 23, 67], [1, 2, 4, 23, 68], [1, 2, 4, 23, 69], [1, 2, 4, 23, 70], [1, 2, 4, 23, 71], [1, 2, 4, 23, 72], [1, 2, 4, 23, 73], [1, 2, 4, 23, 74], [1, 2, 4, 23, 75], [1, 2, 4, 23, 76], [1, 2, 4, 23, 102], [1, 2, 4, 23, 103], [1, 2, 4, 23, 104], [1, 2, 4, 23, 105], [1, 2, 4, 23, 106], [1, 2, 4, 23, 107], [1, 2, 4, 23, 108], [1, 2, 4, 23, 109], [1, 2, 4, 23, 110], [1, 2, 4, 24, 70], [1, 2, 4, 24, 71], [1, 2, 4, 24, 72], [1, 2, 4, 24, 73], [1, 2, 4, 24, 74], [1, 2, 4, 24, 75], [1, 2, 4, 24, 76], [1, 2, 4, 24, 77], [1, 2, 4, 24, 78], [1, 2, 4, 24, 79], [1, 2, 4, 24, 80], [1, 2, 4, 24, 81], [1, 2, 4, 24, 82], [1, 2, 4, 24, 83], [1, 2, 4, 24, 108], [1, 2, 4, 24, 109], [1, 2, 4, 24, 110], [1, 2, 4, 25, 73], [1, 2, 4, 25, 74], [1, 2, 4, 25, 75], [1, 2, 4, 25, 76], [1, 2, 4, 25, 77], [1, 2, 4, 25, 78], [1, 2, 4, 25, 79], [1, 2, 4, 25, 80], [1, 2, 4, 25, 81], [1, 2, 4, 25, 82], [1, 2, 4, 25, 83], [1, 2, 4, 26, 76], [1, 2, 4, 26, 77], [1, 2, 4, 26, 78], [1, 2, 4, 26, 79], [1, 2, 4, 26, 80], [1, 2, 4, 26, 81], [1, 2, 4, 26, 82], [1, 2, 4, 26, 83], [1, 2, 4, 26, 84], [1, 2, 4, 26, 85], [1, 2, 4, 26, 86], [1, 2, 4, 27, 79], [1, 2, 4, 27, 80], [1, 2, 4, 27, 81], [1, 2, 4, 27, 82], [1, 2, 4, 27, 83], [1, 2, 4, 27, 84], [1, 2, 4, 27, 85], [1, 2, 4, 27, 86], [1, 2, 4, 27, 87], [1, 2, 4, 27, 88], [1, 2, 4, 27, 89], [1, 2, 4, 27, 90], [1, 2, 4, 28, 82], [1, 2, 4, 28, 83], [1, 2, 4, 28, 84], [1, 2, 4, 28, 85], [1, 2, 4, 28, 86], [1, 2, 4, 28, 87], [1, 2, 4, 28, 88], [1, 2, 4, 28, 89], [1, 2, 4, 28, 90], [1, 2, 4, 28, 91], [1, 2, 4, 28, 92], [1, 2, 4, 28, 93], [1, 2, 4, 28, 94], [1, 2, 4, 29, 85], [1, 2, 4, 29, 86], [1, 2, 4, 29, 87], [1, 2, 4, 29, 88], [1, 2, 4, 29, 89], [1, 2, 4, 29, 90], [1, 2, 4, 29, 91], [1, 2, 4, 29, 92], [1, 2, 4, 29, 93], [1, 2, 4, 29, 94], [1, 2, 4, 29, 95], [1, 2, 4, 30, 88], [1, 2, 4, 30, 89], [1, 2, 4, 30, 90], [1, 2, 4, 30, 91], [1, 2, 4, 30, 92], [1, 2, 4, 30, 93], [1, 2, 4, 30, 94], [1, 2, 4, 30, 95], [1, 2, 4, 30, 96], [1, 2, 4, 30, 97], [1, 2, 4, 30, 98], [1, 2, 4, 31, 91], [1, 2, 4, 31, 92], [1, 2, 4, 31, 93], [1, 2, 4, 31, 94], [1, 2, 4, 31, 95], [1, 2, 4, 31, 96], [1, 2, 4, 31, 97], [1, 2, 4, 31, 98], [1, 2, 4, 31, 99], [1, 2, 4, 31, 100], [1, 2, 4, 31, 101], [1, 2, 4, 31, 102], [1, 2, 4, 31, 103], [1, 2, 4, 32, 94], [1, 2, 4, 32, 95], [1, 2, 4, 32, 96], [1, 2, 4, 32, 97], [1, 2, 4, 32, 98], [1, 2, 4, 32, 99], [1, 2, 4, 32, 100], [1, 2, 4, 32, 101], [1, 2, 4, 32, 102], [1, 2, 4, 32, 103], [1, 2, 4, 32, 104], [1, 2, 4, 32, 105], [1, 2, 4, 32, 106], [1, 2, 4, 33, 97], [1, 2, 4, 33, 98], [1, 2, 4, 33, 99], [1, 2, 4, 33, 100], [1, 2, 4, 33, 101], [1, 2, 4, 33, 102], [1, 2, 4, 33, 103], [1, 2, 4, 33, 104], [1, 2, 4, 33, 105], [1, 2, 4, 33, 106], [1, 2, 4, 33, 107], [1, 2, 4, 33, 108], [1, 2, 4, 33, 109], [1, 2, 4, 34, 100], [1, 2, 4, 34, 101], [1, 2, 4, 34, 102], [1, 2, 4, 34, 103], [1, 2, 4, 34, 104], [1, 2, 4, 34, 105], [1, 2, 4, 34, 106], [1, 2, 4, 34, 107], [1, 2, 4, 34, 108], [1, 2, 4, 34, 109], [1, 2, 4, 34, 110], [1, 2, 4, 35, 103], [1, 2, 4, 35, 104], [1, 2, 4, 35, 105], [1, 2, 4, 35, 106], [1, 2, 4, 35, 107], [1, 2, 4, 35, 108], [1, 2, 4, 35, 109], [1, 2, 4, 35, 110], [1, 2, 4, 36, 106], [1, 2, 4, 36, 107], [1, 2, 4, 36, 108], [1, 2, 4, 36, 109], [1, 2, 4, 36, 110], [1, 2, 4, 37, 109], [1, 2, 4, 37, 110], [1, 2, 5, 13, 37], [1, 2, 5, 13, 38], [1, 2, 5, 13, 39], [1, 2, 5, 13, 40], [1, 2, 5, 13, 41], [1, 2, 5, 13, 52], [1, 2, 5, 13, 53], [1, 2, 5, 13, 54], [1, 2, 5, 13, 55], [1, 2, 5, 13, 56], [1, 2, 5, 13, 57], [1, 2, 5, 13, 58], [1, 2, 5, 13, 59], [1, 2, 5, 13, 60], [1, 2, 5, 13, 61], [1, 2, 5, 13, 62], [1, 2, 5, 13, 63], [1, 2, 5, 13, 64], [1, 2, 5, 13, 65], [1, 2, 5, 13, 66], [1, 2, 5, 13, 67], [1, 2, 5, 13, 68], [1, 2, 5, 13, 69], [1, 2, 5, 13, 70], [1, 2, 5, 13, 71], [1, 2, 5, 13, 72], [1, 2, 5, 13, 73], [1, 2, 5, 13, 74], [1, 2, 5, 13, 75], [1, 2, 5, 13, 76], [1, 2, 5, 13, 77], [1, 2, 5, 13, 78], [1, 2, 5, 13, 79], [1, 2, 5, 13, 80], [1, 2, 5, 13, 81], [1, 2, 5, 13, 82], [1, 2, 5, 13, 83], [1, 2, 5, 13, 84], [1, 2, 5, 13, 85], [1, 2, 5, 13, 86], [1, 2, 5, 13, 87], [1, 2, 5, 13, 88], [1, 2, 5, 13, 89], [1, 2, 5, 13, 90], [1, 2, 5, 13, 91], [1, 2, 5, 13, 92], [1, 2, 5, 13, 93], [1, 2, 5, 13, 94], [1, 2, 5, 13, 95], [1, 2, 5, 13, 96], [1, 2, 5, 13, 97], [1, 2, 5, 13, 98], [1, 2, 5, 13, 99], [1, 2, 5, 13, 100], [1, 2, 5, 13, 101], [1, 2, 5, 13, 102], [1, 2, 5, 13, 103], [1, 2, 5, 13, 104], [1, 2, 5, 13, 105], [1, 2, 5, 13, 106], [1, 2, 5, 13, 107], [1, 2, 5, 13, 108], [1, 2, 5, 13, 109], [1, 2, 5, 13, 110], [1, 2, 5, 14, 40], [1, 2, 5, 14, 41], [1, 2, 5, 14, 42], [1, 2, 5, 14, 43], [1, 2, 5, 14, 44], [1, 2, 5, 14, 45], [1, 2, 5, 14, 46], [1, 2, 5, 14, 56], [1, 2, 5, 14, 57], [1, 2, 5, 14, 58], [1, 2, 5, 14, 59], [1, 2, 5, 14, 60], [1, 2, 5, 14, 61], [1, 2, 5, 14, 62], [1, 2, 5, 14, 63], [1, 2, 5, 14, 64], [1, 2, 5, 14, 65], [1, 2, 5, 14, 66], [1, 2, 5, 14, 67], [1, 2, 5, 14, 68], [1, 2, 5, 14, 69], [1, 2, 5, 14, 70], [1, 2, 5, 14, 71], [1, 2, 5, 14, 72], [1, 2, 5, 14, 73], [1, 2, 5, 14, 74], [1, 2, 5, 14, 75], [1, 2, 5, 14, 76], [1, 2, 5, 14, 77], [1, 2, 5, 14, 78], [1, 2, 5, 14, 79], [1, 2, 5, 14, 80], [1, 2, 5, 14, 81], [1, 2, 5, 14, 82], [1, 2, 5, 14, 83], [1, 2, 5, 14, 84], [1, 2, 5, 14, 85], [1, 2, 5, 14, 86], [1, 2, 5, 14, 87], [1, 2, 5, 14, 88], [1, 2, 5, 14, 89], [1, 2, 5, 14, 90], [1, 2, 5, 14, 91], [1, 2, 5, 14, 92], [1, 2, 5, 14, 93], [1, 2, 5, 14, 94], [1, 2, 5, 14, 95], [1, 2, 5, 14, 96], [1, 2, 5, 14, 97], [1, 2, 5, 14, 98], [1, 2, 5, 14, 99], [1, 2, 5, 14, 100], [1, 2, 5, 14, 101], [1, 2, 5, 14, 102], [1, 2, 5, 14, 103], [1, 2, 5, 14, 104], [1, 2, 5, 14, 105], [1, 2, 5, 14, 106], [1, 2, 5, 14, 107], [1, 2, 5, 14, 108], [1, 2, 5, 14, 109], [1, 2, 5, 14, 110], [1, 2, 5, 15, 43], [1, 2, 5, 15, 44], [1, 2, 5, 15, 45], [1, 2, 5, 15, 46], [1, 2, 5, 15, 47], [1, 2, 5, 15, 63], [1, 2, 5, 15, 64], [1, 2, 5, 15, 65], [1, 2, 5, 15, 66], [1, 2, 5, 15, 67], [1, 2, 5, 15, 68], [1, 2, 5, 15, 69], [1, 2, 5, 15, 70], [1, 2, 5, 15, 71], [1, 2, 5, 15, 72], [1, 2, 5, 15, 73], [1, 2, 5, 15, 74], [1, 2, 5, 15, 75], [1, 2, 5, 15, 76], [1, 2, 5, 15, 77], [1, 2, 5, 15, 78], [1, 2, 5, 15, 79], [1, 2, 5, 15, 80], [1, 2, 5, 15, 81], [1, 2, 5, 15, 82], [1, 2, 5, 15, 83], [1, 2, 5, 15, 84], [1, 2, 5, 15, 85], [1, 2, 5, 15, 86], [1, 2, 5, 15, 87], [1, 2, 5, 15, 88], [1, 2, 5, 15, 89], [1, 2, 5, 15, 90], [1, 2, 5, 15, 91], [1, 2, 5, 15, 92], [1, 2, 5, 15, 93], [1, 2, 5, 15, 94], [1, 2, 5, 15, 95], [1, 2, 5, 15, 96], [1, 2, 5, 15, 97], [1, 2, 5, 15, 98], [1, 2, 5, 15, 99], [1, 2, 5, 15, 100], [1, 2, 5, 15, 101], [1, 2, 5, 15, 102], [1, 2, 5, 15, 103], [1, 2, 5, 15, 104], [1, 2, 5, 15, 105], [1, 2, 5, 15, 106], [1, 2, 5, 15, 107], [1, 2, 5, 15, 108], [1, 2, 5, 15, 109], [1, 2, 5, 15, 110], [1, 2, 5, 16, 46], [1, 2, 5, 16, 47], [1, 2, 5, 16, 48], [1, 2, 5, 16, 49], [1, 2, 5, 16, 69], [1, 2, 5, 16, 70], [1, 2, 5, 16, 71], [1, 2, 5, 16, 72], [1, 2, 5, 16, 73], [1, 2, 5, 16, 74], [1, 2, 5, 16, 75], [1, 2, 5, 16, 76], [1, 2, 5, 16, 77], [1, 2, 5, 16, 78], [1, 2, 5, 16, 79], [1, 2, 5, 16, 80], [1, 2, 5, 16, 81], [1, 2, 5, 16, 82], [1, 2, 5, 16, 83], [1, 2, 5, 16, 84], [1, 2, 5, 16, 85], [1, 2, 5, 16, 86], [1, 2, 5, 16, 87], [1, 2, 5, 16, 88], [1, 2, 5, 16, 89], [1, 2, 5, 16, 90], [1, 2, 5, 16, 91], [1, 2, 5, 16, 92], [1, 2, 5, 16, 93], [1, 2, 5, 16, 94], [1, 2, 5, 16, 95], [1, 2, 5, 16, 96], [1, 2, 5, 16, 97], [1, 2, 5, 16, 98], [1, 2, 5, 16, 99], [1, 2, 5, 16, 100], [1, 2, 5, 16, 101], [1, 2, 5, 16, 102], [1, 2, 5, 16, 103], [1, 2, 5, 16, 104], [1, 2, 5, 16, 105], [1, 2, 5, 16, 106], [1, 2, 5, 16, 107], [1, 2, 5, 16, 108], [1, 2, 5, 16, 109], [1, 2, 5, 16, 110], [1, 2, 5, 17, 49], [1, 2, 5, 17, 50], [1, 2, 5, 17, 51], [1, 2, 5, 17, 52], [1, 2, 5, 17, 53], [1, 2, 5, 17, 54], [1, 2, 5, 17, 55], [1, 2, 5, 17, 56], [1, 2, 5, 17, 74], [1, 2, 5, 17, 75], [1, 2, 5, 17, 76], [1, 2, 5, 17, 77], [1, 2, 5, 17, 78], [1, 2, 5, 17, 79], [1, 2, 5, 17, 80], [1, 2, 5, 17, 81], [1, 2, 5, 17, 82], [1, 2, 5, 17, 83], [1, 2, 5, 17, 84], [1, 2, 5, 17, 85], [1, 2, 5, 17, 86], [1, 2, 5, 17, 87], [1, 2, 5, 17, 88], [1, 2, 5, 17, 89], [1, 2, 5, 17, 90], [1, 2, 5, 17, 91], [1, 2, 5, 17, 92], [1, 2, 5, 17, 93], [1, 2, 5, 17, 94], [1, 2, 5, 17, 95], [1, 2, 5, 17, 96], [1, 2, 5, 17, 97], [1, 2, 5, 17, 98], [1, 2, 5, 17, 99], [1, 2, 5, 17, 100], [1, 2, 5, 17, 101], [1, 2, 5, 17, 102], [1, 2, 5, 17, 103], [1, 2, 5, 17, 104], [1, 2, 5, 17, 105], [1, 2, 5, 17, 106], [1, 2, 5, 17, 107], [1, 2, 5, 17, 108], [1, 2, 5, 17, 109], [1, 2, 5, 17, 110], [1, 2, 5, 18, 52], [1, 2, 5, 18, 53], [1, 2, 5, 18, 54], [1, 2, 5, 18, 55], [1, 2, 5, 18, 56], [1, 2, 5, 18, 57], [1, 2, 5, 18, 58], [1, 2, 5, 18, 59], [1, 2, 5, 18, 79], [1, 2, 5, 18, 80], [1, 2, 5, 18, 81], [1, 2, 5, 18, 82], [1, 2, 5, 18, 83], [1, 2, 5, 18, 84], [1, 2, 5, 18, 85], [1, 2, 5, 18, 86], [1, 2, 5, 18, 87], [1, 2, 5, 18, 88], [1, 2, 5, 18, 89], [1, 2, 5, 18, 90], [1, 2, 5, 18, 91], [1, 2, 5, 18, 92], [1, 2, 5, 18, 93], [1, 2, 5, 18, 94], [1, 2, 5, 18, 95], [1, 2, 5, 18, 96], [1, 2, 5, 18, 97], [1, 2, 5, 18, 98], [1, 2, 5, 18, 99], [1, 2, 5, 18, 100], [1, 2, 5, 18, 101], [1, 2, 5, 18, 102], [1, 2, 5, 18, 103], [1, 2, 5, 18, 104], [1, 2, 5, 18, 105], [1, 2, 5, 18, 106], [1, 2, 5, 18, 107], [1, 2, 5, 18, 108], [1, 2, 5, 18, 109], [1, 2, 5, 18, 110], [1, 2, 5, 19, 55], [1, 2, 5, 19, 56], [1, 2, 5, 19, 57], [1, 2, 5, 19, 58], [1, 2, 5, 19, 59], [1, 2, 5, 19, 60], [1, 2, 5, 19, 61], [1, 2, 5, 19, 62], [1, 2, 5, 19, 83], [1, 2, 5, 19, 85], [1, 2, 5, 19, 86], [1, 2, 5, 19, 87], [1, 2, 5, 19, 88], [1, 2, 5, 19, 89], [1, 2, 5, 19, 90], [1, 2, 5, 19, 91], [1, 2, 5, 19, 92], [1, 2, 5, 19, 93], [1, 2, 5, 19, 94], [1, 2, 5, 19, 95], [1, 2, 5, 19, 96], [1, 2, 5, 19, 97], [1, 2, 5, 19, 98], [1, 2, 5, 19, 99], [1, 2, 5, 19, 100], [1, 2, 5, 19, 101], [1, 2, 5, 19, 102], [1, 2, 5, 19, 103], [1, 2, 5, 19, 104], [1, 2, 5, 19, 105], [1, 2, 5, 19, 106], [1, 2, 5, 19, 107], [1, 2, 5, 19, 108], [1, 2, 5, 19, 109], [1, 2, 5, 19, 110], [1, 2, 5, 20, 58], [1, 2, 5, 20, 59], [1, 2, 5, 20, 60], [1, 2, 5, 20, 61], [1, 2, 5, 20, 62], [1, 2, 5, 20, 63], [1, 2, 5, 20, 64], [1, 2, 5, 20, 88], [1, 2, 5, 20, 89], [1, 2, 5, 20, 90], [1, 2, 5, 20, 91], [1, 2, 5, 20, 92], [1, 2, 5, 20, 93], [1, 2, 5, 20, 94], [1, 2, 5, 20, 95], [1, 2, 5, 20, 96], [1, 2, 5, 20, 97], [1, 2, 5, 20, 98], [1, 2, 5, 20, 99], [1, 2, 5, 20, 100], [1, 2, 5, 20, 101], [1, 2, 5, 20, 102], [1, 2, 5, 20, 103], [1, 2, 5, 20, 104], [1, 2, 5, 20, 105], [1, 2, 5, 20, 106], [1, 2, 5, 20, 107], [1, 2, 5, 20, 108], [1, 2, 5, 20, 109], [1, 2, 5, 20, 110], [1, 2, 5, 21, 61], [1, 2, 5, 21, 62], [1, 2, 5, 21, 63], [1, 2, 5, 21, 64], [1, 2, 5, 21, 65], [1, 2, 5, 21, 66], [1, 2, 5, 21, 67], [1, 2, 5, 21, 68], [1, 2, 5, 21, 69], [1, 2, 5, 21, 95], [1, 2, 5, 21, 96], [1, 2, 5, 21, 97], [1, 2, 5, 21, 98], [1, 2, 5, 21, 99], [1, 2, 5, 21, 100], [1, 2, 5, 21, 101], [1, 2, 5, 21, 102], [1, 2, 5, 21, 103], [1, 2, 5, 21, 104], [1, 2, 5, 21, 105], [1, 2, 5, 21, 106], [1, 2, 5, 21, 107], [1, 2, 5, 21, 108], [1, 2, 5, 21, 109], [1, 2, 5, 21, 110], [1, 2, 5, 22, 64], [1, 2, 5, 22, 65], [1, 2, 5, 22, 66], [1, 2, 5, 22, 67], [1, 2, 5, 22, 68], [1, 2, 5, 22, 69], [1, 2, 5, 22, 70], [1, 2, 5, 22, 71], [1, 2, 5, 22, 101], [1, 2, 5, 22, 102], [1, 2, 5, 22, 103], [1, 2, 5, 22, 104], [1, 2, 5, 22, 105], [1, 2, 5, 22, 106], [1, 2, 5, 22, 107], [1, 2, 5, 22, 108], [1, 2, 5, 22, 109], [1, 2, 5, 22, 110], [1, 2, 5, 23, 67], [1, 2, 5, 23, 68], [1, 2, 5, 23, 69], [1, 2, 5, 23, 70], [1, 2, 5, 23, 71], [1, 2, 5, 23, 72], [1, 2, 5, 23, 73], [1, 2, 5, 23, 74], [1, 2, 5, 23, 102], [1, 2, 5, 23, 103], [1, 2, 5, 23, 104], [1, 2, 5, 23, 105], [1, 2, 5, 23, 106], [1, 2, 5, 23, 107], [1, 2, 5, 23, 108], [1, 2, 5, 23, 109], [1, 2, 5, 23, 110], [1, 2, 5, 24, 70], [1, 2, 5, 24, 71], [1, 2, 5, 24, 72], [1, 2, 5, 24, 73], [1, 2, 5, 24, 74], [1, 2, 5, 24, 75], [1, 2, 5, 24, 76], [1, 2, 5, 24, 77], [1, 2, 5, 24, 109], [1, 2, 5, 24, 110], [1, 2, 5, 25, 73], [1, 2, 5, 25, 74], [1, 2, 5, 25, 75], [1, 2, 5, 25, 76], [1, 2, 5, 25, 77], [1, 2, 5, 25, 78], [1, 2, 5, 25, 79], [1, 2, 5, 25, 80], [1, 2, 5, 25, 81], [1, 2, 5, 26, 76], [1, 2, 5, 26, 77], [1, 2, 5, 26, 78], [1, 2, 5, 26, 79], [1, 2, 5, 26, 80], [1, 2, 5, 26, 81], [1, 2, 5, 26, 82], [1, 2, 5, 26, 83], [1, 2, 5, 26, 84], [1, 2, 5, 27, 79], [1, 2, 5, 27, 80], [1, 2, 5, 27, 81], [1, 2, 5, 27, 82], [1, 2, 5, 27, 83], [1, 2, 5, 27, 84], [1, 2, 5, 27, 85], [1, 2, 5, 27, 86], [1, 2, 5, 27, 87], [1, 2, 5, 28, 82], [1, 2, 5, 28, 83], [1, 2, 5, 28, 84], [1, 2, 5, 28, 85], [1, 2, 5, 28, 86], [1, 2, 5, 28, 87], [1, 2, 5, 28, 88], [1, 2, 5, 28, 91], [1, 2, 5, 29, 85], [1, 2, 5, 29, 86], [1, 2, 5, 29, 87], [1, 2, 5, 29, 88], [1, 2, 5, 29, 89], [1, 2, 5, 29, 90], [1, 2, 5, 29, 91], [1, 2, 5, 29, 92], [1, 2, 5, 30, 88], [1, 2, 5, 30, 89], [1, 2, 5, 30, 90], [1, 2, 5, 30, 91], [1, 2, 5, 30, 92], [1, 2, 5, 30, 93], [1, 2, 5, 30, 94], [1, 2, 5, 30, 95], [1, 2, 5, 30, 96], [1, 2, 5, 31, 91], [1, 2, 5, 31, 92], [1, 2, 5, 31, 93], [1, 2, 5, 31, 94], [1, 2, 5, 31, 95], [1, 2, 5, 31, 96], [1, 2, 5, 31, 97], [1, 2, 5, 31, 98], [1, 2, 5, 32, 94], [1, 2, 5, 32, 95], [1, 2, 5, 32, 96], [1, 2, 5, 32, 97], [1, 2, 5, 32, 98], [1, 2, 5, 32, 99], [1, 2, 5, 32, 100], [1, 2, 5, 32, 101], [1, 2, 5, 32, 102], [1, 2, 5, 32, 103], [1, 2, 5, 32, 104], [1, 2, 5, 33, 97], [1, 2, 5, 33, 98], [1, 2, 5, 33, 99], [1, 2, 5, 33, 100], [1, 2, 5, 33, 101], [1, 2, 5, 33, 102], [1, 2, 5, 33, 103], [1, 2, 5, 33, 104], [1, 2, 5, 33, 105], [1, 2, 5, 34, 100], [1, 2, 5, 34, 101], [1, 2, 5, 34, 102], [1, 2, 5, 34, 103], [1, 2, 5, 34, 104], [1, 2, 5, 34, 105], [1, 2, 5, 34, 106], [1, 2, 5, 34, 107], [1, 2, 5, 34, 108], [1, 2, 5, 34, 109], [1, 2, 5, 34, 110], [1, 2, 5, 35, 103], [1, 2, 5, 35, 104], [1, 2, 5, 35, 105], [1, 2, 5, 35, 106], [1, 2, 5, 35, 107], [1, 2, 5, 35, 108], [1, 2, 5, 35, 109], [1, 2, 5, 35, 110], [1, 2, 5, 36, 106], [1, 2, 5, 36, 107], [1, 2, 5, 36, 108], [1, 2, 5, 36, 109], [1, 2, 5, 36, 110], [1, 2, 5, 37, 109], [1, 2, 5, 37, 110], [1, 2, 6, 16, 46], [1, 2, 6, 16, 47], [1, 2, 6, 16, 48], [1, 2, 6, 16, 69], [1, 2, 6, 16, 70], [1, 2, 6, 16, 71], [1, 2, 6, 16, 72], [1, 2, 6, 16, 73], [1, 2, 6, 16, 74], [1, 2, 6, 16, 75], [1, 2, 6, 16, 76], [1, 2, 6, 16, 77], [1, 2, 6, 16, 78], [1, 2, 6, 16, 79], [1, 2, 6, 16, 80], [1, 2, 6, 16, 81], [1, 2, 6, 16, 82], [1, 2, 6, 16, 83], [1, 2, 6, 16, 84], [1, 2, 6, 16, 85], [1, 2, 6, 16, 86], [1, 2, 6, 16, 87], [1, 2, 6, 16, 88], [1, 2, 6, 16, 89], [1, 2, 6, 16, 90], [1, 2, 6, 16, 91], [1, 2, 6, 16, 92], [1, 2, 6, 16, 93], [1, 2, 6, 16, 94], [1, 2, 6, 16, 95], [1, 2, 6, 16, 96], [1, 2, 6, 16, 97], [1, 2, 6, 16, 98], [1, 2, 6, 16, 99], [1, 2, 6, 16, 100], [1, 2, 6, 16, 101], [1, 2, 6, 16, 102], [1, 2, 6, 16, 103], [1, 2, 6, 16, 104], [1, 2, 6, 16, 105], [1, 2, 6, 16, 106], [1, 2, 6, 16, 107], [1, 2, 6, 16, 108], [1, 2, 6, 16, 109], [1, 2, 6, 16, 110], [1, 2, 6, 17, 49], [1, 2, 6, 17, 50], [1, 2, 6, 17, 76], [1, 2, 6, 17, 77], [1, 2, 6, 17, 78], [1, 2, 6, 17, 79], [1, 2, 6, 17, 80], [1, 2, 6, 17, 81], [1, 2, 6, 17, 82], [1, 2, 6, 17, 83], [1, 2, 6, 17, 84], [1, 2, 6, 17, 85], [1, 2, 6, 17, 86], [1, 2, 6, 17, 87], [1, 2, 6, 17, 88], [1, 2, 6, 17, 89], [1, 2, 6, 17, 90], [1, 2, 6, 17, 91], [1, 2, 6, 17, 92], [1, 2, 6, 17, 93], [1, 2, 6, 17, 94], [1, 2, 6, 17, 95], [1, 2, 6, 17, 96], [1, 2, 6, 17, 97], [1, 2, 6, 17, 98], [1, 2, 6, 17, 99], [1, 2, 6, 17, 100], [1, 2, 6, 17, 101], [1, 2, 6, 17, 102], [1, 2, 6, 17, 103], [1, 2, 6, 17, 104], [1, 2, 6, 17, 105], [1, 2, 6, 17, 106], [1, 2, 6, 17, 107], [1, 2, 6, 17, 108], [1, 2, 6, 17, 109], [1, 2, 6, 17, 110], [1, 2, 6, 18, 52], [1, 2, 6, 18, 53], [1, 2, 6, 18, 54], [1, 2, 6, 18, 55], [1, 2, 6, 18, 80], [1, 2, 6, 18, 81], [1, 2, 6, 18, 82], [1, 2, 6, 18, 83], [1, 2, 6, 18, 84], [1, 2, 6, 18, 85], [1, 2, 6, 18, 86], [1, 2, 6, 18, 87], [1, 2, 6, 18, 88], [1, 2, 6, 18, 89], [1, 2, 6, 18, 90], [1, 2, 6, 18, 91], [1, 2, 6, 18, 92], [1, 2, 6, 18, 93], [1, 2, 6, 18, 94], [1, 2, 6, 18, 95], [1, 2, 6, 18, 96], [1, 2, 6, 18, 97], [1, 2, 6, 18, 98], [1, 2, 6, 18, 99], [1, 2, 6, 18, 100], [1, 2, 6, 18, 101], [1, 2, 6, 18, 102], [1, 2, 6, 18, 103], [1, 2, 6, 18, 104], [1, 2, 6, 18, 105], [1, 2, 6, 18, 106], [1, 2, 6, 18, 107], [1, 2, 6, 18, 108], [1, 2, 6, 18, 109], [1, 2, 6, 18, 110], [1, 2, 6, 19, 55], [1, 2, 6, 19, 56], [1, 2, 6, 19, 57], [1, 2, 6, 19, 58], [1, 2, 6, 19, 83], [1, 2, 6, 19, 85], [1, 2, 6, 19, 86], [1, 2, 6, 19, 87], [1, 2, 6, 19, 88], [1, 2, 6, 19, 89], [1, 2, 6, 19, 90], [1, 2, 6, 19, 91], [1, 2, 6, 19, 92], [1, 2, 6, 19, 93], [1, 2, 6, 19, 94], [1, 2, 6, 19, 95], [1, 2, 6, 19, 96], [1, 2, 6, 19, 97], [1, 2, 6, 19, 98], [1, 2, 6, 19, 99], [1, 2, 6, 19, 100], [1, 2, 6, 19, 101], [1, 2, 6, 19, 102], [1, 2, 6, 19, 103], [1, 2, 6, 19, 104], [1, 2, 6, 19, 105], [1, 2, 6, 19, 106], [1, 2, 6, 19, 107], [1, 2, 6, 19, 108], [1, 2, 6, 19, 109], [1, 2, 6, 19, 110], [1, 2, 6, 20, 58], [1, 2, 6, 20, 59], [1, 2, 6, 20, 60], [1, 2, 6, 20, 61], [1, 2, 6, 20, 62], [1, 2, 6, 20, 90], [1, 2, 6, 20, 91], [1, 2, 6, 20, 92], [1, 2, 6, 20, 93], [1, 2, 6, 20, 94], [1, 2, 6, 20, 95], [1, 2, 6, 20, 96], [1, 2, 6, 20, 97], [1, 2, 6, 20, 98], [1, 2, 6, 20, 99], [1, 2, 6, 20, 100], [1, 2, 6, 20, 101], [1, 2, 6, 20, 102], [1, 2, 6, 20, 103], [1, 2, 6, 20, 104], [1, 2, 6, 20, 105], [1, 2, 6, 20, 106], [1, 2, 6, 20, 107], [1, 2, 6, 20, 108], [1, 2, 6, 20, 109], [1, 2, 6, 20, 110], [1, 2, 6, 21, 61], [1, 2, 6, 21, 62], [1, 2, 6, 21, 63], [1, 2, 6, 21, 64], [1, 2, 6, 21, 65], [1, 2, 6, 21, 96], [1, 2, 6, 21, 97], [1, 2, 6, 21, 98], [1, 2, 6, 21, 99], [1, 2, 6, 21, 100], [1, 2, 6, 21, 101], [1, 2, 6, 21, 102], [1, 2, 6, 21, 103], [1, 2, 6, 21, 104], [1, 2, 6, 21, 105], [1, 2, 6, 21, 106], [1, 2, 6, 21, 107], [1, 2, 6, 21, 108], [1, 2, 6, 21, 109], [1, 2, 6, 21, 110], [1, 2, 6, 22, 64], [1, 2, 6, 22, 65], [1, 2, 6, 22, 66], [1, 2, 6, 22, 67], [1, 2, 6, 22, 68], [1, 2, 6, 22, 69], [1, 2, 6, 22, 101], [1, 2, 6, 22, 102], [1, 2, 6, 22, 103], [1, 2, 6, 22, 104], [1, 2, 6, 22, 105], [1, 2, 6, 22, 106], [1, 2, 6, 22, 107], [1, 2, 6, 22, 108], [1, 2, 6, 22, 109], [1, 2, 6, 22, 110], [1, 2, 6, 23, 67], [1, 2, 6, 23, 68], [1, 2, 6, 23, 69], [1, 2, 6, 23, 70], [1, 2, 6, 23, 71], [1, 2, 6, 23, 72], [1, 2, 6, 23, 108], [1, 2, 6, 23, 109], [1, 2, 6, 23, 110], [1, 2, 6, 24, 70], [1, 2, 6, 24, 71], [1, 2, 6, 24, 72], [1, 2, 6, 24, 73], [1, 2, 6, 24, 74], [1, 2, 6, 25, 73], [1, 2, 6, 25, 74], [1, 2, 6, 25, 75], [1, 2, 6, 25, 76], [1, 2, 6, 25, 77], [1, 2, 6, 25, 78], [1, 2, 6, 26, 76], [1, 2, 6, 26, 77], [1, 2, 6, 26, 78], [1, 2, 6, 26, 79], [1, 2, 6, 26, 80], [1, 2, 6, 26, 81], [1, 2, 6, 26, 82], [1, 2, 6, 27, 79], [1, 2, 6, 27, 80], [1, 2, 6, 27, 81], [1, 2, 6, 27, 82], [1, 2, 6, 27, 83], [1, 2, 6, 27, 84], [1, 2, 6, 27, 85], [1, 2, 6, 28, 82], [1, 2, 6, 28, 83], [1, 2, 6, 28, 84], [1, 2, 6, 28, 85], [1, 2, 6, 28, 86], [1, 2, 6, 28, 87], [1, 2, 6, 28, 88], [1, 2, 6, 29, 85], [1, 2, 6, 29, 86], [1, 2, 6, 29, 87], [1, 2, 6, 29, 88], [1, 2, 6, 29, 89], [1, 2, 6, 30, 88], [1, 2, 6, 30, 89], [1, 2, 6, 30, 90], [1, 2, 6, 30, 91], [1, 2, 6, 30, 92], [1, 2, 6, 30, 93], [1, 2, 6, 31, 91], [1, 2, 6, 31, 92], [1, 2, 6, 31, 93], [1, 2, 6, 31, 94], [1, 2, 6, 31, 95], [1, 2, 6, 31, 96], [1, 2, 6, 31, 97], [1, 2, 6, 32, 94], [1, 2, 6, 32, 95], [1, 2, 6, 32, 96], [1, 2, 6, 32, 97], [1, 2, 6, 32, 98], [1, 2, 6, 32, 99], [1, 2, 6, 33, 97], [1, 2, 6, 33, 98], [1, 2, 6, 33, 99], [1, 2, 6, 33, 100], [1, 2, 6, 33, 101], [1, 2, 6, 33, 102], [1, 2, 6, 34, 100], [1, 2, 6, 34, 101], [1, 2, 6, 34, 102], [1, 2, 6, 34, 103], [1, 2, 6, 34, 104], [1, 2, 6, 34, 105], [1, 2, 6, 34, 106], [1, 2, 6, 35, 103], [1, 2, 6, 35, 104], [1, 2, 6, 35, 105], [1, 2, 6, 35, 106], [1, 2, 6, 35, 107], [1, 2, 6, 35, 109], [1, 2, 6, 36, 106], [1, 2, 6, 36, 107], [1, 2, 6, 36, 108], [1, 2, 6, 36, 109], [1, 2, 6, 36, 110], [1, 2, 6, 37, 109], [1, 2, 6, 37, 110], [1, 2, 7, 19, 55], [1, 2, 7, 19, 56], [1, 2, 7, 19, 57], [1, 2, 7, 19, 58], [1, 2, 7, 19, 92], [1, 2, 7, 19, 93], [1, 2, 7, 19, 94], [1, 2, 7, 19, 95], [1, 2, 7, 19, 96], [1, 2, 7, 19, 97], [1, 2, 7, 19, 98], [1, 2, 7, 19, 99], [1, 2, 7, 19, 100], [1, 2, 7, 19, 101], [1, 2, 7, 19, 102], [1, 2, 7, 19, 103], [1, 2, 7, 19, 104], [1, 2, 7, 19, 105], [1, 2, 7, 19, 106], [1, 2, 7, 19, 107], [1, 2, 7, 19, 108], [1, 2, 7, 19, 109], [1, 2, 7, 19, 110], [1, 2, 7, 20, 58], [1, 2, 7, 20, 59], [1, 2, 7, 20, 99], [1, 2, 7, 20, 100], [1, 2, 7, 20, 101], [1, 2, 7, 20, 102], [1, 2, 7, 20, 103], [1, 2, 7, 20, 104], [1, 2, 7, 20, 105], [1, 2, 7, 20, 106], [1, 2, 7, 20, 107], [1, 2, 7, 20, 108], [1, 2, 7, 20, 109], [1, 2, 7, 20, 110], [1, 2, 7, 21, 61], [1, 2, 7, 21, 62], [1, 2, 7, 21, 63], [1, 2, 7, 21, 96], [1, 2, 7, 21, 97], [1, 2, 7, 21, 98], [1, 2, 7, 21, 99], [1, 2, 7, 21, 100], [1, 2, 7, 21, 101], [1, 2, 7, 21, 102], [1, 2, 7, 21, 103], [1, 2, 7, 21, 104], [1, 2, 7, 21, 105], [1, 2, 7, 21, 106], [1, 2, 7, 21, 107], [1, 2, 7, 21, 108], [1, 2, 7, 21, 109], [1, 2, 7, 21, 110], [1, 2, 7, 22, 64], [1, 2, 7, 22, 65], [1, 2, 7, 22, 66], [1, 2, 7, 22, 103], [1, 2, 7, 22, 104], [1, 2, 7, 22, 105], [1, 2, 7, 22, 106], [1, 2, 7, 22, 107], [1, 2, 7, 22, 108], [1, 2, 7, 22, 109], [1, 2, 7, 22, 110], [1, 2, 7, 23, 67], [1, 2, 7, 23, 68], [1, 2, 7, 23, 69], [1, 2, 7, 23, 70], [1, 2, 7, 23, 108], [1, 2, 7, 23, 109], [1, 2, 7, 23, 110], [1, 2, 7, 24, 70], [1, 2, 7, 24, 71], [1, 2, 7, 24, 72], [1, 2, 7, 25, 73], [1, 2, 7, 25, 74], [1, 2, 7, 25, 75], [1, 2, 7, 26, 76], [1, 2, 7, 26, 77], [1, 2, 7, 26, 78], [1, 2, 7, 26, 79], [1, 2, 7, 27, 79], [1, 2, 7, 27, 80], [1, 2, 7, 27, 81], [1, 2, 7, 27, 82], [1, 2, 7, 28, 82], [1, 2, 7, 28, 83], [1, 2, 7, 28, 84], [1, 2, 7, 28, 85], [1, 2, 7, 28, 86], [1, 2, 7, 29, 85], [1, 2, 7, 29, 86], [1, 2, 7, 29, 87], [1, 2, 7, 29, 88], [1, 2, 7, 30, 88], [1, 2, 7, 30, 89], [1, 2, 7, 30, 90], [1, 2, 7, 31, 91], [1, 2, 7, 31, 92], [1, 2, 7, 31, 93], [1, 2, 7, 31, 94], [1, 2, 7, 32, 94], [1, 2, 7, 32, 95], [1, 2, 7, 32, 96], [1, 2, 7, 32, 97], [1, 2, 7, 32, 98], [1, 2, 7, 33, 97], [1, 2, 7, 33, 98], [1, 2, 7, 33, 99], [1, 2, 7, 33, 100], [1, 2, 7, 34, 100], [1, 2, 7, 34, 101], [1, 2, 7, 34, 102], [1, 2, 7, 34, 103], [1, 2, 7, 35, 103], [1, 2, 7, 35, 104], [1, 2, 7, 35, 105], [1, 2, 7, 35, 106], [1, 2, 7, 35, 107], [1, 2, 7, 36, 106], [1, 2, 7, 36, 107], [1, 2, 7, 36, 108], [1, 2, 7, 36, 109], [1, 2, 7, 36, 110], [1, 2, 7, 37, 109], [1, 2, 7, 37, 110], [1, 2, 8, 22, 64], [1, 2, 8, 22, 107], [1, 2, 8, 22, 108], [1, 2, 8, 22, 109], [1, 2, 8, 22, 110], [1, 2, 8, 23, 67], [1, 2, 8, 24, 70], [1, 2, 8, 24, 71], [1, 2, 8, 25, 73], [1, 2, 8, 26, 76], [1, 2, 8, 27, 79], [1, 2, 8, 28, 82], [1, 2, 8, 28, 83], [1, 2, 8, 29, 85], [1, 2, 8, 29, 86], [1, 2, 8, 30, 88], [1, 2, 8, 30, 89], [1, 2, 8, 31, 91], [1, 2, 8, 32, 94], [1, 2, 8, 32, 95], [1, 2, 8, 33, 97], [1, 2, 8, 33, 98], [1, 2, 8, 34, 100], [1, 2, 8, 34, 101], [1, 2, 8, 35, 103], [1, 2, 8, 35, 104], [1, 2, 8, 36, 106], [1, 2, 8, 36, 107], [1, 2, 8, 36, 108], [1, 2, 8, 37, 109], [1, 3, 7, 19, 55], [1, 3, 7, 19, 56], [1, 3, 7, 19, 99], [1, 3, 7, 19, 100], [1, 3, 7, 19, 101], [1, 3, 7, 19, 102], [1, 3, 7, 19, 103], [1, 3, 7, 19, 104], [1, 3, 7, 19, 105], [1, 3, 7, 19, 106], [1, 3, 7, 19, 107], [1, 3, 7, 19, 108], [1, 3, 7, 19, 109], [1, 3, 7, 19, 110], [1, 3, 7, 20, 58], [1, 3, 7, 20, 59], [1, 3, 7, 20, 99], [1, 3, 7, 20, 100], [1, 3, 7, 20, 101], [1, 3, 7, 20, 102], [1, 3, 7, 20, 103], [1, 3, 7, 20, 104], [1, 3, 7, 20, 105], [1, 3, 7, 20, 106], [1, 3, 7, 20, 107], [1, 3, 7, 20, 108], [1, 3, 7, 20, 109], [1, 3, 7, 20, 110], [1, 3, 7, 21, 61], [1, 3, 7, 21, 62], [1, 3, 7, 21, 63], [1, 3, 7, 21, 96], [1, 3, 7, 21, 97], [1, 3, 7, 21, 98], [1, 3, 7, 21, 99], [1, 3, 7, 21, 100], [1, 3, 7, 21, 101], [1, 3, 7, 21, 102], [1, 3, 7, 21, 103], [1, 3, 7, 21, 104], [1, 3, 7, 21, 105], [1, 3, 7, 21, 106], [1, 3, 7, 21, 107], [1, 3, 7, 21, 108], [1, 3, 7, 21, 109], [1, 3, 7, 21, 110], [1, 3, 7, 22, 64], [1, 3, 7, 22, 65], [1, 3, 7, 22, 66], [1, 3, 7, 22, 107], [1, 3, 7, 22, 108], [1, 3, 7, 22, 109], [1, 3, 7, 22, 110], [1, 3, 7, 23, 67], [1, 3, 7, 23, 68], [1, 3, 7, 23, 69], [1, 3, 7, 23, 70], [1, 3, 7, 23, 108], [1, 3, 7, 23, 109], [1, 3, 7, 23, 110], [1, 3, 7, 24, 70], [1, 3, 7, 24, 71], [1, 3, 7, 24, 72], [1, 3, 7, 25, 73], [1, 3, 7, 25, 74], [1, 3, 7, 25, 75], [1, 3, 7, 26, 76], [1, 3, 7, 26, 77], [1, 3, 7, 26, 78], [1, 3, 7, 27, 79], [1, 3, 7, 27, 80], [1, 3, 7, 27, 81], [1, 3, 7, 27, 82], [1, 3, 7, 28, 82], [1, 3, 7, 28, 83], [1, 3, 7, 28, 84], [1, 3, 7, 28, 85], [1, 3, 7, 28, 86], [1, 3, 7, 29, 85], [1, 3, 7, 29, 86], [1, 3, 7, 29, 87], [1, 3, 7, 29, 88], [1, 3, 7, 30, 88], [1, 3, 7, 30, 89], [1, 3, 7, 30, 90], [1, 3, 7, 31, 91], [1, 3, 7, 31, 92], [1, 3, 7, 31, 93], [1, 3, 7, 31, 94], [1, 3, 7, 32, 94], [1, 3, 7, 32, 95], [1, 3, 7, 32, 96], [1, 3, 7, 32, 97], [1, 3, 7, 33, 97], [1, 3, 7, 33, 98], [1, 3, 7, 33, 99], [1, 3, 7, 33, 100], [1, 3, 7, 34, 100], [1, 3, 7, 34, 101], [1, 3, 7, 34, 102], [1, 3, 7, 35, 103], [1, 3, 7, 35, 104], [1, 3, 7, 35, 105], [1, 3, 7, 35, 106], [1, 3, 7, 35, 107], [1, 3, 7, 36, 106], [1, 3, 7, 36, 107], [1, 3, 7, 36, 108], [1, 3, 7, 36, 110], [1, 3, 7, 37, 109], [1, 3, 7, 37, 110], [1, 3, 8, 22, 64], [1, 3, 8, 22, 107], [1, 3, 8, 22, 108], [1, 3, 8, 22, 109], [1, 3, 8, 22, 110], [1, 3, 8, 24, 70], [1, 3, 8, 24, 71], [1, 3, 8, 26, 76], [1, 3, 8, 27, 79], [1, 3, 8, 28, 82], [1, 3, 8, 28, 83], [1, 3, 8, 29, 85], [1, 3, 8, 29, 86], [1, 3, 8, 30, 88], [1, 3, 8, 30, 89], [1, 3, 8, 31, 91], [1, 3, 8, 32, 94], [1, 3, 8, 32, 95], [1, 3, 8, 33, 97], [1, 3, 8, 33, 98], [1, 3, 8, 34, 100], [1, 3, 8, 34, 101], [1, 3, 8, 35, 103], [1, 3, 8, 36, 106], [1, 3, 8, 36, 107], [1, 3, 8, 36, 108], [1, 3, 8, 37, 109], [2, 3, 7, 19, 55], [2, 3, 7, 19, 56], [2, 3, 7, 19, 99], [2, 3, 7, 19, 100], [2, 3, 7, 19, 101], [2, 3, 7, 19, 102], [2, 3, 7, 19, 103], [2, 3, 7, 19, 104], [2, 3, 7, 19, 105], [2, 3, 7, 19, 106], [2, 3, 7, 19, 107], [2, 3, 7, 19, 108], [2, 3, 7, 19, 109], [2, 3, 7, 19, 110], [2, 3, 7, 20, 58], [2, 3, 7, 20, 59], [2, 3, 7, 20, 99], [2, 3, 7, 20, 100], [2, 3, 7, 20, 101], [2, 3, 7, 20, 102], [2, 3, 7, 20, 103], [2, 3, 7, 20, 104], [2, 3, 7, 20, 105], [2, 3, 7, 20, 106], [2, 3, 7, 20, 107], [2, 3, 7, 20, 108], [2, 3, 7, 20, 109], [2, 3, 7, 20, 110], [2, 3, 7, 21, 61], [2, 3, 7, 21, 62], [2, 3, 7, 21, 63], [2, 3, 7, 21, 96], [2, 3, 7, 21, 97], [2, 3, 7, 21, 98], [2, 3, 7, 21, 99], [2, 3, 7, 21, 100], [2, 3, 7, 21, 101], [2, 3, 7, 21, 102], [2, 3, 7, 21, 103], [2, 3, 7, 21, 104], [2, 3, 7, 21, 105], [2, 3, 7, 21, 106], [2, 3, 7, 21, 107], [2, 3, 7, 21, 108], [2, 3, 7, 21, 109], [2, 3, 7, 21, 110], [2, 3, 7, 22, 64], [2, 3, 7, 22, 65], [2, 3, 7, 22, 66], [2, 3, 7, 22, 107], [2, 3, 7, 22, 108], [2, 3, 7, 22, 109], [2, 3, 7, 22, 110], [2, 3, 7, 23, 67], [2, 3, 7, 23, 68], [2, 3, 7, 23, 69], [2, 3, 7, 23, 70], [2, 3, 7, 23, 108], [2, 3, 7, 23, 109], [2, 3, 7, 23, 110], [2, 3, 7, 24, 70], [2, 3, 7, 24, 71], [2, 3, 7, 24, 72], [2, 3, 7, 25, 73], [2, 3, 7, 25, 74], [2, 3, 7, 25, 75], [2, 3, 7, 26, 76], [2, 3, 7, 26, 77], [2, 3, 7, 26, 78], [2, 3, 7, 27, 79], [2, 3, 7, 27, 80], [2, 3, 7, 27, 81], [2, 3, 7, 27, 82], [2, 3, 7, 28, 82], [2, 3, 7, 28, 83], [2, 3, 7, 28, 84], [2, 3, 7, 28, 85], [2, 3, 7, 28, 86], [2, 3, 7, 29, 85], [2, 3, 7, 29, 86], [2, 3, 7, 29, 87], [2, 3, 7, 29, 88], [2, 3, 7, 30, 88], [2, 3, 7, 30, 89], [2, 3, 7, 30, 90], [2, 3, 7, 31, 91], [2, 3, 7, 31, 92], [2, 3, 7, 31, 93], [2, 3, 7, 31, 94], [2, 3, 7, 32, 94], [2, 3, 7, 32, 95], [2, 3, 7, 32, 96], [2, 3, 7, 32, 97], [2, 3, 7, 33, 97], [2, 3, 7, 33, 98], [2, 3, 7, 33, 99], [2, 3, 7, 33, 100], [2, 3, 7, 34, 100], [2, 3, 7, 34, 101], [2, 3, 7, 34, 102], [2, 3, 7, 35, 103], [2, 3, 7, 35, 104], [2, 3, 7, 35, 105], [2, 3, 7, 35, 106], [2, 3, 7, 35, 107], [2, 3, 7, 36, 106], [2, 3, 7, 36, 107], [2, 3, 7, 36, 108], [2, 3, 7, 36, 110], [2, 3, 7, 37, 109], [2, 3, 7, 37, 110], [2, 3, 8, 22, 64], [2, 3, 8, 22, 107], [2, 3, 8, 22, 108], [2, 3, 8, 22, 109], [2, 3, 8, 22, 110], [2, 3, 8, 24, 70], [2, 3, 8, 24, 71], [2, 3, 8, 26, 76], [2, 3, 8, 27, 79], [2, 3, 8, 28, 82], [2, 3, 8, 28, 83], [2, 3, 8, 29, 85], [2, 3, 8, 29, 86], [2, 3, 8, 30, 88], [2, 3, 8, 30, 89], [2, 3, 8, 31, 91], [2, 3, 8, 32, 94], [2, 3, 8, 32, 95], [2, 3, 8, 33, 97], [2, 3, 8, 33, 98], [2, 3, 8, 34, 100], [2, 3, 8, 34, 101], [2, 3, 8, 35, 103], [2, 3, 8, 36, 106], [2, 3, 8, 36, 107], [2, 3, 8, 36, 108], [2, 3, 8, 37, 109]]
# stats {'calls': 8164, 'sat': 2523, 'unsat': 5640, 'time': 18794.06520843506} wall=18829s
