SOL 2 3 6
SOL 2 3 7 42
SOL 2 3 8 24
SOL 2 3 9 18
SOL 2 3 9 30 45
SOL 2 3 10 15
SOL 2 3 10 24 40
SOL 2 3 11 22 33
SOL 2 3 12 16 48
SOL 2 3 12 18 36
SOL 2 3 12 20 30
SOL 2 3 12 21 28
SOL 2 3 12 30 36 45
SOL 2 3 14 15 35
SOL 2 3 14 24 35 40
SOL 2 3 15 20 36 45
SOL 2 3 15 21 35 42
SOL 2 3 15 24 30 40
SOL 2 3 16 18 36 48
SOL 2 3 16 20 30 48
SOL 2 3 16 21 28 48
SOL 2 3 16 30 36 45 48
SOL 2 3 18 20 30 36
SOL 2 3 18 21 28 36
SOL 2 3 20 21 28 30
SOL 2 3 20 24 36 40 45
SOL 2 3 21 24 35 40 42
SOL 2 3 21 28 30 36 45
SOL 2 4 5 20
SOL 2 4 5 36 45
SOL 2 4 6 12
SOL 2 4 6 16 48
SOL 2 4 6 18 36
SOL 2 4 6 20 30
SOL 2 4 6 21 28
SOL 2 4 6 30 36 45
SOL 2 4 7 12 42
SOL 2 4 7 14 28
SOL 2 4 7 16 42 48
SOL 2 4 7 18 36 42
SOL 2 4 7 20 30 42
SOL 2 4 7 21 28 42
SOL 2 4 7 30 36 42 45
SOL 2 4 8 10 40
SOL 2 4 8 12 24
SOL 2 4 8 14 35 40
SOL 2 4 8 15 30 40
SOL 2 4 8 16 24 48
SOL 2 4 8 18 24 36
SOL 2 4 8 20 24 30
SOL 2 4 8 20 36 40 45
SOL 2 4 8 21 24 28
SOL 2 4 8 21 35 40 42
SOL 2 4 8 24 30 36 45
SOL 2 4 9 12 18
SOL 2 4 9 12 30 45
SOL 2 4 9 15 20 45
SOL 2 4 9 16 18 48
SOL 2 4 9 16 30 45 48
SOL 2 4 9 18 20 30
SOL 2 4 9 18 21 28
SOL 2 4 9 18 30 36 45
SOL 2 4 9 20 24 40 45
SOL 2 4 9 21 28 30 45
SOL 2 4 10 12 15
SOL 2 4 10 12 24 40
SOL 2 4 10 14 20 35
SOL 2 4 10 14 35 36 45
SOL 2 4 10 15 16 48
SOL 2 4 10 15 18 36
SOL 2 4 10 15 20 30
SOL 2 4 10 15 21 28
SOL 2 4 10 15 30 36 45
SOL 2 4 10 16 24 40 48
SOL 2 4 10 18 24 36 40
SOL 2 4 10 20 21 35 42
SOL 2 4 10 20 24 30 40
SOL 2 4 10 21 24 28 40
SOL 2 4 10 21 35 36 42 45
SOL 2 4 10 24 30 36 40 45
SOL 2 4 11 12 22 33
SOL 2 4 11 16 22 33 48
SOL 2 4 11 18 22 33 36
SOL 2 4 11 20 22 30 33
SOL 2 4 11 21 22 28 33
SOL 2 4 11 22 30 33 36 45
SOL 2 4 12 14 15 35
SOL 2 4 12 14 24 35 40
SOL 2 4 12 15 20 36 45
SOL 2 4 12 15 21 35 42
SOL 2 4 12 15 24 30 40
SOL 2 4 12 16 18 36 48
SOL 2 4 12 16 20 30 48
SOL 2 4 12 16 21 28 48
SOL 2 4 12 16 30 36 45 48
SOL 2 4 12 18 20 30 36
SOL 2 4 12 18 21 28 36
SOL 2 4 12 20 21 28 30
SOL 2 4 12 20 24 36 40 45
SOL 2 4 12 21 24 35 40 42
SOL 2 4 12 21 28 30 36 45
SOL 2 4 14 15 16 35 48
SOL 2 4 14 15 18 35 36
SOL 2 4 14 15 20 30 35
SOL 2 4 14 15 21 28 35
SOL 2 4 14 15 30 35 36 45
SOL 2 4 14 16 24 35 40 48
SOL 2 4 14 18 24 35 36 40
SOL 2 4 14 20 24 30 35 40
SOL 2 4 14 21 24 28 35 40
SOL 2 4 14 24 30 35 36 40 45
SOL 2 4 15 16 20 36 45 48
SOL 2 4 15 16 21 35 42 48
SOL 2 4 15 16 24 30 40 48
SOL 2 4 15 18 21 35 36 42
SOL 2 4 15 18 24 30 36 40
SOL 2 4 15 20 21 28 36 45
SOL 2 4 15 20 21 30 35 42
SOL 2 4 15 21 24 28 30 40
SOL 2 4 15 21 30 35 36 42 45
SOL 2 4 16 18 20 30 36 48
SOL 2 4 16 18 21 28 36 48
SOL 2 4 16 20 21 28 30 48
SOL 2 4 16 20 24 36 40 45 48
SOL 2 4 16 21 24 35 40 42 48
SOL 2 4 16 21 28 30 36 45 48
SOL 2 4 18 20 21 28 30 36
SOL 2 4 18 21 24 35 36 40 42
SOL 2 4 20 21 24 28 36 40 45
SOL 2 4 20 21 24 30 35 40 42
SOL 2 4 21 24 30 35 36 40 42 45
SOL 2 5 6 9 45
SOL 2 5 6 10 30
SOL 2 5 6 12 20
SOL 2 5 6 12 36 45
SOL 2 5 6 14 30 35
SOL 2 5 6 15 24 40
SOL 2 5 6 16 20 48
SOL 2 5 6 16 36 45 48
SOL 2 5 6 18 20 36
SOL 2 5 6 20 21 28
SOL 2 5 6 20 30 36 45
SOL 2 5 6 21 28 36 45
SOL 2 5 6 21 30 35 42
SOL 2 5 7 9 42 45
SOL 2 5 7 10 30 42
SOL 2 5 7 12 20 42
SOL 2 5 7 12 36 42 45
SOL 2 5 7 14 20 28
SOL 2 5 7 14 28 36 45
SOL 2 5 7 14 30 35 42
SOL 2 5 7 15 24 40 42
SOL 2 5 7 16 20 42 48
SOL 2 5 7 16 36 42 45 48
SOL 2 5 7 18 20 36 42
SOL 2 5 7 20 21 28 42
SOL 2 5 7 20 30 36 42 45
SOL 2 5 7 21 28 36 42 45
SOL 2 5 8 9 24 45
SOL 2 5 8 10 20 40
SOL 2 5 8 10 24 30
SOL 2 5 8 10 36 40 45
SOL 2 5 8 12 15 40
SOL 2 5 8 12 20 24
SOL 2 5 8 12 24 36 45
SOL 2 5 8 14 20 35 40
SOL 2 5 8 14 24 30 35
SOL 2 5 8 14 35 36 40 45
SOL 2 5 8 15 16 40 48
SOL 2 5 8 15 18 36 40
SOL 2 5 8 15 20 30 40
SOL 2 5 8 15 21 28 40
SOL 2 5 8 15 30 36 40 45
SOL 2 5 8 16 20 24 48
SOL 2 5 8 16 24 36 45 48
SOL 2 5 8 18 20 24 36
SOL 2 5 8 20 21 24 28
SOL 2 5 8 20 21 35 40 42
SOL 2 5 8 20 24 30 36 45
SOL 2 5 8 21 24 28 36 45
SOL 2 5 8 21 24 30 35 42
SOL 2 5 8 21 35 36 40 42 45
SOL 2 5 9 10 15 45
SOL 2 5 9 10 18 30
SOL 2 5 9 10 24 40 45
SOL 2 5 9 11 22 33 45
SOL 2 5 9 12 16 45 48
SOL 2 5 9 12 18 20
SOL 2 5 9 12 18 36 45
SOL 2 5 9 12 20 30 45
SOL 2 5 9 12 21 28 45
SOL 2 5 9 14 15 35 45
SOL 2 5 9 14 18 30 35
SOL 2 5 9 14 24 35 40 45
SOL 2 5 9 15 18 24 40
SOL 2 5 9 15 21 35 42 45
SOL 2 5 9 15 24 30 40 45
SOL 2 5 9 16 18 20 48
SOL 2 5 9 16 18 36 45 48
SOL 2 5 9 16 20 30 45 48
SOL 2 5 9 16 21 28 45 48
SOL 2 5 9 18 20 21 28
SOL 2 5 9 18 20 30 36 45
SOL 2 5 9 18 21 28 36 45
SOL 2 5 9 18 21 30 35 42
SOL 2 5 9 20 21 28 30 45
SOL 2 5 9 21 24 35 40 42 45
SOL 2 5 10 11 22 30 33
SOL 2 5 10 12 15 20
SOL 2 5 10 12 15 36 45
SOL 2 5 10 12 16 30 48
SOL 2 5 10 12 18 30 36
SOL 2 5 10 12 20 24 40
SOL 2 5 10 12 21 28 30
SOL 2 5 10 12 24 36 40 45
SOL 2 5 10 14 15 30 35
SOL 2 5 10 14 20 35 36 45
SOL 2 5 10 14 24 30 35 40
SOL 2 5 10 15 16 20 48
SOL 2 5 10 15 16 36 45 48
SOL 2 5 10 15 18 20 36
SOL 2 5 10 15 20 21 28
SOL 2 5 10 15 20 30 36 45
SOL 2 5 10 15 21 28 36 45
SOL 2 5 10 15 21 30 35 42
SOL 2 5 10 16 18 30 36 48
SOL 2 5 10 16 20 24 40 48
SOL 2 5 10 16 21 28 30 48
SOL 2 5 10 16 24 36 40 45 48
SOL 2 5 10 18 20 24 36 40
SOL 2 5 10 18 21 28 30 36
SOL 2 5 10 20 21 24 28 40
SOL 2 5 10 20 21 35 36 42 45
SOL 2 5 10 20 24 30 36 40 45
SOL 2 5 10 21 24 28 36 40 45
SOL 2 5 10 21 24 30 35 40 42
SOL 2 5 11 12 20 22 33
SOL 2 5 11 12 22 33 36 45
SOL 2 5 11 14 22 30 33 35
SOL 2 5 11 15 22 24 33 40
SOL 2 5 11 16 20 22 33 48
SOL 2 5 11 16 22 33 36 45 48
SOL 2 5 11 18 20 22 33 36
SOL 2 5 11 20 21 22 28 33
SOL 2 5 11 20 22 30 33 36 45
SOL 2 5 11 21 22 28 33 36 45
SOL 2 5 11 21 22 30 33 35 42
SOL 2 5 12 14 15 20 35
SOL 2 5 12 14 15 35 36 45
SOL 2 5 12 14 16 30 35 48
SOL 2 5 12 14 18 30 35 36
SOL 2 5 12 14 20 24 35 40
SOL 2 5 12 14 21 28 30 35
SOL 2 5 12 14 24 35 36 40 45
SOL 2 5 12 15 16 24 40 48
SOL 2 5 12 15 18 24 36 40
SOL 2 5 12 15 20 21 35 42
SOL 2 5 12 15 20 24 30 40
SOL 2 5 12 15 21 24 28 40
SOL 2 5 12 15 21 35 36 42 45
SOL 2 5 12 15 24 30 36 40 45
SOL 2 5 12 16 18 20 36 48
SOL 2 5 12 16 20 21 28 48
SOL 2 5 12 16 20 30 36 45 48
SOL 2 5 12 16 21 28 36 45 48
SOL 2 5 12 16 21 30 35 42 48
SOL 2 5 12 18 20 21 28 36
SOL 2 5 12 18 21 30 35 36 42
SOL 2 5 12 20 21 24 35 40 42
SOL 2 5 12 20 21 28 30 36 45
SOL 2 5 12 21 24 35 36 40 42 45
SOL 2 5 14 15 16 20 35 48
SOL 2 5 14 15 16 35 36 45 48
SOL 2 5 14 15 18 20 35 36
SOL 2 5 14 15 20 21 28 35
SOL 2 5 14 15 20 30 35 36 45
SOL 2 5 14 15 21 28 35 36 45
SOL 2 5 14 16 18 30 35 36 48
SOL 2 5 14 16 20 24 35 40 48
SOL 2 5 14 16 21 28 30 35 48
SOL 2 5 14 16 24 35 36 40 45 48
SOL 2 5 14 18 20 24 35 36 40
SOL 2 5 14 18 21 28 30 35 36
SOL 2 5 14 20 21 24 28 35 40
SOL 2 5 14 20 24 30 35 36 40 45
SOL 2 5 14 21 24 28 35 36 40 45
SOL 2 5 15 16 18 24 36 40 48
SOL 2 5 15 16 20 21 35 42 48
SOL 2 5 15 16 20 24 30 40 48
SOL 2 5 15 16 21 24 28 40 48
SOL 2 5 15 16 21 35 36 42 45 48
SOL 2 5 15 16 24 30 36 40 45 48
SOL 2 5 15 18 20 21 35 36 42
SOL 2 5 15 18 20 24 30 36 40
SOL 2 5 15 18 21 24 28 36 40
SOL 2 5 15 20 21 24 28 30 40
SOL 2 5 15 20 21 30 35 36 42 45
SOL 2 5 15 21 24 28 30 36 40 45
SOL 2 5 16 18 20 21 28 36 48
SOL 2 5 16 18 21 30 35 36 42 48
SOL 2 5 16 20 21 24 35 40 42 48
SOL 2 5 16 20 21 28 30 36 45 48
SOL 2 5 16 21 24 35 36 40 42 45 48
SOL 2 5 18 20 21 24 35 36 40 42
SOL 2 5 20 21 24 30 35 36 40 42 45
SOL 2 6 7 8 24 42
SOL 2 6 7 9 18 42
SOL 2 6 7 9 30 42 45
SOL 2 6 7 10 15 42
SOL 2 6 7 10 24 40 42
SOL 2 6 7 11 22 33 42
SOL 2 6 7 12 14 28
SOL 2 6 7 12 16 42 48
SOL 2 6 7 12 18 36 42
SOL 2 6 7 12 20 30 42
SOL 2 6 7 12 21 28 42
SOL 2 6 7 12 30 36 42 45
SOL 2 6 7 14 15 35 42
SOL 2 6 7 14 16 28 48
SOL 2 6 7 14 18 28 36
SOL 2 6 7 14 20 28 30
SOL 2 6 7 14 24 35 40 42
SOL 2 6 7 14 28 30 36 45
SOL 2 6 7 15 20 36 42 45
SOL 2 6 7 15 24 30 40 42
SOL 2 6 7 16 18 36 42 48
SOL 2 6 7 16 20 30 42 48
SOL 2 6 7 16 21 28 42 48
SOL 2 6 7 16 30 36 42 45 48
SOL 2 6 7 18 20 30 36 42
SOL 2 6 7 18 21 28 36 42
SOL 2 6 7 20 21 28 30 42
SOL 2 6 7 20 24 36 40 42 45
SOL 2 6 7 21 28 30 36 42 45
SOL 2 6 8 9 18 24
SOL 2 6 8 9 20 40 45
SOL 2 6 8 9 24 30 45
SOL 2 6 8 10 12 40
SOL 2 6 8 10 15 24
SOL 2 6 8 10 16 40 48
SOL 2 6 8 10 18 36 40
SOL 2 6 8 10 20 30 40
SOL 2 6 8 10 21 28 40
SOL 2 6 8 10 30 36 40 45
SOL 2 6 8 11 22 24 33
SOL 2 6 8 12 14 35 40
SOL 2 6 8 12 15 30 40
SOL 2 6 8 12 16 24 48
SOL 2 6 8 12 18 24 36
SOL 2 6 8 12 20 24 30
SOL 2 6 8 12 20 36 40 45
SOL 2 6 8 12 21 24 28
SOL 2 6 8 12 21 35 40 42
SOL 2 6 8 12 24 30 36 45
SOL 2 6 8 14 15 24 35
SOL 2 6 8 14 16 35 40 48
SOL 2 6 8 14 18 35 36 40
SOL 2 6 8 14 20 30 35 40
SOL 2 6 8 14 21 28 35 40
SOL 2 6 8 14 30 35 36 40 45
SOL 2 6 8 15 16 30 40 48
SOL 2 6 8 15 18 30 36 40
SOL 2 6 8 15 20 24 36 45
SOL 2 6 8 15 21 24 35 42
SOL 2 6 8 15 21 28 30 40
SOL 2 6 8 16 18 24 36 48
SOL 2 6 8 16 20 24 30 48
SOL 2 6 8 16 20 36 40 45 48
SOL 2 6 8 16 21 24 28 48
SOL 2 6 8 16 21 35 40 42 48
SOL 2 6 8 16 24 30 36 45 48
SOL 2 6 8 18 20 24 30 36
SOL 2 6 8 18 21 24 28 36
SOL 2 6 8 18 21 35 36 40 42
SOL 2 6 8 20 21 24 28 30
SOL 2 6 8 20 21 28 36 40 45
SOL 2 6 8 20 21 30 35 40 42
SOL 2 6 8 21 24 28 30 36 45
SOL 2 6 8 21 30 35 36 40 42 45
SOL 2 6 9 10 14 35 45
SOL 2 6 9 10 15 18
SOL 2 6 9 10 15 30 45
SOL 2 6 9 10 18 24 40
SOL 2 6 9 10 21 35 42 45
SOL 2 6 9 10 24 30 40 45
SOL 2 6 9 11 18 22 33
SOL 2 6 9 11 22 30 33 45
SOL 2 6 9 12 15 20 45
SOL 2 6 9 12 16 18 48
SOL 2 6 9 12 16 30 45 48
SOL 2 6 9 12 18 20 30
SOL 2 6 9 12 18 21 28
SOL 2 6 9 12 18 30 36 45
SOL 2 6 9 12 20 24 40 45
SOL 2 6 9 12 21 28 30 45
SOL 2 6 9 14 15 18 35
SOL 2 6 9 14 15 30 35 45
SOL 2 6 9 14 18 24 35 40
SOL 2 6 9 14 24 30 35 40 45
SOL 2 6 9 15 16 20 45 48
SOL 2 6 9 15 18 20 36 45
SOL 2 6 9 15 18 21 35 42
SOL 2 6 9 15 18 24 30 40
SOL 2 6 9 15 20 21 28 45
SOL 2 6 9 15 21 30 35 42 45
SOL 2 6 9 16 18 20 30 48
SOL 2 6 9 16 18 21 28 48
SOL 2 6 9 16 18 30 36 45 48
SOL 2 6 9 16 20 24 40 45 48
SOL 2 6 9 16 21 28 30 45 48
SOL 2 6 9 18 20 21 28 30
SOL 2 6 9 18 20 24 36 40 45
SOL 2 6 9 18 21 24 35 40 42
SOL 2 6 9 18 21 28 30 36 45
SOL 2 6 9 20 21 24 28 40 45
SOL 2 6 9 21 24 30 35 40 42 45
SOL 2 6 10 11 15 22 33
SOL 2 6 10 11 22 24 33 40
SOL 2 6 10 12 14 20 35
SOL 2 6 10 12 14 35 36 45
SOL 2 6 10 12 15 16 48
SOL 2 6 10 12 15 18 36
SOL 2 6 10 12 15 20 30
SOL 2 6 10 12 15 21 28
SOL 2 6 10 12 15 30 36 45
SOL 2 6 10 12 16 24 40 48
SOL 2 6 10 12 18 24 36 40
SOL 2 6 10 12 20 21 35 42
SOL 2 6 10 12 20 24 30 40
SOL 2 6 10 12 21 24 28 40
SOL 2 6 10 12 21 35 36 42 45
SOL 2 6 10 12 24 30 36 40 45
SOL 2 6 10 14 15 24 35 40
SOL 2 6 10 14 16 20 35 48
SOL 2 6 10 14 16 35 36 45 48
SOL 2 6 10 14 18 20 35 36
SOL 2 6 10 14 20 21 28 35
SOL 2 6 10 14 20 30 35 36 45
SOL 2 6 10 14 21 28 35 36 45
SOL 2 6 10 15 16 18 36 48
SOL 2 6 10 15 16 20 30 48
SOL 2 6 10 15 16 21 28 48
SOL 2 6 10 15 16 30 36 45 48
SOL 2 6 10 15 18 20 30 36
SOL 2 6 10 15 18 21 28 36
SOL 2 6 10 15 20 21 28 30
SOL 2 6 10 15 20 24 36 40 45
SOL 2 6 10 15 21 24 35 40 42
SOL 2 6 10 15 21 28 30 36 45
SOL 2 6 10 16 18 24 36 40 48
SOL 2 6 10 16 20 21 35 42 48
SOL 2 6 10 16 20 24 30 40 48
SOL 2 6 10 16 21 24 28 40 48
SOL 2 6 10 16 21 35 36 42 45 48
SOL 2 6 10 16 24 30 36 40 45 48
SOL 2 6 10 18 20 21 35 36 42
SOL 2 6 10 18 20 24 30 36 40
SOL 2 6 10 18 21 24 28 36 40
SOL 2 6 10 20 21 24 28 30 40
SOL 2 6 10 20 21 30 35 36 42 45
SOL 2 6 10 21 24 28 30 36 40 45
SOL 2 6 11 12 16 22 33 48
SOL 2 6 11 12 18 22 33 36
SOL 2 6 11 12 20 22 30 33
SOL 2 6 11 12 21 22 28 33
SOL 2 6 11 12 22 30 33 36 45
SOL 2 6 11 14 15 22 33 35
SOL 2 6 11 14 22 24 33 35 40
SOL 2 6 11 15 20 22 33 36 45
SOL 2 6 11 15 21 22 33 35 42
SOL 2 6 11 15 22 24 30 33 40
SOL 2 6 11 16 18 22 33 36 48
SOL 2 6 11 16 20 22 30 33 48
SOL 2 6 11 16 21 22 28 33 48
SOL 2 6 11 16 22 30 33 36 45 48
SOL 2 6 11 18 20 22 30 33 36
SOL 2 6 11 18 21 22 28 33 36
SOL 2 6 11 20 21 22 28 30 33
SOL 2 6 11 20 22 24 33 36 40 45
SOL 2 6 11 21 22 24 33 35 40 42
SOL 2 6 11 21 22 28 30 33 36 45
SOL 2 6 12 14 15 16 35 48
SOL 2 6 12 14 15 18 35 36
SOL 2 6 12 14 15 20 30 35
SOL 2 6 12 14 15 21 28 35
SOL 2 6 12 14 15 30 35 36 45
SOL 2 6 12 14 16 24 35 40 48
SOL 2 6 12 14 18 24 35 36 40
SOL 2 6 12 14 20 24 30 35 40
SOL 2 6 12 14 21 24 28 35 40
SOL 2 6 12 14 24 30 35 36 40 45
SOL 2 6 12 15 16 20 36 45 48
SOL 2 6 12 15 16 21 35 42 48
SOL 2 6 12 15 16 24 30 40 48
SOL 2 6 12 15 18 21 35 36 42
SOL 2 6 12 15 18 24 30 36 40
SOL 2 6 12 15 20 21 28 36 45
SOL 2 6 12 15 20 21 30 35 42
SOL 2 6 12 15 21 24 28 30 40
SOL 2 6 12 15 21 30 35 36 42 45
SOL 2 6 12 16 18 20 30 36 48
SOL 2 6 12 16 18 21 28 36 48
SOL 2 6 12 16 20 21 28 30 48
SOL 2 6 12 16 20 24 36 40 45 48
SOL 2 6 12 16 21 24 35 40 42 48
SOL 2 6 12 16 21 28 30 36 45 48
SOL 2 6 12 18 20 21 28 30 36
SOL 2 6 12 18 21 24 35 36 40 42
SOL 2 6 12 20 21 24 28 36 40 45
SOL 2 6 12 20 21 24 30 35 40 42
SOL 2 6 12 21 24 30 35 36 40 42 45
SOL 2 6 14 15 16 18 35 36 48
SOL 2 6 14 15 16 20 30 35 48
SOL 2 6 14 15 16 21 28 35 48
SOL 2 6 14 15 16 30 35 36 45 48
SOL 2 6 14 15 18 20 30 35 36
SOL 2 6 14 15 18 21 28 35 36
SOL 2 6 14 15 20 21 28 30 35
SOL 2 6 14 15 20 24 35 36 40 45
SOL 2 6 14 15 21 28 30 35 36 45
SOL 2 6 14 16 18 24 35 36 40 48
SOL 2 6 14 16 20 24 30 35 40 48
SOL 2 6 14 16 21 24 28 35 40 48
SOL 2 6 14 16 24 30 35 36 40 45 48
SOL 2 6 14 18 20 24 30 35 36 40
SOL 2 6 14 18 21 24 28 35 36 40
SOL 2 6 14 20 21 24 28 30 35 40
SOL 2 6 14 21 24 28 30 35 36 40 45
SOL 2 6 15 16 18 21 35 36 42 48
SOL 2 6 15 16 18 24 30 36 40 48
SOL 2 6 15 16 20 21 28 36 45 48
SOL 2 6 15 16 20 21 30 35 42 48
SOL 2 6 15 16 21 24 28 30 40 48
SOL 2 6 15 16 21 30 35 36 42 45 48
SOL 2 6 15 18 20 21 30 35 36 42
SOL 2 6 15 18 21 24 28 30 36 40
SOL 2 6 15 20 21 24 35 36 40 42 45
SOL 2 6 16 18 20 21 28 30 36 48
SOL 2 6 16 18 21 24 35 36 40 42 48
SOL 2 6 16 20 21 24 28 36 40 45 48
SOL 2 6 16 20 21 24 30 35 40 42 48
SOL 2 6 16 21 24 30 35 36 40 42 45 48
SOL 2 6 18 20 21 24 30 35 36 40 42
SOL 2 7 8 9 18 24 42
SOL 2 7 8 9 20 40 42 45
SOL 2 7 8 9 24 30 42 45
SOL 2 7 8 10 12 40 42
SOL 2 7 8 10 14 28 40
SOL 2 7 8 10 15 24 42
SOL 2 7 8 10 16 40 42 48
SOL 2 7 8 10 18 36 40 42
SOL 2 7 8 10 20 30 40 42
SOL 2 7 8 10 21 28 40 42
SOL 2 7 8 10 30 36 40 42 45
SOL 2 7 8 11 22 24 33 42
SOL 2 7 8 12 14 24 28
SOL 2 7 8 12 14 35 40 42
SOL 2 7 8 12 15 30 40 42
SOL 2 7 8 12 16 24 42 48
SOL 2 7 8 12 18 24 36 42
SOL 2 7 8 12 20 24 30 42
SOL 2 7 8 12 20 36 40 42 45
SOL 2 7 8 12 21 24 28 42
SOL 2 7 8 12 24 30 36 42 45
SOL 2 7 8 14 15 24 35 42
SOL 2 7 8 14 15 28 30 40
SOL 2 7 8 14 16 24 28 48
SOL 2 7 8 14 16 35 40 42 48
SOL 2 7 8 14 18 24 28 36
SOL 2 7 8 14 18 35 36 40 42
SOL 2 7 8 14 20 24 28 30
SOL 2 7 8 14 20 28 36 40 45
SOL 2 7 8 14 20 30 35 40 42
SOL 2 7 8 14 21 28 35 40 42
SOL 2 7 8 14 24 28 30 36 45
SOL 2 7 8 14 30 35 36 40 42 45
SOL 2 7 8 15 16 30 40 42 48
SOL 2 7 8 15 18 30 36 40 42
SOL 2 7 8 15 20 24 36 42 45
SOL 2 7 8 15 21 28 30 40 42
SOL 2 7 8 16 18 24 36 42 48
SOL 2 7 8 16 20 24 30 42 48
SOL 2 7 8 16 20 36 40 42 45 48
SOL 2 7 8 16 21 24 28 42 48
SOL 2 7 8 16 24 30 36 42 45 48
SOL 2 7 8 18 20 24 30 36 42
SOL 2 7 8 18 21 24 28 36 42
SOL 2 7 8 20 21 24 28 30 42
SOL 2 7 8 20 21 28 36 40 42 45
SOL 2 7 8 21 24 28 30 36 42 45
SOL 2 7 9 10 14 35 42 45
SOL 2 7 9 10 15 18 42
SOL 2 7 9 10 15 30 42 45
SOL 2 7 9 10 18 24 40 42
SOL 2 7 9 10 24 30 40 42 45
SOL 2 7 9 11 18 22 33 42
SOL 2 7 9 11 22 30 33 42 45
SOL 2 7 9 12 14 18 28
SOL 2 7 9 12 14 28 30 45
SOL 2 7 9 12 15 20 42 45
SOL 2 7 9 12 16 18 42 48
SOL 2 7 9 12 16 30 42 45 48
SOL 2 7 9 12 18 20 30 42
SOL 2 7 9 12 18 21 28 42
SOL 2 7 9 12 18 30 36 42 45
SOL 2 7 9 12 20 24 40 42 45
SOL 2 7 9 12 21 28 30 42 45
SOL 2 7 9 14 15 18 35 42
SOL 2 7 9 14 15 20 28 45
SOL 2 7 9 14 15 30 35 42 45
SOL 2 7 9 14 16 18 28 48
SOL 2 7 9 14 16 28 30 45 48
SOL 2 7 9 14 18 20 28 30
SOL 2 7 9 14 18 24 35 40 42
SOL 2 7 9 14 18 28 30 36 45
SOL 2 7 9 14 20 24 28 40 45
SOL 2 7 9 14 24 30 35 40 42 45
SOL 2 7 9 15 16 20 42 45 48
SOL 2 7 9 15 18 20 36 42 45
SOL 2 7 9 15 18 24 30 40 42
SOL 2 7 9 15 20 21 28 42 45
SOL 2 7 9 16 18 20 30 42 48
SOL 2 7 9 16 18 21 28 42 48
SOL 2 7 9 16 18 30 36 42 45 48
SOL 2 7 9 16 20 24 40 42 45 48
SOL 2 7 9 16 21 28 30 42 45 48
SOL 2 7 9 18 20 21 28 30 42
SOL 2 7 9 18 20 24 36 40 42 45
SOL 2 7 9 18 21 28 30 36 42 45
SOL 2 7 9 20 21 24 28 40 42 45
SOL 2 7 10 11 15 22 33 42
SOL 2 7 10 11 22 24 33 40 42
SOL 2 7 10 12 14 15 28
SOL 2 7 10 12 14 20 35 42
SOL 2 7 10 12 14 24 28 40
SOL 2 7 10 12 14 35 36 42 45
SOL 2 7 10 12 15 16 42 48
SOL 2 7 10 12 15 18 36 42
SOL 2 7 10 12 15 20 30 42
SOL 2 7 10 12 15 21 28 42
SOL 2 7 10 12 15 30 36 42 45
SOL 2 7 10 12 16 24 40 42 48
SOL 2 7 10 12 18 24 36 40 42
SOL 2 7 10 12 20 24 30 40 42
SOL 2 7 10 12 21 24 28 40 42
SOL 2 7 10 12 24 30 36 40 42 45
SOL 2 7 10 14 15 16 28 48
SOL 2 7 10 14 15 18 28 36
SOL 2 7 10 14 15 20 28 30
SOL 2 7 10 14 15 24 35 40 42
SOL 2 7 10 14 15 28 30 36 45
SOL 2 7 10 14 16 20 35 42 48
SOL 2 7 10 14 16 24 28 40 48
SOL 2 7 10 14 16 35 36 42 45 48
SOL 2 7 10 14 18 20 35 36 42
SOL 2 7 10 14 18 24 28 36 40
SOL 2 7 10 14 20 21 28 35 42
SOL 2 7 10 14 20 24 28 30 40
SOL 2 7 10 14 20 30 35 36 42 45
SOL 2 7 10 14 21 28 35 36 42 45
SOL 2 7 10 14 24 28 30 36 40 45
SOL 2 7 10 15 16 18 36 42 48
SOL 2 7 10 15 16 20 30 42 48
SOL 2 7 10 15 16 21 28 42 48
SOL 2 7 10 15 16 30 36 42 45 48
SOL 2 7 10 15 18 20 30 36 42
SOL 2 7 10 15 18 21 28 36 42
SOL 2 7 10 15 20 21 28 30 42
SOL 2 7 10 15 20 24 36 40 42 45
SOL 2 7 10 15 21 28 30 36 42 45
SOL 2 7 10 16 18 24 36 40 42 48
SOL 2 7 10 16 20 24 30 40 42 48
SOL 2 7 10 16 21 24 28 40 42 48
SOL 2 7 10 16 24 30 36 40 42 45 48
SOL 2 7 10 18 20 24 30 36 40 42
SOL 2 7 10 18 21 24 28 36 40 42
SOL 2 7 10 20 21 24 28 30 40 42
SOL 2 7 10 21 24 28 30 36 40 42 45
SOL 2 7 11 12 14 22 28 33
SOL 2 7 11 12 16 22 33 42 48
SOL 2 7 11 12 18 22 33 36 42
SOL 2 7 11 12 20 22 30 33 42
SOL 2 7 11 12 21 22 28 33 42
SOL 2 7 11 12 22 30 33 36 42 45
SOL 2 7 11 14 15 22 33 35 42
SOL 2 7 11 14 16 22 28 33 48
SOL 2 7 11 14 18 22 28 33 36
SOL 2 7 11 14 20 22 28 30 33
SOL 2 7 11 14 22 24 33 35 40 42
SOL 2 7 11 14 22 28 30 33 36 45
SOL 2 7 11 15 20 22 33 36 42 45
SOL 2 7 11 15 22 24 30 33 40 42
SOL 2 7 11 16 18 22 33 36 42 48
SOL 2 7 11 16 20 22 30 33 42 48
SOL 2 7 11 16 21 22 28 33 42 48
SOL 2 7 11 16 22 30 33 36 42 45 48
SOL 2 7 11 18 20 22 30 33 36 42
SOL 2 7 11 18 21 22 28 33 36 42
SOL 2 7 11 20 21 22 28 30 33 42
SOL 2 7 11 20 22 24 33 36 40 42 45
SOL 2 7 11 21 22 28 30 33 36 42 45
SOL 2 7 12 14 15 16 35 42 48
SOL 2 7 12 14 15 18 35 36 42
SOL 2 7 12 14 15 20 28 36 45
SOL 2 7 12 14 15 20 30 35 42
SOL 2 7 12 14 15 21 28 35 42
SOL 2 7 12 14 15 24 28 30 40
SOL 2 7 12 14 15 30 35 36 42 45
SOL 2 7 12 14 16 18 28 36 48
SOL 2 7 12 14 16 20 28 30 48
SOL 2 7 12 14 16 24 35 40 42 48
SOL 2 7 12 14 16 28 30 36 45 48
SOL 2 7 12 14 18 20 28 30 36
SOL 2 7 12 14 18 24 35 36 40 42
SOL 2 7 12 14 20 24 28 36 40 45
SOL 2 7 12 14 20 24 30 35 40 42
SOL 2 7 12 14 21 24 28 35 40 42
SOL 2 7 12 14 24 30 35 36 40 42 45
SOL 2 7 12 15 16 20 36 42 45 48
SOL 2 7 12 15 16 24 30 40 42 48
SOL 2 7 12 15 18 24 30 36 40 42
SOL 2 7 12 15 20 21 28 36 42 45
SOL 2 7 12 15 21 24 28 30 40 42
SOL 2 7 12 16 18 20 30 36 42 48
SOL 2 7 12 16 18 21 28 36 42 48
SOL 2 7 12 16 20 21 28 30 42 48
SOL 2 7 12 16 20 24 36 40 42 45 48
SOL 2 7 12 16 21 28 30 36 42 45 48
SOL 2 7 12 18 20 21 28 30 36 42
SOL 2 7 12 20 21 24 28 36 40 42 45
SOL 2 7 14 15 16 18 35 36 42 48
SOL 2 7 14 15 16 20 28 36 45 48
SOL 2 7 14 15 16 20 30 35 42 48
SOL 2 7 14 15 16 21 28 35 42 48
SOL 2 7 14 15 16 24 28 30 40 48
SOL 2 7 14 15 16 30 35 36 42 45 48
SOL 2 7 14 15 18 20 30 35 36 42
SOL 2 7 14 15 18 21 28 35 36 42
SOL 2 7 14 15 18 24 28 30 36 40
SOL 2 7 14 15 20 21 28 30 35 42
SOL 2 7 14 15 20 24 35 36 40 42 45
SOL 2 7 14 15 21 28 30 35 36 42 45
SOL 2 7 14 16 18 20 28 30 36 48
SOL 2 7 14 16 18 24 35 36 40 42 48
SOL 2 7 14 16 20 24 28 36 40 45 48
SOL 2 7 14 16 20 24 30 35 40 42 48
SOL 2 7 14 16 21 24 28 35 40 42 48
SOL 2 7 14 16 24 30 35 36 40 42 45 48
SOL 2 7 14 18 20 24 30 35 36 40 42
SOL 2 7 14 18 21 24 28 35 36 40 42
SOL 2 7 14 20 21 24 28 30 35 40 42
SOL 2 7 14 21 24 28 30 35 36 40 42 45
SOL 2 7 15 16 18 24 30 36 40 42 48
SOL 2 7 15 16 20 21 28 36 42 45 48
SOL 2 7 15 16 21 24 28 30 40 42 48
SOL 2 7 15 18 21 24 28 30 36 40 42
SOL 2 7 16 18 20 21 28 30 36 42 48
SOL 2 7 16 20 21 24 28 36 40 42 45 48
SOL 2 8 9 10 12 18 40
SOL 2 8 9 10 12 30 40 45
SOL 2 8 9 10 14 24 35 45
SOL 2 8 9 10 15 18 24
SOL 2 8 9 10 15 20 40 45
SOL 2 8 9 10 15 24 30 45
SOL 2 8 9 10 16 18 40 48
SOL 2 8 9 10 16 30 40 45 48
SOL 2 8 9 10 18 20 30 40
SOL 2 8 9 10 18 21 28 40
SOL 2 8 9 10 18 30 36 40 45
SOL 2 8 9 10 21 24 35 42 45
SOL 2 8 9 10 21 28 30 40 45
SOL 2 8 9 11 18 22 24 33
SOL 2 8 9 11 20 22 33 40 45
SOL 2 8 9 11 22 24 30 33 45
SOL 2 8 9 12 14 18 35 40
SOL 2 8 9 12 14 30 35 40 45
SOL 2 8 9 12 15 18 30 40
SOL 2 8 9 12 15 20 24 45
SOL 2 8 9 12 16 18 24 48
SOL 2 8 9 12 16 20 40 45 48
SOL 2 8 9 12 16 24 30 45 48
SOL 2 8 9 12 18 20 24 30
SOL 2 8 9 12 18 20 36 40 45
SOL 2 8 9 12 18 21 24 28
SOL 2 8 9 12 18 21 35 40 42
SOL 2 8 9 12 18 24 30 36 45
SOL 2 8 9 12 20 21 28 40 45
SOL 2 8 9 12 21 24 28 30 45
SOL 2 8 9 12 21 30 35 40 42 45
SOL 2 8 9 14 15 18 24 35
SOL 2 8 9 14 15 20 35 40 45
SOL 2 8 9 14 15 24 30 35 45
SOL 2 8 9 14 16 18 35 40 48
SOL 2 8 9 14 16 30 35 40 45 48
SOL 2 8 9 14 18 20 30 35 40
SOL 2 8 9 14 18 21 28 35 40
SOL 2 8 9 14 18 30 35 36 40 45
SOL 2 8 9 14 21 28 30 35 40 45
SOL 2 8 9 15 16 18 30 40 48
SOL 2 8 9 15 16 20 24 45 48
SOL 2 8 9 15 18 20 24 36 45
SOL 2 8 9 15 18 21 24 35 42
SOL 2 8 9 15 18 21 28 30 40
SOL 2 8 9 15 20 21 24 28 45
SOL 2 8 9 15 20 21 35 40 42 45
SOL 2 8 9 15 21 24 30 35 42 45
SOL 2 8 9 16 18 20 24 30 48
SOL 2 8 9 16 18 20 36 40 45 48
SOL 2 8 9 16 18 21 24 28 48
SOL 2 8 9 16 18 21 35 40 42 48
SOL 2 8 9 16 18 24 30 36 45 48
SOL 2 8 9 16 20 21 28 40 45 48
SOL 2 8 9 16 21 24 28 30 45 48
SOL 2 8 9 16 21 30 35 40 42 45 48
SOL 2 8 9 18 20 21 24 28 30
SOL 2 8 9 18 20 21 28 36 40 45
SOL 2 8 9 18 20 21 30 35 40 42
SOL 2 8 9 18 21 24 28 30 36 45
SOL 2 8 9 18 21 30 35 36 40 42 45
SOL 2 8 10 11 12 22 33 40
SOL 2 8 10 11 15 22 24 33
SOL 2 8 10 11 16 22 33 40 48
SOL 2 8 10 11 18 22 33 36 40
SOL 2 8 10 11 20 22 30 33 40
SOL 2 8 10 11 21 22 28 33 40
SOL 2 8 10 11 22 30 33 36 40 45
SOL 2 8 10 12 14 15 35 40
SOL 2 8 10 12 14 20 24 35
SOL 2 8 10 12 14 24 35 36 45
SOL 2 8 10 12 15 16 24 48
SOL 2 8 10 12 15 18 24 36
SOL 2 8 10 12 15 20 24 30
SOL 2 8 10 12 15 20 36 40 45
SOL 2 8 10 12 15 21 24 28
SOL 2 8 10 12 15 21 35 40 42
SOL 2 8 10 12 15 24 30 36 45
SOL 2 8 10 12 16 18 36 40 48
SOL 2 8 10 12 16 20 30 40 48
SOL 2 8 10 12 16 21 28 40 48
SOL 2 8 10 12 16 30 36 40 45 48
SOL 2 8 10 12 18 20 30 36 40
SOL 2 8 10 12 18 21 28 36 40
SOL 2 8 10 12 20 21 24 35 42
SOL 2 8 10 12 20 21 28 30 40
SOL 2 8 10 12 21 24 35 36 42 45
SOL 2 8 10 12 21 28 30 36 40 45
SOL 2 8 10 14 15 16 35 40 48
SOL 2 8 10 14 15 18 35 36 40
SOL 2 8 10 14 15 20 30 35 40
SOL 2 8 10 14 15 21 28 35 40
SOL 2 8 10 14 15 30 35 36 40 45
SOL 2 8 10 14 16 20 24 35 48
SOL 2 8 10 14 16 24 35 36 45 48
SOL 2 8 10 14 18 20 24 35 36
SOL 2 8 10 14 20 21 24 28 35
SOL 2 8 10 14 20 24 30 35 36 45
SOL 2 8 10 14 21 24 28 35 36 45
SOL 2 8 10 15 16 18 24 36 48
SOL 2 8 10 15 16 20 24 30 48
SOL 2 8 10 15 16 20 36 40 45 48
SOL 2 8 10 15 16 21 24 28 48
SOL 2 8 10 15 16 21 35 40 42 48
SOL 2 8 10 15 16 24 30 36 45 48
SOL 2 8 10 15 18 20 24 30 36
SOL 2 8 10 15 18 21 24 28 36
SOL 2 8 10 15 18 21 35 36 40 42
SOL 2 8 10 15 20 21 24 28 30
SOL 2 8 10 15 20 21 28 36 40 45
SOL 2 8 10 15 20 21 30 35 40 42
SOL 2 8 10 15 21 24 28 30 36 45
SOL 2 8 10 15 21 30 35 36 40 42 45
SOL 2 8 10 16 18 20 30 36 40 48
SOL 2 8 10 16 18 21 28 36 40 48
SOL 2 8 10 16 20 21 24 35 42 48
SOL 2 8 10 16 20 21 28 30 40 48
SOL 2 8 10 16 21 24 35 36 42 45 48
SOL 2 8 10 16 21 28 30 36 40 45 48
SOL 2 8 10 18 20 21 24 35 36 42
SOL 2 8 10 18 20 21 28 30 36 40
SOL 2 8 10 20 21 24 30 35 36 42 45
SOL 2 8 11 12 14 22 33 35 40
SOL 2 8 11 12 15 22 30 33 40
SOL 2 8 11 12 16 22 24 33 48
SOL 2 8 11 12 18 22 24 33 36
SOL 2 8 11 12 20 22 24 30 33
SOL 2 8 11 12 20 22 33 36 40 45
SOL 2 8 11 12 21 22 24 28 33
SOL 2 8 11 12 21 22 33 35 40 42
SOL 2 8 11 12 22 24 30 33 36 45
SOL 2 8 11 14 15 22 24 33 35
SOL 2 8 11 14 16 22 33 35 40 48
SOL 2 8 11 14 18 22 33 35 36 40
SOL 2 8 11 14 20 22 30 33 35 40
SOL 2 8 11 14 21 22 28 33 35 40
SOL 2 8 11 14 22 30 33 35 36 40 45
SOL 2 8 11 15 16 22 30 33 40 48
SOL 2 8 11 15 18 22 30 33 36 40
SOL 2 8 11 15 20 22 24 33 36 45
SOL 2 8 11 15 21 22 24 33 35 42
SOL 2 8 11 15 21 22 28 30 33 40
SOL 2 8 11 16 18 22 24 33 36 48
SOL 2 8 11 16 20 22 24 30 33 48
SOL 2 8 11 16 20 22 33 36 40 45 48
SOL 2 8 11 16 21 22 24 28 33 48
SOL 2 8 11 16 21 22 33 35 40 42 48
SOL 2 8 11 16 22 24 30 33 36 45 48
SOL 2 8 11 18 20 22 24 30 33 36
SOL 2 8 11 18 21 22 24 28 33 36
SOL 2 8 11 18 21 22 33 35 36 40 42
SOL 2 8 11 20 21 22 24 28 30 33
SOL 2 8 11 20 21 22 28 33 36 40 45
SOL 2 8 11 20 21 22 30 33 35 40 42
SOL 2 8 11 21 22 24 28 30 33 36 45
SOL 2 8 11 21 22 30 33 35 36 40 42 45
SOL 2 8 12 14 15 16 24 35 48
SOL 2 8 12 14 15 18 24 35 36
SOL 2 8 12 14 15 20 24 30 35
SOL 2 8 12 14 15 20 35 36 40 45
SOL 2 8 12 14 15 21 24 28 35
SOL 2 8 12 14 15 24 30 35 36 45
SOL 2 8 12 14 16 18 35 36 40 48
SOL 2 8 12 14 16 20 30 35 40 48
SOL 2 8 12 14 16 21 28 35 40 48
SOL 2 8 12 14 16 30 35 36 40 45 48
SOL 2 8 12 14 18 20 30 35 36 40
SOL 2 8 12 14 18 21 28 35 36 40
SOL 2 8 12 14 20 21 28 30 35 40
SOL 2 8 12 14 21 28 30 35 36 40 45
SOL 2 8 12 15 16 18 30 36 40 48
SOL 2 8 12 15 16 20 24 36 45 48
SOL 2 8 12 15 16 21 24 35 42 48
SOL 2 8 12 15 16 21 28 30 40 48
SOL 2 8 12 15 18 21 24 35 36 42
SOL 2 8 12 15 18 21 28 30 36 40
SOL 2 8 12 15 20 21 24 28 36 45
SOL 2 8 12 15 20 21 24 30 35 42
SOL 2 8 12 15 20 21 35 36 40 42 45
SOL 2 8 12 15 21 24 30 35 36 42 45
SOL 2 8 12 16 18 20 24 30 36 48
SOL 2 8 12 16 18 21 24 28 36 48
SOL 2 8 12 16 18 21 35 36 40 42 48
SOL 2 8 12 16 20 21 24 28 30 48
SOL 2 8 12 16 20 21 28 36 40 45 48
SOL 2 8 12 16 20 21 30 35 40 42 48
SOL 2 8 12 16 21 24 28 30 36 45 48
SOL 2 8 12 16 21 30 35 36 40 42 45 48
SOL 2 8 12 18 20 21 24 28 30 36
SOL 2 8 12 18 20 21 30 35 36 40 42
SOL 2 8 14 15 16 18 24 35 36 48
SOL 2 8 14 15 16 20 24 30 35 48
SOL 2 8 14 15 16 20 35 36 40 45 48
SOL 2 8 14 15 16 21 24 28 35 48
SOL 2 8 14 15 16 24 30 35 36 45 48
SOL 2 8 14 15 18 20 24 30 35 36
SOL 2 8 14 15 18 21 24 28 35 36
SOL 2 8 14 15 20 21 24 28 30 35
SOL 2 8 14 15 20 21 28 35 36 40 45
SOL 2 8 14 15 21 24 28 30 35 36 45
SOL 2 8 14 16 18 20 30 35 36 40 48
SOL 2 8 14 16 18 21 28 35 36 40 48
SOL 2 8 14 16 20 21 28 30 35 40 48
SOL 2 8 14 16 21 28 30 35 36 40 45 48
SOL 2 8 14 18 20 21 28 30 35 36 40
SOL 2 8 15 16 18 21 24 35 36 42 48
SOL 2 8 15 16 18 21 28 30 36 40 48
SOL 2 8 15 16 20 21 24 28 36 45 48
SOL 2 8 15 16 20 21 24 30 35 42 48
SOL 2 8 15 16 20 21 35 36 40 42 45 48
SOL 2 8 15 16 21 24 30 35 36 42 45 48
SOL 2 8 15 18 20 21 24 30 35 36 42
SOL 2 8 16 18 20 21 24 28 30 36 48
SOL 2 8 16 18 20 21 30 35 36 40 42 48
SOL 2 9 10 11 14 22 33 35 45
SOL 2 9 10 11 15 18 22 33
SOL 2 9 10 11 15 22 30 33 45
SOL 2 9 10 11 18 22 24 33 40
SOL 2 9 10 11 21 22 33 35 42 45
SOL 2 9 10 11 22 24 30 33 40 45
SOL 2 9 10 12 14 16 35 45 48
SOL 2 9 10 12 14 18 20 35
SOL 2 9 10 12 14 18 35 36 45
SOL 2 9 10 12 14 20 30 35 45
SOL 2 9 10 12 14 21 28 35 45
SOL 2 9 10 12 15 16 18 48
SOL 2 9 10 12 15 16 30 45 48
SOL 2 9 10 12 15 18 20 30
SOL 2 9 10 12 15 18 21 28
SOL 2 9 10 12 15 18 30 36 45
SOL 2 9 10 12 15 20 24 40 45
SOL 2 9 10 12 15 21 28 30 45
SOL 2 9 10 12 16 18 24 40 48
SOL 2 9 10 12 16 21 35 42 45 48
SOL 2 9 10 12 16 24 30 40 45 48
SOL 2 9 10 12 18 20 21 35 42
SOL 2 9 10 12 18 20 24 30 40
SOL 2 9 10 12 18 21 24 28 40
SOL 2 9 10 12 18 21 35 36 42 45
SOL 2 9 10 12 18 24 30 36 40 45
SOL 2 9 10 12 20 21 30 35 42 45
SOL 2 9 10 12 21 24 28 30 40 45
SOL 2 9 10 14 15 18 24 35 40
SOL 2 9 10 14 15 24 30 35 40 45
SOL 2 9 10 14 16 18 20 35 48
SOL 2 9 10 14 16 18 35 36 45 48
SOL 2 9 10 14 16 20 30 35 45 48
SOL 2 9 10 14 16 21 28 35 45 48
SOL 2 9 10 14 18 20 21 28 35
SOL 2 9 10 14 18 20 30 35 36 45
SOL 2 9 10 14 18 21 28 35 36 45
SOL 2 9 10 14 20 21 28 30 35 45
SOL 2 9 10 15 16 18 20 30 48
SOL 2 9 10 15 16 18 21 28 48
SOL 2 9 10 15 16 18 30 36 45 48
SOL 2 9 10 15 16 20 24 40 45 48
SOL 2 9 10 15 16 21 28 30 45 48
SOL 2 9 10 15 18 20 21 28 30
SOL 2 9 10 15 18 20 24 36 40 45
SOL 2 9 10 15 18 21 24 35 40 42
SOL 2 9 10 15 18 21 28 30 36 45
SOL 2 9 10 15 20 21 24 28 40 45
SOL 2 9 10 15 21 24 30 35 40 42 45
SOL 2 9 10 16 18 20 21 35 42 48
SOL 2 9 10 16 18 20 24 30 40 48
SOL 2 9 10 16 18 21 24 28 40 48
SOL 2 9 10 16 18 21 35 36 42 45 48
SOL 2 9 10 16 18 24 30 36 40 45 48
SOL 2 9 10 16 20 21 30 35 42 45 48
SOL 2 9 10 16 21 24 28 30 40 45 48
SOL 2 9 10 18 20 21 24 28 30 40
SOL 2 9 10 18 20 21 30 35 36 42 45
SOL 2 9 10 18 21 24 28 30 36 40 45
SOL 2 9 11 12 15 20 22 33 45
SOL 2 9 11 12 16 18 22 33 48
SOL 2 9 11 12 16 22 30 33 45 48
SOL 2 9 11 12 18 20 22 30 33
SOL 2 9 11 12 18 21 22 28 33
SOL 2 9 11 12 18 22 30 33 36 45
SOL 2 9 11 12 20 22 24 33 40 45
SOL 2 9 11 12 21 22 28 30 33 45
SOL 2 9 11 14 15 18 22 33 35
SOL 2 9 11 14 15 22 30 33 35 45
SOL 2 9 11 14 18 22 24 33 35 40
SOL 2 9 11 14 22 24 30 33 35 40 45
SOL 2 9 11 15 16 20 22 33 45 48
SOL 2 9 11 15 18 20 22 33 36 45
SOL 2 9 11 15 18 21 22 33 35 42
SOL 2 9 11 15 18 22 24 30 33 40
SOL 2 9 11 15 20 21 22 28 33 45
SOL 2 9 11 15 21 22 30 33 35 42 45
SOL 2 9 11 16 18 20 22 30 33 48
SOL 2 9 11 16 18 21 22 28 33 48
SOL 2 9 11 16 18 22 30 33 36 45 48
SOL 2 9 11 16 20 22 24 33 40 45 48
SOL 2 9 11 16 21 22 28 30 33 45 48
SOL 2 9 11 18 20 21 22 28 30 33
SOL 2 9 11 18 20 22 24 33 36 40 45
SOL 2 9 11 18 21 22 24 33 35 40 42
SOL 2 9 11 18 21 22 28 30 33 36 45
SOL 2 9 11 20 21 22 24 28 33 40 45
SOL 2 9 11 21 22 24 30 33 35 40 42 45
SOL 2 9 12 14 15 16 18 35 48
SOL 2 9 12 14 15 16 30 35 45 48
SOL 2 9 12 14 15 18 20 30 35
SOL 2 9 12 14 15 18 21 28 35
SOL 2 9 12 14 15 18 30 35 36 45
SOL 2 9 12 14 15 20 24 35 40 45
SOL 2 9 12 14 15 21 28 30 35 45
SOL 2 9 12 14 16 18 24 35 40 48
SOL 2 9 12 14 16 24 30 35 40 45 48
SOL 2 9 12 14 18 20 24 30 35 40
SOL 2 9 12 14 18 21 24 28 35 40
SOL 2 9 12 14 18 24 30 35 36 40 45
SOL 2 9 12 14 21 24 28 30 35 40 45
SOL 2 9 12 15 16 18 20 36 45 48
SOL 2 9 12 15 16 18 21 35 42 48
SOL 2 9 12 15 16 18 24 30 40 48
SOL 2 9 12 15 16 20 21 28 45 48
SOL 2 9 12 15 16 21 30 35 42 45 48
SOL 2 9 12 15 18 20 21 28 36 45
SOL 2 9 12 15 18 20 21 30 35 42
SOL 2 9 12 15 18 21 24 28 30 40
SOL 2 9 12 15 18 21 30 35 36 42 45
SOL 2 9 12 15 20 21 24 35 40 42 45
SOL 2 9 12 16 18 20 21 28 30 48
SOL 2 9 12 16 18 20 24 36 40 45 48
SOL 2 9 12 16 18 21 24 35 40 42 48
SOL 2 9 12 16 18 21 28 30 36 45 48
SOL 2 9 12 16 20 21 24 28 40 45 48
SOL 2 9 12 16 21 24 30 35 40 42 45 48
SOL 2 9 12 18 20 21 24 28 36 40 45
SOL 2 9 12 18 20 21 24 30 35 40 42
SOL 2 9 12 18 21 24 30 35 36 40 42 45
SOL 2 9 14 15 16 18 20 30 35 48
SOL 2 9 14 15 16 18 21 28 35 48
SOL 2 9 14 15 16 18 30 35 36 45 48
SOL 2 9 14 15 16 20 24 35 40 45 48
SOL 2 9 14 15 16 21 28 30 35 45 48
SOL 2 9 14 15 18 20 21 28 30 35
SOL 2 9 14 15 18 20 24 35 36 40 45
SOL 2 9 14 15 18 21 28 30 35 36 45
SOL 2 9 14 15 20 21 24 28 35 40 45
SOL 2 9 14 16 18 20 24 30 35 40 48
SOL 2 9 14 16 18 21 24 28 35 40 48
SOL 2 9 14 16 18 24 30 35 36 40 45 48
SOL 2 9 14 16 21 24 28 30 35 40 45 48
SOL 2 9 14 18 20 21 24 28 30 35 40
SOL 2 9 14 18 21 24 28 30 35 36 40 45
SOL 2 9 15 16 18 20 21 28 36 45 48
SOL 2 9 15 16 18 20 21 30 35 42 48
SOL 2 9 15 16 18 21 24 28 30 40 48
SOL 2 9 15 16 18 21 30 35 36 42 45 48
SOL 2 9 15 16 20 21 24 35 40 42 45 48
SOL 2 9 15 18 20 21 24 35 36 40 42 45
SOL 2 9 16 18 20 21 24 28 36 40 45 48
SOL 2 9 16 18 20 21 24 30 35 40 42 48
SOL 2 9 16 18 21 24 30 35 36 40 42 45 48
SOL 2 10 11 12 14 20 22 33 35
SOL 2 10 11 12 14 22 33 35 36 45
SOL 2 10 11 12 15 16 22 33 48
SOL 2 10 11 12 15 18 22 33 36
SOL 2 10 11 12 15 20 22 30 33
SOL 2 10 11 12 15 21 22 28 33
SOL 2 10 11 12 15 22 30 33 36 45
SOL 2 10 11 12 16 22 24 33 40 48
SOL 2 10 11 12 18 22 24 33 36 40
SOL 2 10 11 12 20 21 22 33 35 42
SOL 2 10 11 12 20 22 24 30 33 40
SOL 2 10 11 12 21 22 24 28 33 40
SOL 2 10 11 12 21 22 33 35 36 42 45
SOL 2 10 11 12 22 24 30 33 36 40 45
SOL 2 10 11 14 15 22 24 33 35 40
SOL 2 10 11 14 16 20 22 33 35 48
SOL 2 10 11 14 16 22 33 35 36 45 48
SOL 2 10 11 14 18 20 22 33 35 36
SOL 2 10 11 14 20 21 22 28 33 35
SOL 2 10 11 14 20 22 30 33 35 36 45
SOL 2 10 11 14 21 22 28 33 35 36 45
SOL 2 10 11 15 16 18 22 33 36 48
SOL 2 10 11 15 16 20 22 30 33 48
SOL 2 10 11 15 16 21 22 28 33 48
SOL 2 10 11 15 16 22 30 33 36 45 48
SOL 2 10 11 15 18 20 22 30 33 36
SOL 2 10 11 15 18 21 22 28 33 36
SOL 2 10 11 15 20 21 22 28 30 33
SOL 2 10 11 15 20 22 24 33 36 40 45
SOL 2 10 11 15 21 22 24 33 35 40 42
SOL 2 10 11 15 21 22 28 30 33 36 45
SOL 2 10 11 16 18 22 24 33 36 40 48
SOL 2 10 11 16 20 21 22 33 35 42 48
SOL 2 10 11 16 20 22 24 30 33 40 48
SOL 2 10 11 16 21 22 24 28 33 40 48
SOL 2 10 11 16 21 22 33 35 36 42 45 48
SOL 2 10 11 16 22 24 30 33 36 40 45 48
SOL 2 10 11 18 20 21 22 33 35 36 42
SOL 2 10 11 18 20 22 24 30 33 36 40
SOL 2 10 11 18 21 22 24 28 33 36 40
SOL 2 10 11 20 21 22 24 28 30 33 40
SOL 2 10 11 20 21 22 30 33 35 36 42 45
SOL 2 10 11 21 22 24 28 30 33 36 40 45
SOL 2 10 12 14 15 16 24 35 40 48
SOL 2 10 12 14 15 18 24 35 36 40
SOL 2 10 12 14 15 20 24 30 35 40
SOL 2 10 12 14 15 21 24 28 35 40
SOL 2 10 12 14 15 24 30 35 36 40 45
SOL 2 10 12 14 16 18 20 35 36 48
SOL 2 10 12 14 16 20 21 28 35 48
SOL 2 10 12 14 16 20 30 35 36 45 48
SOL 2 10 12 14 16 21 28 35 36 45 48
SOL 2 10 12 14 18 20 21 28 35 36
SOL 2 10 12 14 20 21 28 30 35 36 45
SOL 2 10 12 15 16 18 20 30 36 48
SOL 2 10 12 15 16 18 21 28 36 48
SOL 2 10 12 15 16 20 21 28 30 48
SOL 2 10 12 15 16 20 24 36 40 45 48
SOL 2 10 12 15 16 21 24 35 40 42 48
SOL 2 10 12 15 16 21 28 30 36 45 48
SOL 2 10 12 15 18 20 21 28 30 36
SOL 2 10 12 15 18 21 24 35 36 40 42
SOL 2 10 12 15 20 21 24 28 36 40 45
SOL 2 10 12 15 20 21 24 30 35 40 42
SOL 2 10 12 15 21 24 30 35 36 40 42 45
SOL 2 10 12 16 18 20 21 35 36 42 48
SOL 2 10 12 16 18 20 24 30 36 40 48
SOL 2 10 12 16 18 21 24 28 36 40 48
SOL 2 10 12 16 20 21 24 28 30 40 48
SOL 2 10 12 16 20 21 30 35 36 42 45 48
SOL 2 10 12 16 21 24 28 30 36 40 45 48
SOL 2 10 12 18 20 21 24 28 30 36 40
SOL 2 10 14 15 16 18 24 35 36 40 48
SOL 2 10 14 15 16 20 24 30 35 40 48
SOL 2 10 14 15 16 21 24 28 35 40 48
SOL 2 10 14 15 16 24 30 35 36 40 45 48
SOL 2 10 14 15 18 20 24 30 35 36 40
SOL 2 10 14 15 18 21 24 28 35 36 40
SOL 2 10 14 15 20 21 24 28 30 35 40
SOL 2 10 14 15 21 24 28 30 35 36 40 45
SOL 2 10 14 16 18 20 21 28 35 36 48
SOL 2 10 14 16 20 21 28 30 35 36 45 48
SOL 2 10 15 16 18 20 21 28 30 36 48
SOL 2 10 15 16 18 21 24 35 36 40 42 48
SOL 2 10 15 16 20 21 24 28 36 40 45 48
SOL 2 10 15 16 20 21 24 30 35 40 42 48
SOL 2 10 15 16 21 24 30 35 36 40 42 45 48
SOL 2 10 15 18 20 21 24 30 35 36 40 42
SOL 2 10 16 18 20 21 24 28 30 36 40 48
SOL 2 11 12 14 15 16 22 33 35 48
SOL 2 11 12 14 15 18 22 33 35 36
SOL 2 11 12 14 15 20 22 30 33 35
SOL 2 11 12 14 15 21 22 28 33 35
SOL 2 11 12 14 15 22 30 33 35 36 45
SOL 2 11 12 14 16 22 24 33 35 40 48
SOL 2 11 12 14 18 22 24 33 35 36 40
SOL 2 11 12 14 20 22 24 30 33 35 40
SOL 2 11 12 14 21 22 24 28 33 35 40
SOL 2 11 12 14 22 24 30 33 35 36 40 45
SOL 2 11 12 15 16 20 22 33 36 45 48
SOL 2 11 12 15 16 21 22 33 35 42 48
SOL 2 11 12 15 16 22 24 30 33 40 48
SOL 2 11 12 15 18 21 22 33 35 36 42
SOL 2 11 12 15 18 22 24 30 33 36 40
SOL 2 11 12 15 20 21 22 28 33 36 45
SOL 2 11 12 15 20 21 22 30 33 35 42
SOL 2 11 12 15 21 22 24 28 30 33 40
SOL 2 11 12 15 21 22 30 33 35 36 42 45
SOL 2 11 12 16 18 20 22 30 33 36 48
SOL 2 11 12 16 18 21 22 28 33 36 48
SOL 2 11 12 16 20 21 22 28 30 33 48
SOL 2 11 12 16 20 22 24 33 36 40 45 48
SOL 2 11 12 16 21 22 24 33 35 40 42 48
SOL 2 11 12 16 21 22 28 30 33 36 45 48
SOL 2 11 12 18 20 21 22 28 30 33 36
SOL 2 11 12 18 21 22 24 33 35 36 40 42
SOL 2 11 12 20 21 22 24 28 33 36 40 45
SOL 2 11 12 20 21 22 24 30 33 35 40 42
SOL 2 11 12 21 22 24 30 33 35 36 40 42 45
SOL 2 11 14 15 16 18 22 33 35 36 48
SOL 2 11 14 15 16 20 22 30 33 35 48
SOL 2 11 14 15 16 21 22 28 33 35 48
SOL 2 11 14 15 16 22 30 33 35 36 45 48
SOL 2 11 14 15 18 20 22 30 33 35 36
SOL 2 11 14 15 18 21 22 28 33 35 36
SOL 2 11 14 15 20 21 22 28 30 33 35
SOL 2 11 14 15 20 22 24 33 35 36 40 45
SOL 2 11 14 15 21 22 28 30 33 35 36 45
SOL 2 11 14 16 18 22 24 33 35 36 40 48
SOL 2 11 14 16 20 22 24 30 33 35 40 48
SOL 2 11 14 16 21 22 24 28 33 35 40 48
SOL 2 11 14 16 22 24 30 33 35 36 40 45 48
SOL 2 11 14 18 20 22 24 30 33 35 36 40
SOL 2 11 14 18 21 22 24 28 33 35 36 40
SOL 2 11 14 20 21 22 24 28 30 33 35 40
SOL 2 11 14 21 22 24 28 30 33 35 36 40 45
SOL 2 11 15 16 18 21 22 33 35 36 42 48
SOL 2 11 15 16 18 22 24 30 33 36 40 48
SOL 2 11 15 16 20 21 22 28 33 36 45 48
SOL 2 11 15 16 20 21 22 30 33 35 42 48
SOL 2 11 15 16 21 22 24 28 30 33 40 48
SOL 2 11 15 16 21 22 30 33 35 36 42 45 48
SOL 2 11 15 18 20 21 22 30 33 35 36 42
SOL 2 11 15 18 21 22 24 28 30 33 36 40
SOL 2 11 15 20 21 22 24 33 35 36 40 42 45
SOL 2 11 16 18 20 21 22 28 30 33 36 48
SOL 2 11 16 18 21 22 24 33 35 36 40 42 48
SOL 2 11 16 20 21 22 24 28 33 36 40 45 48
SOL 2 11 16 20 21 22 24 30 33 35 40 42 48
SOL 2 11 16 21 22 24 30 33 35 36 40 42 45 48
SOL 2 11 18 20 21 22 24 30 33 35 36 40 42
SOL 2 12 14 15 16 18 20 30 35 36 48
SOL 2 12 14 15 16 18 21 28 35 36 48
SOL 2 12 14 15 16 20 21 28 30 35 48
SOL 2 12 14 15 16 20 24 35 36 40 45 48
SOL 2 12 14 15 16 21 28 30 35 36 45 48
SOL 2 12 14 15 18 20 21 28 30 35 36
SOL 2 12 14 15 20 21 24 28 35 36 40 45
SOL 2 12 14 16 18 20 24 30 35 36 40 48
SOL 2 12 14 16 18 21 24 28 35 36 40 48
SOL 2 12 14 16 20 21 24 28 30 35 40 48
SOL 2 12 14 16 21 24 28 30 35 36 40 45 48
SOL 2 12 14 18 20 21 24 28 30 35 36 40
SOL 2 12 15 16 18 20 21 30 35 36 42 48
SOL 2 12 15 16 18 21 24 28 30 36 40 48
SOL 2 12 15 16 20 21 24 35 36 40 42 45 48
SOL 2 12 16 18 20 21 24 30 35 36 40 42 48
SOL 2 14 15 16 18 20 21 28 30 35 36 48
SOL 2 14 15 16 20 21 24 28 35 36 40 45 48
SOL 2 14 16 18 20 21 24 28 30 35 36 40 48
SOL 3 4 5 6 20
SOL 3 4 5 6 36 45
SOL 3 4 5 7 20 42
SOL 3 4 5 7 36 42 45
SOL 3 4 5 8 15 40
SOL 3 4 5 8 20 24
SOL 3 4 5 8 24 36 45
SOL 3 4 5 9 12 45
SOL 3 4 5 9 16 45 48
SOL 3 4 5 9 18 20
SOL 3 4 5 9 18 36 45
SOL 3 4 5 9 20 30 45
SOL 3 4 5 9 21 28 45
SOL 3 4 5 10 12 30
SOL 3 4 5 10 15 20
SOL 3 4 5 10 15 36 45
SOL 3 4 5 10 16 30 48
SOL 3 4 5 10 18 30 36
SOL 3 4 5 10 20 24 40
SOL 3 4 5 10 21 28 30
SOL 3 4 5 10 24 36 40 45
SOL 3 4 5 11 20 22 33
SOL 3 4 5 11 22 33 36 45
SOL 3 4 5 12 14 30 35
SOL 3 4 5 12 15 24 40
SOL 3 4 5 12 16 20 48
SOL 3 4 5 12 16 36 45 48
SOL 3 4 5 12 18 20 36
SOL 3 4 5 12 20 21 28
SOL 3 4 5 12 20 30 36 45
SOL 3 4 5 12 21 28 36 45
SOL 3 4 5 12 21 30 35 42
SOL 3 4 5 14 15 20 35
SOL 3 4 5 14 15 35 36 45
SOL 3 4 5 14 16 30 35 48
SOL 3 4 5 14 18 30 35 36
SOL 3 4 5 14 20 24 35 40
SOL 3 4 5 14 21 28 30 35
SOL 3 4 5 14 24 35 36 40 45
SOL 3 4 5 15 16 24 40 48
SOL 3 4 5 15 18 24 36 40
SOL 3 4 5 15 20 21 35 42
SOL 3 4 5 15 20 24 30 40
SOL 3 4 5 15 21 24 28 40
SOL 3 4 5 15 21 35 36 42 45
SOL 3 4 5 15 24 30 36 40 45
SOL 3 4 5 16 18 20 36 48
SOL 3 4 5 16 20 21 28 48
SOL 3 4 5 16 20 30 36 45 48
SOL 3 4 5 16 21 28 36 45 48
SOL 3 4 5 16 21 30 35 42 48
SOL 3 4 5 18 20 21 28 36
SOL 3 4 5 18 21 30 35 36 42
SOL 3 4 5 20 21 24 35 40 42
SOL 3 4 5 20 21 28 30 36 45
SOL 3 4 5 21 24 35 36 40 42 45
SOL 3 4 6 7 12 42
SOL 3 4 6 7 14 28
SOL 3 4 6 7 16 42 48
SOL 3 4 6 7 18 36 42
SOL 3 4 6 7 20 30 42
SOL 3 4 6 7 21 28 42
SOL 3 4 6 7 30 36 42 45
SOL 3 4 6 8 10 40
SOL 3 4 6 8 12 24
SOL 3 4 6 8 14 35 40
SOL 3 4 6 8 15 30 40
SOL 3 4 6 8 16 24 48
SOL 3 4 6 8 18 24 36
SOL 3 4 6 8 20 24 30
SOL 3 4 6 8 20 36 40 45
SOL 3 4 6 8 21 24 28
SOL 3 4 6 8 21 35 40 42
SOL 3 4 6 8 24 30 36 45
SOL 3 4 6 9 12 18
SOL 3 4 6 9 12 30 45
SOL 3 4 6 9 15 20 45
SOL 3 4 6 9 16 18 48
SOL 3 4 6 9 16 30 45 48
SOL 3 4 6 9 18 20 30
SOL 3 4 6 9 18 21 28
SOL 3 4 6 9 18 30 36 45
SOL 3 4 6 9 20 24 40 45
SOL 3 4 6 9 21 28 30 45
SOL 3 4 6 10 12 15
SOL 3 4 6 10 12 24 40
SOL 3 4 6 10 14 20 35
SOL 3 4 6 10 14 35 36 45
SOL 3 4 6 10 15 16 48
SOL 3 4 6 10 15 18 36
SOL 3 4 6 10 15 20 30
SOL 3 4 6 10 15 21 28
SOL 3 4 6 10 15 30 36 45
SOL 3 4 6 10 16 24 40 48
SOL 3 4 6 10 18 24 36 40
SOL 3 4 6 10 20 21 35 42
SOL 3 4 6 10 20 24 30 40
SOL 3 4 6 10 21 24 28 40
SOL 3 4 6 10 21 35 36 42 45
SOL 3 4 6 10 24 30 36 40 45
SOL 3 4 6 11 12 22 33
SOL 3 4 6 11 16 22 33 48
SOL 3 4 6 11 18 22 33 36
SOL 3 4 6 11 20 22 30 33
SOL 3 4 6 11 21 22 28 33
SOL 3 4 6 11 22 30 33 36 45
SOL 3 4 6 12 14 15 35
SOL 3 4 6 12 14 24 35 40
SOL 3 4 6 12 15 20 36 45
SOL 3 4 6 12 15 21 35 42
SOL 3 4 6 12 15 24 30 40
SOL 3 4 6 12 16 18 36 48
SOL 3 4 6 12 16 20 30 48
SOL 3 4 6 12 16 21 28 48
SOL 3 4 6 12 16 30 36 45 48
SOL 3 4 6 12 18 20 30 36
SOL 3 4 6 12 18 21 28 36
SOL 3 4 6 12 20 21 28 30
SOL 3 4 6 12 20 24 36 40 45
SOL 3 4 6 12 21 24 35 40 42
SOL 3 4 6 12 21 28 30 36 45
SOL 3 4 6 14 15 16 35 48
SOL 3 4 6 14 15 18 35 36
SOL 3 4 6 14 15 20 30 35
SOL 3 4 6 14 15 21 28 35
SOL 3 4 6 14 15 30 35 36 45
SOL 3 4 6 14 16 24 35 40 48
SOL 3 4 6 14 18 24 35 36 40
SOL 3 4 6 14 20 24 30 35 40
SOL 3 4 6 14 21 24 28 35 40
SOL 3 4 6 14 24 30 35 36 40 45
SOL 3 4 6 15 16 20 36 45 48
SOL 3 4 6 15 16 21 35 42 48
SOL 3 4 6 15 16 24 30 40 48
SOL 3 4 6 15 18 21 35 36 42
SOL 3 4 6 15 18 24 30 36 40
SOL 3 4 6 15 20 21 28 36 45
SOL 3 4 6 15 20 21 30 35 42
SOL 3 4 6 15 21 24 28 30 40
SOL 3 4 6 15 21 30 35 36 42 45
SOL 3 4 6 16 18 20 30 36 48
SOL 3 4 6 16 18 21 28 36 48
SOL 3 4 6 16 20 21 28 30 48
SOL 3 4 6 16 20 24 36 40 45 48
SOL 3 4 6 16 21 24 35 40 42 48
SOL 3 4 6 16 21 28 30 36 45 48
SOL 3 4 6 18 20 21 28 30 36
SOL 3 4 6 18 21 24 35 36 40 42
SOL 3 4 6 20 21 24 28 36 40 45
SOL 3 4 6 20 21 24 30 35 40 42
SOL 3 4 6 21 24 30 35 36 40 42 45
SOL 3 4 7 8 10 40 42
SOL 3 4 7 8 12 24 42
SOL 3 4 7 8 14 24 28
SOL 3 4 7 8 14 35 40 42
SOL 3 4 7 8 15 30 40 42
SOL 3 4 7 8 16 24 42 48
SOL 3 4 7 8 18 24 36 42
SOL 3 4 7 8 20 24 30 42
SOL 3 4 7 8 20 36 40 42 45
SOL 3 4 7 8 21 24 28 42
SOL 3 4 7 8 24 30 36 42 45
SOL 3 4 7 9 12 18 42
SOL 3 4 7 9 12 30 42 45
SOL 3 4 7 9 14 18 28
SOL 3 4 7 9 14 28 30 45
SOL 3 4 7 9 15 20 42 45
SOL 3 4 7 9 16 18 42 48
SOL 3 4 7 9 16 30 42 45 48
SOL 3 4 7 9 18 20 30 42
SOL 3 4 7 9 18 21 28 42
SOL 3 4 7 9 18 30 36 42 45
SOL 3 4 7 9 20 24 40 42 45
SOL 3 4 7 9 21 28 30 42 45
SOL 3 4 7 10 12 15 42
SOL 3 4 7 10 12 24 40 42
SOL 3 4 7 10 14 15 28
SOL 3 4 7 10 14 20 35 42
SOL 3 4 7 10 14 24 28 40
SOL 3 4 7 10 14 35 36 42 45
SOL 3 4 7 10 15 16 42 48
SOL 3 4 7 10 15 18 36 42
SOL 3 4 7 10 15 20 30 42
SOL 3 4 7 10 15 21 28 42
SOL 3 4 7 10 15 30 36 42 45
SOL 3 4 7 10 16 24 40 42 48
SOL 3 4 7 10 18 24 36 40 42
SOL 3 4 7 10 20 24 30 40 42
SOL 3 4 7 10 21 24 28 40 42
SOL 3 4 7 10 24 30 36 40 42 45
SOL 3 4 7 11 12 22 33 42
SOL 3 4 7 11 14 22 28 33
SOL 3 4 7 11 16 22 33 42 48
SOL 3 4 7 11 18 22 33 36 42
SOL 3 4 7 11 20 22 30 33 42
SOL 3 4 7 11 21 22 28 33 42
SOL 3 4 7 11 22 30 33 36 42 45
SOL 3 4 7 12 14 15 35 42
SOL 3 4 7 12 14 16 28 48
SOL 3 4 7 12 14 18 28 36
SOL 3 4 7 12 14 20 28 30
SOL 3 4 7 12 14 24 35 40 42
SOL 3 4 7 12 14 28 30 36 45
SOL 3 4 7 12 15 20 36 42 45
SOL 3 4 7 12 15 24 30 40 42
SOL 3 4 7 12 16 18 36 42 48
SOL 3 4 7 12 16 20 30 42 48
SOL 3 4 7 12 16 21 28 42 48
SOL 3 4 7 12 16 30 36 42 45 48
SOL 3 4 7 12 18 20 30 36 42
SOL 3 4 7 12 18 21 28 36 42
SOL 3 4 7 12 20 21 28 30 42
SOL 3 4 7 12 20 24 36 40 42 45
SOL 3 4 7 12 21 28 30 36 42 45
SOL 3 4 7 14 15 16 35 42 48
SOL 3 4 7 14 15 18 35 36 42
SOL 3 4 7 14 15 20 28 36 45
SOL 3 4 7 14 15 20 30 35 42
SOL 3 4 7 14 15 21 28 35 42
SOL 3 4 7 14 15 24 28 30 40
SOL 3 4 7 14 15 30 35 36 42 45
SOL 3 4 7 14 16 18 28 36 48
SOL 3 4 7 14 16 20 28 30 48
SOL 3 4 7 14 16 24 35 40 42 48
SOL 3 4 7 14 16 28 30 36 45 48
SOL 3 4 7 14 18 20 28 30 36
SOL 3 4 7 14 18 24 35 36 40 42
SOL 3 4 7 14 20 24 28 36 40 45
SOL 3 4 7 14 20 24 30 35 40 42
SOL 3 4 7 14 21 24 28 35 40 42
SOL 3 4 7 14 24 30 35 36 40 42 45
SOL 3 4 7 15 16 20 36 42 45 48
SOL 3 4 7 15 16 24 30 40 42 48
SOL 3 4 7 15 18 24 30 36 40 42
SOL 3 4 7 15 20 21 28 36 42 45
SOL 3 4 7 15 21 24 28 30 40 42
SOL 3 4 7 16 18 20 30 36 42 48
SOL 3 4 7 16 18 21 28 36 42 48
SOL 3 4 7 16 20 21 28 30 42 48
SOL 3 4 7 16 20 24 36 40 42 45 48
SOL 3 4 7 16 21 28 30 36 42 45 48
SOL 3 4 7 18 20 21 28 30 36 42
SOL 3 4 7 20 21 24 28 36 40 42 45
SOL 3 4 8 9 10 18 40
SOL 3 4 8 9 10 30 40 45
SOL 3 4 8 9 12 18 24
SOL 3 4 8 9 12 20 40 45
SOL 3 4 8 9 12 24 30 45
SOL 3 4 8 9 14 18 35 40
SOL 3 4 8 9 14 30 35 40 45
SOL 3 4 8 9 15 18 30 40
SOL 3 4 8 9 15 20 24 45
SOL 3 4 8 9 16 18 24 48
SOL 3 4 8 9 16 20 40 45 48
SOL 3 4 8 9 16 24 30 45 48
SOL 3 4 8 9 18 20 24 30
SOL 3 4 8 9 18 20 36 40 45
SOL 3 4 8 9 18 21 24 28
SOL 3 4 8 9 18 21 35 40 42
SOL 3 4 8 9 18 24 30 36 45
SOL 3 4 8 9 20 21 28 40 45
SOL 3 4 8 9 21 24 28 30 45
SOL 3 4 8 9 21 30 35 40 42 45
SOL 3 4 8 10 11 22 33 40
SOL 3 4 8 10 12 15 24
SOL 3 4 8 10 12 16 40 48
SOL 3 4 8 10 12 18 36 40
SOL 3 4 8 10 12 20 30 40
SOL 3 4 8 10 12 21 28 40
SOL 3 4 8 10 12 30 36 40 45
SOL 3 4 8 10 14 15 35 40
SOL 3 4 8 10 14 20 24 35
SOL 3 4 8 10 14 24 35 36 45
SOL 3 4 8 10 15 16 24 48
SOL 3 4 8 10 15 18 24 36
SOL 3 4 8 10 15 20 24 30
SOL 3 4 8 10 15 20 36 40 45
SOL 3 4 8 10 15 21 24 28
SOL 3 4 8 10 15 21 35 40 42
SOL 3 4 8 10 15 24 30 36 45
SOL 3 4 8 10 16 18 36 40 48
SOL 3 4 8 10 16 20 30 40 48
SOL 3 4 8 10 16 21 28 40 48
SOL 3 4 8 10 16 30 36 40 45 48
SOL 3 4 8 10 18 20 30 36 40
SOL 3 4 8 10 18 21 28 36 40
SOL 3 4 8 10 20 21 24 35 42
SOL 3 4 8 10 20 21 28 30 40
SOL 3 4 8 10 21 24 35 36 42 45
SOL 3 4 8 10 21 28 30 36 40 45
SOL 3 4 8 11 12 22 24 33
SOL 3 4 8 11 14 22 33 35 40
SOL 3 4 8 11 15 22 30 33 40
SOL 3 4 8 11 16 22 24 33 48
SOL 3 4 8 11 18 22 24 33 36
SOL 3 4 8 11 20 22 24 30 33
SOL 3 4 8 11 20 22 33 36 40 45
SOL 3 4 8 11 21 22 24 28 33
SOL 3 4 8 11 21 22 33 35 40 42
SOL 3 4 8 11 22 24 30 33 36 45
SOL 3 4 8 12 14 15 24 35
SOL 3 4 8 12 14 16 35 40 48
SOL 3 4 8 12 14 18 35 36 40
SOL 3 4 8 12 14 20 30 35 40
SOL 3 4 8 12 14 21 28 35 40
SOL 3 4 8 12 14 30 35 36 40 45
SOL 3 4 8 12 15 16 30 40 48
SOL 3 4 8 12 15 18 30 36 40
SOL 3 4 8 12 15 20 24 36 45
SOL 3 4 8 12 15 21 24 35 42
SOL 3 4 8 12 15 21 28 30 40
SOL 3 4 8 12 16 18 24 36 48
SOL 3 4 8 12 16 20 24 30 48
SOL 3 4 8 12 16 20 36 40 45 48
SOL 3 4 8 12 16 21 24 28 48
SOL 3 4 8 12 16 21 35 40 42 48
SOL 3 4 8 12 16 24 30 36 45 48
SOL 3 4 8 12 18 20 24 30 36
SOL 3 4 8 12 18 21 24 28 36
SOL 3 4 8 12 18 21 35 36 40 42
SOL 3 4 8 12 20 21 24 28 30
SOL 3 4 8 12 20 21 28 36 40 45
SOL 3 4 8 12 20 21 30 35 40 42
SOL 3 4 8 12 21 24 28 30 36 45
SOL 3 4 8 12 21 30 35 36 40 42 45
SOL 3 4 8 14 15 16 24 35 48
SOL 3 4 8 14 15 18 24 35 36
SOL 3 4 8 14 15 20 24 30 35
SOL 3 4 8 14 15 20 35 36 40 45
SOL 3 4 8 14 15 21 24 28 35
SOL 3 4 8 14 15 24 30 35 36 45
SOL 3 4 8 14 16 18 35 36 40 48
SOL 3 4 8 14 16 20 30 35 40 48
SOL 3 4 8 14 16 21 28 35 40 48
SOL 3 4 8 14 16 30 35 36 40 45 48
SOL 3 4 8 14 18 20 30 35 36 40
SOL 3 4 8 14 18 21 28 35 36 40
SOL 3 4 8 14 20 21 28 30 35 40
SOL 3 4 8 14 21 28 30 35 36 40 45
SOL 3 4 8 15 16 18 30 36 40 48
SOL 3 4 8 15 16 20 24 36 45 48
SOL 3 4 8 15 16 21 24 35 42 48
SOL 3 4 8 15 16 21 28 30 40 48
SOL 3 4 8 15 18 21 24 35 36 42
SOL 3 4 8 15 18 21 28 30 36 40
SOL 3 4 8 15 20 21 24 28 36 45
SOL 3 4 8 15 20 21 24 30 35 42
SOL 3 4 8 15 20 21 35 36 40 42 45
SOL 3 4 8 15 21 24 30 35 36 42 45
SOL 3 4 8 16 18 20 24 30 36 48
SOL 3 4 8 16 18 21 24 28 36 48
SOL 3 4 8 16 18 21 35 36 40 42 48
SOL 3 4 8 16 20 21 24 28 30 48
SOL 3 4 8 16 20 21 28 36 40 45 48
SOL 3 4 8 16 20 21 30 35 40 42 48
SOL 3 4 8 16 21 24 28 30 36 45 48
SOL 3 4 8 16 21 30 35 36 40 42 45 48
SOL 3 4 8 18 20 21 24 28 30 36
SOL 3 4 8 18 20 21 30 35 36 40 42
SOL 3 4 9 10 12 14 35 45
SOL 3 4 9 10 12 15 18
SOL 3 4 9 10 12 15 30 45
SOL 3 4 9 10 12 18 24 40
SOL 3 4 9 10 12 21 35 42 45
SOL 3 4 9 10 12 24 30 40 45
SOL 3 4 9 10 14 16 35 45 48
SOL 3 4 9 10 14 18 20 35
SOL 3 4 9 10 14 18 35 36 45
SOL 3 4 9 10 14 20 30 35 45
SOL 3 4 9 10 14 21 28 35 45
SOL 3 4 9 10 15 16 18 48
SOL 3 4 9 10 15 16 30 45 48
SOL 3 4 9 10 15 18 20 30
SOL 3 4 9 10 15 18 21 28
SOL 3 4 9 10 15 18 30 36 45
SOL 3 4 9 10 15 20 24 40 45
SOL 3 4 9 10 15 21 28 30 45
SOL 3 4 9 10 16 18 24 40 48
SOL 3 4 9 10 16 21 35 42 45 48
SOL 3 4 9 10 16 24 30 40 45 48
SOL 3 4 9 10 18 20 21 35 42
SOL 3 4 9 10 18 20 24 30 40
SOL 3 4 9 10 18 21 24 28 40
SOL 3 4 9 10 18 21 35 36 42 45
SOL 3 4 9 10 18 24 30 36 40 45
SOL 3 4 9 10 20 21 30 35 42 45
SOL 3 4 9 10 21 24 28 30 40 45
SOL 3 4 9 11 12 18 22 33
SOL 3 4 9 11 12 22 30 33 45
SOL 3 4 9 11 15 20 22 33 45
SOL 3 4 9 11 16 18 22 33 48
SOL 3 4 9 11 16 22 30 33 45 48
SOL 3 4 9 11 18 20 22 30 33
SOL 3 4 9 11 18 21 22 28 33
SOL 3 4 9 11 18 22 30 33 36 45
SOL 3 4 9 11 20 22 24 33 40 45
SOL 3 4 9 11 21 22 28 30 33 45
SOL 3 4 9 12 14 15 18 35
SOL 3 4 9 12 14 15 30 35 45
SOL 3 4 9 12 14 18 24 35 40
SOL 3 4 9 12 14 24 30 35 40 45
SOL 3 4 9 12 15 16 20 45 48
SOL 3 4 9 12 15 18 20 36 45
SOL 3 4 9 12 15 18 21 35 42
SOL 3 4 9 12 15 18 24 30 40
SOL 3 4 9 12 15 20 21 28 45
SOL 3 4 9 12 15 21 30 35 42 45
SOL 3 4 9 12 16 18 20 30 48
SOL 3 4 9 12 16 18 21 28 48
SOL 3 4 9 12 16 18 30 36 45 48
SOL 3 4 9 12 16 20 24 40 45 48
SOL 3 4 9 12 16 21 28 30 45 48
SOL 3 4 9 12 18 20 21 28 30
SOL 3 4 9 12 18 20 24 36 40 45
SOL 3 4 9 12 18 21 24 35 40 42
SOL 3 4 9 12 18 21 28 30 36 45
SOL 3 4 9 12 20 21 24 28 40 45
SOL 3 4 9 12 21 24 30 35 40 42 45
SOL 3 4 9 14 15 16 18 35 48
SOL 3 4 9 14 15 16 30 35 45 48
SOL 3 4 9 14 15 18 20 30 35
SOL 3 4 9 14 15 18 21 28 35
SOL 3 4 9 14 15 18 30 35 36 45
SOL 3 4 9 14 15 20 24 35 40 45
SOL 3 4 9 14 15 21 28 30 35 45
SOL 3 4 9 14 16 18 24 35 40 48
SOL 3 4 9 14 16 24 30 35 40 45 48
SOL 3 4 9 14 18 20 24 30 35 40
SOL 3 4 9 14 18 21 24 28 35 40
SOL 3 4 9 14 18 24 30 35 36 40 45
SOL 3 4 9 14 21 24 28 30 35 40 45
SOL 3 4 9 15 16 18 20 36 45 48
SOL 3 4 9 15 16 18 21 35 42 48
SOL 3 4 9 15 16 18 24 30 40 48
SOL 3 4 9 15 16 20 21 28 45 48
SOL 3 4 9 15 16 21 30 35 42 45 48
SOL 3 4 9 15 18 20 21 28 36 45
SOL 3 4 9 15 18 20 21 30 35 42
SOL 3 4 9 15 18 21 24 28 30 40
SOL 3 4 9 15 18 21 30 35 36 42 45
SOL 3 4 9 15 20 21 24 35 40 42 45
SOL 3 4 9 16 18 20 21 28 30 48
SOL 3 4 9 16 18 20 24 36 40 45 48
SOL 3 4 9 16 18 21 24 35 40 42 48
SOL 3 4 9 16 18 21 28 30 36 45 48
SOL 3 4 9 16 20 21 24 28 40 45 48
SOL 3 4 9 16 21 24 30 35 40 42 45 48
SOL 3 4 9 18 20 21 24 28 36 40 45
SOL 3 4 9 18 20 21 24 30 35 40 42
SOL 3 4 9 18 21 24 30 35 36 40 42 45
SOL 3 4 10 11 12 15 22 33
SOL 3 4 10 11 12 22 24 33 40
SOL 3 4 10 11 14 20 22 33 35
SOL 3 4 10 11 14 22 33 35 36 45
SOL 3 4 10 11 15 16 22 33 48
SOL 3 4 10 11 15 18 22 33 36
SOL 3 4 10 11 15 20 22 30 33
SOL 3 4 10 11 15 21 22 28 33
SOL 3 4 10 11 15 22 30 33 36 45
SOL 3 4 10 11 16 22 24 33 40 48
SOL 3 4 10 11 18 22 24 33 36 40
SOL 3 4 10 11 20 21 22 33 35 42
SOL 3 4 10 11 20 22 24 30 33 40
SOL 3 4 10 11 21 22 24 28 33 40
SOL 3 4 10 11 21 22 33 35 36 42 45
SOL 3 4 10 11 22 24 30 33 36 40 45
SOL 3 4 10 12 14 15 24 35 40
SOL 3 4 10 12 14 16 20 35 48
SOL 3 4 10 12 14 16 35 36 45 48
SOL 3 4 10 12 14 18 20 35 36
SOL 3 4 10 12 14 20 21 28 35
SOL 3 4 10 12 14 20 30 35 36 45
SOL 3 4 10 12 14 21 28 35 36 45
SOL 3 4 10 12 15 16 18 36 48
SOL 3 4 10 12 15 16 20 30 48
SOL 3 4 10 12 15 16 21 28 48
SOL 3 4 10 12 15 16 30 36 45 48
SOL 3 4 10 12 15 18 20 30 36
SOL 3 4 10 12 15 18 21 28 36
SOL 3 4 10 12 15 20 21 28 30
SOL 3 4 10 12 15 20 24 36 40 45
SOL 3 4 10 12 15 21 24 35 40 42
SOL 3 4 10 12 15 21 28 30 36 45
SOL 3 4 10 12 16 18 24 36 40 48
SOL 3 4 10 12 16 20 21 35 42 48
SOL 3 4 10 12 16 20 24 30 40 48
SOL 3 4 10 12 16 21 24 28 40 48
SOL 3 4 10 12 16 21 35 36 42 45 48
SOL 3 4 10 12 16 24 30 36 40 45 48
SOL 3 4 10 12 18 20 21 35 36 42
SOL 3 4 10 12 18 20 24 30 36 40
SOL 3 4 10 12 18 21 24 28 36 40
SOL 3 4 10 12 20 21 24 28 30 40
SOL 3 4 10 12 20 21 30 35 36 42 45
SOL 3 4 10 12 21 24 28 30 36 40 45
SOL 3 4 10 14 15 16 24 35 40 48
SOL 3 4 10 14 15 18 24 35 36 40
SOL 3 4 10 14 15 20 24 30 35 40
SOL 3 4 10 14 15 21 24 28 35 40
SOL 3 4 10 14 15 24 30 35 36 40 45
SOL 3 4 10 14 16 18 20 35 36 48
SOL 3 4 10 14 16 20 21 28 35 48
SOL 3 4 10 14 16 20 30 35 36 45 48
SOL 3 4 10 14 16 21 28 35 36 45 48
SOL 3 4 10 14 18 20 21 28 35 36
SOL 3 4 10 14 20 21 28 30 35 36 45
SOL 3 4 10 15 16 18 20 30 36 48
SOL 3 4 10 15 16 18 21 28 36 48
SOL 3 4 10 15 16 20 21 28 30 48
SOL 3 4 10 15 16 20 24 36 40 45 48
SOL 3 4 10 15 16 21 24 35 40 42 48
SOL 3 4 10 15 16 21 28 30 36 45 48
SOL 3 4 10 15 18 20 21 28 30 36
SOL 3 4 10 15 18 21 24 35 36 40 42
SOL 3 4 10 15 20 21 24 28 36 40 45
SOL 3 4 10 15 20 21 24 30 35 40 42
SOL 3 4 10 15 21 24 30 35 36 40 42 45
SOL 3 4 10 16 18 20 21 35 36 42 48
SOL 3 4 10 16 18 20 24 30 36 40 48
SOL 3 4 10 16 18 21 24 28 36 40 48
SOL 3 4 10 16 20 21 24 28 30 40 48
SOL 3 4 10 16 20 21 30 35 36 42 45 48
SOL 3 4 10 16 21 24 28 30 36 40 45 48
SOL 3 4 10 18 20 21 24 28 30 36 40
SOL 3 4 11 12 14 15 22 33 35
SOL 3 4 11 12 14 22 24 33 35 40
SOL 3 4 11 12 15 20 22 33 36 45
SOL 3 4 11 12 15 21 22 33 35 42
SOL 3 4 11 12 15 22 24 30 33 40
SOL 3 4 11 12 16 18 22 33 36 48
SOL 3 4 11 12 16 20 22 30 33 48
SOL 3 4 11 12 16 21 22 28 33 48
SOL 3 4 11 12 16 22 30 33 36 45 48
SOL 3 4 11 12 18 20 22 30 33 36
SOL 3 4 11 12 18 21 22 28 33 36
SOL 3 4 11 12 20 21 22 28 30 33
SOL 3 4 11 12 20 22 24 33 36 40 45
SOL 3 4 11 12 21 22 24 33 35 40 42
SOL 3 4 11 12 21 22 28 30 33 36 45
SOL 3 4 11 14 15 16 22 33 35 48
SOL 3 4 11 14 15 18 22 33 35 36
SOL 3 4 11 14 15 20 22 30 33 35
SOL 3 4 11 14 15 21 22 28 33 35
SOL 3 4 11 14 15 22 30 33 35 36 45
SOL 3 4 11 14 16 22 24 33 35 40 48
SOL 3 4 11 14 18 22 24 33 35 36 40
SOL 3 4 11 14 20 22 24 30 33 35 40
SOL 3 4 11 14 21 22 24 28 33 35 40
SOL 3 4 11 14 22 24 30 33 35 36 40 45
SOL 3 4 11 15 16 20 22 33 36 45 48
SOL 3 4 11 15 16 21 22 33 35 42 48
SOL 3 4 11 15 16 22 24 30 33 40 48
SOL 3 4 11 15 18 21 22 33 35 36 42
SOL 3 4 11 15 18 22 24 30 33 36 40
SOL 3 4 11 15 20 21 22 28 33 36 45
SOL 3 4 11 15 20 21 22 30 33 35 42
SOL 3 4 11 15 21 22 24 28 30 33 40
SOL 3 4 11 15 21 22 30 33 35 36 42 45
SOL 3 4 11 16 18 20 22 30 33 36 48
SOL 3 4 11 16 18 21 22 28 33 36 48
SOL 3 4 11 16 20 21 22 28 30 33 48
SOL 3 4 11 16 20 22 24 33 36 40 45 48
SOL 3 4 11 16 21 22 24 33 35 40 42 48
SOL 3 4 11 16 21 22 28 30 33 36 45 48
SOL 3 4 11 18 20 21 22 28 30 33 36
SOL 3 4 11 18 21 22 24 33 35 36 40 42
SOL 3 4 11 20 21 22 24 28 33 36 40 45
SOL 3 4 11 20 21 22 24 30 33 35 40 42
SOL 3 4 11 21 22 24 30 33 35 36 40 42 45
SOL 3 4 12 14 15 16 18 35 36 48
SOL 3 4 12 14 15 16 20 30 35 48
SOL 3 4 12 14 15 16 21 28 35 48
SOL 3 4 12 14 15 16 30 35 36 45 48
SOL 3 4 12 14 15 18 20 30 35 36
SOL 3 4 12 14 15 18 21 28 35 36
SOL 3 4 12 14 15 20 21 28 30 35
SOL 3 4 12 14 15 20 24 35 36 40 45
SOL 3 4 12 14 15 21 28 30 35 36 45
SOL 3 4 12 14 16 18 24 35 36 40 48
SOL 3 4 12 14 16 20 24 30 35 40 48
SOL 3 4 12 14 16 21 24 28 35 40 48
SOL 3 4 12 14 16 24 30 35 36 40 45 48
SOL 3 4 12 14 18 20 24 30 35 36 40
SOL 3 4 12 14 18 21 24 28 35 36 40
SOL 3 4 12 14 20 21 24 28 30 35 40
SOL 3 4 12 14 21 24 28 30 35 36 40 45
SOL 3 4 12 15 16 18 21 35 36 42 48
SOL 3 4 12 15 16 18 24 30 36 40 48
SOL 3 4 12 15 16 20 21 28 36 45 48
SOL 3 4 12 15 16 20 21 30 35 42 48
SOL 3 4 12 15 16 21 24 28 30 40 48
SOL 3 4 12 15 16 21 30 35 36 42 45 48
SOL 3 4 12 15 18 20 21 30 35 36 42
SOL 3 4 12 15 18 21 24 28 30 36 40
SOL 3 4 12 15 20 21 24 35 36 40 42 45
SOL 3 4 12 16 18 20 21 28 30 36 48
SOL 3 4 12 16 18 21 24 35 36 40 42 48
SOL 3 4 12 16 20 21 24 28 36 40 45 48
SOL 3 4 12 16 20 21 24 30 35 40 42 48
SOL 3 4 12 16 21 24 30 35 36 40 42 45 48
SOL 3 4 12 18 20 21 24 30 35 36 40 42
SOL 3 4 14 15 16 18 20 30 35 36 48
SOL 3 4 14 15 16 18 21 28 35 36 48
SOL 3 4 14 15 16 20 21 28 30 35 48
SOL 3 4 14 15 16 20 24 35 36 40 45 48
SOL 3 4 14 15 16 21 28 30 35 36 45 48
SOL 3 4 14 15 18 20 21 28 30 35 36
SOL 3 4 14 15 20 21 24 28 35 36 40 45
SOL 3 4 14 16 18 20 24 30 35 36 40 48
SOL 3 4 14 16 18 21 24 28 35 36 40 48
SOL 3 4 14 16 20 21 24 28 30 35 40 48
SOL 3 4 14 16 21 24 28 30 35 36 40 45 48
SOL 3 4 14 18 20 21 24 28 30 35 36 40
SOL 3 4 15 16 18 20 21 30 35 36 42 48
SOL 3 4 15 16 18 21 24 28 30 36 40 48
SOL 3 4 15 16 20 21 24 35 36 40 42 45 48
SOL 3 4 16 18 20 21 24 30 35 36 40 42 48
SOL 3 5 6 7 9 42 45
SOL 3 5 6 7 10 30 42
SOL 3 5 6 7 12 20 42
SOL 3 5 6 7 12 36 42 45
SOL 3 5 6 7 14 20 28
SOL 3 5 6 7 14 28 36 45
SOL 3 5 6 7 14 30 35 42
SOL 3 5 6 7 15 24 40 42
SOL 3 5 6 7 16 20 42 48
SOL 3 5 6 7 16 36 42 45 48
SOL 3 5 6 7 18 20 36 42
SOL 3 5 6 7 20 21 28 42
SOL 3 5 6 7 20 30 36 42 45
SOL 3 5 6 7 21 28 36 42 45
SOL 3 5 6 8 9 24 45
SOL 3 5 6 8 10 20 40
SOL 3 5 6 8 10 24 30
SOL 3 5 6 8 10 36 40 45
SOL 3 5 6 8 12 15 40
SOL 3 5 6 8 12 20 24
SOL 3 5 6 8 12 24 36 45
SOL 3 5 6 8 14 20 35 40
SOL 3 5 6 8 14 24 30 35
SOL 3 5 6 8 14 35 36 40 45
SOL 3 5 6 8 15 16 40 48
SOL 3 5 6 8 15 18 36 40
SOL 3 5 6 8 15 20 30 40
SOL 3 5 6 8 15 21 28 40
SOL 3 5 6 8 15 30 36 40 45
SOL 3 5 6 8 16 20 24 48
SOL 3 5 6 8 16 24 36 45 48
SOL 3 5 6 8 18 20 24 36
SOL 3 5 6 8 20 21 24 28
SOL 3 5 6 8 20 21 35 40 42
SOL 3 5 6 8 20 24 30 36 45
SOL 3 5 6 8 21 24 28 36 45
SOL 3 5 6 8 21 24 30 35 42
SOL 3 5 6 8 21 35 36 40 42 45
SOL 3 5 6 9 10 15 45
SOL 3 5 6 9 10 18 30
SOL 3 5 6 9 10 24 40 45
SOL 3 5 6 9 11 22 33 45
SOL 3 5 6 9 12 16 45 48
SOL 3 5 6 9 12 18 20
SOL 3 5 6 9 12 18 36 45
SOL 3 5 6 9 12 20 30 45
SOL 3 5 6 9 12 21 28 45
SOL 3 5 6 9 14 15 35 45
SOL 3 5 6 9 14 18 30 35
SOL 3 5 6 9 14 24 35 40 45
SOL 3 5 6 9 15 18 24 40
SOL 3 5 6 9 15 21 35 42 45
SOL 3 5 6 9 15 24 30 40 45
SOL 3 5 6 9 16 18 20 48
SOL 3 5 6 9 16 18 36 45 48
SOL 3 5 6 9 16 20 30 45 48
SOL 3 5 6 9 16 21 28 45 48
SOL 3 5 6 9 18 20 21 28
SOL 3 5 6 9 18 20 30 36 45
SOL 3 5 6 9 18 21 28 36 45
SOL 3 5 6 9 18 21 30 35 42
SOL 3 5 6 9 20 21 28 30 45
SOL 3 5 6 9 21 24 35 40 42 45
SOL 3 5 6 10 11 22 30 33
SOL 3 5 6 10 12 15 20
SOL 3 5 6 10 12 15 36 45
SOL 3 5 6 10 12 16 30 48
SOL 3 5 6 10 12 18 30 36
SOL 3 5 6 10 12 20 24 40
SOL 3 5 6 10 12 21 28 30
SOL 3 5 6 10 12 24 36 40 45
SOL 3 5 6 10 14 15 30 35
SOL 3 5 6 10 14 20 35 36 45
SOL 3 5 6 10 14 24 30 35 40
SOL 3 5 6 10 15 16 20 48
SOL 3 5 6 10 15 16 36 45 48
SOL 3 5 6 10 15 18 20 36
SOL 3 5 6 10 15 20 21 28
SOL 3 5 6 10 15 20 30 36 45
SOL 3 5 6 10 15 21 28 36 45
SOL 3 5 6 10 15 21 30 35 42
SOL 3 5 6 10 16 18 30 36 48
SOL 3 5 6 10 16 20 24 40 48
SOL 3 5 6 10 16 21 28 30 48
SOL 3 5 6 10 16 24 36 40 45 48
SOL 3 5 6 10 18 20 24 36 40
SOL 3 5 6 10 18 21 28 30 36
SOL 3 5 6 10 20 21 24 28 40
SOL 3 5 6 10 20 21 35 36 42 45
SOL 3 5 6 10 20 24 30 36 40 45
SOL 3 5 6 10 21 24 28 36 40 45
SOL 3 5 6 10 21 24 30 35 40 42
SOL 3 5 6 11 12 20 22 33
SOL 3 5 6 11 12 22 33 36 45
SOL 3 5 6 11 14 22 30 33 35
SOL 3 5 6 11 15 22 24 33 40
SOL 3 5 6 11 16 20 22 33 48
SOL 3 5 6 11 16 22 33 36 45 48
SOL 3 5 6 11 18 20 22 33 36
SOL 3 5 6 11 20 21 22 28 33
SOL 3 5 6 11 20 22 30 33 36 45
SOL 3 5 6 11 21 22 28 33 36 45
SOL 3 5 6 11 21 22 30 33 35 42
SOL 3 5 6 12 14 15 20 35
SOL 3 5 6 12 14 15 35 36 45
SOL 3 5 6 12 14 16 30 35 48
SOL 3 5 6 12 14 18 30 35 36
SOL 3 5 6 12 14 20 24 35 40
SOL 3 5 6 12 14 21 28 30 35
SOL 3 5 6 12 14 24 35 36 40 45
SOL 3 5 6 12 15 16 24 40 48
SOL 3 5 6 12 15 18 24 36 40
SOL 3 5 6 12 15 20 21 35 42
SOL 3 5 6 12 15 20 24 30 40
SOL 3 5 6 12 15 21 24 28 40
SOL 3 5 6 12 15 21 35 36 42 45
SOL 3 5 6 12 15 24 30 36 40 45
SOL 3 5 6 12 16 18 20 36 48
SOL 3 5 6 12 16 20 21 28 48
SOL 3 5 6 12 16 20 30 36 45 48
SOL 3 5 6 12 16 21 28 36 45 48
SOL 3 5 6 12 16 21 30 35 42 48
SOL 3 5 6 12 18 20 21 28 36
SOL 3 5 6 12 18 21 30 35 36 42
SOL 3 5 6 12 20 21 24 35 40 42
SOL 3 5 6 12 20 21 28 30 36 45
SOL 3 5 6 12 21 24 35 36 40 42 45
SOL 3 5 6 14 15 16 20 35 48
SOL 3 5 6 14 15 16 35 36 45 48
SOL 3 5 6 14 15 18 20 35 36
SOL 3 5 6 14 15 20 21 28 35
SOL 3 5 6 14 15 20 30 35 36 45
SOL 3 5 6 14 15 21 28 35 36 45
SOL 3 5 6 14 16 18 30 35 36 48
SOL 3 5 6 14 16 20 24 35 40 48
SOL 3 5 6 14 16 21 28 30 35 48
SOL 3 5 6 14 16 24 35 36 40 45 48
SOL 3 5 6 14 18 20 24 35 36 40
SOL 3 5 6 14 18 21 28 30 35 36
SOL 3 5 6 14 20 21 24 28 35 40
SOL 3 5 6 14 20 24 30 35 36 40 45
SOL 3 5 6 14 21 24 28 35 36 40 45
SOL 3 5 6 15 16 18 24 36 40 48
SOL 3 5 6 15 16 20 21 35 42 48
SOL 3 5 6 15 16 20 24 30 40 48
SOL 3 5 6 15 16 21 24 28 40 48
SOL 3 5 6 15 16 21 35 36 42 45 48
SOL 3 5 6 15 16 24 30 36 40 45 48
SOL 3 5 6 15 18 20 21 35 36 42
SOL 3 5 6 15 18 20 24 30 36 40
SOL 3 5 6 15 18 21 24 28 36 40
SOL 3 5 6 15 20 21 24 28 30 40
SOL 3 5 6 15 20 21 30 35 36 42 45
SOL 3 5 6 15 21 24 28 30 36 40 45
SOL 3 5 6 16 18 20 21 28 36 48
SOL 3 5 6 16 18 21 30 35 36 42 48
SOL 3 5 6 16 20 21 24 35 40 42 48
SOL 3 5 6 16 20 21 28 30 36 45 48
SOL 3 5 6 16 21 24 35 36 40 42 45 48
SOL 3 5 6 18 20 21 24 35 36 40 42
SOL 3 5 6 20 21 24 30 35 36 40 42 45
SOL 3 5 7 8 9 24 42 45
SOL 3 5 7 8 10 20 40 42
SOL 3 5 7 8 10 24 30 42
SOL 3 5 7 8 10 36 40 42 45
SOL 3 5 7 8 12 15 40 42
SOL 3 5 7 8 12 20 24 42
SOL 3 5 7 8 12 24 36 42 45
SOL 3 5 7 8 14 15 28 40
SOL 3 5 7 8 14 20 24 28
SOL 3 5 7 8 14 20 35 40 42
SOL 3 5 7 8 14 24 28 36 45
SOL 3 5 7 8 14 24 30 35 42
SOL 3 5 7 8 14 35 36 40 42 45
SOL 3 5 7 8 15 16 40 42 48
SOL 3 5 7 8 15 18 36 40 42
SOL 3 5 7 8 15 20 30 40 42
SOL 3 5 7 8 15 21 28 40 42
SOL 3 5 7 8 15 30 36 40 42 45
SOL 3 5 7 8 16 20 24 42 48
SOL 3 5 7 8 16 24 36 42 45 48
SOL 3 5 7 8 18 20 24 36 42
SOL 3 5 7 8 20 21 24 28 42
SOL 3 5 7 8 20 24 30 36 42 45
SOL 3 5 7 8 21 24 28 36 42 45
SOL 3 5 7 9 10 15 42 45
SOL 3 5 7 9 10 18 30 42
SOL 3 5 7 9 10 24 40 42 45
SOL 3 5 7 9 11 22 33 42 45
SOL 3 5 7 9 12 14 28 45
SOL 3 5 7 9 12 16 42 45 48
SOL 3 5 7 9 12 18 20 42
SOL 3 5 7 9 12 18 36 42 45
SOL 3 5 7 9 12 20 30 42 45
SOL 3 5 7 9 12 21 28 42 45
SOL 3 5 7 9 14 15 35 42 45
SOL 3 5 7 9 14 16 28 45 48
SOL 3 5 7 9 14 18 20 28
SOL 3 5 7 9 14 18 28 36 45
SOL 3 5 7 9 14 18 30 35 42
SOL 3 5 7 9 14 20 28 30 45
SOL 3 5 7 9 14 24 35 40 42 45
SOL 3 5 7 9 15 18 24 40 42
SOL 3 5 7 9 15 24 30 40 42 45
SOL 3 5 7 9 16 18 20 42 48
SOL 3 5 7 9 16 18 36 42 45 48
SOL 3 5 7 9 16 20 30 42 45 48
SOL 3 5 7 9 16 21 28 42 45 48
SOL 3 5 7 9 18 20 21 28 42
SOL 3 5 7 9 18 20 30 36 42 45
SOL 3 5 7 9 18 21 28 36 42 45
SOL 3 5 7 9 20 21 28 30 42 45
SOL 3 5 7 10 11 22 30 33 42
SOL 3 5 7 10 12 14 28 30
SOL 3 5 7 10 12 15 20 42
SOL 3 5 7 10 12 15 36 42 45
SOL 3 5 7 10 12 16 30 42 48
SOL 3 5 7 10 12 18 30 36 42
SOL 3 5 7 10 12 20 24 40 42
SOL 3 5 7 10 12 21 28 30 42
SOL 3 5 7 10 12 24 36 40 42 45
SOL 3 5 7 10 14 15 20 28
SOL 3 5 7 10 14 15 28 36 45
SOL 3 5 7 10 14 15 30 35 42
SOL 3 5 7 10 14 16 28 30 48
SOL 3 5 7 10 14 18 28 30 36
SOL 3 5 7 10 14 20 24 28 40
SOL 3 5 7 10 14 20 35 36 42 45
SOL 3 5 7 10 14 24 28 36 40 45
SOL 3 5 7 10 14 24 30 35 40 42
SOL 3 5 7 10 15 16 20 42 48
SOL 3 5 7 10 15 16 36 42 45 48
SOL 3 5 7 10 15 18 20 36 42
SOL 3 5 7 10 15 20 21 28 42
SOL 3 5 7 10 15 20 30 36 42 45
SOL 3 5 7 10 15 21 28 36 42 45
SOL 3 5 7 10 16 18 30 36 42 48
SOL 3 5 7 10 16 20 24 40 42 48
SOL 3 5 7 10 16 21 28 30 42 48
SOL 3 5 7 10 16 24 36 40 42 45 48
SOL 3 5 7 10 18 20 24 36 40 42
SOL 3 5 7 10 18 21 28 30 36 42
SOL 3 5 7 10 20 21 24 28 40 42
SOL 3 5 7 10 20 24 30 36 40 42 45
SOL 3 5 7 10 21 24 28 36 40 42 45
SOL 3 5 7 11 12 20 22 33 42
SOL 3 5 7 11 12 22 33 36 42 45
SOL 3 5 7 11 14 20 22 28 33
SOL 3 5 7 11 14 22 28 33 36 45
SOL 3 5 7 11 14 22 30 33 35 42
SOL 3 5 7 11 15 22 24 33 40 42
SOL 3 5 7 11 16 20 22 33 42 48
SOL 3 5 7 11 16 22 33 36 42 45 48
SOL 3 5 7 11 18 20 22 33 36 42
SOL 3 5 7 11 20 21 22 28 33 42
SOL 3 5 7 11 20 22 30 33 36 42 45
SOL 3 5 7 11 21 22 28 33 36 42 45
SOL 3 5 7 12 14 15 20 35 42
SOL 3 5 7 12 14 15 24 28 40
SOL 3 5 7 12 14 15 35 36 42 45
SOL 3 5 7 12 14 16 20 28 48
SOL 3 5 7 12 14 16 28 36 45 48
SOL 3 5 7 12 14 16 30 35 42 48
SOL 3 5 7 12 14 18 20 28 36
SOL 3 5 7 12 14 18 30 35 36 42
SOL 3 5 7 12 14 20 24 35 40 42
SOL 3 5 7 12 14 20 28 30 36 45
SOL 3 5 7 12 14 21 28 30 35 42
SOL 3 5 7 12 14 24 35 36 40 42 45
SOL 3 5 7 12 15 16 24 40 42 48
SOL 3 5 7 12 15 18 24 36 40 42
SOL 3 5 7 12 15 20 24 30 40 42
SOL 3 5 7 12 15 21 24 28 40 42
SOL 3 5 7 12 15 24 30 36 40 42 45
SOL 3 5 7 12 16 18 20 36 42 48
SOL 3 5 7 12 16 20 21 28 42 48
SOL 3 5 7 12 16 20 30 36 42 45 48
SOL 3 5 7 12 16 21 28 36 42 45 48
SOL 3 5 7 12 18 20 21 28 36 42
SOL 3 5 7 12 20 21 28 30 36 42 45
SOL 3 5 7 14 15 16 20 35 42 48
SOL 3 5 7 14 15 16 24 28 40 48
SOL 3 5 7 14 15 16 35 36 42 45 48
SOL 3 5 7 14 15 18 20 35 36 42
SOL 3 5 7 14 15 18 24 28 36 40
SOL 3 5 7 14 15 20 21 28 35 42
SOL 3 5 7 14 15 20 24 28 30 40
SOL 3 5 7 14 15 20 30 35 36 42 45
SOL 3 5 7 14 15 21 28 35 36 42 45
SOL 3 5 7 14 15 24 28 30 36 40 45
SOL 3 5 7 14 16 18 20 28 36 48
SOL 3 5 7 14 16 18 30 35 36 42 48
SOL 3 5 7 14 16 20 24 35 40 42 48
SOL 3 5 7 14 16 20 28 30 36 45 48
SOL 3 5 7 14 16 21 28 30 35 42 48
SOL 3 5 7 14 16 24 35 36 40 42 45 48
SOL 3 5 7 14 18 20 24 35 36 40 42
SOL 3 5 7 14 18 21 28 30 35 36 42
SOL 3 5 7 14 20 21 24 28 35 40 42
SOL 3 5 7 14 20 24 30 35 36 40 42 45
SOL 3 5 7 14 21 24 28 35 36 40 42 45
SOL 3 5 7 15 16 18 24 36 40 42 48
SOL 3 5 7 15 16 20 24 30 40 42 48
SOL 3 5 7 15 16 21 24 28 40 42 48
SOL 3 5 7 15 16 24 30 36 40 42 45 48
SOL 3 5 7 15 18 20 24 30 36 40 42
SOL 3 5 7 15 18 21 24 28 36 40 42
SOL 3 5 7 15 20 21 24 28 30 40 42
SOL 3 5 7 15 21 24 28 30 36 40 42 45
SOL 3 5 7 16 18 20 21 28 36 42 48
SOL 3 5 7 16 20 21 28 30 36 42 45 48
SOL 3 5 8 9 10 12 40 45
SOL 3 5 8 9 10 15 24 45
SOL 3 5 8 9 10 16 40 45 48
SOL 3 5 8 9 10 18 20 40
SOL 3 5 8 9 10 18 24 30
SOL 3 5 8 9 10 18 36 40 45
SOL 3 5 8 9 10 20 30 40 45
SOL 3 5 8 9 10 21 28 40 45
SOL 3 5 8 9 11 22 24 33 45
SOL 3 5 8 9 12 14 35 40 45
SOL 3 5 8 9 12 15 18 40
SOL 3 5 8 9 12 15 30 40 45
SOL 3 5 8 9 12 16 24 45 48
SOL 3 5 8 9 12 18 20 24
SOL 3 5 8 9 12 18 24 36 45
SOL 3 5 8 9 12 20 24 30 45
SOL 3 5 8 9 12 21 24 28 45
SOL 3 5 8 9 12 21 35 40 42 45
SOL 3 5 8 9 14 15 24 35 45
SOL 3 5 8 9 14 16 35 40 45 48
SOL 3 5 8 9 14 18 20 35 40
SOL 3 5 8 9 14 18 24 30 35
SOL 3 5 8 9 14 18 35 36 40 45
SOL 3 5 8 9 14 20 30 35 40 45
SOL 3 5 8 9 14 21 28 35 40 45
SOL 3 5 8 9 15 16 18 40 48
SOL 3 5 8 9 15 16 30 40 45 48
SOL 3 5 8 9 15 18 20 30 40
SOL 3 5 8 9 15 18 21 28 40
SOL 3 5 8 9 15 18 30 36 40 45
SOL 3 5 8 9 15 21 24 35 42 45
SOL 3 5 8 9 15 21 28 30 40 45
SOL 3 5 8 9 16 18 20 24 48
SOL 3 5 8 9 16 18 24 36 45 48
SOL 3 5 8 9 16 20 24 30 45 48
SOL 3 5 8 9 16 21 24 28 45 48
SOL 3 5 8 9 16 21 35 40 42 45 48
SOL 3 5 8 9 18 20 21 24 28
SOL 3 5 8 9 18 20 21 35 40 42
SOL 3 5 8 9 18 20 24 30 36 45
SOL 3 5 8 9 18 21 24 28 36 45
SOL 3 5 8 9 18 21 24 30 35 42
SOL 3 5 8 9 18 21 35 36 40 42 45
SOL 3 5 8 9 20 21 24 28 30 45
SOL 3 5 8 9 20 21 30 35 40 42 45
SOL 3 5 8 10 11 20 22 33 40
SOL 3 5 8 10 11 22 24 30 33
SOL 3 5 8 10 11 22 33 36 40 45
SOL 3 5 8 10 12 14 30 35 40
SOL 3 5 8 10 12 15 20 24
SOL 3 5 8 10 12 15 24 36 45
SOL 3 5 8 10 12 16 20 40 48
SOL 3 5 8 10 12 16 24 30 48
SOL 3 5 8 10 12 16 36 40 45 48
SOL 3 5 8 10 12 18 20 36 40
SOL 3 5 8 10 12 18 24 30 36
SOL 3 5 8 10 12 20 21 28 40
SOL 3 5 8 10 12 20 30 36 40 45
SOL 3 5 8 10 12 21 24 28 30
SOL 3 5 8 10 12 21 28 36 40 45
SOL 3 5 8 10 12 21 30 35 40 42
SOL 3 5 8 10 14 15 20 35 40
SOL 3 5 8 10 14 15 24 30 35
SOL 3 5 8 10 14 15 35 36 40 45
SOL 3 5 8 10 14 16 30 35 40 48
SOL 3 5 8 10 14 18 30 35 36 40
SOL 3 5 8 10 14 20 24 35 36 45
SOL 3 5 8 10 14 21 28 30 35 40
SOL 3 5 8 10 15 16 20 24 48
SOL 3 5 8 10 15 16 24 36 45 48
SOL 3 5 8 10 15 18 20 24 36
SOL 3 5 8 10 15 20 21 24 28
SOL 3 5 8 10 15 20 21 35 40 42
SOL 3 5 8 10 15 20 24 30 36 45
SOL 3 5 8 10 15 21 24 28 36 45
SOL 3 5 8 10 15 21 24 30 35 42
SOL 3 5 8 10 15 21 35 36 40 42 45
SOL 3 5 8 10 16 18 20 36 40 48
SOL 3 5 8 10 16 18 24 30 36 48
SOL 3 5 8 10 16 20 21 28 40 48
SOL 3 5 8 10 16 20 30 36 40 45 48
SOL 3 5 8 10 16 21 24 28 30 48
SOL 3 5 8 10 16 21 28 36 40 45 48
SOL 3 5 8 10 16 21 30 35 40 42 48
SOL 3 5 8 10 18 20 21 28 36 40
SOL 3 5 8 10 18 21 24 28 30 36
SOL 3 5 8 10 18 21 30 35 36 40 42
SOL 3 5 8 10 20 21 24 35 36 42 45
SOL 3 5 8 10 20 21 28 30 36 40 45
SOL 3 5 8 11 12 15 22 33 40
SOL 3 5 8 11 12 20 22 24 33
SOL 3 5 8 11 12 22 24 33 36 45
SOL 3 5 8 11 14 20 22 33 35 40
SOL 3 5 8 11 14 22 24 30 33 35
SOL 3 5 8 11 14 22 33 35 36 40 45
SOL 3 5 8 11 15 16 22 33 40 48
SOL 3 5 8 11 15 18 22 33 36 40
SOL 3 5 8 11 15 20 22 30 33 40
SOL 3 5 8 11 15 21 22 28 33 40
SOL 3 5 8 11 15 22 30 33 36 40 45
SOL 3 5 8 11 16 20 22 24 33 48
SOL 3 5 8 11 16 22 24 33 36 45 48
SOL 3 5 8 11 18 20 22 24 33 36
SOL 3 5 8 11 20 21 22 24 28 33
SOL 3 5 8 11 20 21 22 33 35 40 42
SOL 3 5 8 11 20 22 24 30 33 36 45
SOL 3 5 8 11 21 22 24 28 33 36 45
SOL 3 5 8 11 21 22 24 30 33 35 42
SOL 3 5 8 11 21 22 33 35 36 40 42 45
SOL 3 5 8 12 14 15 20 24 35
SOL 3 5 8 12 14 15 24 35 36 45
SOL 3 5 8 12 14 16 20 35 40 48
SOL 3 5 8 12 14 16 24 30 35 48
SOL 3 5 8 12 14 16 35 36 40 45 48
SOL 3 5 8 12 14 18 20 35 36 40
SOL 3 5 8 12 14 18 24 30 35 36
SOL 3 5 8 12 14 20 21 28 35 40
SOL 3 5 8 12 14 20 30 35 36 40 45
SOL 3 5 8 12 14 21 24 28 30 35
SOL 3 5 8 12 14 21 28 35 36 40 45
SOL 3 5 8 12 15 16 18 36 40 48
SOL 3 5 8 12 15 16 20 30 40 48
SOL 3 5 8 12 15 16 21 28 40 48
SOL 3 5 8 12 15 16 30 36 40 45 48
SOL 3 5 8 12 15 18 20 30 36 40
SOL 3 5 8 12 15 18 21 28 36 40
SOL 3 5 8 12 15 20 21 24 35 42
SOL 3 5 8 12 15 20 21 28 30 40
SOL 3 5 8 12 15 21 24 35 36 42 45
SOL 3 5 8 12 15 21 28 30 36 40 45
SOL 3 5 8 12 16 18 20 24 36 48
SOL 3 5 8 12 16 20 21 24 28 48
SOL 3 5 8 12 16 20 21 35 40 42 48
SOL 3 5 8 12 16 20 24 30 36 45 48
SOL 3 5 8 12 16 21 24 28 36 45 48
SOL 3 5 8 12 16 21 24 30 35 42 48
SOL 3 5 8 12 16 21 35 36 40 42 45 48
SOL 3 5 8 12 18 20 21 24 28 36
SOL 3 5 8 12 18 20 21 35 36 40 42
SOL 3 5 8 12 18 21 24 30 35 36 42
SOL 3 5 8 12 20 21 24 28 30 36 45
SOL 3 5 8 12 20 21 30 35 36 40 42 45
SOL 3 5 8 14 15 16 20 24 35 48
SOL 3 5 8 14 15 16 24 35 36 45 48
SOL 3 5 8 14 15 18 20 24 35 36
SOL 3 5 8 14 15 20 21 24 28 35
SOL 3 5 8 14 15 20 24 30 35 36 45
SOL 3 5 8 14 15 21 24 28 35 36 45
SOL 3 5 8 14 16 18 20 35 36 40 48
SOL 3 5 8 14 16 18 24 30 35 36 48
SOL 3 5 8 14 16 20 21 28 35 40 48
SOL 3 5 8 14 16 20 30 35 36 40 45 48
SOL 3 5 8 14 16 21 24 28 30 35 48
SOL 3 5 8 14 16 21 28 35 36 40 45 48
SOL 3 5 8 14 18 20 21 28 35 36 40
SOL 3 5 8 14 18 21 24 28 30 35 36
SOL 3 5 8 14 20 21 28 30 35 36 40 45
SOL 3 5 8 15 16 18 20 30 36 40 48
SOL 3 5 8 15 16 18 21 28 36 40 48
SOL 3 5 8 15 16 20 21 24 35 42 48
SOL 3 5 8 15 16 20 21 28 30 40 48
SOL 3 5 8 15 16 21 24 35 36 42 45 48
SOL 3 5 8 15 16 21 28 30 36 40 45 48
SOL 3 5 8 15 18 20 21 24 35 36 42
SOL 3 5 8 15 18 20 21 28 30 36 40
SOL 3 5 8 15 20 21 24 30 35 36 42 45
SOL 3 5 8 16 18 20 21 24 28 36 48
SOL 3 5 8 16 18 20 21 35 36 40 42 48
SOL 3 5 8 16 18 21 24 30 35 36 42 48
SOL 3 5 8 16 20 21 24 28 30 36 45 48
SOL 3 5 8 16 20 21 30 35 36 40 42 45 48
SOL 3 5 9 10 11 15 22 33 45
SOL 3 5 9 10 11 18 22 30 33
SOL 3 5 9 10 11 22 24 33 40 45
SOL 3 5 9 10 12 14 20 35 45
SOL 3 5 9 10 12 15 16 45 48
SOL 3 5 9 10 12 15 18 20
SOL 3 5 9 10 12 15 18 36 45
SOL 3 5 9 10 12 15 20 30 45
SOL 3 5 9 10 12 15 21 28 45
SOL 3 5 9 10 12 16 18 30 48
SOL 3 5 9 10 12 16 24 40 45 48
SOL 3 5 9 10 12 18 20 24 40
SOL 3 5 9 10 12 18 21 28 30
SOL 3 5 9 10 12 18 24 36 40 45
SOL 3 5 9 10 12 20 21 35 42 45
SOL 3 5 9 10 12 20 24 30 40 45
SOL 3 5 9 10 12 21 24 28 40 45
SOL 3 5 9 10 14 15 18 30 35
SOL 3 5 9 10 14 15 24 35 40 45
SOL 3 5 9 10 14 16 20 35 45 48
SOL 3 5 9 10 14 18 20 35 36 45
SOL 3 5 9 10 14 18 24 30 35 40
SOL 3 5 9 10 14 20 21 28 35 45
SOL 3 5 9 10 15 16 18 20 48
SOL 3 5 9 10 15 16 18 36 45 48
SOL 3 5 9 10 15 16 20 30 45 48
SOL 3 5 9 10 15 16 21 28 45 48
SOL 3 5 9 10 15 18 20 21 28
SOL 3 5 9 10 15 18 20 30 36 45
SOL 3 5 9 10 15 18 21 28 36 45
SOL 3 5 9 10 15 18 21 30 35 42
SOL 3 5 9 10 15 20 21 28 30 45
SOL 3 5 9 10 15 21 24 35 40 42 45
SOL 3 5 9 10 16 18 20 24 40 48
SOL 3 5 9 10 16 18 21 28 30 48
SOL 3 5 9 10 16 18 24 36 40 45 48
SOL 3 5 9 10 16 20 21 35 42 45 48
SOL 3 5 9 10 16 20 24 30 40 45 48
SOL 3 5 9 10 16 21 24 28 40 45 48
SOL 3 5 9 10 18 20 21 24 28 40
SOL 3 5 9 10 18 20 21 35 36 42 45
SOL 3 5 9 10 18 20 24 30 36 40 45
SOL 3 5 9 10 18 21 24 28 36 40 45
SOL 3 5 9 10 18 21 24 30 35 40 42
SOL 3 5 9 10 20 21 24 28 30 40 45
SOL 3 5 9 11 12 16 22 33 45 48
SOL 3 5 9 11 12 18 20 22 33
SOL 3 5 9 11 12 18 22 33 36 45
SOL 3 5 9 11 12 20 22 30 33 45
SOL 3 5 9 11 12 21 22 28 33 45
SOL 3 5 9 11 14 15 22 33 35 45
SOL 3 5 9 11 14 18 22 30 33 35
SOL 3 5 9 11 14 22 24 33 35 40 45
SOL 3 5 9 11 15 18 22 24 33 40
SOL 3 5 9 11 15 21 22 33 35 42 45
SOL 3 5 9 11 15 22 24 30 33 40 45
SOL 3 5 9 11 16 18 20 22 33 48
SOL 3 5 9 11 16 18 22 33 36 45 48
SOL 3 5 9 11 16 20 22 30 33 45 48
SOL 3 5 9 11 16 21 22 28 33 45 48
SOL 3 5 9 11 18 20 21 22 28 33
SOL 3 5 9 11 18 20 22 30 33 36 45
SOL 3 5 9 11 18 21 22 28 33 36 45
SOL 3 5 9 11 18 21 22 30 33 35 42
SOL 3 5 9 11 20 21 22 28 30 33 45
SOL 3 5 9 11 21 22 24 33 35 40 42 45
SOL 3 5 9 12 14 15 16 35 45 48
SOL 3 5 9 12 14 15 18 20 35
SOL 3 5 9 12 14 15 18 35 36 45
SOL 3 5 9 12 14 15 20 30 35 45
SOL 3 5 9 12 14 15 21 28 35 45
SOL 3 5 9 12 14 16 18 30 35 48
SOL 3 5 9 12 14 16 24 35 40 45 48
SOL 3 5 9 12 14 18 20 24 35 40
SOL 3 5 9 12 14 18 21 28 30 35
SOL 3 5 9 12 14 18 24 35 36 40 45
SOL 3 5 9 12 14 20 24 30 35 40 45
SOL 3 5 9 12 14 21 24 28 35 40 45
SOL 3 5 9 12 15 16 18 24 40 48
SOL 3 5 9 12 15 16 21 35 42 45 48
SOL 3 5 9 12 15 16 24 30 40 45 48
SOL 3 5 9 12 15 18 20 21 35 42
SOL 3 5 9 12 15 18 20 24 30 40
SOL 3 5 9 12 15 18 21 24 28 40
SOL 3 5 9 12 15 18 21 35 36 42 45
SOL 3 5 9 12 15 18 24 30 36 40 45
SOL 3 5 9 12 15 20 21 30 35 42 45
SOL 3 5 9 12 15 21 24 28 30 40 45
SOL 3 5 9 12 16 18 20 21 28 48
SOL 3 5 9 12 16 18 20 30 36 45 48
SOL 3 5 9 12 16 18 21 28 36 45 48
SOL 3 5 9 12 16 18 21 30 35 42 48
SOL 3 5 9 12 16 20 21 28 30 45 48
SOL 3 5 9 12 16 21 24 35 40 42 45 48
SOL 3 5 9 12 18 20 21 24 35 40 42
SOL 3 5 9 12 18 20 21 28 30 36 45
SOL 3 5 9 12 18 21 24 35 36 40 42 45
SOL 3 5 9 12 20 21 24 30 35 40 42 45
SOL 3 5 9 14 15 16 18 20 35 48
SOL 3 5 9 14 15 16 18 35 36 45 48
SOL 3 5 9 14 15 16 20 30 35 45 48
SOL 3 5 9 14 15 16 21 28 35 45 48
SOL 3 5 9 14 15 18 20 21 28 35
SOL 3 5 9 14 15 18 20 30 35 36 45
SOL 3 5 9 14 15 18 21 28 35 36 45
SOL 3 5 9 14 15 20 21 28 30 35 45
SOL 3 5 9 14 16 18 20 24 35 40 48
SOL 3 5 9 14 16 18 21 28 30 35 48
SOL 3 5 9 14 16 18 24 35 36 40 45 48
SOL 3 5 9 14 16 20 24 30 35 40 45 48
SOL 3 5 9 14 16 21 24 28 35 40 45 48
SOL 3 5 9 14 18 20 21 24 28 35 40
SOL 3 5 9 14 18 20 24 30 35 36 40 45
SOL 3 5 9 14 18 21 24 28 35 36 40 45
SOL 3 5 9 14 20 21 24 28 30 35 40 45
SOL 3 5 9 15 16 18 20 21 35 42 48
SOL 3 5 9 15 16 18 20 24 30 40 48
SOL 3 5 9 15 16 18 21 24 28 40 48
SOL 3 5 9 15 16 18 21 35 36 42 45 48
SOL 3 5 9 15 16 18 24 30 36 40 45 48
SOL 3 5 9 15 16 20 21 30 35 42 45 48
SOL 3 5 9 15 16 21 24 28 30 40 45 48
SOL 3 5 9 15 18 20 21 24 28 30 40
SOL 3 5 9 15 18 20 21 30 35 36 42 45
SOL 3 5 9 15 18 21 24 28 30 36 40 45
SOL 3 5 9 16 18 20 21 24 35 40 42 48
SOL 3 5 9 16 18 20 21 28 30 36 45 48
SOL 3 5 9 16 18 21 24 35 36 40 42 45 48
SOL 3 5 9 16 20 21 24 30 35 40 42 45 48
SOL 3 5 9 18 20 21 24 30 35 36 40 42 45
SOL 3 5 10 11 12 15 20 22 33
SOL 3 5 10 11 12 15 22 33 36 45
SOL 3 5 10 11 12 16 22 30 33 48
SOL 3 5 10 11 12 18 22 30 33 36
SOL 3 5 10 11 12 20 22 24 33 40
SOL 3 5 10 11 12 21 22 28 30 33
SOL 3 5 10 11 12 22 24 33 36 40 45
SOL 3 5 10 11 14 15 22 30 33 35
SOL 3 5 10 11 14 20 22 33 35 36 45
SOL 3 5 10 11 14 22 24 30 33 35 40
SOL 3 5 10 11 15 16 20 22 33 48
SOL 3 5 10 11 15 16 22 33 36 45 48
SOL 3 5 10 11 15 18 20 22 33 36
SOL 3 5 10 11 15 20 21 22 28 33
SOL 3 5 10 11 15 20 22 30 33 36 45
SOL 3 5 10 11 15 21 22 28 33 36 45
SOL 3 5 10 11 15 21 22 30 33 35 42
SOL 3 5 10 11 16 18 22 30 33 36 48
SOL 3 5 10 11 16 20 22 24 33 40 48
SOL 3 5 10 11 16 21 22 28 30 33 48
SOL 3 5 10 11 16 22 24 33 36 40 45 48
SOL 3 5 10 11 18 20 22 24 33 36 40
SOL 3 5 10 11 18 21 22 28 30 33 36
SOL 3 5 10 11 20 21 22 24 28 33 40
SOL 3 5 10 11 20 21 22 33 35 36 42 45
SOL 3 5 10 11 20 22 24 30 33 36 40 45
SOL 3 5 10 11 21 22 24 28 33 36 40 45
SOL 3 5 10 11 21 22 24 30 33 35 40 42
SOL 3 5 10 12 14 15 16 30 35 48
SOL 3 5 10 12 14 15 18 30 35 36
SOL 3 5 10 12 14 15 20 24 35 40
SOL 3 5 10 12 14 15 21 28 30 35
SOL 3 5 10 12 14 15 24 35 36 40 45
SOL 3 5 10 12 14 16 20 35 36 45 48
SOL 3 5 10 12 14 16 24 30 35 40 48
SOL 3 5 10 12 14 18 24 30 35 36 40
SOL 3 5 10 12 14 20 21 28 35 36 45
SOL 3 5 10 12 14 21 24 28 30 35 40
SOL 3 5 10 12 15 16 18 20 36 48
SOL 3 5 10 12 15 16 20 21 28 48
SOL 3 5 10 12 15 16 20 30 36 45 48
SOL 3 5 10 12 15 16 21 28 36 45 48
SOL 3 5 10 12 15 16 21 30 35 42 48
SOL 3 5 10 12 15 18 20 21 28 36
SOL 3 5 10 12 15 18 21 30 35 36 42
SOL 3 5 10 12 15 20 21 24 35 40 42
SOL 3 5 10 12 15 20 21 28 30 36 45
SOL 3 5 10 12 15 21 24 35 36 40 42 45
SOL 3 5 10 12 16 18 20 24 36 40 48
SOL 3 5 10 12 16 18 21 28 30 36 48
SOL 3 5 10 12 16 20 21 24 28 40 48
SOL 3 5 10 12 16 20 21 35 36 42 45 48
SOL 3 5 10 12 16 20 24 30 36 40 45 48
SOL 3 5 10 12 16 21 24 28 36 40 45 48
SOL 3 5 10 12 16 21 24 30 35 40 42 48
SOL 3 5 10 12 18 20 21 24 28 36 40
SOL 3 5 10 12 18 21 24 30 35 36 40 42
SOL 3 5 10 12 20 21 24 28 30 36 40 45
SOL 3 5 10 14 15 16 18 30 35 36 48
SOL 3 5 10 14 15 16 20 24 35 40 48
SOL 3 5 10 14 15 16 21 28 30 35 48
SOL 3 5 10 14 15 16 24 35 36 40 45 48
SOL 3 5 10 14 15 18 20 24 35 36 40
SOL 3 5 10 14 15 18 21 28 30 35 36
SOL 3 5 10 14 15 20 21 24 28 35 40
SOL 3 5 10 14 15 20 24 30 35 36 40 45
SOL 3 5 10 14 15 21 24 28 35 36 40 45
SOL 3 5 10 14 16 18 24 30 35 36 40 48
SOL 3 5 10 14 16 20 21 28 35 36 45 48
SOL 3 5 10 14 16 21 24 28 30 35 40 48
SOL 3 5 10 14 18 21 24 28 30 35 36 40
SOL 3 5 10 15 16 18 20 21 28 36 48
SOL 3 5 10 15 16 18 21 30 35 36 42 48
SOL 3 5 10 15 16 20 21 24 35 40 42 48
SOL 3 5 10 15 16 20 21 28 30 36 45 48
SOL 3 5 10 15 16 21 24 35 36 40 42 45 48
SOL 3 5 10 15 18 20 21 24 35 36 40 42
SOL 3 5 10 15 20 21 24 30 35 36 40 42 45
SOL 3 5 10 16 18 20 21 24 28 36 40 48
SOL 3 5 10 16 18 21 24 30 35 36 40 42 48
SOL 3 5 10 16 20 21 24 28 30 36 40 45 48
SOL 3 5 11 12 14 15 20 22 33 35
SOL 3 5 11 12 14 15 22 33 35 36 45
SOL 3 5 11 12 14 16 22 30 33 35 48
SOL 3 5 11 12 14 18 22 30 33 35 36
SOL 3 5 11 12 14 20 22 24 33 35 40
SOL 3 5 11 12 14 21 22 28 30 33 35
SOL 3 5 11 12 14 22 24 33 35 36 40 45
SOL 3 5 11 12 15 16 22 24 33 40 48
SOL 3 5 11 12 15 18 22 24 33 36 40
SOL 3 5 11 12 15 20 21 22 33 35 42
SOL 3 5 11 12 15 20 22 24 30 33 40
SOL 3 5 11 12 15 21 22 24 28 33 40
SOL 3 5 11 12 15 21 22 33 35 36 42 45
SOL 3 5 11 12 15 22 24 30 33 36 40 45
SOL 3 5 11 12 16 18 20 22 33 36 48
SOL 3 5 11 12 16 20 21 22 28 33 48
SOL 3 5 11 12 16 20 22 30 33 36 45 48
SOL 3 5 11 12 16 21 22 28 33 36 45 48
SOL 3 5 11 12 16 21 22 30 33 35 42 48
SOL 3 5 11 12 18 20 21 22 28 33 36
SOL 3 5 11 12 18 21 22 30 33 35 36 42
SOL 3 5 11 12 20 21 22 24 33 35 40 42
SOL 3 5 11 12 20 21 22 28 30 33 36 45
SOL 3 5 11 12 21 22 24 33 35 36 40 42 45
SOL 3 5 11 14 15 16 20 22 33 35 48
SOL 3 5 11 14 15 16 22 33 35 36 45 48
SOL 3 5 11 14 15 18 20 22 33 35 36
SOL 3 5 11 14 15 20 21 22 28 33 35
SOL 3 5 11 14 15 20 22 30 33 35 36 45
SOL 3 5 11 14 15 21 22 28 33 35 36 45
SOL 3 5 11 14 16 18 22 30 33 35 36 48
SOL 3 5 11 14 16 20 22 24 33 35 40 48
SOL 3 5 11 14 16 21 22 28 30 33 35 48
SOL 3 5 11 14 16 22 24 33 35 36 40 45 48
SOL 3 5 11 14 18 20 22 24 33 35 36 40
SOL 3 5 11 14 18 21 22 28 30 33 35 36
SOL 3 5 11 14 20 21 22 24 28 33 35 40
SOL 3 5 11 14 20 22 24 30 33 35 36 40 45
SOL 3 5 11 14 21 22 24 28 33 35 36 40 45
SOL 3 5 11 15 16 18 22 24 33 36 40 48
SOL 3 5 11 15 16 20 21 22 33 35 42 48
SOL 3 5 11 15 16 20 22 24 30 33 40 48
SOL 3 5 11 15 16 21 22 24 28 33 40 48
SOL 3 5 11 15 16 21 22 33 35 36 42 45 48
SOL 3 5 11 15 16 22 24 30 33 36 40 45 48
SOL 3 5 11 15 18 20 21 22 33 35 36 42
SOL 3 5 11 15 18 20 22 24 30 33 36 40
SOL 3 5 11 15 18 21 22 24 28 33 36 40
SOL 3 5 11 15 20 21 22 24 28 30 33 40
SOL 3 5 11 15 20 21 22 30 33 35 36 42 45
SOL 3 5 11 15 21 22 24 28 30 33 36 40 45
SOL 3 5 11 16 18 20 21 22 28 33 36 48
SOL 3 5 11 16 18 21 22 30 33 35 36 42 48
SOL 3 5 11 16 20 21 22 24 33 35 40 42 48
SOL 3 5 11 16 20 21 22 28 30 33 36 45 48
SOL 3 5 11 16 21 22 24 33 35 36 40 42 45 48
SOL 3 5 11 18 20 21 22 24 33 35 36 40 42
SOL 3 5 11 20 21 22 24 30 33 35 36 40 42 45
SOL 3 5 12 14 15 16 18 20 35 36 48
SOL 3 5 12 14 15 16 20 21 28 35 48
SOL 3 5 12 14 15 16 20 30 35 36 45 48
SOL 3 5 12 14 15 16 21 28 35 36 45 48
SOL 3 5 12 14 15 18 20 21 28 35 36
SOL 3 5 12 14 15 20 21 28 30 35 36 45
SOL 3 5 12 14 16 18 20 24 35 36 40 48
SOL 3 5 12 14 16 18 21 28 30 35 36 48
SOL 3 5 12 14 16 20 21 24 28 35 40 48
SOL 3 5 12 14 16 20 24 30 35 36 40 45 48
SOL 3 5 12 14 16 21 24 28 35 36 40 45 48
SOL 3 5 12 14 18 20 21 24 28 35 36 40
SOL 3 5 12 14 20 21 24 28 30 35 36 40 45
SOL 3 5 12 15 16 18 20 21 35 36 42 48
SOL 3 5 12 15 16 18 20 24 30 36 40 48
SOL 3 5 12 15 16 18 21 24 28 36 40 48
SOL 3 5 12 15 16 20 21 24 28 30 40 48
SOL 3 5 12 15 16 20 21 30 35 36 42 45 48
SOL 3 5 12 15 16 21 24 28 30 36 40 45 48
SOL 3 5 12 15 18 20 21 24 28 30 36 40
SOL 3 5 12 16 18 20 21 24 35 36 40 42 48
SOL 3 5 12 16 20 21 24 30 35 36 40 42 45 48
SOL 3 5 14 15 16 18 20 21 28 35 36 48
SOL 3 5 14 15 16 20 21 28 30 35 36 45 48
SOL 3 5 14 16 18 20 21 24 28 35 36 40 48
SOL 3 5 14 16 20 21 24 28 30 35 36 40 45 48
SOL 3 5 15 16 18 20 21 24 28 30 36 40 48
SOL 3 6 7 8 9 18 24 42
SOL 3 6 7 8 9 20 40 42 45
SOL 3 6 7 8 9 24 30 42 45
SOL 3 6 7 8 10 12 40 42
SOL 3 6 7 8 10 14 28 40
SOL 3 6 7 8 10 15 24 42
SOL 3 6 7 8 10 16 40 42 48
SOL 3 6 7 8 10 18 36 40 42
SOL 3 6 7 8 10 20 30 40 42
SOL 3 6 7 8 10 21 28 40 42
SOL 3 6 7 8 10 30 36 40 42 45
SOL 3 6 7 8 11 22 24 33 42
SOL 3 6 7 8 12 14 24 28
SOL 3 6 7 8 12 14 35 40 42
SOL 3 6 7 8 12 15 30 40 42
SOL 3 6 7 8 12 16 24 42 48
SOL 3 6 7 8 12 18 24 36 42
SOL 3 6 7 8 12 20 24 30 42
SOL 3 6 7 8 12 20 36 40 42 45
SOL 3 6 7 8 12 21 24 28 42
SOL 3 6 7 8 12 24 30 36 42 45
SOL 3 6 7 8 14 15 24 35 42
SOL 3 6 7 8 14 15 28 30 40
SOL 3 6 7 8 14 16 24 28 48
SOL 3 6 7 8 14 16 35 40 42 48
SOL 3 6 7 8 14 18 24 28 36
SOL 3 6 7 8 14 18 35 36 40 42
SOL 3 6 7 8 14 20 24 28 30
SOL 3 6 7 8 14 20 28 36 40 45
SOL 3 6 7 8 14 20 30 35 40 42
SOL 3 6 7 8 14 21 28 35 40 42
SOL 3 6 7 8 14 24 28 30 36 45
SOL 3 6 7 8 14 30 35 36 40 42 45
SOL 3 6 7 8 15 16 30 40 42 48
SOL 3 6 7 8 15 18 30 36 40 42
SOL 3 6 7 8 15 20 24 36 42 45
SOL 3 6 7 8 15 21 28 30 40 42
SOL 3 6 7 8 16 18 24 36 42 48
SOL 3 6 7 8 16 20 24 30 42 48
SOL 3 6 7 8 16 20 36 40 42 45 48
SOL 3 6 7 8 16 21 24 28 42 48
SOL 3 6 7 8 16 24 30 36 42 45 48
SOL 3 6 7 8 18 20 24 30 36 42
SOL 3 6 7 8 18 21 24 28 36 42
SOL 3 6 7 8 20 21 24 28 30 42
SOL 3 6 7 8 20 21 28 36 40 42 45
SOL 3 6 7 8 21 24 28 30 36 42 45
SOL 3 6 7 9 10 14 35 42 45
SOL 3 6 7 9 10 15 18 42
SOL 3 6 7 9 10 15 30 42 45
SOL 3 6 7 9 10 18 24 40 42
SOL 3 6 7 9 10 24 30 40 42 45
SOL 3 6 7 9 11 18 22 33 42
SOL 3 6 7 9 11 22 30 33 42 45
SOL 3 6 7 9 12 14 18 28
SOL 3 6 7 9 12 14 28 30 45
SOL 3 6 7 9 12 15 20 42 45
SOL 3 6 7 9 12 16 18 42 48
SOL 3 6 7 9 12 16 30 42 45 48
SOL 3 6 7 9 12 18 20 30 42
SOL 3 6 7 9 12 18 21 28 42
SOL 3 6 7 9 12 18 30 36 42 45
SOL 3 6 7 9 12 20 24 40 42 45
SOL 3 6 7 9 12 21 28 30 42 45
SOL 3 6 7 9 14 15 18 35 42
SOL 3 6 7 9 14 15 20 28 45
SOL 3 6 7 9 14 15 30 35 42 45
SOL 3 6 7 9 14 16 18 28 48
SOL 3 6 7 9 14 16 28 30 45 48
SOL 3 6 7 9 14 18 20 28 30
SOL 3 6 7 9 14 18 24 35 40 42
SOL 3 6 7 9 14 18 28 30 36 45
SOL 3 6 7 9 14 20 24 28 40 45
SOL 3 6 7 9 14 24 30 35 40 42 45
SOL 3 6 7 9 15 16 20 42 45 48
SOL 3 6 7 9 15 18 20 36 42 45
SOL 3 6 7 9 15 18 24 30 40 42
SOL 3 6 7 9 15 20 21 28 42 45
SOL 3 6 7 9 16 18 20 30 42 48
SOL 3 6 7 9 16 18 21 28 42 48
SOL 3 6 7 9 16 18 30 36 42 45 48
SOL 3 6 7 9 16 20 24 40 42 45 48
SOL 3 6 7 9 16 21 28 30 42 45 48
SOL 3 6 7 9 18 20 21 28 30 42
SOL 3 6 7 9 18 20 24 36 40 42 45
SOL 3 6 7 9 18 21 28 30 36 42 45
SOL 3 6 7 9 20 21 24 28 40 42 45
SOL 3 6 7 10 11 15 22 33 42
SOL 3 6 7 10 11 22 24 33 40 42
SOL 3 6 7 10 12 14 15 28
SOL 3 6 7 10 12 14 20 35 42
SOL 3 6 7 10 12 14 24 28 40
SOL 3 6 7 10 12 14 35 36 42 45
SOL 3 6 7 10 12 15 16 42 48
SOL 3 6 7 10 12 15 18 36 42
SOL 3 6 7 10 12 15 20 30 42
SOL 3 6 7 10 12 15 21 28 42
SOL 3 6 7 10 12 15 30 36 42 45
SOL 3 6 7 10 12 16 24 40 42 48
SOL 3 6 7 10 12 18 24 36 40 42
SOL 3 6 7 10 12 20 24 30 40 42
SOL 3 6 7 10 12 21 24 28 40 42
SOL 3 6 7 10 12 24 30 36 40 42 45
SOL 3 6 7 10 14 15 16 28 48
SOL 3 6 7 10 14 15 18 28 36
SOL 3 6 7 10 14 15 20 28 30
SOL 3 6 7 10 14 15 24 35 40 42
SOL 3 6 7 10 14 15 28 30 36 45
SOL 3 6 7 10 14 16 20 35 42 48
SOL 3 6 7 10 14 16 24 28 40 48
SOL 3 6 7 10 14 16 35 36 42 45 48
SOL 3 6 7 10 14 18 20 35 36 42
SOL 3 6 7 10 14 18 24 28 36 40
SOL 3 6 7 10 14 20 21 28 35 42
SOL 3 6 7 10 14 20 24 28 30 40
SOL 3 6 7 10 14 20 30 35 36 42 45
SOL 3 6 7 10 14 21 28 35 36 42 45
SOL 3 6 7 10 14 24 28 30 36 40 45
SOL 3 6 7 10 15 16 18 36 42 48
SOL 3 6 7 10 15 16 20 30 42 48
SOL 3 6 7 10 15 16 21 28 42 48
SOL 3 6 7 10 15 16 30 36 42 45 48
SOL 3 6 7 10 15 18 20 30 36 42
SOL 3 6 7 10 15 18 21 28 36 42
SOL 3 6 7 10 15 20 21 28 30 42
SOL 3 6 7 10 15 20 24 36 40 42 45
SOL 3 6 7 10 15 21 28 30 36 42 45
SOL 3 6 7 10 16 18 24 36 40 42 48
SOL 3 6 7 10 16 20 24 30 40 42 48
SOL 3 6 7 10 16 21 24 28 40 42 48
SOL 3 6 7 10 16 24 30 36 40 42 45 48
SOL 3 6 7 10 18 20 24 30 36 40 42
SOL 3 6 7 10 18 21 24 28 36 40 42
SOL 3 6 7 10 20 21 24 28 30 40 42
SOL 3 6 7 10 21 24 28 30 36 40 42 45
SOL 3 6 7 11 12 14 22 28 33
SOL 3 6 7 11 12 16 22 33 42 48
SOL 3 6 7 11 12 18 22 33 36 42
SOL 3 6 7 11 12 20 22 30 33 42
SOL 3 6 7 11 12 21 22 28 33 42
SOL 3 6 7 11 12 22 30 33 36 42 45
SOL 3 6 7 11 14 15 22 33 35 42
SOL 3 6 7 11 14 16 22 28 33 48
SOL 3 6 7 11 14 18 22 28 33 36
SOL 3 6 7 11 14 20 22 28 30 33
SOL 3 6 7 11 14 22 24 33 35 40 42
SOL 3 6 7 11 14 22 28 30 33 36 45
SOL 3 6 7 11 15 20 22 33 36 42 45
SOL 3 6 7 11 15 22 24 30 33 40 42
SOL 3 6 7 11 16 18 22 33 36 42 48
SOL 3 6 7 11 16 20 22 30 33 42 48
SOL 3 6 7 11 16 21 22 28 33 42 48
SOL 3 6 7 11 16 22 30 33 36 42 45 48
SOL 3 6 7 11 18 20 22 30 33 36 42
SOL 3 6 7 11 18 21 22 28 33 36 42
SOL 3 6 7 11 20 21 22 28 30 33 42
SOL 3 6 7 11 20 22 24 33 36 40 42 45
SOL 3 6 7 11 21 22 28 30 33 36 42 45
SOL 3 6 7 12 14 15 16 35 42 48
SOL 3 6 7 12 14 15 18 35 36 42
SOL 3 6 7 12 14 15 20 28 36 45
SOL 3 6 7 12 14 15 20 30 35 42
SOL 3 6 7 12 14 15 21 28 35 42
SOL 3 6 7 12 14 15 24 28 30 40
SOL 3 6 7 12 14 15 30 35 36 42 45
SOL 3 6 7 12 14 16 18 28 36 48
SOL 3 6 7 12 14 16 20 28 30 48
SOL 3 6 7 12 14 16 24 35 40 42 48
SOL 3 6 7 12 14 16 28 30 36 45 48
SOL 3 6 7 12 14 18 20 28 30 36
SOL 3 6 7 12 14 18 24 35 36 40 42
SOL 3 6 7 12 14 20 24 28 36 40 45
SOL 3 6 7 12 14 20 24 30 35 40 42
SOL 3 6 7 12 14 21 24 28 35 40 42
SOL 3 6 7 12 14 24 30 35 36 40 42 45
SOL 3 6 7 12 15 16 20 36 42 45 48
SOL 3 6 7 12 15 16 24 30 40 42 48
SOL 3 6 7 12 15 18 24 30 36 40 42
SOL 3 6 7 12 15 20 21 28 36 42 45
SOL 3 6 7 12 15 21 24 28 30 40 42
SOL 3 6 7 12 16 18 20 30 36 42 48
SOL 3 6 7 12 16 18 21 28 36 42 48
SOL 3 6 7 12 16 20 21 28 30 42 48
SOL 3 6 7 12 16 20 24 36 40 42 45 48
SOL 3 6 7 12 16 21 28 30 36 42 45 48
SOL 3 6 7 12 18 20 21 28 30 36 42
SOL 3 6 7 12 20 21 24 28 36 40 42 45
SOL 3 6 7 14 15 16 18 35 36 42 48
SOL 3 6 7 14 15 16 20 28 36 45 48
SOL 3 6 7 14 15 16 20 30 35 42 48
SOL 3 6 7 14 15 16 21 28 35 42 48
SOL 3 6 7 14 15 16 24 28 30 40 48
SOL 3 6 7 14 15 16 30 35 36 42 45 48
SOL 3 6 7 14 15 18 20 30 35 36 42
SOL 3 6 7 14 15 18 21 28 35 36 42
SOL 3 6 7 14 15 18 24 28 30 36 40
SOL 3 6 7 14 15 20 21 28 30 35 42
SOL 3 6 7 14 15 20 24 35 36 40 42 45
SOL 3 6 7 14 15 21 28 30 35 36 42 45
SOL 3 6 7 14 16 18 20 28 30 36 48
SOL 3 6 7 14 16 18 24 35 36 40 42 48
SOL 3 6 7 14 16 20 24 28 36 40 45 48
SOL 3 6 7 14 16 20 24 30 35 40 42 48
SOL 3 6 7 14 16 21 24 28 35 40 42 48
SOL 3 6 7 14 16 24 30 35 36 40 42 45 48
SOL 3 6 7 14 18 20 24 30 35 36 40 42
SOL 3 6 7 14 18 21 24 28 35 36 40 42
SOL 3 6 7 14 20 21 24 28 30 35 40 42
SOL 3 6 7 14 21 24 28 30 35 36 40 42 45
SOL 3 6 7 15 16 18 24 30 36 40 42 48
SOL 3 6 7 15 16 20 21 28 36 42 45 48
SOL 3 6 7 15 16 21 24 28 30 40 42 48
SOL 3 6 7 15 18 21 24 28 30 36 40 42
SOL 3 6 7 16 18 20 21 28 30 36 42 48
SOL 3 6 7 16 20 21 24 28 36 40 42 45 48
SOL 3 6 8 9 10 12 18 40
SOL 3 6 8 9 10 12 30 40 45
SOL 3 6 8 9 10 14 24 35 45
SOL 3 6 8 9 10 15 18 24
SOL 3 6 8 9 10 15 20 40 45
SOL 3 6 8 9 10 15 24 30 45
SOL 3 6 8 9 10 16 18 40 48
SOL 3 6 8 9 10 16 30 40 45 48
SOL 3 6 8 9 10 18 20 30 40
SOL 3 6 8 9 10 18 21 28 40
SOL 3 6 8 9 10 18 30 36 40 45
SOL 3 6 8 9 10 21 24 35 42 45
SOL 3 6 8 9 10 21 28 30 40 45
SOL 3 6 8 9 11 18 22 24 33
SOL 3 6 8 9 11 20 22 33 40 45
SOL 3 6 8 9 11 22 24 30 33 45
SOL 3 6 8 9 12 14 18 35 40
SOL 3 6 8 9 12 14 30 35 40 45
SOL 3 6 8 9 12 15 18 30 40
SOL 3 6 8 9 12 15 20 24 45
SOL 3 6 8 9 12 16 18 24 48
SOL 3 6 8 9 12 16 20 40 45 48
SOL 3 6 8 9 12 16 24 30 45 48
SOL 3 6 8 9 12 18 20 24 30
SOL 3 6 8 9 12 18 20 36 40 45
SOL 3 6 8 9 12 18 21 24 28
SOL 3 6 8 9 12 18 21 35 40 42
SOL 3 6 8 9 12 18 24 30 36 45
SOL 3 6 8 9 12 20 21 28 40 45
SOL 3 6 8 9 12 21 24 28 30 45
SOL 3 6 8 9 12 21 30 35 40 42 45
SOL 3 6 8 9 14 15 18 24 35
SOL 3 6 8 9 14 15 20 35 40 45
SOL 3 6 8 9 14 15 24 30 35 45
SOL 3 6 8 9 14 16 18 35 40 48
SOL 3 6 8 9 14 16 30 35 40 45 48
SOL 3 6 8 9 14 18 20 30 35 40
SOL 3 6 8 9 14 18 21 28 35 40
SOL 3 6 8 9 14 18 30 35 36 40 45
SOL 3 6 8 9 14 21 28 30 35 40 45
SOL 3 6 8 9 15 16 18 30 40 48
SOL 3 6 8 9 15 16 20 24 45 48
SOL 3 6 8 9 15 18 20 24 36 45
SOL 3 6 8 9 15 18 21 24 35 42
SOL 3 6 8 9 15 18 21 28 30 40
SOL 3 6 8 9 15 20 21 24 28 45
SOL 3 6 8 9 15 20 21 35 40 42 45
SOL 3 6 8 9 15 21 24 30 35 42 45
SOL 3 6 8 9 16 18 20 24 30 48
SOL 3 6 8 9 16 18 20 36 40 45 48
SOL 3 6 8 9 16 18 21 24 28 48
SOL 3 6 8 9 16 18 21 35 40 42 48
SOL 3 6 8 9 16 18 24 30 36 45 48
SOL 3 6 8 9 16 20 21 28 40 45 48
SOL 3 6 8 9 16 21 24 28 30 45 48
SOL 3 6 8 9 16 21 30 35 40 42 45 48
SOL 3 6 8 9 18 20 21 24 28 30
SOL 3 6 8 9 18 20 21 28 36 40 45
SOL 3 6 8 9 18 20 21 30 35 40 42
SOL 3 6 8 9 18 21 24 28 30 36 45
SOL 3 6 8 9 18 21 30 35 36 40 42 45
SOL 3 6 8 10 11 12 22 33 40
SOL 3 6 8 10 11 15 22 24 33
SOL 3 6 8 10 11 16 22 33 40 48
SOL 3 6 8 10 11 18 22 33 36 40
SOL 3 6 8 10 11 20 22 30 33 40
SOL 3 6 8 10 11 21 22 28 33 40
SOL 3 6 8 10 11 22 30 33 36 40 45
SOL 3 6 8 10 12 14 15 35 40
SOL 3 6 8 10 12 14 20 24 35
SOL 3 6 8 10 12 14 24 35 36 45
SOL 3 6 8 10 12 15 16 24 48
SOL 3 6 8 10 12 15 18 24 36
SOL 3 6 8 10 12 15 20 24 30
SOL 3 6 8 10 12 15 20 36 40 45
SOL 3 6 8 10 12 15 21 24 28
SOL 3 6 8 10 12 15 21 35 40 42
SOL 3 6 8 10 12 15 24 30 36 45
SOL 3 6 8 10 12 16 18 36 40 48
SOL 3 6 8 10 12 16 20 30 40 48
SOL 3 6 8 10 12 16 21 28 40 48
SOL 3 6 8 10 12 16 30 36 40 45 48
SOL 3 6 8 10 12 18 20 30 36 40
SOL 3 6 8 10 12 18 21 28 36 40
SOL 3 6 8 10 12 20 21 24 35 42
SOL 3 6 8 10 12 20 21 28 30 40
SOL 3 6 8 10 12 21 24 35 36 42 45
SOL 3 6 8 10 12 21 28 30 36 40 45
SOL 3 6 8 10 14 15 16 35 40 48
SOL 3 6 8 10 14 15 18 35 36 40
SOL 3 6 8 10 14 15 20 30 35 40
SOL 3 6 8 10 14 15 21 28 35 40
SOL 3 6 8 10 14 15 30 35 36 40 45
SOL 3 6 8 10 14 16 20 24 35 48
SOL 3 6 8 10 14 16 24 35 36 45 48
SOL 3 6 8 10 14 18 20 24 35 36
SOL 3 6 8 10 14 20 21 24 28 35
SOL 3 6 8 10 14 20 24 30 35 36 45
SOL 3 6 8 10 14 21 24 28 35 36 45
SOL 3 6 8 10 15 16 18 24 36 48
SOL 3 6 8 10 15 16 20 24 30 48
SOL 3 6 8 10 15 16 20 36 40 45 48
SOL 3 6 8 10 15 16 21 24 28 48
SOL 3 6 8 10 15 16 21 35 40 42 48
SOL 3 6 8 10 15 16 24 30 36 45 48
SOL 3 6 8 10 15 18 20 24 30 36
SOL 3 6 8 10 15 18 21 24 28 36
SOL 3 6 8 10 15 18 21 35 36 40 42
SOL 3 6 8 10 15 20 21 24 28 30
SOL 3 6 8 10 15 20 21 28 36 40 45
SOL 3 6 8 10 15 20 21 30 35 40 42
SOL 3 6 8 10 15 21 24 28 30 36 45
SOL 3 6 8 10 15 21 30 35 36 40 42 45
SOL 3 6 8 10 16 18 20 30 36 40 48
SOL 3 6 8 10 16 18 21 28 36 40 48
SOL 3 6 8 10 16 20 21 24 35 42 48
SOL 3 6 8 10 16 20 21 28 30 40 48
SOL 3 6 8 10 16 21 24 35 36 42 45 48
SOL 3 6 8 10 16 21 28 30 36 40 45 48
SOL 3 6 8 10 18 20 21 24 35 36 42
SOL 3 6 8 10 18 20 21 28 30 36 40
SOL 3 6 8 10 20 21 24 30 35 36 42 45
SOL 3 6 8 11 12 14 22 33 35 40
SOL 3 6 8 11 12 15 22 30 33 40
SOL 3 6 8 11 12 16 22 24 33 48
SOL 3 6 8 11 12 18 22 24 33 36
SOL 3 6 8 11 12 20 22 24 30 33
SOL 3 6 8 11 12 20 22 33 36 40 45
SOL 3 6 8 11 12 21 22 24 28 33
SOL 3 6 8 11 12 21 22 33 35 40 42
SOL 3 6 8 11 12 22 24 30 33 36 45
SOL 3 6 8 11 14 15 22 24 33 35
SOL 3 6 8 11 14 16 22 33 35 40 48
SOL 3 6 8 11 14 18 22 33 35 36 40
SOL 3 6 8 11 14 20 22 30 33 35 40
SOL 3 6 8 11 14 21 22 28 33 35 40
SOL 3 6 8 11 14 22 30 33 35 36 40 45
SOL 3 6 8 11 15 16 22 30 33 40 48
SOL 3 6 8 11 15 18 22 30 33 36 40
SOL 3 6 8 11 15 20 22 24 33 36 45
SOL 3 6 8 11 15 21 22 24 33 35 42
SOL 3 6 8 11 15 21 22 28 30 33 40
SOL 3 6 8 11 16 18 22 24 33 36 48
SOL 3 6 8 11 16 20 22 24 30 33 48
SOL 3 6 8 11 16 20 22 33 36 40 45 48
SOL 3 6 8 11 16 21 22 24 28 33 48
SOL 3 6 8 11 16 21 22 33 35 40 42 48
SOL 3 6 8 11 16 22 24 30 33 36 45 48
SOL 3 6 8 11 18 20 22 24 30 33 36
SOL 3 6 8 11 18 21 22 24 28 33 36
SOL 3 6 8 11 18 21 22 33 35 36 40 42
SOL 3 6 8 11 20 21 22 24 28 30 33
SOL 3 6 8 11 20 21 22 28 33 36 40 45
SOL 3 6 8 11 20 21 22 30 33 35 40 42
SOL 3 6 8 11 21 22 24 28 30 33 36 45
SOL 3 6 8 11 21 22 30 33 35 36 40 42 45
SOL 3 6 8 12 14 15 16 24 35 48
SOL 3 6 8 12 14 15 18 24 35 36
SOL 3 6 8 12 14 15 20 24 30 35
SOL 3 6 8 12 14 15 20 35 36 40 45
SOL 3 6 8 12 14 15 21 24 28 35
SOL 3 6 8 12 14 15 24 30 35 36 45
SOL 3 6 8 12 14 16 18 35 36 40 48
SOL 3 6 8 12 14 16 20 30 35 40 48
SOL 3 6 8 12 14 16 21 28 35 40 48
SOL 3 6 8 12 14 16 30 35 36 40 45 48
SOL 3 6 8 12 14 18 20 30 35 36 40
SOL 3 6 8 12 14 18 21 28 35 36 40
SOL 3 6 8 12 14 20 21 28 30 35 40
SOL 3 6 8 12 14 21 28 30 35 36 40 45
SOL 3 6 8 12 15 16 18 30 36 40 48
SOL 3 6 8 12 15 16 20 24 36 45 48
SOL 3 6 8 12 15 16 21 24 35 42 48
SOL 3 6 8 12 15 16 21 28 30 40 48
SOL 3 6 8 12 15 18 21 24 35 36 42
SOL 3 6 8 12 15 18 21 28 30 36 40
SOL 3 6 8 12 15 20 21 24 28 36 45
SOL 3 6 8 12 15 20 21 24 30 35 42
SOL 3 6 8 12 15 20 21 35 36 40 42 45
SOL 3 6 8 12 15 21 24 30 35 36 42 45
SOL 3 6 8 12 16 18 20 24 30 36 48
SOL 3 6 8 12 16 18 21 24 28 36 48
SOL 3 6 8 12 16 18 21 35 36 40 42 48
SOL 3 6 8 12 16 20 21 24 28 30 48
SOL 3 6 8 12 16 20 21 28 36 40 45 48
SOL 3 6 8 12 16 20 21 30 35 40 42 48
SOL 3 6 8 12 16 21 24 28 30 36 45 48
SOL 3 6 8 12 16 21 30 35 36 40 42 45 48
SOL 3 6 8 12 18 20 21 24 28 30 36
SOL 3 6 8 12 18 20 21 30 35 36 40 42
SOL 3 6 8 14 15 16 18 24 35 36 48
SOL 3 6 8 14 15 16 20 24 30 35 48
SOL 3 6 8 14 15 16 20 35 36 40 45 48
SOL 3 6 8 14 15 16 21 24 28 35 48
SOL 3 6 8 14 15 16 24 30 35 36 45 48
SOL 3 6 8 14 15 18 20 24 30 35 36
SOL 3 6 8 14 15 18 21 24 28 35 36
SOL 3 6 8 14 15 20 21 24 28 30 35
SOL 3 6 8 14 15 20 21 28 35 36 40 45
SOL 3 6 8 14 15 21 24 28 30 35 36 45
SOL 3 6 8 14 16 18 20 30 35 36 40 48
SOL 3 6 8 14 16 18 21 28 35 36 40 48
SOL 3 6 8 14 16 20 21 28 30 35 40 48
SOL 3 6 8 14 16 21 28 30 35 36 40 45 48
SOL 3 6 8 14 18 20 21 28 30 35 36 40
SOL 3 6 8 15 16 18 21 24 35 36 42 48
SOL 3 6 8 15 16 18 21 28 30 36 40 48
SOL 3 6 8 15 16 20 21 24 28 36 45 48
SOL 3 6 8 15 16 20 21 24 30 35 42 48
SOL 3 6 8 15 16 20 21 35 36 40 42 45 48
SOL 3 6 8 15 16 21 24 30 35 36 42 45 48
SOL 3 6 8 15 18 20 21 24 30 35 36 42
SOL 3 6 8 16 18 20 21 24 28 30 36 48
SOL 3 6 8 16 18 20 21 30 35 36 40 42 48
SOL 3 6 9 10 11 14 22 33 35 45
SOL 3 6 9 10 11 15 18 22 33
SOL 3 6 9 10 11 15 22 30 33 45
SOL 3 6 9 10 11 18 22 24 33 40
SOL 3 6 9 10 11 21 22 33 35 42 45
SOL 3 6 9 10 11 22 24 30 33 40 45
SOL 3 6 9 10 12 14 16 35 45 48
SOL 3 6 9 10 12 14 18 20 35
SOL 3 6 9 10 12 14 18 35 36 45
SOL 3 6 9 10 12 14 20 30 35 45
SOL 3 6 9 10 12 14 21 28 35 45
SOL 3 6 9 10 12 15 16 18 48
SOL 3 6 9 10 12 15 16 30 45 48
SOL 3 6 9 10 12 15 18 20 30
SOL 3 6 9 10 12 15 18 21 28
SOL 3 6 9 10 12 15 18 30 36 45
SOL 3 6 9 10 12 15 20 24 40 45
SOL 3 6 9 10 12 15 21 28 30 45
SOL 3 6 9 10 12 16 18 24 40 48
SOL 3 6 9 10 12 16 21 35 42 45 48
SOL 3 6 9 10 12 16 24 30 40 45 48
SOL 3 6 9 10 12 18 20 21 35 42
SOL 3 6 9 10 12 18 20 24 30 40
SOL 3 6 9 10 12 18 21 24 28 40
SOL 3 6 9 10 12 18 21 35 36 42 45
SOL 3 6 9 10 12 18 24 30 36 40 45
SOL 3 6 9 10 12 20 21 30 35 42 45
SOL 3 6 9 10 12 21 24 28 30 40 45
SOL 3 6 9 10 14 15 18 24 35 40
SOL 3 6 9 10 14 15 24 30 35 40 45
SOL 3 6 9 10 14 16 18 20 35 48
SOL 3 6 9 10 14 16 18 35 36 45 48
SOL 3 6 9 10 14 16 20 30 35 45 48
SOL 3 6 9 10 14 16 21 28 35 45 48
SOL 3 6 9 10 14 18 20 21 28 35
SOL 3 6 9 10 14 18 20 30 35 36 45
SOL 3 6 9 10 14 18 21 28 35 36 45
SOL 3 6 9 10 14 20 21 28 30 35 45
SOL 3 6 9 10 15 16 18 20 30 48
SOL 3 6 9 10 15 16 18 21 28 48
SOL 3 6 9 10 15 16 18 30 36 45 48
SOL 3 6 9 10 15 16 20 24 40 45 48
SOL 3 6 9 10 15 16 21 28 30 45 48
SOL 3 6 9 10 15 18 20 21 28 30
SOL 3 6 9 10 15 18 20 24 36 40 45
SOL 3 6 9 10 15 18 21 24 35 40 42
SOL 3 6 9 10 15 18 21 28 30 36 45
SOL 3 6 9 10 15 20 21 24 28 40 45
SOL 3 6 9 10 15 21 24 30 35 40 42 45
SOL 3 6 9 10 16 18 20 21 35 42 48
SOL 3 6 9 10 16 18 20 24 30 40 48
SOL 3 6 9 10 16 18 21 24 28 40 48
SOL 3 6 9 10 16 18 21 35 36 42 45 48
SOL 3 6 9 10 16 18 24 30 36 40 45 48
SOL 3 6 9 10 16 20 21 30 35 42 45 48
SOL 3 6 9 10 16 21 24 28 30 40 45 48
SOL 3 6 9 10 18 20 21 24 28 30 40
SOL 3 6 9 10 18 20 21 30 35 36 42 45
SOL 3 6 9 10 18 21 24 28 30 36 40 45
SOL 3 6 9 11 12 15 20 22 33 45
SOL 3 6 9 11 12 16 18 22 33 48
SOL 3 6 9 11 12 16 22 30 33 45 48
SOL 3 6 9 11 12 18 20 22 30 33
SOL 3 6 9 11 12 18 21 22 28 33
SOL 3 6 9 11 12 18 22 30 33 36 45
SOL 3 6 9 11 12 20 22 24 33 40 45
SOL 3 6 9 11 12 21 22 28 30 33 45
SOL 3 6 9 11 14 15 18 22 33 35
SOL 3 6 9 11 14 15 22 30 33 35 45
SOL 3 6 9 11 14 18 22 24 33 35 40
SOL 3 6 9 11 14 22 24 30 33 35 40 45
SOL 3 6 9 11 15 16 20 22 33 45 48
SOL 3 6 9 11 15 18 20 22 33 36 45
SOL 3 6 9 11 15 18 21 22 33 35 42
SOL 3 6 9 11 15 18 22 24 30 33 40
SOL 3 6 9 11 15 20 21 22 28 33 45
SOL 3 6 9 11 15 21 22 30 33 35 42 45
SOL 3 6 9 11 16 18 20 22 30 33 48
SOL 3 6 9 11 16 18 21 22 28 33 48
SOL 3 6 9 11 16 18 22 30 33 36 45 48
SOL 3 6 9 11 16 20 22 24 33 40 45 48
SOL 3 6 9 11 16 21 22 28 30 33 45 48
SOL 3 6 9 11 18 20 21 22 28 30 33
SOL 3 6 9 11 18 20 22 24 33 36 40 45
SOL 3 6 9 11 18 21 22 24 33 35 40 42
SOL 3 6 9 11 18 21 22 28 30 33 36 45
SOL 3 6 9 11 20 21 22 24 28 33 40 45
SOL 3 6 9 11 21 22 24 30 33 35 40 42 45
SOL 3 6 9 12 14 15 16 18 35 48
SOL 3 6 9 12 14 15 16 30 35 45 48
SOL 3 6 9 12 14 15 18 20 30 35
SOL 3 6 9 12 14 15 18 21 28 35
SOL 3 6 9 12 14 15 18 30 35 36 45
SOL 3 6 9 12 14 15 20 24 35 40 45
SOL 3 6 9 12 14 15 21 28 30 35 45
SOL 3 6 9 12 14 16 18 24 35 40 48
SOL 3 6 9 12 14 16 24 30 35 40 45 48
SOL 3 6 9 12 14 18 20 24 30 35 40
SOL 3 6 9 12 14 18 21 24 28 35 40
SOL 3 6 9 12 14 18 24 30 35 36 40 45
SOL 3 6 9 12 14 21 24 28 30 35 40 45
SOL 3 6 9 12 15 16 18 20 36 45 48
SOL 3 6 9 12 15 16 18 21 35 42 48
SOL 3 6 9 12 15 16 18 24 30 40 48
SOL 3 6 9 12 15 16 20 21 28 45 48
SOL 3 6 9 12 15 16 21 30 35 42 45 48
SOL 3 6 9 12 15 18 20 21 28 36 45
SOL 3 6 9 12 15 18 20 21 30 35 42
SOL 3 6 9 12 15 18 21 24 28 30 40
SOL 3 6 9 12 15 18 21 30 35 36 42 45
SOL 3 6 9 12 15 20 21 24 35 40 42 45
SOL 3 6 9 12 16 18 20 21 28 30 48
SOL 3 6 9 12 16 18 20 24 36 40 45 48
SOL 3 6 9 12 16 18 21 24 35 40 42 48
SOL 3 6 9 12 16 18 21 28 30 36 45 48
SOL 3 6 9 12 16 20 21 24 28 40 45 48
SOL 3 6 9 12 16 21 24 30 35 40 42 45 48
SOL 3 6 9 12 18 20 21 24 28 36 40 45
SOL 3 6 9 12 18 20 21 24 30 35 40 42
SOL 3 6 9 12 18 21 24 30 35 36 40 42 45
SOL 3 6 9 14 15 16 18 20 30 35 48
SOL 3 6 9 14 15 16 18 21 28 35 48
SOL 3 6 9 14 15 16 18 30 35 36 45 48
SOL 3 6 9 14 15 16 20 24 35 40 45 48
SOL 3 6 9 14 15 16 21 28 30 35 45 48
SOL 3 6 9 14 15 18 20 21 28 30 35
SOL 3 6 9 14 15 18 20 24 35 36 40 45
SOL 3 6 9 14 15 18 21 28 30 35 36 45
SOL 3 6 9 14 15 20 21 24 28 35 40 45
SOL 3 6 9 14 16 18 20 24 30 35 40 48
SOL 3 6 9 14 16 18 21 24 28 35 40 48
SOL 3 6 9 14 16 18 24 30 35 36 40 45 48
SOL 3 6 9 14 16 21 24 28 30 35 40 45 48
SOL 3 6 9 14 18 20 21 24 28 30 35 40
SOL 3 6 9 14 18 21 24 28 30 35 36 40 45
SOL 3 6 9 15 16 18 20 21 28 36 45 48
SOL 3 6 9 15 16 18 20 21 30 35 42 48
SOL 3 6 9 15 16 18 21 24 28 30 40 48
SOL 3 6 9 15 16 18 21 30 35 36 42 45 48
SOL 3 6 9 15 16 20 21 24 35 40 42 45 48
SOL 3 6 9 15 18 20 21 24 35 36 40 42 45
SOL 3 6 9 16 18 20 21 24 28 36 40 45 48
SOL 3 6 9 16 18 20 21 24 30 35 40 42 48
SOL 3 6 9 16 18 21 24 30 35 36 40 42 45 48
SOL 3 6 10 11 12 14 20 22 33 35
SOL 3 6 10 11 12 14 22 33 35 36 45
SOL 3 6 10 11 12 15 16 22 33 48
SOL 3 6 10 11 12 15 18 22 33 36
SOL 3 6 10 11 12 15 20 22 30 33
SOL 3 6 10 11 12 15 21 22 28 33
SOL 3 6 10 11 12 15 22 30 33 36 45
SOL 3 6 10 11 12 16 22 24 33 40 48
SOL 3 6 10 11 12 18 22 24 33 36 40
SOL 3 6 10 11 12 20 21 22 33 35 42
SOL 3 6 10 11 12 20 22 24 30 33 40
SOL 3 6 10 11 12 21 22 24 28 33 40
SOL 3 6 10 11 12 21 22 33 35 36 42 45
SOL 3 6 10 11 12 22 24 30 33 36 40 45
SOL 3 6 10 11 14 15 22 24 33 35 40
SOL 3 6 10 11 14 16 20 22 33 35 48
SOL 3 6 10 11 14 16 22 33 35 36 45 48
SOL 3 6 10 11 14 18 20 22 33 35 36
SOL 3 6 10 11 14 20 21 22 28 33 35
SOL 3 6 10 11 14 20 22 30 33 35 36 45
SOL 3 6 10 11 14 21 22 28 33 35 36 45
SOL 3 6 10 11 15 16 18 22 33 36 48
SOL 3 6 10 11 15 16 20 22 30 33 48
SOL 3 6 10 11 15 16 21 22 28 33 48
SOL 3 6 10 11 15 16 22 30 33 36 45 48
SOL 3 6 10 11 15 18 20 22 30 33 36
SOL 3 6 10 11 15 18 21 22 28 33 36
SOL 3 6 10 11 15 20 21 22 28 30 33
SOL 3 6 10 11 15 20 22 24 33 36 40 45
SOL 3 6 10 11 15 21 22 24 33 35 40 42
SOL 3 6 10 11 15 21 22 28 30 33 36 45
SOL 3 6 10 11 16 18 22 24 33 36 40 48
SOL 3 6 10 11 16 20 21 22 33 35 42 48
SOL 3 6 10 11 16 20 22 24 30 33 40 48
SOL 3 6 10 11 16 21 22 24 28 33 40 48
SOL 3 6 10 11 16 21 22 33 35 36 42 45 48
SOL 3 6 10 11 16 22 24 30 33 36 40 45 48
SOL 3 6 10 11 18 20 21 22 33 35 36 42
SOL 3 6 10 11 18 20 22 24 30 33 36 40
SOL 3 6 10 11 18 21 22 24 28 33 36 40
SOL 3 6 10 11 20 21 22 24 28 30 33 40
SOL 3 6 10 11 20 21 22 30 33 35 36 42 45
SOL 3 6 10 11 21 22 24 28 30 33 36 40 45
SOL 3 6 10 12 14 15 16 24 35 40 48
SOL 3 6 10 12 14 15 18 24 35 36 40
SOL 3 6 10 12 14 15 20 24 30 35 40
SOL 3 6 10 12 14 15 21 24 28 35 40
SOL 3 6 10 12 14 15 24 30 35 36 40 45
SOL 3 6 10 12 14 16 18 20 35 36 48
SOL 3 6 10 12 14 16 20 21 28 35 48
SOL 3 6 10 12 14 16 20 30 35 36 45 48
SOL 3 6 10 12 14 16 21 28 35 36 45 48
SOL 3 6 10 12 14 18 20 21 28 35 36
SOL 3 6 10 12 14 20 21 28 30 35 36 45
SOL 3 6 10 12 15 16 18 20 30 36 48
SOL 3 6 10 12 15 16 18 21 28 36 48
SOL 3 6 10 12 15 16 20 21 28 30 48
SOL 3 6 10 12 15 16 20 24 36 40 45 48
SOL 3 6 10 12 15 16 21 24 35 40 42 48
SOL 3 6 10 12 15 16 21 28 30 36 45 48
SOL 3 6 10 12 15 18 20 21 28 30 36
SOL 3 6 10 12 15 18 21 24 35 36 40 42
SOL 3 6 10 12 15 20 21 24 28 36 40 45
SOL 3 6 10 12 15 20 21 24 30 35 40 42
SOL 3 6 10 12 15 21 24 30 35 36 40 42 45
SOL 3 6 10 12 16 18 20 21 35 36 42 48
SOL 3 6 10 12 16 18 20 24 30 36 40 48
SOL 3 6 10 12 16 18 21 24 28 36 40 48
SOL 3 6 10 12 16 20 21 24 28 30 40 48
SOL 3 6 10 12 16 20 21 30 35 36 42 45 48
SOL 3 6 10 12 16 21 24 28 30 36 40 45 48
SOL 3 6 10 12 18 20 21 24 28 30 36 40
SOL 3 6 10 14 15 16 18 24 35 36 40 48
SOL 3 6 10 14 15 16 20 24 30 35 40 48
SOL 3 6 10 14 15 16 21 24 28 35 40 48
SOL 3 6 10 14 15 16 24 30 35 36 40 45 48
SOL 3 6 10 14 15 18 20 24 30 35 36 40
SOL 3 6 10 14 15 18 21 24 28 35 36 40
SOL 3 6 10 14 15 20 21 24 28 30 35 40
SOL 3 6 10 14 15 21 24 28 30 35 36 40 45
SOL 3 6 10 14 16 18 20 21 28 35 36 48
SOL 3 6 10 14 16 20 21 28 30 35 36 45 48
SOL 3 6 10 15 16 18 20 21 28 30 36 48
SOL 3 6 10 15 16 18 21 24 35 36 40 42 48
SOL 3 6 10 15 16 20 21 24 28 36 40 45 48
SOL 3 6 10 15 16 20 21 24 30 35 40 42 48
SOL 3 6 10 15 16 21 24 30 35 36 40 42 45 48
SOL 3 6 10 15 18 20 21 24 30 35 36 40 42
SOL 3 6 10 16 18 20 21 24 28 30 36 40 48
SOL 3 6 11 12 14 15 16 22 33 35 48
SOL 3 6 11 12 14 15 18 22 33 35 36
SOL 3 6 11 12 14 15 20 22 30 33 35
SOL 3 6 11 12 14 15 21 22 28 33 35
SOL 3 6 11 12 14 15 22 30 33 35 36 45
SOL 3 6 11 12 14 16 22 24 33 35 40 48
SOL 3 6 11 12 14 18 22 24 33 35 36 40
SOL 3 6 11 12 14 20 22 24 30 33 35 40
SOL 3 6 11 12 14 21 22 24 28 33 35 40
SOL 3 6 11 12 14 22 24 30 33 35 36 40 45
SOL 3 6 11 12 15 16 20 22 33 36 45 48
SOL 3 6 11 12 15 16 21 22 33 35 42 48
SOL 3 6 11 12 15 16 22 24 30 33 40 48
SOL 3 6 11 12 15 18 21 22 33 35 36 42
SOL 3 6 11 12 15 18 22 24 30 33 36 40
SOL 3 6 11 12 15 20 21 22 28 33 36 45
SOL 3 6 11 12 15 20 21 22 30 33 35 42
SOL 3 6 11 12 15 21 22 24 28 30 33 40
SOL 3 6 11 12 15 21 22 30 33 35 36 42 45
SOL 3 6 11 12 16 18 20 22 30 33 36 48
SOL 3 6 11 12 16 18 21 22 28 33 36 48
SOL 3 6 11 12 16 20 21 22 28 30 33 48
SOL 3 6 11 12 16 20 22 24 33 36 40 45 48
SOL 3 6 11 12 16 21 22 24 33 35 40 42 48
SOL 3 6 11 12 16 21 22 28 30 33 36 45 48
SOL 3 6 11 12 18 20 21 22 28 30 33 36
SOL 3 6 11 12 18 21 22 24 33 35 36 40 42
SOL 3 6 11 12 20 21 22 24 28 33 36 40 45
SOL 3 6 11 12 20 21 22 24 30 33 35 40 42
SOL 3 6 11 12 21 22 24 30 33 35 36 40 42 45
SOL 3 6 11 14 15 16 18 22 33 35 36 48
SOL 3 6 11 14 15 16 20 22 30 33 35 48
SOL 3 6 11 14 15 16 21 22 28 33 35 48
SOL 3 6 11 14 15 16 22 30 33 35 36 45 48
SOL 3 6 11 14 15 18 20 22 30 33 35 36
SOL 3 6 11 14 15 18 21 22 28 33 35 36
SOL 3 6 11 14 15 20 21 22 28 30 33 35
SOL 3 6 11 14 15 20 22 24 33 35 36 40 45
SOL 3 6 11 14 15 21 22 28 30 33 35 36 45
SOL 3 6 11 14 16 18 22 24 33 35 36 40 48
SOL 3 6 11 14 16 20 22 24 30 33 35 40 48
SOL 3 6 11 14 16 21 22 24 28 33 35 40 48
SOL 3 6 11 14 16 22 24 30 33 35 36 40 45 48
SOL 3 6 11 14 18 20 22 24 30 33 35 36 40
SOL 3 6 11 14 18 21 22 24 28 33 35 36 40
SOL 3 6 11 14 20 21 22 24 28 30 33 35 40
SOL 3 6 11 14 21 22 24 28 30 33 35 36 40 45
SOL 3 6 11 15 16 18 21 22 33 35 36 42 48
SOL 3 6 11 15 16 18 22 24 30 33 36 40 48
SOL 3 6 11 15 16 20 21 22 28 33 36 45 48
SOL 3 6 11 15 16 20 21 22 30 33 35 42 48
SOL 3 6 11 15 16 21 22 24 28 30 33 40 48
SOL 3 6 11 15 16 21 22 30 33 35 36 42 45 48
SOL 3 6 11 15 18 20 21 22 30 33 35 36 42
SOL 3 6 11 15 18 21 22 24 28 30 33 36 40
SOL 3 6 11 15 20 21 22 24 33 35 36 40 42 45
SOL 3 6 11 16 18 20 21 22 28 30 33 36 48
SOL 3 6 11 16 18 21 22 24 33 35 36 40 42 48
SOL 3 6 11 16 20 21 22 24 28 33 36 40 45 48
SOL 3 6 11 16 20 21 22 24 30 33 35 40 42 48
SOL 3 6 11 16 21 22 24 30 33 35 36 40 42 45 48
SOL 3 6 11 18 20 21 22 24 30 33 35 36 40 42
SOL 3 6 12 14 15 16 18 20 30 35 36 48
SOL 3 6 12 14 15 16 18 21 28 35 36 48
SOL 3 6 12 14 15 16 20 21 28 30 35 48
SOL 3 6 12 14 15 16 20 24 35 36 40 45 48
SOL 3 6 12 14 15 16 21 28 30 35 36 45 48
SOL 3 6 12 14 15 18 20 21 28 30 35 36
SOL 3 6 12 14 15 20 21 24 28 35 36 40 45
SOL 3 6 12 14 16 18 20 24 30 35 36 40 48
SOL 3 6 12 14 16 18 21 24 28 35 36 40 48
SOL 3 6 12 14 16 20 21 24 28 30 35 40 48
SOL 3 6 12 14 16 21 24 28 30 35 36 40 45 48
SOL 3 6 12 14 18 20 21 24 28 30 35 36 40
SOL 3 6 12 15 16 18 20 21 30 35 36 42 48
SOL 3 6 12 15 16 18 21 24 28 30 36 40 48
SOL 3 6 12 15 16 20 21 24 35 36 40 42 45 48
SOL 3 6 12 16 18 20 21 24 30 35 36 40 42 48
SOL 3 6 14 15 16 18 20 21 28 30 35 36 48
SOL 3 6 14 15 16 20 21 24 28 35 36 40 45 48
SOL 3 6 14 16 18 20 21 24 28 30 35 36 40 48
SOL 3 7 8 9 10 12 18 40 42
SOL 3 7 8 9 10 12 30 40 42 45
SOL 3 7 8 9 10 14 18 28 40
SOL 3 7 8 9 10 14 24 35 42 45
SOL 3 7 8 9 10 14 28 30 40 45
SOL 3 7 8 9 10 15 18 24 42
SOL 3 7 8 9 10 15 20 40 42 45
SOL 3 7 8 9 10 15 24 30 42 45
SOL 3 7 8 9 10 16 18 40 42 48
SOL 3 7 8 9 10 16 30 40 42 45 48
SOL 3 7 8 9 10 18 20 30 40 42
SOL 3 7 8 9 10 18 21 28 40 42
SOL 3 7 8 9 10 18 30 36 40 42 45
SOL 3 7 8 9 10 21 28 30 40 42 45
SOL 3 7 8 9 11 18 22 24 33 42
SOL 3 7 8 9 11 20 22 33 40 42 45
SOL 3 7 8 9 11 22 24 30 33 42 45
SOL 3 7 8 9 12 14 18 24 28
SOL 3 7 8 9 12 14 18 35 40 42
SOL 3 7 8 9 12 14 20 28 40 45
SOL 3 7 8 9 12 14 24 28 30 45
SOL 3 7 8 9 12 14 30 35 40 42 45
SOL 3 7 8 9 12 15 18 30 40 42
SOL 3 7 8 9 12 15 20 24 42 45
SOL 3 7 8 9 12 16 18 24 42 48
SOL 3 7 8 9 12 16 20 40 42 45 48
SOL 3 7 8 9 12 16 24 30 42 45 48
SOL 3 7 8 9 12 18 20 24 30 42
SOL 3 7 8 9 12 18 20 36 40 42 45
SOL 3 7 8 9 12 18 21 24 28 42
SOL 3 7 8 9 12 18 24 30 36 42 45
SOL 3 7 8 9 12 20 21 28 40 42 45
SOL 3 7 8 9 12 21 24 28 30 42 45
SOL 3 7 8 9 14 15 18 24 35 42
SOL 3 7 8 9 14 15 18 28 30 40
SOL 3 7 8 9 14 15 20 24 28 45
SOL 3 7 8 9 14 15 20 35 40 42 45
SOL 3 7 8 9 14 15 24 30 35 42 45
SOL 3 7 8 9 14 16 18 24 28 48
SOL 3 7 8 9 14 16 18 35 40 42 48
SOL 3 7 8 9 14 16 20 28 40 45 48
SOL 3 7 8 9 14 16 24 28 30 45 48
SOL 3 7 8 9 14 16 30 35 40 42 45 48
SOL 3 7 8 9 14 18 20 24 28 30
SOL 3 7 8 9 14 18 20 28 36 40 45
SOL 3 7 8 9 14 18 20 30 35 40 42
SOL 3 7 8 9 14 18 21 28 35 40 42
SOL 3 7 8 9 14 18 24 28 30 36 45
SOL 3 7 8 9 14 18 30 35 36 40 42 45
SOL 3 7 8 9 14 21 28 30 35 40 42 45
SOL 3 7 8 9 15 16 18 30 40 42 48
SOL 3 7 8 9 15 16 20 24 42 45 48
SOL 3 7 8 9 15 18 20 24 36 42 45
SOL 3 7 8 9 15 18 21 28 30 40 42
SOL 3 7 8 9 15 20 21 24 28 42 45
SOL 3 7 8 9 16 18 20 24 30 42 48
SOL 3 7 8 9 16 18 20 36 40 42 45 48
SOL 3 7 8 9 16 18 21 24 28 42 48
SOL 3 7 8 9 16 18 24 30 36 42 45 48
SOL 3 7 8 9 16 20 21 28 40 42 45 48
SOL 3 7 8 9 16 21 24 28 30 42 45 48
SOL 3 7 8 9 18 20 21 24 28 30 42
SOL 3 7 8 9 18 20 21 28 36 40 42 45
SOL 3 7 8 9 18 21 24 28 30 36 42 45
SOL 3 7 8 10 11 12 22 33 40 42
SOL 3 7 8 10 11 14 22 28 33 40
SOL 3 7 8 10 11 15 22 24 33 42
SOL 3 7 8 10 11 16 22 33 40 42 48
SOL 3 7 8 10 11 18 22 33 36 40 42
SOL 3 7 8 10 11 20 22 30 33 40 42
SOL 3 7 8 10 11 21 22 28 33 40 42
SOL 3 7 8 10 11 22 30 33 36 40 42 45
SOL 3 7 8 10 12 14 15 24 28
SOL 3 7 8 10 12 14 15 35 40 42
SOL 3 7 8 10 12 14 16 28 40 48
SOL 3 7 8 10 12 14 18 28 36 40
SOL 3 7 8 10 12 14 20 24 35 42
SOL 3 7 8 10 12 14 20 28 30 40
SOL 3 7 8 10 12 14 24 35 36 42 45
SOL 3 7 8 10 12 14 28 30 36 40 45
SOL 3 7 8 10 12 15 16 24 42 48
SOL 3 7 8 10 12 15 18 24 36 42
SOL 3 7 8 10 12 15 20 24 30 42
SOL 3 7 8 10 12 15 20 36 40 42 45
SOL 3 7 8 10 12 15 21 24 28 42
SOL 3 7 8 10 12 15 24 30 36 42 45
SOL 3 7 8 10 12 16 18 36 40 42 48
SOL 3 7 8 10 12 16 20 30 40 42 48
SOL 3 7 8 10 12 16 21 28 40 42 48
SOL 3 7 8 10 12 16 30 36 40 42 45 48
SOL 3 7 8 10 12 18 20 30 36 40 42
SOL 3 7 8 10 12 18 21 28 36 40 42
SOL 3 7 8 10 12 20 21 28 30 40 42
SOL 3 7 8 10 12 21 28 30 36 40 42 45
SOL 3 7 8 10 14 15 16 24 28 48
SOL 3 7 8 10 14 15 16 35 40 42 48
SOL 3 7 8 10 14 15 18 24 28 36
SOL 3 7 8 10 14 15 18 35 36 40 42
SOL 3 7 8 10 14 15 20 24 28 30
SOL 3 7 8 10 14 15 20 28 36 40 45
SOL 3 7 8 10 14 15 20 30 35 40 42
SOL 3 7 8 10 14 15 21 28 35 40 42
SOL 3 7 8 10 14 15 24 28 30 36 45
SOL 3 7 8 10 14 15 30 35 36 40 42 45
SOL 3 7 8 10 14 16 18 28 36 40 48
SOL 3 7 8 10 14 16 20 24 35 42 48
SOL 3 7 8 10 14 16 20 28 30 40 48
SOL 3 7 8 10 14 16 24 35 36 42 45 48
SOL 3 7 8 10 14 16 28 30 36 40 45 48
SOL 3 7 8 10 14 18 20 24 35 36 42
SOL 3 7 8 10 14 18 20 28 30 36 40
SOL 3 7 8 10 14 20 21 24 28 35 42
SOL 3 7 8 10 14 20 24 30 35 36 42 45
SOL 3 7 8 10 14 21 24 28 35 36 42 45
SOL 3 7 8 10 15 16 18 24 36 42 48
SOL 3 7 8 10 15 16 20 24 30 42 48
SOL 3 7 8 10 15 16 20 36 40 42 45 48
SOL 3 7 8 10 15 16 21 24 28 42 48
SOL 3 7 8 10 15 16 24 30 36 42 45 48
SOL 3 7 8 10 15 18 20 24 30 36 42
SOL 3 7 8 10 15 18 21 24 28 36 42
SOL 3 7 8 10 15 20 21 24 28 30 42
SOL 3 7 8 10 15 20 21 28 36 40 42 45
SOL 3 7 8 10 15 21 24 28 30 36 42 45
SOL 3 7 8 10 16 18 20 30 36 40 42 48
SOL 3 7 8 10 16 18 21 28 36 40 42 48
SOL 3 7 8 10 16 20 21 28 30 40 42 48
SOL 3 7 8 10 16 21 28 30 36 40 42 45 48
SOL 3 7 8 10 18 20 21 28 30 36 40 42
SOL 3 7 8 11 12 14 22 24 28 33
SOL 3 7 8 11 12 14 22 33 35 40 42
SOL 3 7 8 11 12 15 22 30 33 40 42
SOL 3 7 8 11 12 16 22 24 33 42 48
SOL 3 7 8 11 12 18 22 24 33 36 42
SOL 3 7 8 11 12 20 22 24 30 33 42
SOL 3 7 8 11 12 20 22 33 36 40 42 45
SOL 3 7 8 11 12 21 22 24 28 33 42
SOL 3 7 8 11 12 22 24 30 33 36 42 45
SOL 3 7 8 11 14 15 22 24 33 35 42
SOL 3 7 8 11 14 15 22 28 30 33 40
SOL 3 7 8 11 14 16 22 24 28 33 48
SOL 3 7 8 11 14 16 22 33 35 40 42 48
SOL 3 7 8 11 14 18 22 24 28 33 36
SOL 3 7 8 11 14 18 22 33 35 36 40 42
SOL 3 7 8 11 14 20 22 24 28 30 33
SOL 3 7 8 11 14 20 22 28 33 36 40 45
SOL 3 7 8 11 14 20 22 30 33 35 40 42
SOL 3 7 8 11 14 21 22 28 33 35 40 42
SOL 3 7 8 11 14 22 24 28 30 33 36 45
SOL 3 7 8 11 14 22 30 33 35 36 40 42 45
SOL 3 7 8 11 15 16 22 30 33 40 42 48
SOL 3 7 8 11 15 18 22 30 33 36 40 42
SOL 3 7 8 11 15 20 22 24 33 36 42 45
SOL 3 7 8 11 15 21 22 28 30 33 40 42
SOL 3 7 8 11 16 18 22 24 33 36 42 48
SOL 3 7 8 11 16 20 22 24 30 33 42 48
SOL 3 7 8 11 16 20 22 33 36 40 42 45 48
SOL 3 7 8 11 16 21 22 24 28 33 42 48
SOL 3 7 8 11 16 22 24 30 33 36 42 45 48
SOL 3 7 8 11 18 20 22 24 30 33 36 42
SOL 3 7 8 11 18 21 22 24 28 33 36 42
SOL 3 7 8 11 20 21 22 24 28 30 33 42
SOL 3 7 8 11 20 21 22 28 33 36 40 42 45
SOL 3 7 8 11 21 22 24 28 30 33 36 42 45
SOL 3 7 8 12 14 15 16 24 35 42 48
SOL 3 7 8 12 14 15 16 28 30 40 48
SOL 3 7 8 12 14 15 18 24 35 36 42
SOL 3 7 8 12 14 15 18 28 30 36 40
SOL 3 7 8 12 14 15 20 24 28 36 45
SOL 3 7 8 12 14 15 20 24 30 35 42
SOL 3 7 8 12 14 15 20 35 36 40 42 45
SOL 3 7 8 12 14 15 21 24 28 35 42
SOL 3 7 8 12 14 15 24 30 35 36 42 45
SOL 3 7 8 12 14 16 18 24 28 36 48
SOL 3 7 8 12 14 16 18 35 36 40 42 48
SOL 3 7 8 12 14 16 20 24 28 30 48
SOL 3 7 8 12 14 16 20 28 36 40 45 48
SOL 3 7 8 12 14 16 20 30 35 40 42 48
SOL 3 7 8 12 14 16 21 28 35 40 42 48
SOL 3 7 8 12 14 16 24 28 30 36 45 48
SOL 3 7 8 12 14 16 30 35 36 40 42 45 48
SOL 3 7 8 12 14 18 20 24 28 30 36
SOL 3 7 8 12 14 18 20 30 35 36 40 42
SOL 3 7 8 12 14 18 21 28 35 36 40 42
SOL 3 7 8 12 14 20 21 28 30 35 40 42
SOL 3 7 8 12 14 21 28 30 35 36 40 42 45
SOL 3 7 8 12 15 16 18 30 36 40 42 48
SOL 3 7 8 12 15 16 20 24 36 42 45 48
SOL 3 7 8 12 15 16 21 28 30 40 42 48
SOL 3 7 8 12 15 18 21 28 30 36 40 42
SOL 3 7 8 12 15 20 21 24 28 36 42 45
SOL 3 7 8 12 16 18 20 24 30 36 42 48
SOL 3 7 8 12 16 18 21 24 28 36 42 48
SOL 3 7 8 12 16 20 21 24 28 30 42 48
SOL 3 7 8 12 16 20 21 28 36 40 42 45 48
SOL 3 7 8 12 16 21 24 28 30 36 42 45 48
SOL 3 7 8 12 18 20 21 24 28 30 36 42
SOL 3 7 8 14 15 16 18 24 35 36 42 48
SOL 3 7 8 14 15 16 18 28 30 36 40 48
SOL 3 7 8 14 15 16 20 24 28 36 45 48
SOL 3 7 8 14 15 16 20 24 30 35 42 48
SOL 3 7 8 14 15 16 20 35 36 40 42 45 48
SOL 3 7 8 14 15 16 21 24 28 35 42 48
SOL 3 7 8 14 15 16 24 30 35 36 42 45 48
SOL 3 7 8 14 15 18 20 24 30 35 36 42
SOL 3 7 8 14 15 18 21 24 28 35 36 42
SOL 3 7 8 14 15 20 21 24 28 30 35 42
SOL 3 7 8 14 15 20 21 28 35 36 40 42 45
SOL 3 7 8 14 15 21 24 28 30 35 36 42 45
SOL 3 7 8 14 16 18 20 24 28 30 36 48
SOL 3 7 8 14 16 18 20 30 35 36 40 42 48
SOL 3 7 8 14 16 18 21 28 35 36 40 42 48
SOL 3 7 8 14 16 20 21 28 30 35 40 42 48
SOL 3 7 8 14 16 21 28 30 35 36 40 42 45 48
SOL 3 7 8 14 18 20 21 28 30 35 36 40 42
SOL 3 7 8 15 16 18 21 28 30 36 40 42 48
SOL 3 7 8 15 16 20 21 24 28 36 42 45 48
SOL 3 7 8 16 18 20 21 24 28 30 36 42 48
SOL 3 7 9 10 11 14 22 33 35 42 45
SOL 3 7 9 10 11 15 18 22 33 42
SOL 3 7 9 10 11 15 22 30 33 42 45
SOL 3 7 9 10 11 18 22 24 33 40 42
SOL 3 7 9 10 11 22 24 30 33 40 42 45
SOL 3 7 9 10 12 14 15 18 28
SOL 3 7 9 10 12 14 15 28 30 45
SOL 3 7 9 10 12 14 16 35 42 45 48
SOL 3 7 9 10 12 14 18 20 35 42
SOL 3 7 9 10 12 14 18 24 28 40
SOL 3 7 9 10 12 14 18 35 36 42 45
SOL 3 7 9 10 12 14 20 30 35 42 45
SOL 3 7 9 10 12 14 21 28 35 42 45
SOL 3 7 9 10 12 14 24 28 30 40 45
SOL 3 7 9 10 12 15 16 18 42 48
SOL 3 7 9 10 12 15 16 30 42 45 48
SOL 3 7 9 10 12 15 18 20 30 42
SOL 3 7 9 10 12 15 18 21 28 42
SOL 3 7 9 10 12 15 18 30 36 42 45
SOL 3 7 9 10 12 15 20 24 40 42 45
SOL 3 7 9 10 12 15 21 28 30 42 45
SOL 3 7 9 10 12 16 18 24 40 42 48
SOL 3 7 9 10 12 16 24 30 40 42 45 48
SOL 3 7 9 10 12 18 20 24 30 40 42
SOL 3 7 9 10 12 18 21 24 28 40 42
SOL 3 7 9 10 12 18 24 30 36 40 42 45
SOL 3 7 9 10 12 21 24 28 30 40 42 45
SOL 3 7 9 10 14 15 16 18 28 48
SOL 3 7 9 10 14 15 16 28 30 45 48
SOL 3 7 9 10 14 15 18 20 28 30
SOL 3 7 9 10 14 15 18 24 35 40 42
SOL 3 7 9 10 14 15 18 28 30 36 45
SOL 3 7 9 10 14 15 20 24 28 40 45
SOL 3 7 9 10 14 15 24 30 35 40 42 45
SOL 3 7 9 10 14 16 18 20 35 42 48
SOL 3 7 9 10 14 16 18 24 28 40 48
SOL 3 7 9 10 14 16 18 35 36 42 45 48
SOL 3 7 9 10 14 16 20 30 35 42 45 48
SOL 3 7 9 10 14 16 21 28 35 42 45 48
SOL 3 7 9 10 14 16 24 28 30 40 45 48
SOL 3 7 9 10 14 18 20 21 28 35 42
SOL 3 7 9 10 14 18 20 24 28 30 40
SOL 3 7 9 10 14 18 20 30 35 36 42 45
SOL 3 7 9 10 14 18 21 28 35 36 42 45
SOL 3 7 9 10 14 18 24 28 30 36 40 45
SOL 3 7 9 10 14 20 21 28 30 35 42 45
SOL 3 7 9 10 15 16 18 20 30 42 48
SOL 3 7 9 10 15 16 18 21 28 42 48
SOL 3 7 9 10 15 16 18 30 36 42 45 48
SOL 3 7 9 10 15 16 20 24 40 42 45 48
SOL 3 7 9 10 15 16 21 28 30 42 45 48
SOL 3 7 9 10 15 18 20 21 28 30 42
SOL 3 7 9 10 15 18 20 24 36 40 42 45
SOL 3 7 9 10 15 18 21 28 30 36 42 45
SOL 3 7 9 10 15 20 21 24 28 40 42 45
SOL 3 7 9 10 16 18 20 24 30 40 42 48
SOL 3 7 9 10 16 18 21 24 28 40 42 48
SOL 3 7 9 10 16 18 24 30 36 40 42 45 48
SOL 3 7 9 10 16 21 24 28 30 40 42 45 48
SOL 3 7 9 10 18 20 21 24 28 30 40 42
SOL 3 7 9 10 18 21 24 28 30 36 40 42 45
SOL 3 7 9 11 12 14 18 22 28 33
SOL 3 7 9 11 12 14 22 28 30 33 45
SOL 3 7 9 11 12 15 20 22 33 42 45
SOL 3 7 9 11 12 16 18 22 33 42 48
SOL 3 7 9 11 12 16 22 30 33 42 45 48
SOL 3 7 9 11 12 18 20 22 30 33 42
SOL 3 7 9 11 12 18 21 22 28 33 42
SOL 3 7 9 11 12 18 22 30 33 36 42 45
SOL 3 7 9 11 12 20 22 24 33 40 42 45
SOL 3 7 9 11 12 21 22 28 30 33 42 45
SOL 3 7 9 11 14 15 18 22 33 35 42
SOL 3 7 9 11 14 15 20 22 28 33 45
SOL 3 7 9 11 14 15 22 30 33 35 42 45
SOL 3 7 9 11 14 16 18 22 28 33 48
SOL 3 7 9 11 14 16 22 28 30 33 45 48
SOL 3 7 9 11 14 18 20 22 28 30 33
SOL 3 7 9 11 14 18 22 24 33 35 40 42
SOL 3 7 9 11 14 18 22 28 30 33 36 45
SOL 3 7 9 11 14 20 22 24 28 33 40 45
SOL 3 7 9 11 14 22 24 30 33 35 40 42 45
SOL 3 7 9 11 15 16 20 22 33 42 45 48
SOL 3 7 9 11 15 18 20 22 33 36 42 45
SOL 3 7 9 11 15 18 22 24 30 33 40 42
SOL 3 7 9 11 15 20 21 22 28 33 42 45
SOL 3 7 9 11 16 18 20 22 30 33 42 48
SOL 3 7 9 11 16 18 21 22 28 33 42 48
SOL 3 7 9 11 16 18 22 30 33 36 42 45 48
SOL 3 7 9 11 16 20 22 24 33 40 42 45 48
SOL 3 7 9 11 16 21 22 28 30 33 42 45 48
SOL 3 7 9 11 18 20 21 22 28 30 33 42
SOL 3 7 9 11 18 20 22 24 33 36 40 42 45
SOL 3 7 9 11 18 21 22 28 30 33 36 42 45
SOL 3 7 9 11 20 21 22 24 28 33 40 42 45
SOL 3 7 9 12 14 15 16 18 35 42 48
SOL 3 7 9 12 14 15 16 20 28 45 48
SOL 3 7 9 12 14 15 16 30 35 42 45 48
SOL 3 7 9 12 14 15 18 20 28 36 45
SOL 3 7 9 12 14 15 18 20 30 35 42
SOL 3 7 9 12 14 15 18 21 28 35 42
SOL 3 7 9 12 14 15 18 24 28 30 40
SOL 3 7 9 12 14 15 18 30 35 36 42 45
SOL 3 7 9 12 14 15 20 24 35 40 42 45
SOL 3 7 9 12 14 15 21 28 30 35 42 45
SOL 3 7 9 12 14 16 18 20 28 30 48
SOL 3 7 9 12 14 16 18 24 35 40 42 48
SOL 3 7 9 12 14 16 18 28 30 36 45 48
SOL 3 7 9 12 14 16 20 24 28 40 45 48
SOL 3 7 9 12 14 16 24 30 35 40 42 45 48
SOL 3 7 9 12 14 18 20 24 28 36 40 45
SOL 3 7 9 12 14 18 20 24 30 35 40 42
SOL 3 7 9 12 14 18 21 24 28 35 40 42
SOL 3 7 9 12 14 18 24 30 35 36 40 42 45
SOL 3 7 9 12 14 21 24 28 30 35 40 42 45
SOL 3 7 9 12 15 16 18 20 36 42 45 48
SOL 3 7 9 12 15 16 18 24 30 40 42 48
SOL 3 7 9 12 15 16 20 21 28 42 45 48
SOL 3 7 9 12 15 18 20 21 28 36 42 45
SOL 3 7 9 12 15 18 21 24 28 30 40 42
SOL 3 7 9 12 16 18 20 21 28 30 42 48
SOL 3 7 9 12 16 18 20 24 36 40 42 45 48
SOL 3 7 9 12 16 18 21 28 30 36 42 45 48
SOL 3 7 9 12 16 20 21 24 28 40 42 45 48
SOL 3 7 9 12 18 20 21 24 28 36 40 42 45
SOL 3 7 9 14 15 16 18 20 28 36 45 48
SOL 3 7 9 14 15 16 18 20 30 35 42 48
SOL 3 7 9 14 15 16 18 21 28 35 42 48
SOL 3 7 9 14 15 16 18 24 28 30 40 48
SOL 3 7 9 14 15 16 18 30 35 36 42 45 48
SOL 3 7 9 14 15 16 20 24 35 40 42 45 48
SOL 3 7 9 14 15 16 21 28 30 35 42 45 48
SOL 3 7 9 14 15 18 20 21 28 30 35 42
SOL 3 7 9 14 15 18 20 24 35 36 40 42 45
SOL 3 7 9 14 15 18 21 28 30 35 36 42 45
SOL 3 7 9 14 15 20 21 24 28 35 40 42 45
SOL 3 7 9 14 16 18 20 24 28 36 40 45 48
SOL 3 7 9 14 16 18 20 24 30 35 40 42 48
SOL 3 7 9 14 16 18 21 24 28 35 40 42 48
SOL 3 7 9 14 16 18 24 30 35 36 40 42 45 48
SOL 3 7 9 14 16 21 24 28 30 35 40 42 45 48
SOL 3 7 9 14 18 20 21 24 28 30 35 40 42
SOL 3 7 9 14 18 21 24 28 30 35 36 40 42 45
SOL 3 7 9 15 16 18 20 21 28 36 42 45 48
SOL 3 7 9 15 16 18 21 24 28 30 40 42 48
SOL 3 7 9 16 18 20 21 24 28 36 40 42 45 48
SOL 3 7 10 11 12 14 15 22 28 33
SOL 3 7 10 11 12 14 20 22 33 35 42
SOL 3 7 10 11 12 14 22 24 28 33 40
SOL 3 7 10 11 12 14 22 33 35 36 42 45
SOL 3 7 10 11 12 15 16 22 33 42 48
SOL 3 7 10 11 12 15 18 22 33 36 42
SOL 3 7 10 11 12 15 20 22 30 33 42
SOL 3 7 10 11 12 15 21 22 28 33 42
SOL 3 7 10 11 12 15 22 30 33 36 42 45
SOL 3 7 10 11 12 16 22 24 33 40 42 48
SOL 3 7 10 11 12 18 22 24 33 36 40 42
SOL 3 7 10 11 12 20 22 24 30 33 40 42
SOL 3 7 10 11 12 21 22 24 28 33 40 42
SOL 3 7 10 11 12 22 24 30 33 36 40 42 45
SOL 3 7 10 11 14 15 16 22 28 33 48
SOL 3 7 10 11 14 15 18 22 28 33 36
SOL 3 7 10 11 14 15 20 22 28 30 33
SOL 3 7 10 11 14 15 22 24 33 35 40 42
SOL 3 7 10 11 14 15 22 28 30 33 36 45
SOL 3 7 10 11 14 16 20 22 33 35 42 48
SOL 3 7 10 11 14 16 22 24 28 33 40 48
SOL 3 7 10 11 14 16 22 33 35 36 42 45 48
SOL 3 7 10 11 14 18 20 22 33 35 36 42
SOL 3 7 10 11 14 18 22 24 28 33 36 40
SOL 3 7 10 11 14 20 21 22 28 33 35 42
SOL 3 7 10 11 14 20 22 24 28 30 33 40
SOL 3 7 10 11 14 20 22 30 33 35 36 42 45
SOL 3 7 10 11 14 21 22 28 33 35 36 42 45
SOL 3 7 10 11 14 22 24 28 30 33 36 40 45
SOL 3 7 10 11 15 16 18 22 33 36 42 48
SOL 3 7 10 11 15 16 20 22 30 33 42 48
SOL 3 7 10 11 15 16 21 22 28 33 42 48
SOL 3 7 10 11 15 16 22 30 33 36 42 45 48
SOL 3 7 10 11 15 18 20 22 30 33 36 42
SOL 3 7 10 11 15 18 21 22 28 33 36 42
SOL 3 7 10 11 15 20 21 22 28 30 33 42
SOL 3 7 10 11 15 20 22 24 33 36 40 42 45
SOL 3 7 10 11 15 21 22 28 30 33 36 42 45
SOL 3 7 10 11 16 18 22 24 33 36 40 42 48
SOL 3 7 10 11 16 20 22 24 30 33 40 42 48
SOL 3 7 10 11 16 21 22 24 28 33 40 42 48
SOL 3 7 10 11 16 22 24 30 33 36 40 42 45 48
SOL 3 7 10 11 18 20 22 24 30 33 36 40 42
SOL 3 7 10 11 18 21 22 24 28 33 36 40 42
SOL 3 7 10 11 20 21 22 24 28 30 33 40 42
SOL 3 7 10 11 21 22 24 28 30 33 36 40 42 45
SOL 3 7 10 12 14 15 16 18 28 36 48
SOL 3 7 10 12 14 15 16 20 28 30 48
SOL 3 7 10 12 14 15 16 24 35 40 42 48
SOL 3 7 10 12 14 15 16 28 30 36 45 48
SOL 3 7 10 12 14 15 18 20 28 30 36
SOL 3 7 10 12 14 15 18 24 35 36 40 42
SOL 3 7 10 12 14 15 20 24 28 36 40 45
SOL 3 7 10 12 14 15 20 24 30 35 40 42
SOL 3 7 10 12 14 15 21 24 28 35 40 42
SOL 3 7 10 12 14 15 24 30 35 36 40 42 45
SOL 3 7 10 12 14 16 18 20 35 36 42 48
SOL 3 7 10 12 14 16 18 24 28 36 40 48
SOL 3 7 10 12 14 16 20 21 28 35 42 48
SOL 3 7 10 12 14 16 20 24 28 30 40 48
SOL 3 7 10 12 14 16 20 30 35 36 42 45 48
SOL 3 7 10 12 14 16 21 28 35 36 42 45 48
SOL 3 7 10 12 14 16 24 28 30 36 40 45 48
SOL 3 7 10 12 14 18 20 21 28 35 36 42
SOL 3 7 10 12 14 18 20 24 28 30 36 40
SOL 3 7 10 12 14 20 21 28 30 35 36 42 45
SOL 3 7 10 12 15 16 18 20 30 36 42 48
SOL 3 7 10 12 15 16 18 21 28 36 42 48
SOL 3 7 10 12 15 16 20 21 28 30 42 48
SOL 3 7 10 12 15 16 20 24 36 40 42 45 48
SOL 3 7 10 12 15 16 21 28 30 36 42 45 48
SOL 3 7 10 12 15 18 20 21 28 30 36 42
SOL 3 7 10 12 15 20 21 24 28 36 40 42 45
SOL 3 7 10 12 16 18 20 24 30 36 40 42 48
SOL 3 7 10 12 16 18 21 24 28 36 40 42 48
SOL 3 7 10 12 16 20 21 24 28 30 40 42 48
SOL 3 7 10 12 16 21 24 28 30 36 40 42 45 48
SOL 3 7 10 12 18 20 21 24 28 30 36 40 42
SOL 3 7 10 14 15 16 18 20 28 30 36 48
SOL 3 7 10 14 15 16 18 24 35 36 40 42 48
SOL 3 7 10 14 15 16 20 24 28 36 40 45 48
SOL 3 7 10 14 15 16 20 24 30 35 40 42 48
SOL 3 7 10 14 15 16 21 24 28 35 40 42 48
SOL 3 7 10 14 15 16 24 30 35 36 40 42 45 48
SOL 3 7 10 14 15 18 20 24 30 35 36 40 42
SOL 3 7 10 14 15 18 21 24 28 35 36 40 42
SOL 3 7 10 14 15 20 21 24 28 30 35 40 42
SOL 3 7 10 14 15 21 24 28 30 35 36 40 42 45
SOL 3 7 10 14 16 18 20 21 28 35 36 42 48
SOL 3 7 10 14 16 18 20 24 28 30 36 40 48
SOL 3 7 10 14 16 20 21 28 30 35 36 42 45 48
SOL 3 7 10 15 16 18 20 21 28 30 36 42 48
SOL 3 7 10 15 16 20 21 24 28 36 40 42 45 48
SOL 3 7 10 16 18 20 21 24 28 30 36 40 42 48
SOL 3 7 11 12 14 15 16 22 33 35 42 48
SOL 3 7 11 12 14 15 18 22 33 35 36 42
SOL 3 7 11 12 14 15 20 22 28 33 36 45
SOL 3 7 11 12 14 15 20 22 30 33 35 42
SOL 3 7 11 12 14 15 21 22 28 33 35 42
SOL 3 7 11 12 14 15 22 24 28 30 33 40
SOL 3 7 11 12 14 15 22 30 33 35 36 42 45
SOL 3 7 11 12 14 16 18 22 28 33 36 48
SOL 3 7 11 12 14 16 20 22 28 30 33 48
SOL 3 7 11 12 14 16 22 24 33 35 40 42 48
SOL 3 7 11 12 14 16 22 28 30 33 36 45 48
SOL 3 7 11 12 14 18 20 22 28 30 33 36
SOL 3 7 11 12 14 18 22 24 33 35 36 40 42
SOL 3 7 11 12 14 20 22 24 28 33 36 40 45
SOL 3 7 11 12 14 20 22 24 30 33 35 40 42
SOL 3 7 11 12 14 21 22 24 28 33 35 40 42
SOL 3 7 11 12 14 22 24 30 33 35 36 40 42 45
SOL 3 7 11 12 15 16 20 22 33 36 42 45 48
SOL 3 7 11 12 15 16 22 24 30 33 40 42 48
SOL 3 7 11 12 15 18 22 24 30 33 36 40 42
SOL 3 7 11 12 15 20 21 22 28 33 36 42 45
SOL 3 7 11 12 15 21 22 24 28 30 33 40 42
SOL 3 7 11 12 16 18 20 22 30 33 36 42 48
SOL 3 7 11 12 16 18 21 22 28 33 36 42 48
SOL 3 7 11 12 16 20 21 22 28 30 33 42 48
SOL 3 7 11 12 16 20 22 24 33 36 40 42 45 48
SOL 3 7 11 12 16 21 22 28 30 33 36 42 45 48
SOL 3 7 11 12 18 20 21 22 28 30 33 36 42
SOL 3 7 11 12 20 21 22 24 28 33 36 40 42 45
SOL 3 7 11 14 15 16 18 22 33 35 36 42 48
SOL 3 7 11 14 15 16 20 22 28 33 36 45 48
SOL 3 7 11 14 15 16 20 22 30 33 35 42 48
SOL 3 7 11 14 15 16 21 22 28 33 35 42 48
SOL 3 7 11 14 15 16 22 24 28 30 33 40 48
SOL 3 7 11 14 15 16 22 30 33 35 36 42 45 48
SOL 3 7 11 14 15 18 20 22 30 33 35 36 42
SOL 3 7 11 14 15 18 21 22 28 33 35 36 42
SOL 3 7 11 14 15 18 22 24 28 30 33 36 40
SOL 3 7 11 14 15 20 21 22 28 30 33 35 42
SOL 3 7 11 14 15 20 22 24 33 35 36 40 42 45
SOL 3 7 11 14 15 21 22 28 30 33 35 36 42 45
SOL 3 7 11 14 16 18 20 22 28 30 33 36 48
SOL 3 7 11 14 16 18 22 24 33 35 36 40 42 48
SOL 3 7 11 14 16 20 22 24 28 33 36 40 45 48
SOL 3 7 11 14 16 20 22 24 30 33 35 40 42 48
SOL 3 7 11 14 16 21 22 24 28 33 35 40 42 48
SOL 3 7 11 14 16 22 24 30 33 35 36 40 42 45 48
SOL 3 7 11 14 18 20 22 24 30 33 35 36 40 42
SOL 3 7 11 14 18 21 22 24 28 33 35 36 40 42
SOL 3 7 11 14 20 21 22 24 28 30 33 35 40 42
SOL 3 7 11 14 21 22 24 28 30 33 35 36 40 42 45
SOL 3 7 11 15 16 18 22 24 30 33 36 40 42 48
SOL 3 7 11 15 16 20 21 22 28 33 36 42 45 48
SOL 3 7 11 15 16 21 22 24 28 30 33 40 42 48
SOL 3 7 11 15 18 21 22 24 28 30 33 36 40 42
SOL 3 7 11 16 18 20 21 22 28 30 33 36 42 48
SOL 3 7 11 16 20 21 22 24 28 33 36 40 42 45 48
SOL 3 7 12 14 15 16 18 20 30 35 36 42 48
SOL 3 7 12 14 15 16 18 21 28 35 36 42 48
SOL 3 7 12 14 15 16 18 24 28 30 36 40 48
SOL 3 7 12 14 15 16 20 21 28 30 35 42 48
SOL 3 7 12 14 15 16 20 24 35 36 40 42 45 48
SOL 3 7 12 14 15 16 21 28 30 35 36 42 45 48
SOL 3 7 12 14 15 18 20 21 28 30 35 36 42
SOL 3 7 12 14 15 20 21 24 28 35 36 40 42 45
SOL 3 7 12 14 16 18 20 24 30 35 36 40 42 48
SOL 3 7 12 14 16 18 21 24 28 35 36 40 42 48
SOL 3 7 12 14 16 20 21 24 28 30 35 40 42 48
SOL 3 7 12 14 16 21 24 28 30 35 36 40 42 45 48
SOL 3 7 12 14 18 20 21 24 28 30 35 36 40 42
SOL 3 7 12 15 16 18 21 24 28 30 36 40 42 48
SOL 3 7 14 15 16 18 20 21 28 30 35 36 42 48
SOL 3 7 14 15 16 20 21 24 28 35 36 40 42 45 48
SOL 3 7 14 16 18 20 21 24 28 30 35 36 40 42 48
SOL 3 8 9 10 11 12 18 22 33 40
SOL 3 8 9 10 11 12 22 30 33 40 45
SOL 3 8 9 10 11 14 22 24 33 35 45
SOL 3 8 9 10 11 15 18 22 24 33
SOL 3 8 9 10 11 15 20 22 33 40 45
SOL 3 8 9 10 11 15 22 24 30 33 45
SOL 3 8 9 10 11 16 18 22 33 40 48
SOL 3 8 9 10 11 16 22 30 33 40 45 48
SOL 3 8 9 10 11 18 20 22 30 33 40
SOL 3 8 9 10 11 18 21 22 28 33 40
SOL 3 8 9 10 11 18 22 30 33 36 40 45
SOL 3 8 9 10 11 21 22 24 33 35 42 45
SOL 3 8 9 10 11 21 22 28 30 33 40 45
SOL 3 8 9 10 12 14 15 18 35 40
SOL 3 8 9 10 12 14 15 30 35 40 45
SOL 3 8 9 10 12 14 16 24 35 45 48
SOL 3 8 9 10 12 14 18 20 24 35
SOL 3 8 9 10 12 14 18 24 35 36 45
SOL 3 8 9 10 12 14 20 24 30 35 45
SOL 3 8 9 10 12 14 21 24 28 35 45
SOL 3 8 9 10 12 15 16 18 24 48
SOL 3 8 9 10 12 15 16 20 40 45 48
SOL 3 8 9 10 12 15 16 24 30 45 48
SOL 3 8 9 10 12 15 18 20 24 30
SOL 3 8 9 10 12 15 18 20 36 40 45
SOL 3 8 9 10 12 15 18 21 24 28
SOL 3 8 9 10 12 15 18 21 35 40 42
SOL 3 8 9 10 12 15 18 24 30 36 45
SOL 3 8 9 10 12 15 20 21 28 40 45
SOL 3 8 9 10 12 15 21 24 28 30 45
SOL 3 8 9 10 12 15 21 30 35 40 42 45
SOL 3 8 9 10 12 16 18 20 30 40 48
SOL 3 8 9 10 12 16 18 21 28 40 48
SOL 3 8 9 10 12 16 18 30 36 40 45 48
SOL 3 8 9 10 12 16 21 24 35 42 45 48
SOL 3 8 9 10 12 16 21 28 30 40 45 48
SOL 3 8 9 10 12 18 20 21 24 35 42
SOL 3 8 9 10 12 18 20 21 28 30 40
SOL 3 8 9 10 12 18 21 24 35 36 42 45
SOL 3 8 9 10 12 18 21 28 30 36 40 45
SOL 3 8 9 10 12 20 21 24 30 35 42 45
SOL 3 8 9 10 14 15 16 18 35 40 48
SOL 3 8 9 10 14 15 16 30 35 40 45 48
SOL 3 8 9 10 14 15 18 20 30 35 40
SOL 3 8 9 10 14 15 18 21 28 35 40
SOL 3 8 9 10 14 15 18 30 35 36 40 45
SOL 3 8 9 10 14 15 21 28 30 35 40 45
SOL 3 8 9 10 14 16 18 20 24 35 48
SOL 3 8 9 10 14 16 18 24 35 36 45 48
SOL 3 8 9 10 14 16 20 24 30 35 45 48
SOL 3 8 9 10 14 16 21 24 28 35 45 48
SOL 3 8 9 10 14 18 20 21 24 28 35
SOL 3 8 9 10 14 18 20 24 30 35 36 45
SOL 3 8 9 10 14 18 21 24 28 35 36 45
SOL 3 8 9 10 14 20 21 24 28 30 35 45
SOL 3 8 9 10 15 16 18 20 24 30 48
SOL 3 8 9 10 15 16 18 20 36 40 45 48
SOL 3 8 9 10 15 16 18 21 24 28 48
SOL 3 8 9 10 15 16 18 21 35 40 42 48
SOL 3 8 9 10 15 16 18 24 30 36 45 48
SOL 3 8 9 10 15 16 20 21 28 40 45 48
SOL 3 8 9 10 15 16 21 24 28 30 45 48
SOL 3 8 9 10 15 16 21 30 35 40 42 45 48
SOL 3 8 9 10 15 18 20 21 24 28 30
SOL 3 8 9 10 15 18 20 21 28 36 40 45
SOL 3 8 9 10 15 18 20 21 30 35 40 42
SOL 3 8 9 10 15 18 21 24 28 30 36 45
SOL 3 8 9 10 15 18 21 30 35 36 40 42 45
SOL 3 8 9 10 16 18 20 21 24 35 42 48
SOL 3 8 9 10 16 18 20 21 28 30 40 48
SOL 3 8 9 10 16 18 21 24 35 36 42 45 48
SOL 3 8 9 10 16 18 21 28 30 36 40 45 48
SOL 3 8 9 10 16 20 21 24 30 35 42 45 48
SOL 3 8 9 10 18 20 21 24 30 35 36 42 45
SOL 3 8 9 11 12 14 18 22 33 35 40
SOL 3 8 9 11 12 14 22 30 33 35 40 45
SOL 3 8 9 11 12 15 18 22 30 33 40
SOL 3 8 9 11 12 15 20 22 24 33 45
SOL 3 8 9 11 12 16 18 22 24 33 48
SOL 3 8 9 11 12 16 20 22 33 40 45 48
SOL 3 8 9 11 12 16 22 24 30 33 45 48
SOL 3 8 9 11 12 18 20 22 24 30 33
SOL 3 8 9 11 12 18 20 22 33 36 40 45
SOL 3 8 9 11 12 18 21 22 24 28 33
SOL 3 8 9 11 12 18 21 22 33 35 40 42
SOL 3 8 9 11 12 18 22 24 30 33 36 45
SOL 3 8 9 11 12 20 21 22 28 33 40 45
SOL 3 8 9 11 12 21 22 24 28 30 33 45
SOL 3 8 9 11 12 21 22 30 33 35 40 42 45
SOL 3 8 9 11 14 15 18 22 24 33 35
SOL 3 8 9 11 14 15 20 22 33 35 40 45
SOL 3 8 9 11 14 15 22 24 30 33 35 45
SOL 3 8 9 11 14 16 18 22 33 35 40 48
SOL 3 8 9 11 14 16 22 30 33 35 40 45 48
SOL 3 8 9 11 14 18 20 22 30 33 35 40
SOL 3 8 9 11 14 18 21 22 28 33 35 40
SOL 3 8 9 11 14 18 22 30 33 35 36 40 45
SOL 3 8 9 11 14 21 22 28 30 33 35 40 45
SOL 3 8 9 11 15 16 18 22 30 33 40 48
SOL 3 8 9 11 15 16 20 22 24 33 45 48
SOL 3 8 9 11 15 18 20 22 24 33 36 45
SOL 3 8 9 11 15 18 21 22 24 33 35 42
SOL 3 8 9 11 15 18 21 22 28 30 33 40
SOL 3 8 9 11 15 20 21 22 24 28 33 45
SOL 3 8 9 11 15 20 21 22 33 35 40 42 45
SOL 3 8 9 11 15 21 22 24 30 33 35 42 45
SOL 3 8 9 11 16 18 20 22 24 30 33 48
SOL 3 8 9 11 16 18 20 22 33 36 40 45 48
SOL 3 8 9 11 16 18 21 22 24 28 33 48
SOL 3 8 9 11 16 18 21 22 33 35 40 42 48
SOL 3 8 9 11 16 18 22 24 30 33 36 45 48
SOL 3 8 9 11 16 20 21 22 28 33 40 45 48
SOL 3 8 9 11 16 21 22 24 28 30 33 45 48
SOL 3 8 9 11 16 21 22 30 33 35 40 42 45 48
SOL 3 8 9 11 18 20 21 22 24 28 30 33
SOL 3 8 9 11 18 20 21 22 28 33 36 40 45
SOL 3 8 9 11 18 20 21 22 30 33 35 40 42
SOL 3 8 9 11 18 21 22 24 28 30 33 36 45
SOL 3 8 9 11 18 21 22 30 33 35 36 40 42 45
SOL 3 8 9 12 14 15 16 18 24 35 48
SOL 3 8 9 12 14 15 16 20 35 40 45 48
SOL 3 8 9 12 14 15 16 24 30 35 45 48
SOL 3 8 9 12 14 15 18 20 24 30 35
SOL 3 8 9 12 14 15 18 20 35 36 40 45
SOL 3 8 9 12 14 15 18 21 24 28 35
SOL 3 8 9 12 14 15 18 24 30 35 36 45
SOL 3 8 9 12 14 15 20 21 28 35 40 45
SOL 3 8 9 12 14 15 21 24 28 30 35 45
SOL 3 8 9 12 14 16 18 20 30 35 40 48
SOL 3 8 9 12 14 16 18 21 28 35 40 48
SOL 3 8 9 12 14 16 18 30 35 36 40 45 48
SOL 3 8 9 12 14 16 21 28 30 35 40 45 48
SOL 3 8 9 12 14 18 20 21 28 30 35 40
SOL 3 8 9 12 14 18 21 28 30 35 36 40 45
SOL 3 8 9 12 15 16 18 20 24 36 45 48
SOL 3 8 9 12 15 16 18 21 24 35 42 48
SOL 3 8 9 12 15 16 18 21 28 30 40 48
SOL 3 8 9 12 15 16 20 21 24 28 45 48
SOL 3 8 9 12 15 16 20 21 35 40 42 45 48
SOL 3 8 9 12 15 16 21 24 30 35 42 45 48
SOL 3 8 9 12 15 18 20 21 24 28 36 45
SOL 3 8 9 12 15 18 20 21 24 30 35 42
SOL 3 8 9 12 15 18 20 21 35 36 40 42 45
SOL 3 8 9 12 15 18 21 24 30 35 36 42 45
SOL 3 8 9 12 16 18 20 21 24 28 30 48
SOL 3 8 9 12 16 18 20 21 28 36 40 45 48
SOL 3 8 9 12 16 18 20 21 30 35 40 42 48
SOL 3 8 9 12 16 18 21 24 28 30 36 45 48
SOL 3 8 9 12 16 18 21 30 35 36 40 42 45 48
SOL 3 8 9 14 15 16 18 20 24 30 35 48
SOL 3 8 9 14 15 16 18 20 35 36 40 45 48
SOL 3 8 9 14 15 16 18 21 24 28 35 48
SOL 3 8 9 14 15 16 18 24 30 35 36 45 48
SOL 3 8 9 14 15 16 20 21 28 35 40 45 48
SOL 3 8 9 14 15 16 21 24 28 30 35 45 48
SOL 3 8 9 14 15 18 20 21 24 28 30 35
SOL 3 8 9 14 15 18 20 21 28 35 36 40 45
SOL 3 8 9 14 15 18 21 24 28 30 35 36 45
SOL 3 8 9 14 16 18 20 21 28 30 35 40 48
SOL 3 8 9 14 16 18 21 28 30 35 36 40 45 48
SOL 3 8 9 15 16 18 20 21 24 28 36 45 48
SOL 3 8 9 15 16 18 20 21 24 30 35 42 48
SOL 3 8 9 15 16 18 20 21 35 36 40 42 45 48
SOL 3 8 9 15 16 18 21 24 30 35 36 42 45 48
SOL 3 8 10 11 12 14 15 22 33 35 40
SOL 3 8 10 11 12 14 20 22 24 33 35
SOL 3 8 10 11 12 14 22 24 33 35 36 45
SOL 3 8 10 11 12 15 16 22 24 33 48
SOL 3 8 10 11 12 15 18 22 24 33 36
SOL 3 8 10 11 12 15 20 22 24 30 33
SOL 3 8 10 11 12 15 20 22 33 36 40 45
SOL 3 8 10 11 12 15 21 22 24 28 33
SOL 3 8 10 11 12 15 21 22 33 35 40 42
SOL 3 8 10 11 12 15 22 24 30 33 36 45
SOL 3 8 10 11 12 16 18 22 33 36 40 48
SOL 3 8 10 11 12 16 20 22 30 33 40 48
SOL 3 8 10 11 12 16 21 22 28 33 40 48
SOL 3 8 10 11 12 16 22 30 33 36 40 45 48
SOL 3 8 10 11 12 18 20 22 30 33 36 40
SOL 3 8 10 11 12 18 21 22 28 33 36 40
SOL 3 8 10 11 12 20 21 22 24 33 35 42
SOL 3 8 10 11 12 20 21 22 28 30 33 40
SOL 3 8 10 11 12 21 22 24 33 35 36 42 45
SOL 3 8 10 11 12 21 22 28 30 33 36 40 45
SOL 3 8 10 11 14 15 16 22 33 35 40 48
SOL 3 8 10 11 14 15 18 22 33 35 36 40
SOL 3 8 10 11 14 15 20 22 30 33 35 40
SOL 3 8 10 11 14 15 21 22 28 33 35 40
SOL 3 8 10 11 14 15 22 30 33 35 36 40 45
SOL 3 8 10 11 14 16 20 22 24 33 35 48
SOL 3 8 10 11 14 16 22 24 33 35 36 45 48
SOL 3 8 10 11 14 18 20 22 24 33 35 36
SOL 3 8 10 11 14 20 21 22 24 28 33 35
SOL 3 8 10 11 14 20 22 24 30 33 35 36 45
SOL 3 8 10 11 14 21 22 24 28 33 35 36 45
SOL 3 8 10 11 15 16 18 22 24 33 36 48
SOL 3 8 10 11 15 16 20 22 24 30 33 48
SOL 3 8 10 11 15 16 20 22 33 36 40 45 48
SOL 3 8 10 11 15 16 21 22 24 28 33 48
SOL 3 8 10 11 15 16 21 22 33 35 40 42 48
SOL 3 8 10 11 15 16 22 24 30 33 36 45 48
SOL 3 8 10 11 15 18 20 22 24 30 33 36
SOL 3 8 10 11 15 18 21 22 24 28 33 36
SOL 3 8 10 11 15 18 21 22 33 35 36 40 42
SOL 3 8 10 11 15 20 21 22 24 28 30 33
SOL 3 8 10 11 15 20 21 22 28 33 36 40 45
SOL 3 8 10 11 15 20 21 22 30 33 35 40 42
SOL 3 8 10 11 15 21 22 24 28 30 33 36 45
SOL 3 8 10 11 15 21 22 30 33 35 36 40 42 45
SOL 3 8 10 11 16 18 20 22 30 33 36 40 48
SOL 3 8 10 11 16 18 21 22 28 33 36 40 48
SOL 3 8 10 11 16 20 21 22 24 33 35 42 48
SOL 3 8 10 11 16 20 21 22 28 30 33 40 48
SOL 3 8 10 11 16 21 22 24 33 35 36 42 45 48
SOL 3 8 10 11 16 21 22 28 30 33 36 40 45 48
SOL 3 8 10 11 18 20 21 22 24 33 35 36 42
SOL 3 8 10 11 18 20 21 22 28 30 33 36 40
SOL 3 8 10 11 20 21 22 24 30 33 35 36 42 45
SOL 3 8 10 12 14 15 16 18 35 36 40 48
SOL 3 8 10 12 14 15 16 20 30 35 40 48
SOL 3 8 10 12 14 15 16 21 28 35 40 48
SOL 3 8 10 12 14 15 16 30 35 36 40 45 48
SOL 3 8 10 12 14 15 18 20 30 35 36 40
SOL 3 8 10 12 14 15 18 21 28 35 36 40
SOL 3 8 10 12 14 15 20 21 28 30 35 40
SOL 3 8 10 12 14 15 21 28 30 35 36 40 45
SOL 3 8 10 12 14 16 18 20 24 35 36 48
SOL 3 8 10 12 14 16 20 21 24 28 35 48
SOL 3 8 10 12 14 16 20 24 30 35 36 45 48
SOL 3 8 10 12 14 16 21 24 28 35 36 45 48
SOL 3 8 10 12 14 18 20 21 24 28 35 36
SOL 3 8 10 12 14 20 21 24 28 30 35 36 45
SOL 3 8 10 12 15 16 18 20 24 30 36 48
SOL 3 8 10 12 15 16 18 21 24 28 36 48
SOL 3 8 10 12 15 16 18 21 35 36 40 42 48
SOL 3 8 10 12 15 16 20 21 24 28 30 48
SOL 3 8 10 12 15 16 20 21 28 36 40 45 48
SOL 3 8 10 12 15 16 20 21 30 35 40 42 48
SOL 3 8 10 12 15 16 21 24 28 30 36 45 48
SOL 3 8 10 12 15 16 21 30 35 36 40 42 45 48
SOL 3 8 10 12 15 18 20 21 24 28 30 36
SOL 3 8 10 12 15 18 20 21 30 35 36 40 42
SOL 3 8 10 12 16 18 20 21 24 35 36 42 48
SOL 3 8 10 12 16 18 20 21 28 30 36 40 48
SOL 3 8 10 12 16 20 21 24 30 35 36 42 45 48
SOL 3 8 10 14 15 16 18 20 30 35 36 40 48
SOL 3 8 10 14 15 16 18 21 28 35 36 40 48
SOL 3 8 10 14 15 16 20 21 28 30 35 40 48
SOL 3 8 10 14 15 16 21 28 30 35 36 40 45 48
SOL 3 8 10 14 15 18 20 21 28 30 35 36 40
SOL 3 8 10 14 16 18 20 21 24 28 35 36 48
SOL 3 8 10 14 16 20 21 24 28 30 35 36 45 48
SOL 3 8 10 15 16 18 20 21 24 28 30 36 48
SOL 3 8 10 15 16 18 20 21 30 35 36 40 42 48
SOL 3 8 11 12 14 15 16 22 24 33 35 48
SOL 3 8 11 12 14 15 18 22 24 33 35 36
SOL 3 8 11 12 14 15 20 22 24 30 33 35
SOL 3 8 11 12 14 15 20 22 33 35 36 40 45
SOL 3 8 11 12 14 15 21 22 24 28 33 35
SOL 3 8 11 12 14 15 22 24 30 33 35 36 45
SOL 3 8 11 12 14 16 18 22 33 35 36 40 48
SOL 3 8 11 12 14 16 20 22 30 33 35 40 48
SOL 3 8 11 12 14 16 21 22 28 33 35 40 48
SOL 3 8 11 12 14 16 22 30 33 35 36 40 45 48
SOL 3 8 11 12 14 18 20 22 30 33 35 36 40
SOL 3 8 11 12 14 18 21 22 28 33 35 36 40
SOL 3 8 11 12 14 20 21 22 28 30 33 35 40
SOL 3 8 11 12 14 21 22 28 30 33 35 36 40 45
SOL 3 8 11 12 15 16 18 22 30 33 36 40 48
SOL 3 8 11 12 15 16 20 22 24 33 36 45 48
SOL 3 8 11 12 15 16 21 22 24 33 35 42 48
SOL 3 8 11 12 15 16 21 22 28 30 33 40 48
SOL 3 8 11 12 15 18 21 22 24 33 35 36 42
SOL 3 8 11 12 15 18 21 22 28 30 33 36 40
SOL 3 8 11 12 15 20 21 22 24 28 33 36 45
SOL 3 8 11 12 15 20 21 22 24 30 33 35 42
SOL 3 8 11 12 15 20 21 22 33 35 36 40 42 45
SOL 3 8 11 12 15 21 22 24 30 33 35 36 42 45
SOL 3 8 11 12 16 18 20 22 24 30 33 36 48
SOL 3 8 11 12 16 18 21 22 24 28 33 36 48
SOL 3 8 11 12 16 18 21 22 33 35 36 40 42 48
SOL 3 8 11 12 16 20 21 22 24 28 30 33 48
SOL 3 8 11 12 16 20 21 22 28 33 36 40 45 48
SOL 3 8 11 12 16 20 21 22 30 33 35 40 42 48
SOL 3 8 11 12 16 21 22 24 28 30 33 36 45 48
SOL 3 8 11 12 16 21 22 30 33 35 36 40 42 45 48
SOL 3 8 11 12 18 20 21 22 24 28 30 33 36
SOL 3 8 11 12 18 20 21 22 30 33 35 36 40 42
SOL 3 8 11 14 15 16 18 22 24 33 35 36 48
SOL 3 8 11 14 15 16 20 22 24 30 33 35 48
SOL 3 8 11 14 15 16 20 22 33 35 36 40 45 48
SOL 3 8 11 14 15 16 21 22 24 28 33 35 48
SOL 3 8 11 14 15 16 22 24 30 33 35 36 45 48
SOL 3 8 11 14 15 18 20 22 24 30 33 35 36
SOL 3 8 11 14 15 18 21 22 24 28 33 35 36
SOL 3 8 11 14 15 20 21 22 24 28 30 33 35
SOL 3 8 11 14 15 20 21 22 28 33 35 36 40 45
SOL 3 8 11 14 15 21 22 24 28 30 33 35 36 45
SOL 3 8 11 14 16 18 20 22 30 33 35 36 40 48
SOL 3 8 11 14 16 18 21 22 28 33 35 36 40 48
SOL 3 8 11 14 16 20 21 22 28 30 33 35 40 48
SOL 3 8 11 14 16 21 22 28 30 33 35 36 40 45 48
SOL 3 8 11 14 18 20 21 22 28 30 33 35 36 40
SOL 3 8 11 15 16 18 21 22 24 33 35 36 42 48
SOL 3 8 11 15 16 18 21 22 28 30 33 36 40 48
SOL 3 8 11 15 16 20 21 22 24 28 33 36 45 48
SOL 3 8 11 15 16 20 21 22 24 30 33 35 42 48
SOL 3 8 11 15 16 20 21 22 33 35 36 40 42 45 48
SOL 3 8 11 15 16 21 22 24 30 33 35 36 42 45 48
SOL 3 8 11 15 18 20 21 22 24 30 33 35 36 42
SOL 3 8 11 16 18 20 21 22 24 28 30 33 36 48
SOL 3 8 11 16 18 20 21 22 30 33 35 36 40 42 48
SOL 3 8 12 14 15 16 18 20 24 30 35 36 48
SOL 3 8 12 14 15 16 18 21 24 28 35 36 48
SOL 3 8 12 14 15 16 20 21 24 28 30 35 48
SOL 3 8 12 14 15 16 20 21 28 35 36 40 45 48
SOL 3 8 12 14 15 16 21 24 28 30 35 36 45 48
SOL 3 8 12 14 15 18 20 21 24 28 30 35 36
SOL 3 8 12 14 16 18 20 21 28 30 35 36 40 48
SOL 3 8 12 15 16 18 20 21 24 30 35 36 42 48
SOL 3 8 14 15 16 18 20 21 24 28 30 35 36 48
SOL 3 9 10 11 12 14 16 22 33 35 45 48
SOL 3 9 10 11 12 14 18 20 22 33 35
SOL 3 9 10 11 12 14 18 22 33 35 36 45
SOL 3 9 10 11 12 14 20 22 30 33 35 45
SOL 3 9 10 11 12 14 21 22 28 33 35 45
SOL 3 9 10 11 12 15 16 18 22 33 48
SOL 3 9 10 11 12 15 16 22 30 33 45 48
SOL 3 9 10 11 12 15 18 20 22 30 33
SOL 3 9 10 11 12 15 18 21 22 28 33
SOL 3 9 10 11 12 15 18 22 30 33 36 45
SOL 3 9 10 11 12 15 20 22 24 33 40 45
SOL 3 9 10 11 12 15 21 22 28 30 33 45
SOL 3 9 10 11 12 16 18 22 24 33 40 48
SOL 3 9 10 11 12 16 21 22 33 35 42 45 48
SOL 3 9 10 11 12 16 22 24 30 33 40 45 48
SOL 3 9 10 11 12 18 20 21 22 33 35 42
SOL 3 9 10 11 12 18 20 22 24 30 33 40
SOL 3 9 10 11 12 18 21 22 24 28 33 40
SOL 3 9 10 11 12 18 21 22 33 35 36 42 45
SOL 3 9 10 11 12 18 22 24 30 33 36 40 45
SOL 3 9 10 11 12 20 21 22 30 33 35 42 45
SOL 3 9 10 11 12 21 22 24 28 30 33 40 45
SOL 3 9 10 11 14 15 18 22 24 33 35 40
SOL 3 9 10 11 14 15 22 24 30 33 35 40 45
SOL 3 9 10 11 14 16 18 20 22 33 35 48
SOL 3 9 10 11 14 16 18 22 33 35 36 45 48
SOL 3 9 10 11 14 16 20 22 30 33 35 45 48
SOL 3 9 10 11 14 16 21 22 28 33 35 45 48
SOL 3 9 10 11 14 18 20 21 22 28 33 35
SOL 3 9 10 11 14 18 20 22 30 33 35 36 45
SOL 3 9 10 11 14 18 21 22 28 33 35 36 45
SOL 3 9 10 11 14 20 21 22 28 30 33 35 45
SOL 3 9 10 11 15 16 18 20 22 30 33 48
SOL 3 9 10 11 15 16 18 21 22 28 33 48
SOL 3 9 10 11 15 16 18 22 30 33 36 45 48
SOL 3 9 10 11 15 16 20 22 24 33 40 45 48
SOL 3 9 10 11 15 16 21 22 28 30 33 45 48
SOL 3 9 10 11 15 18 20 21 22 28 30 33
SOL 3 9 10 11 15 18 20 22 24 33 36 40 45
SOL 3 9 10 11 15 18 21 22 24 33 35 40 42
SOL 3 9 10 11 15 18 21 22 28 30 33 36 45
SOL 3 9 10 11 15 20 21 22 24 28 33 40 45
SOL 3 9 10 11 15 21 22 24 30 33 35 40 42 45
SOL 3 9 10 11 16 18 20 21 22 33 35 42 48
SOL 3 9 10 11 16 18 20 22 24 30 33 40 48
SOL 3 9 10 11 16 18 21 22 24 28 33 40 48
SOL 3 9 10 11 16 18 21 22 33 35 36 42 45 48
SOL 3 9 10 11 16 18 22 24 30 33 36 40 45 48
SOL 3 9 10 11 16 20 21 22 30 33 35 42 45 48
SOL 3 9 10 11 16 21 22 24 28 30 33 40 45 48
SOL 3 9 10 11 18 20 21 22 24 28 30 33 40
SOL 3 9 10 11 18 20 21 22 30 33 35 36 42 45
SOL 3 9 10 11 18 21 22 24 28 30 33 36 40 45
SOL 3 9 10 12 14 15 16 18 24 35 40 48
SOL 3 9 10 12 14 15 16 24 30 35 40 45 48
SOL 3 9 10 12 14 15 18 20 24 30 35 40
SOL 3 9 10 12 14 15 18 21 24 28 35 40
SOL 3 9 10 12 14 15 18 24 30 35 36 40 45
SOL 3 9 10 12 14 15 21 24 28 30 35 40 45
SOL 3 9 10 12 14 16 18 20 21 28 35 48
SOL 3 9 10 12 14 16 18 20 30 35 36 45 48
SOL 3 9 10 12 14 16 18 21 28 35 36 45 48
SOL 3 9 10 12 14 16 20 21 28 30 35 45 48
SOL 3 9 10 12 14 18 20 21 28 30 35 36 45
SOL 3 9 10 12 15 16 18 20 21 28 30 48
SOL 3 9 10 12 15 16 18 20 24 36 40 45 48
SOL 3 9 10 12 15 16 18 21 24 35 40 42 48
SOL 3 9 10 12 15 16 18 21 28 30 36 45 48
SOL 3 9 10 12 15 16 20 21 24 28 40 45 48
SOL 3 9 10 12 15 16 21 24 30 35 40 42 45 48
SOL 3 9 10 12 15 18 20 21 24 28 36 40 45
SOL 3 9 10 12 15 18 20 21 24 30 35 40 42
SOL 3 9 10 12 15 18 21 24 30 35 36 40 42 45
SOL 3 9 10 12 16 18 20 21 24 28 30 40 48
SOL 3 9 10 12 16 18 20 21 30 35 36 42 45 48
SOL 3 9 10 12 16 18 21 24 28 30 36 40 45 48
SOL 3 9 10 14 15 16 18 20 24 30 35 40 48
SOL 3 9 10 14 15 16 18 21 24 28 35 40 48
SOL 3 9 10 14 15 16 18 24 30 35 36 40 45 48
SOL 3 9 10 14 15 16 21 24 28 30 35 40 45 48
SOL 3 9 10 14 15 18 20 21 24 28 30 35 40
SOL 3 9 10 14 15 18 21 24 28 30 35 36 40 45
SOL 3 9 10 14 16 18 20 21 28 30 35 36 45 48
SOL 3 9 10 15 16 18 20 21 24 28 36 40 45 48
SOL 3 9 10 15 16 18 20 21 24 30 35 40 42 48
SOL 3 9 10 15 16 18 21 24 30 35 36 40 42 45 48
SOL 3 9 11 12 14 15 16 18 22 33 35 48
SOL 3 9 11 12 14 15 16 22 30 33 35 45 48
SOL 3 9 11 12 14 15 18 20 22 30 33 35
SOL 3 9 11 12 14 15 18 21 22 28 33 35
SOL 3 9 11 12 14 15 18 22 30 33 35 36 45
SOL 3 9 11 12 14 15 20 22 24 33 35 40 45
SOL 3 9 11 12 14 15 21 22 28 30 33 35 45
SOL 3 9 11 12 14 16 18 22 24 33 35 40 48
SOL 3 9 11 12 14 16 22 24 30 33 35 40 45 48
SOL 3 9 11 12 14 18 20 22 24 30 33 35 40
SOL 3 9 11 12 14 18 21 22 24 28 33 35 40
SOL 3 9 11 12 14 18 22 24 30 33 35 36 40 45
SOL 3 9 11 12 14 21 22 24 28 30 33 35 40 45
SOL 3 9 11 12 15 16 18 20 22 33 36 45 48
SOL 3 9 11 12 15 16 18 21 22 33 35 42 48
SOL 3 9 11 12 15 16 18 22 24 30 33 40 48
SOL 3 9 11 12 15 16 20 21 22 28 33 45 48
SOL 3 9 11 12 15 16 21 22 30 33 35 42 45 48
SOL 3 9 11 12 15 18 20 21 22 28 33 36 45
SOL 3 9 11 12 15 18 20 21 22 30 33 35 42
SOL 3 9 11 12 15 18 21 22 24 28 30 33 40
SOL 3 9 11 12 15 18 21 22 30 33 35 36 42 45
SOL 3 9 11 12 15 20 21 22 24 33 35 40 42 45
SOL 3 9 11 12 16 18 20 21 22 28 30 33 48
SOL 3 9 11 12 16 18 20 22 24 33 36 40 45 48
SOL 3 9 11 12 16 18 21 22 24 33 35 40 42 48
SOL 3 9 11 12 16 18 21 22 28 30 33 36 45 48
SOL 3 9 11 12 16 20 21 22 24 28 33 40 45 48
SOL 3 9 11 12 16 21 22 24 30 33 35 40 42 45 48
SOL 3 9 11 12 18 20 21 22 24 28 33 36 40 45
SOL 3 9 11 12 18 20 21 22 24 30 33 35 40 42
SOL 3 9 11 12 18 21 22 24 30 33 35 36 40 42 45
SOL 3 9 11 14 15 16 18 20 22 30 33 35 48
SOL 3 9 11 14 15 16 18 21 22 28 33 35 48
SOL 3 9 11 14 15 16 18 22 30 33 35 36 45 48
SOL 3 9 11 14 15 16 20 22 24 33 35 40 45 48
SOL 3 9 11 14 15 16 21 22 28 30 33 35 45 48
SOL 3 9 11 14 15 18 20 21 22 28 30 33 35
SOL 3 9 11 14 15 18 20 22 24 33 35 36 40 45
SOL 3 9 11 14 15 18 21 22 28 30 33 35 36 45
SOL 3 9 11 14 15 20 21 22 24 28 33 35 40 45
SOL 3 9 11 14 16 18 20 22 24 30 33 35 40 48
SOL 3 9 11 14 16 18 21 22 24 28 33 35 40 48
SOL 3 9 11 14 16 18 22 24 30 33 35 36 40 45 48
SOL 3 9 11 14 16 21 22 24 28 30 33 35 40 45 48
SOL 3 9 11 14 18 20 21 22 24 28 30 33 35 40
SOL 3 9 11 14 18 21 22 24 28 30 33 35 36 40 45
SOL 3 9 11 15 16 18 20 21 22 28 33 36 45 48
SOL 3 9 11 15 16 18 20 21 22 30 33 35 42 48
SOL 3 9 11 15 16 18 21 22 24 28 30 33 40 48
SOL 3 9 11 15 16 18 21 22 30 33 35 36 42 45 48
SOL 3 9 11 15 16 20 21 22 24 33 35 40 42 45 48
SOL 3 9 11 15 18 20 21 22 24 33 35 36 40 42 45
SOL 3 9 11 16 18 20 21 22 24 28 33 36 40 45 48
SOL 3 9 11 16 18 20 21 22 24 30 33 35 40 42 48
SOL 3 9 11 16 18 21 22 24 30 33 35 36 40 42 45 48
SOL 3 9 12 14 15 16 18 20 21 28 30 35 48
SOL 3 9 12 14 15 16 18 20 24 35 36 40 45 48
SOL 3 9 12 14 15 16 18 21 28 30 35 36 45 48
SOL 3 9 12 14 15 16 20 21 24 28 35 40 45 48
SOL 3 9 12 14 15 18 20 21 24 28 35 36 40 45
SOL 3 9 12 14 16 18 20 21 24 28 30 35 40 48
SOL 3 9 12 14 16 18 21 24 28 30 35 36 40 45 48
SOL 3 9 12 15 16 18 20 21 24 35 36 40 42 45 48
SOL 3 9 14 15 16 18 20 21 24 28 35 36 40 45 48
SOL 3 10 11 12 14 15 16 22 24 33 35 40 48
SOL 3 10 11 12 14 15 18 22 24 33 35 36 40
SOL 3 10 11 12 14 15 20 22 24 30 33 35 40
SOL 3 10 11 12 14 15 21 22 24 28 33 35 40
SOL 3 10 11 12 14 15 22 24 30 33 35 36 40 45
SOL 3 10 11 12 14 16 18 20 22 33 35 36 48
SOL 3 10 11 12 14 16 20 21 22 28 33 35 48
SOL 3 10 11 12 14 16 20 22 30 33 35 36 45 48
SOL 3 10 11 12 14 16 21 22 28 33 35 36 45 48
SOL 3 10 11 12 14 18 20 21 22 28 33 35 36
SOL 3 10 11 12 14 20 21 22 28 30 33 35 36 45
SOL 3 10 11 12 15 16 18 20 22 30 33 36 48
SOL 3 10 11 12 15 16 18 21 22 28 33 36 48
SOL 3 10 11 12 15 16 20 21 22 28 30 33 48
SOL 3 10 11 12 15 16 20 22 24 33 36 40 45 48
SOL 3 10 11 12 15 16 21 22 24 33 35 40 42 48
SOL 3 10 11 12 15 16 21 22 28 30 33 36 45 48
SOL 3 10 11 12 15 18 20 21 22 28 30 33 36
SOL 3 10 11 12 15 18 21 22 24 33 35 36 40 42
SOL 3 10 11 12 15 20 21 22 24 28 33 36 40 45
SOL 3 10 11 12 15 20 21 22 24 30 33 35 40 42
SOL 3 10 11 12 15 21 22 24 30 33 35 36 40 42 45
SOL 3 10 11 12 16 18 20 21 22 33 35 36 42 48
SOL 3 10 11 12 16 18 20 22 24 30 33 36 40 48
SOL 3 10 11 12 16 18 21 22 24 28 33 36 40 48
SOL 3 10 11 12 16 20 21 22 24 28 30 33 40 48
SOL 3 10 11 12 16 20 21 22 30 33 35 36 42 45 48
SOL 3 10 11 12 16 21 22 24 28 30 33 36 40 45 48
SOL 3 10 11 12 18 20 21 22 24 28 30 33 36 40
SOL 3 10 11 14 15 16 18 22 24 33 35 36 40 48
SOL 3 10 11 14 15 16 20 22 24 30 33 35 40 48
SOL 3 10 11 14 15 16 21 22 24 28 33 35 40 48
SOL 3 10 11 14 15 16 22 24 30 33 35 36 40 45 48
SOL 3 10 11 14 15 18 20 22 24 30 33 35 36 40
SOL 3 10 11 14 15 18 21 22 24 28 33 35 36 40
SOL 3 10 11 14 15 20 21 22 24 28 30 33 35 40
SOL 3 10 11 14 15 21 22 24 28 30 33 35 36 40 45
SOL 3 10 11 14 16 18 20 21 22 28 33 35 36 48
SOL 3 10 11 14 16 20 21 22 28 30 33 35 36 45 48
SOL 3 10 11 15 16 18 20 21 22 28 30 33 36 48
SOL 3 10 11 15 16 18 21 22 24 33 35 36 40 42 48
SOL 3 10 11 15 16 20 21 22 24 28 33 36 40 45 48
SOL 3 10 11 15 16 20 21 22 24 30 33 35 40 42 48
SOL 3 10 11 15 16 21 22 24 30 33 35 36 40 42 45 48
SOL 3 10 11 15 18 20 21 22 24 30 33 35 36 40 42
SOL 3 10 11 16 18 20 21 22 24 28 30 33 36 40 48
SOL 3 10 12 14 15 16 18 20 24 30 35 36 40 48
SOL 3 10 12 14 15 16 18 21 24 28 35 36 40 48
SOL 3 10 12 14 15 16 20 21 24 28 30 35 40 48
SOL 3 10 12 14 15 16 21 24 28 30 35 36 40 45 48
SOL 3 10 12 14 15 18 20 21 24 28 30 35 36 40
SOL 3 10 12 15 16 18 20 21 24 30 35 36 40 42 48
SOL 3 10 14 15 16 18 20 21 24 28 30 35 36 40 48
SOL 3 11 12 14 15 16 18 20 22 30 33 35 36 48
SOL 3 11 12 14 15 16 18 21 22 28 33 35 36 48
SOL 3 11 12 14 15 16 20 21 22 28 30 33 35 48
SOL 3 11 12 14 15 16 20 22 24 33 35 36 40 45 48
SOL 3 11 12 14 15 16 21 22 28 30 33 35 36 45 48
SOL 3 11 12 14 15 18 20 21 22 28 30 33 35 36
SOL 3 11 12 14 15 20 21 22 24 28 33 35 36 40 45
SOL 3 11 12 14 16 18 20 22 24 30 33 35 36 40 48
SOL 3 11 12 14 16 18 21 22 24 28 33 35 36 40 48
SOL 3 11 12 14 16 20 21 22 24 28 30 33 35 40 48
SOL 3 11 12 14 16 21 22 24 28 30 33 35 36 40 45 48
SOL 3 11 12 14 18 20 21 22 24 28 30 33 35 36 40
SOL 3 11 12 15 16 18 20 21 22 30 33 35 36 42 48
SOL 3 11 12 15 16 18 21 22 24 28 30 33 36 40 48
SOL 3 11 12 15 16 20 21 22 24 33 35 36 40 42 45 48
SOL 3 11 12 16 18 20 21 22 24 30 33 35 36 40 42 48
SOL 3 11 14 15 16 18 20 21 22 28 30 33 35 36 48
SOL 3 11 14 15 16 20 21 22 24 28 33 35 36 40 45 48
SOL 3 11 14 16 18 20 21 22 24 28 30 33 35 36 40 48
SOL 4 5 6 7 8 15 40 42
SOL 4 5 6 7 8 20 24 42
SOL 4 5 6 7 8 24 36 42 45
SOL 4 5 6 7 9 12 42 45
SOL 4 5 6 7 9 14 28 45
SOL 4 5 6 7 9 16 42 45 48
SOL 4 5 6 7 9 18 20 42
SOL 4 5 6 7 9 18 36 42 45
SOL 4 5 6 7 9 20 30 42 45
SOL 4 5 6 7 9 21 28 42 45
SOL 4 5 6 7 10 12 30 42
SOL 4 5 6 7 10 14 28 30
SOL 4 5 6 7 10 15 20 42
SOL 4 5 6 7 10 15 36 42 45
SOL 4 5 6 7 10 16 30 42 48
SOL 4 5 6 7 10 18 30 36 42
SOL 4 5 6 7 10 20 24 40 42
SOL 4 5 6 7 10 21 28 30 42
SOL 4 5 6 7 10 24 36 40 42 45
SOL 4 5 6 7 11 20 22 33 42
SOL 4 5 6 7 11 22 33 36 42 45
SOL 4 5 6 7 12 14 20 28
SOL 4 5 6 7 12 14 28 36 45
SOL 4 5 6 7 12 14 30 35 42
SOL 4 5 6 7 12 15 24 40 42
SOL 4 5 6 7 12 16 20 42 48
SOL 4 5 6 7 12 16 36 42 45 48
SOL 4 5 6 7 12 18 20 36 42
SOL 4 5 6 7 12 20 21 28 42
SOL 4 5 6 7 12 20 30 36 42 45
SOL 4 5 6 7 12 21 28 36 42 45
SOL 4 5 6 7 14 15 20 35 42
SOL 4 5 6 7 14 15 24 28 40
SOL 4 5 6 7 14 15 35 36 42 45
SOL 4 5 6 7 14 16 20 28 48
SOL 4 5 6 7 14 16 28 36 45 48
SOL 4 5 6 7 14 16 30 35 42 48
SOL 4 5 6 7 14 18 20 28 36
SOL 4 5 6 7 14 18 30 35 36 42
SOL 4 5 6 7 14 20 24 35 40 42
SOL 4 5 6 7 14 20 28 30 36 45
SOL 4 5 6 7 14 21 28 30 35 42
SOL 4 5 6 7 14 24 35 36 40 42 45
SOL 4 5 6 7 15 16 24 40 42 48
SOL 4 5 6 7 15 18 24 36 40 42
SOL 4 5 6 7 15 20 24 30 40 42
SOL 4 5 6 7 15 21 24 28 40 42
SOL 4 5 6 7 15 24 30 36 40 42 45
SOL 4 5 6 7 16 18 20 36 42 48
SOL 4 5 6 7 16 20 21 28 42 48
SOL 4 5 6 7 16 20 30 36 42 45 48
SOL 4 5 6 7 16 21 28 36 42 45 48
SOL 4 5 6 7 18 20 21 28 36 42
SOL 4 5 6 7 20 21 28 30 36 42 45
SOL 4 5 6 8 9 10 40 45
SOL 4 5 6 8 9 12 24 45
SOL 4 5 6 8 9 14 35 40 45
SOL 4 5 6 8 9 15 18 40
SOL 4 5 6 8 9 15 30 40 45
SOL 4 5 6 8 9 16 24 45 48
SOL 4 5 6 8 9 18 20 24
SOL 4 5 6 8 9 18 24 36 45
SOL 4 5 6 8 9 20 24 30 45
SOL 4 5 6 8 9 21 24 28 45
SOL 4 5 6 8 9 21 35 40 42 45
SOL 4 5 6 8 10 12 20 40
SOL 4 5 6 8 10 12 24 30
SOL 4 5 6 8 10 12 36 40 45
SOL 4 5 6 8 10 14 30 35 40
SOL 4 5 6 8 10 15 20 24
SOL 4 5 6 8 10 15 24 36 45
SOL 4 5 6 8 10 16 20 40 48
SOL 4 5 6 8 10 16 24 30 48
SOL 4 5 6 8 10 16 36 40 45 48
SOL 4 5 6 8 10 18 20 36 40
SOL 4 5 6 8 10 18 24 30 36
SOL 4 5 6 8 10 20 21 28 40
SOL 4 5 6 8 10 20 30 36 40 45
SOL 4 5 6 8 10 21 24 28 30
SOL 4 5 6 8 10 21 28 36 40 45
SOL 4 5 6 8 10 21 30 35 40 42
SOL 4 5 6 8 11 15 22 33 40
SOL 4 5 6 8 11 20 22 24 33
SOL 4 5 6 8 11 22 24 33 36 45
SOL 4 5 6 8 12 14 20 35 40
SOL 4 5 6 8 12 14 24 30 35
SOL 4 5 6 8 12 14 35 36 40 45
SOL 4 5 6 8 12 15 16 40 48
SOL 4 5 6 8 12 15 18 36 40
SOL 4 5 6 8 12 15 20 30 40
SOL 4 5 6 8 12 15 21 28 40
SOL 4 5 6 8 12 15 30 36 40 45
SOL 4 5 6 8 12 16 20 24 48
SOL 4 5 6 8 12 16 24 36 45 48
SOL 4 5 6 8 12 18 20 24 36
SOL 4 5 6 8 12 20 21 24 28
SOL 4 5 6 8 12 20 21 35 40 42
SOL 4 5 6 8 12 20 24 30 36 45
SOL 4 5 6 8 12 21 24 28 36 45
SOL 4 5 6 8 12 21 24 30 35 42
SOL 4 5 6 8 12 21 35 36 40 42 45
SOL 4 5 6 8 14 15 20 24 35
SOL 4 5 6 8 14 15 24 35 36 45
SOL 4 5 6 8 14 16 20 35 40 48
SOL 4 5 6 8 14 16 24 30 35 48
SOL 4 5 6 8 14 16 35 36 40 45 48
SOL 4 5 6 8 14 18 20 35 36 40
SOL 4 5 6 8 14 18 24 30 35 36
SOL 4 5 6 8 14 20 21 28 35 40
SOL 4 5 6 8 14 20 30 35 36 40 45
SOL 4 5 6 8 14 21 24 28 30 35
SOL 4 5 6 8 14 21 28 35 36 40 45
SOL 4 5 6 8 15 16 18 36 40 48
SOL 4 5 6 8 15 16 20 30 40 48
SOL 4 5 6 8 15 16 21 28 40 48
SOL 4 5 6 8 15 16 30 36 40 45 48
SOL 4 5 6 8 15 18 20 30 36 40
SOL 4 5 6 8 15 18 21 28 36 40
SOL 4 5 6 8 15 20 21 24 35 42
SOL 4 5 6 8 15 20 21 28 30 40
SOL 4 5 6 8 15 21 24 35 36 42 45
SOL 4 5 6 8 15 21 28 30 36 40 45
SOL 4 5 6 8 16 18 20 24 36 48
SOL 4 5 6 8 16 20 21 24 28 48
SOL 4 5 6 8 16 20 21 35 40 42 48
SOL 4 5 6 8 16 20 24 30 36 45 48
SOL 4 5 6 8 16 21 24 28 36 45 48
SOL 4 5 6 8 16 21 24 30 35 42 48
SOL 4 5 6 8 16 21 35 36 40 42 45 48
SOL 4 5 6 8 18 20 21 24 28 36
SOL 4 5 6 8 18 20 21 35 36 40 42
SOL 4 5 6 8 18 21 24 30 35 36 42
SOL 4 5 6 8 20 21 24 28 30 36 45
SOL 4 5 6 8 20 21 30 35 36 40 42 45
SOL 4 5 6 9 10 12 15 45
SOL 4 5 6 9 10 12 18 30
SOL 4 5 6 9 10 12 24 40 45
SOL 4 5 6 9 10 14 20 35 45
SOL 4 5 6 9 10 15 16 45 48
SOL 4 5 6 9 10 15 18 20
SOL 4 5 6 9 10 15 18 36 45
SOL 4 5 6 9 10 15 20 30 45
SOL 4 5 6 9 10 15 21 28 45
SOL 4 5 6 9 10 16 18 30 48
SOL 4 5 6 9 10 16 24 40 45 48
SOL 4 5 6 9 10 18 20 24 40
SOL 4 5 6 9 10 18 21 28 30
SOL 4 5 6 9 10 18 24 36 40 45
SOL 4 5 6 9 10 20 21 35 42 45
SOL 4 5 6 9 10 20 24 30 40 45
SOL 4 5 6 9 10 21 24 28 40 45
SOL 4 5 6 9 11 12 22 33 45
SOL 4 5 6 9 11 16 22 33 45 48
SOL 4 5 6 9 11 18 20 22 33
SOL 4 5 6 9 11 18 22 33 36 45
SOL 4 5 6 9 11 20 22 30 33 45
SOL 4 5 6 9 11 21 22 28 33 45
SOL 4 5 6 9 12 14 15 35 45
SOL 4 5 6 9 12 14 18 30 35
SOL 4 5 6 9 12 14 24 35 40 45
SOL 4 5 6 9 12 15 18 24 40
SOL 4 5 6 9 12 15 21 35 42 45
SOL 4 5 6 9 12 15 24 30 40 45
SOL 4 5 6 9 12 16 18 20 48
SOL 4 5 6 9 12 16 18 36 45 48
SOL 4 5 6 9 12 16 20 30 45 48
SOL 4 5 6 9 12 16 21 28 45 48
SOL 4 5 6 9 12 18 20 21 28
SOL 4 5 6 9 12 18 20 30 36 45
SOL 4 5 6 9 12 18 21 28 36 45
SOL 4 5 6 9 12 18 21 30 35 42
SOL 4 5 6 9 12 20 21 28 30 45
SOL 4 5 6 9 12 21 24 35 40 42 45
SOL 4 5 6 9 14 15 16 35 45 48
SOL 4 5 6 9 14 15 18 20 35
SOL 4 5 6 9 14 15 18 35 36 45
SOL 4 5 6 9 14 15 20 30 35 45
SOL 4 5 6 9 14 15 21 28 35 45
SOL 4 5 6 9 14 16 18 30 35 48
SOL 4 5 6 9 14 16 24 35 40 45 48
SOL 4 5 6 9 14 18 20 24 35 40
SOL 4 5 6 9 14 18 21 28 30 35
SOL 4 5 6 9 14 18 24 35 36 40 45
SOL 4 5 6 9 14 20 24 30 35 40 45
SOL 4 5 6 9 14 21 24 28 35 40 45
SOL 4 5 6 9 15 16 18 24 40 48
SOL 4 5 6 9 15 16 21 35 42 45 48
SOL 4 5 6 9 15 16 24 30 40 45 48
SOL 4 5 6 9 15 18 20 21 35 42
SOL 4 5 6 9 15 18 20 24 30 40
SOL 4 5 6 9 15 18 21 24 28 40
SOL 4 5 6 9 15 18 21 35 36 42 45
SOL 4 5 6 9 15 18 24 30 36 40 45
SOL 4 5 6 9 15 20 21 30 35 42 45
SOL 4 5 6 9 15 21 24 28 30 40 45
SOL 4 5 6 9 16 18 20 21 28 48
SOL 4 5 6 9 16 18 20 30 36 45 48
SOL 4 5 6 9 16 18 21 28 36 45 48
SOL 4 5 6 9 16 18 21 30 35 42 48
SOL 4 5 6 9 16 20 21 28 30 45 48
SOL 4 5 6 9 16 21 24 35 40 42 45 48
SOL 4 5 6 9 18 20 21 24 35 40 42
SOL 4 5 6 9 18 20 21 28 30 36 45
SOL 4 5 6 9 18 21 24 35 36 40 42 45
SOL 4 5 6 9 20 21 24 30 35 40 42 45
SOL 4 5 6 10 11 12 22 30 33
SOL 4 5 6 10 11 15 20 22 33
SOL 4 5 6 10 11 15 22 33 36 45
SOL 4 5 6 10 11 16 22 30 33 48
SOL 4 5 6 10 11 18 22 30 33 36
SOL 4 5 6 10 11 20 22 24 33 40
SOL 4 5 6 10 11 21 22 28 30 33
SOL 4 5 6 10 11 22 24 33 36 40 45
SOL 4 5 6 10 12 14 15 30 35
SOL 4 5 6 10 12 14 20 35 36 45
SOL 4 5 6 10 12 14 24 30 35 40
SOL 4 5 6 10 12 15 16 20 48
SOL 4 5 6 10 12 15 16 36 45 48
SOL 4 5 6 10 12 15 18 20 36
SOL 4 5 6 10 12 15 20 21 28
SOL 4 5 6 10 12 15 20 30 36 45
SOL 4 5 6 10 12 15 21 28 36 45
SOL 4 5 6 10 12 15 21 30 35 42
SOL 4 5 6 10 12 16 18 30 36 48
SOL 4 5 6 10 12 16 20 24 40 48
SOL 4 5 6 10 12 16 21 28 30 48
SOL 4 5 6 10 12 16 24 36 40 45 48
SOL 4 5 6 10 12 18 20 24 36 40
SOL 4 5 6 10 12 18 21 28 30 36
SOL 4 5 6 10 12 20 21 24 28 40
SOL 4 5 6 10 12 20 21 35 36 42 45
SOL 4 5 6 10 12 20 24 30 36 40 45
SOL 4 5 6 10 12 21 24 28 36 40 45
SOL 4 5 6 10 12 21 24 30 35 40 42
SOL 4 5 6 10 14 15 16 30 35 48
SOL 4 5 6 10 14 15 18 30 35 36
SOL 4 5 6 10 14 15 20 24 35 40
SOL 4 5 6 10 14 15 21 28 30 35
SOL 4 5 6 10 14 15 24 35 36 40 45
SOL 4 5 6 10 14 16 20 35 36 45 48
SOL 4 5 6 10 14 16 24 30 35 40 48
SOL 4 5 6 10 14 18 24 30 35 36 40
SOL 4 5 6 10 14 20 21 28 35 36 45
SOL 4 5 6 10 14 21 24 28 30 35 40
SOL 4 5 6 10 15 16 18 20 36 48
SOL 4 5 6 10 15 16 20 21 28 48
SOL 4 5 6 10 15 16 20 30 36 45 48
SOL 4 5 6 10 15 16 21 28 36 45 48
SOL 4 5 6 10 15 16 21 30 35 42 48
SOL 4 5 6 10 15 18 20 21 28 36
SOL 4 5 6 10 15 18 21 30 35 36 42
SOL 4 5 6 10 15 20 21 24 35 40 42
SOL 4 5 6 10 15 20 21 28 30 36 45
SOL 4 5 6 10 15 21 24 35 36 40 42 45
SOL 4 5 6 10 16 18 20 24 36 40 48
SOL 4 5 6 10 16 18 21 28 30 36 48
SOL 4 5 6 10 16 20 21 24 28 40 48
SOL 4 5 6 10 16 20 21 35 36 42 45 48
SOL 4 5 6 10 16 20 24 30 36 40 45 48
SOL 4 5 6 10 16 21 24 28 36 40 45 48
SOL 4 5 6 10 16 21 24 30 35 40 42 48
SOL 4 5 6 10 18 20 21 24 28 36 40
SOL 4 5 6 10 18 21 24 30 35 36 40 42
SOL 4 5 6 10 20 21 24 28 30 36 40 45
SOL 4 5 6 11 12 14 22 30 33 35
SOL 4 5 6 11 12 15 22 24 33 40
SOL 4 5 6 11 12 16 20 22 33 48
SOL 4 5 6 11 12 16 22 33 36 45 48
SOL 4 5 6 11 12 18 20 22 33 36
SOL 4 5 6 11 12 20 21 22 28 33
SOL 4 5 6 11 12 20 22 30 33 36 45
SOL 4 5 6 11 12 21 22 28 33 36 45
SOL 4 5 6 11 12 21 22 30 33 35 42
SOL 4 5 6 11 14 15 20 22 33 35
SOL 4 5 6 11 14 15 22 33 35 36 45
SOL 4 5 6 11 14 16 22 30 33 35 48
SOL 4 5 6 11 14 18 22 30 33 35 36
SOL 4 5 6 11 14 20 22 24 33 35 40
SOL 4 5 6 11 14 21 22 28 30 33 35
SOL 4 5 6 11 14 22 24 33 35 36 40 45
SOL 4 5 6 11 15 16 22 24 33 40 48
SOL 4 5 6 11 15 18 22 24 33 36 40
SOL 4 5 6 11 15 20 21 22 33 35 42
SOL 4 5 6 11 15 20 22 24 30 33 40
SOL 4 5 6 11 15 21 22 24 28 33 40
SOL 4 5 6 11 15 21 22 33 35 36 42 45
SOL 4 5 6 11 15 22 24 30 33 36 40 45
SOL 4 5 6 11 16 18 20 22 33 36 48
SOL 4 5 6 11 16 20 21 22 28 33 48
SOL 4 5 6 11 16 20 22 30 33 36 45 48
SOL 4 5 6 11 16 21 22 28 33 36 45 48
SOL 4 5 6 11 16 21 22 30 33 35 42 48
SOL 4 5 6 11 18 20 21 22 28 33 36
SOL 4 5 6 11 18 21 22 30 33 35 36 42
SOL 4 5 6 11 20 21 22 24 33 35 40 42
SOL 4 5 6 11 20 21 22 28 30 33 36 45
SOL 4 5 6 11 21 22 24 33 35 36 40 42 45
SOL 4 5 6 12 14 15 16 20 35 48
SOL 4 5 6 12 14 15 16 35 36 45 48
SOL 4 5 6 12 14 15 18 20 35 36
SOL 4 5 6 12 14 15 20 21 28 35
SOL 4 5 6 12 14 15 20 30 35 36 45
SOL 4 5 6 12 14 15 21 28 35 36 45
SOL 4 5 6 12 14 16 18 30 35 36 48
SOL 4 5 6 12 14 16 20 24 35 40 48
SOL 4 5 6 12 14 16 21 28 30 35 48
SOL 4 5 6 12 14 16 24 35 36 40 45 48
SOL 4 5 6 12 14 18 20 24 35 36 40
SOL 4 5 6 12 14 18 21 28 30 35 36
SOL 4 5 6 12 14 20 21 24 28 35 40
SOL 4 5 6 12 14 20 24 30 35 36 40 45
SOL 4 5 6 12 14 21 24 28 35 36 40 45
SOL 4 5 6 12 15 16 18 24 36 40 48
SOL 4 5 6 12 15 16 20 21 35 42 48
SOL 4 5 6 12 15 16 20 24 30 40 48
SOL 4 5 6 12 15 16 21 24 28 40 48
SOL 4 5 6 12 15 16 21 35 36 42 45 48
SOL 4 5 6 12 15 16 24 30 36 40 45 48
SOL 4 5 6 12 15 18 20 21 35 36 42
SOL 4 5 6 12 15 18 20 24 30 36 40
SOL 4 5 6 12 15 18 21 24 28 36 40
SOL 4 5 6 12 15 20 21 24 28 30 40
SOL 4 5 6 12 15 20 21 30 35 36 42 45
SOL 4 5 6 12 15 21 24 28 30 36 40 45
SOL 4 5 6 12 16 18 20 21 28 36 48
SOL 4 5 6 12 16 18 21 30 35 36 42 48
SOL 4 5 6 12 16 20 21 24 35 40 42 48
SOL 4 5 6 12 16 20 21 28 30 36 45 48
SOL 4 5 6 12 16 21 24 35 36 40 42 45 48
SOL 4 5 6 12 18 20 21 24 35 36 40 42
SOL 4 5 6 12 20 21 24 30 35 36 40 42 45
SOL 4 5 6 14 15 16 18 20 35 36 48
SOL 4 5 6 14 15 16 20 21 28 35 48
SOL 4 5 6 14 15 16 20 30 35 36 45 48
SOL 4 5 6 14 15 16 21 28 35 36 45 48
SOL 4 5 6 14 15 18 20 21 28 35 36
SOL 4 5 6 14 15 20 21 28 30 35 36 45
SOL 4 5 6 14 16 18 20 24 35 36 40 48
SOL 4 5 6 14 16 18 21 28 30 35 36 48
SOL 4 5 6 14 16 20 21 24 28 35 40 48
SOL 4 5 6 14 16 20 24 30 35 36 40 45 48
SOL 4 5 6 14 16 21 24 28 35 36 40 45 48
SOL 4 5 6 14 18 20 21 24 28 35 36 40
SOL 4 5 6 14 20 21 24 28 30 35 36 40 45
SOL 4 5 6 15 16 18 20 21 35 36 42 48
SOL 4 5 6 15 16 18 20 24 30 36 40 48
SOL 4 5 6 15 16 18 21 24 28 36 40 48
SOL 4 5 6 15 16 20 21 24 28 30 40 48
SOL 4 5 6 15 16 20 21 30 35 36 42 45 48
SOL 4 5 6 15 16 21 24 28 30 36 40 45 48
SOL 4 5 6 15 18 20 21 24 28 30 36 40
SOL 4 5 6 16 18 20 21 24 35 36 40 42 48
SOL 4 5 6 16 20 21 24 30 35 36 40 42 45 48
SOL 4 5 7 8 9 10 40 42 45
SOL 4 5 7 8 9 12 24 42 45
SOL 4 5 7 8 9 14 24 28 45
SOL 4 5 7 8 9 14 35 40 42 45
SOL 4 5 7 8 9 15 18 40 42
SOL 4 5 7 8 9 15 30 40 42 45
SOL 4 5 7 8 9 16 24 42 45 48
SOL 4 5 7 8 9 18 20 24 42
SOL 4 5 7 8 9 18 24 36 42 45
SOL 4 5 7 8 9 20 24 30 42 45
SOL 4 5 7 8 9 21 24 28 42 45
SOL 4 5 7 8 10 12 20 40 42
SOL 4 5 7 8 10 12 24 30 42
SOL 4 5 7 8 10 12 36 40 42 45
SOL 4 5 7 8 10 14 20 28 40
SOL 4 5 7 8 10 14 24 28 30
SOL 4 5 7 8 10 14 28 36 40 45
SOL 4 5 7 8 10 14 30 35 40 42
SOL 4 5 7 8 10 15 20 24 42
SOL 4 5 7 8 10 15 24 36 42 45
SOL 4 5 7 8 10 16 20 40 42 48
SOL 4 5 7 8 10 16 24 30 42 48
SOL 4 5 7 8 10 16 36 40 42 45 48
SOL 4 5 7 8 10 18 20 36 40 42
SOL 4 5 7 8 10 18 24 30 36 42
SOL 4 5 7 8 10 20 21 28 40 42
SOL 4 5 7 8 10 20 30 36 40 42 45
SOL 4 5 7 8 10 21 24 28 30 42
SOL 4 5 7 8 10 21 28 36 40 42 45
SOL 4 5 7 8 11 15 22 33 40 42
SOL 4 5 7 8 11 20 22 24 33 42
SOL 4 5 7 8 11 22 24 33 36 42 45
SOL 4 5 7 8 12 14 15 28 40
SOL 4 5 7 8 12 14 20 24 28
SOL 4 5 7 8 12 14 20 35 40 42
SOL 4 5 7 8 12 14 24 28 36 45
SOL 4 5 7 8 12 14 24 30 35 42
SOL 4 5 7 8 12 14 35 36 40 42 45
SOL 4 5 7 8 12 15 16 40 42 48
SOL 4 5 7 8 12 15 18 36 40 42
SOL 4 5 7 8 12 15 20 30 40 42
SOL 4 5 7 8 12 15 21 28 40 42
SOL 4 5 7 8 12 15 30 36 40 42 45
SOL 4 5 7 8 12 16 20 24 42 48
SOL 4 5 7 8 12 16 24 36 42 45 48
SOL 4 5 7 8 12 18 20 24 36 42
SOL 4 5 7 8 12 20 21 24 28 42
SOL 4 5 7 8 12 20 24 30 36 42 45
SOL 4 5 7 8 12 21 24 28 36 42 45
SOL 4 5 7 8 14 15 16 28 40 48
SOL 4 5 7 8 14 15 18 28 36 40
SOL 4 5 7 8 14 15 20 24 35 42
SOL 4 5 7 8 14 15 20 28 30 40
SOL 4 5 7 8 14 15 24 35 36 42 45
SOL 4 5 7 8 14 15 28 30 36 40 45
SOL 4 5 7 8 14 16 20 24 28 48
SOL 4 5 7 8 14 16 20 35 40 42 48
SOL 4 5 7 8 14 16 24 28 36 45 48
SOL 4 5 7 8 14 16 24 30 35 42 48
SOL 4 5 7 8 14 16 35 36 40 42 45 48
SOL 4 5 7 8 14 18 20 24 28 36
SOL 4 5 7 8 14 18 20 35 36 40 42
SOL 4 5 7 8 14 18 24 30 35 36 42
SOL 4 5 7 8 14 20 21 28 35 40 42
SOL 4 5 7 8 14 20 24 28 30 36 45
SOL 4 5 7 8 14 20 30 35 36 40 42 45
SOL 4 5 7 8 14 21 24 28 30 35 42
SOL 4 5 7 8 14 21 28 35 36 40 42 45
SOL 4 5 7 8 15 16 18 36 40 42 48
SOL 4 5 7 8 15 16 20 30 40 42 48
SOL 4 5 7 8 15 16 21 28 40 42 48
SOL 4 5 7 8 15 16 30 36 40 42 45 48
SOL 4 5 7 8 15 18 20 30 36 40 42
SOL 4 5 7 8 15 18 21 28 36 40 42
SOL 4 5 7 8 15 20 21 28 30 40 42
SOL 4 5 7 8 15 21 28 30 36 40 42 45
SOL 4 5 7 8 16 18 20 24 36 42 48
SOL 4 5 7 8 16 20 21 24 28 42 48
SOL 4 5 7 8 16 20 24 30 36 42 45 48
SOL 4 5 7 8 16 21 24 28 36 42 45 48
SOL 4 5 7 8 18 20 21 24 28 36 42
SOL 4 5 7 8 20 21 24 28 30 36 42 45
SOL 4 5 7 9 10 12 15 42 45
SOL 4 5 7 9 10 12 18 30 42
SOL 4 5 7 9 10 12 24 40 42 45
SOL 4 5 7 9 10 14 15 28 45
SOL 4 5 7 9 10 14 18 28 30
SOL 4 5 7 9 10 14 20 35 42 45
SOL 4 5 7 9 10 14 24 28 40 45
SOL 4 5 7 9 10 15 16 42 45 48
SOL 4 5 7 9 10 15 18 20 42
SOL 4 5 7 9 10 15 18 36 42 45
SOL 4 5 7 9 10 15 20 30 42 45
SOL 4 5 7 9 10 15 21 28 42 45
SOL 4 5 7 9 10 16 18 30 42 48
SOL 4 5 7 9 10 16 24 40 42 45 48
SOL 4 5 7 9 10 18 20 24 40 42
SOL 4 5 7 9 10 18 21 28 30 42
SOL 4 5 7 9 10 18 24 36 40 42 45
SOL 4 5 7 9 10 20 24 30 40 42 45
SOL 4 5 7 9 10 21 24 28 40 42 45
SOL 4 5 7 9 11 12 22 33 42 45
SOL 4 5 7 9 11 14 22 28 33 45
SOL 4 5 7 9 11 16 22 33 42 45 48
SOL 4 5 7 9 11 18 20 22 33 42
SOL 4 5 7 9 11 18 22 33 36 42 45
SOL 4 5 7 9 11 20 22 30 33 42 45
SOL 4 5 7 9 11 21 22 28 33 42 45
SOL 4 5 7 9 12 14 15 35 42 45
SOL 4 5 7 9 12 14 16 28 45 48
SOL 4 5 7 9 12 14 18 20 28
SOL 4 5 7 9 12 14 18 28 36 45
SOL 4 5 7 9 12 14 18 30 35 42
SOL 4 5 7 9 12 14 20 28 30 45
SOL 4 5 7 9 12 14 24 35 40 42 45
SOL 4 5 7 9 12 15 18 24 40 42
SOL 4 5 7 9 12 15 24 30 40 42 45
SOL 4 5 7 9 12 16 18 20 42 48
SOL 4 5 7 9 12 16 18 36 42 45 48
SOL 4 5 7 9 12 16 20 30 42 45 48
SOL 4 5 7 9 12 16 21 28 42 45 48
SOL 4 5 7 9 12 18 20 21 28 42
SOL 4 5 7 9 12 18 20 30 36 42 45
SOL 4 5 7 9 12 18 21 28 36 42 45
SOL 4 5 7 9 12 20 21 28 30 42 45
SOL 4 5 7 9 14 15 16 35 42 45 48
SOL 4 5 7 9 14 15 18 20 35 42
SOL 4 5 7 9 14 15 18 24 28 40
SOL 4 5 7 9 14 15 18 35 36 42 45
SOL 4 5 7 9 14 15 20 30 35 42 45
SOL 4 5 7 9 14 15 21 28 35 42 45
SOL 4 5 7 9 14 15 24 28 30 40 45
SOL 4 5 7 9 14 16 18 20 28 48
SOL 4 5 7 9 14 16 18 28 36 45 48
SOL 4 5 7 9 14 16 18 30 35 42 48
SOL 4 5 7 9 14 16 20 28 30 45 48
SOL 4 5 7 9 14 16 24 35 40 42 45 48
SOL 4 5 7 9 14 18 20 24 35 40 42
SOL 4 5 7 9 14 18 20 28 30 36 45
SOL 4 5 7 9 14 18 21 28 30 35 42
SOL 4 5 7 9 14 18 24 35 36 40 42 45
SOL 4 5 7 9 14 20 24 30 35 40 42 45
SOL 4 5 7 9 14 21 24 28 35 40 42 45
SOL 4 5 7 9 15 16 18 24 40 42 48
SOL 4 5 7 9 15 16 24 30 40 42 45 48
SOL 4 5 7 9 15 18 20 24 30 40 42
SOL 4 5 7 9 15 18 21 24 28 40 42
SOL 4 5 7 9 15 18 24 30 36 40 42 45
SOL 4 5 7 9 15 21 24 28 30 40 42 45
SOL 4 5 7 9 16 18 20 21 28 42 48
SOL 4 5 7 9 16 18 20 30 36 42 45 48
SOL 4 5 7 9 16 18 21 28 36 42 45 48
SOL 4 5 7 9 16 20 21 28 30 42 45 48
SOL 4 5 7 9 18 20 21 28 30 36 42 45
SOL 4 5 7 10 11 12 22 30 33 42
SOL 4 5 7 10 11 14 22 28 30 33
SOL 4 5 7 10 11 15 20 22 33 42
SOL 4 5 7 10 11 15 22 33 36 42 45
SOL 4 5 7 10 11 16 22 30 33 42 48
SOL 4 5 7 10 11 18 22 30 33 36 42
SOL 4 5 7 10 11 20 22 24 33 40 42
SOL 4 5 7 10 11 21 22 28 30 33 42
SOL 4 5 7 10 11 22 24 33 36 40 42 45
SOL 4 5 7 10 12 14 15 20 28
SOL 4 5 7 10 12 14 15 28 36 45
SOL 4 5 7 10 12 14 15 30 35 42
SOL 4 5 7 10 12 14 16 28 30 48
SOL 4 5 7 10 12 14 18 28 30 36
SOL 4 5 7 10 12 14 20 24 28 40
SOL 4 5 7 10 12 14 20 35 36 42 45
SOL 4 5 7 10 12 14 24 28 36 40 45
SOL 4 5 7 10 12 14 24 30 35 40 42
SOL 4 5 7 10 12 15 16 20 42 48
SOL 4 5 7 10 12 15 16 36 42 45 48
SOL 4 5 7 10 12 15 18 20 36 42
SOL 4 5 7 10 12 15 20 21 28 42
SOL 4 5 7 10 12 15 20 30 36 42 45
SOL 4 5 7 10 12 15 21 28 36 42 45
SOL 4 5 7 10 12 16 18 30 36 42 48
SOL 4 5 7 10 12 16 20 24 40 42 48
SOL 4 5 7 10 12 16 21 28 30 42 48
SOL 4 5 7 10 12 16 24 36 40 42 45 48
SOL 4 5 7 10 12 18 20 24 36 40 42
SOL 4 5 7 10 12 18 21 28 30 36 42
SOL 4 5 7 10 12 20 21 24 28 40 42
SOL 4 5 7 10 12 20 24 30 36 40 42 45
SOL 4 5 7 10 12 21 24 28 36 40 42 45
SOL 4 5 7 10 14 15 16 20 28 48
SOL 4 5 7 10 14 15 16 28 36 45 48
SOL 4 5 7 10 14 15 16 30 35 42 48
SOL 4 5 7 10 14 15 18 20 28 36
SOL 4 5 7 10 14 15 18 30 35 36 42
SOL 4 5 7 10 14 15 20 24 35 40 42
SOL 4 5 7 10 14 15 20 28 30 36 45
SOL 4 5 7 10 14 15 21 28 30 35 42
SOL 4 5 7 10 14 15 24 35 36 40 42 45
SOL 4 5 7 10 14 16 18 28 30 36 48
SOL 4 5 7 10 14 16 20 24 28 40 48
SOL 4 5 7 10 14 16 20 35 36 42 45 48
SOL 4 5 7 10 14 16 24 28 36 40 45 48
SOL 4 5 7 10 14 16 24 30 35 40 42 48
SOL 4 5 7 10 14 18 20 24 28 36 40
SOL 4 5 7 10 14 18 24 30 35 36 40 42
SOL 4 5 7 10 14 20 21 28 35 36 42 45
SOL 4 5 7 10 14 20 24 28 30 36 40 45
SOL 4 5 7 10 14 21 24 28 30 35 40 42
SOL 4 5 7 10 15 16 18 20 36 42 48
SOL 4 5 7 10 15 16 20 21 28 42 48
SOL 4 5 7 10 15 16 20 30 36 42 45 48
SOL 4 5 7 10 15 16 21 28 36 42 45 48
SOL 4 5 7 10 15 18 20 21 28 36 42
SOL 4 5 7 10 15 20 21 28 30 36 42 45
SOL 4 5 7 10 16 18 20 24 36 40 42 48
SOL 4 5 7 10 16 18 21 28 30 36 42 48
SOL 4 5 7 10 16 20 21 24 28 40 42 48
SOL 4 5 7 10 16 20 24 30 36 40 42 45 48
SOL 4 5 7 10 16 21 24 28 36 40 42 45 48
SOL 4 5 7 10 18 20 21 24 28 36 40 42
SOL 4 5 7 10 20 21 24 28 30 36 40 42 45
SOL 4 5 7 11 12 14 20 22 28 33
SOL 4 5 7 11 12 14 22 28 33 36 45
SOL 4 5 7 11 12 14 22 30 33 35 42
SOL 4 5 7 11 12 15 22 24 33 40 42
SOL 4 5 7 11 12 16 20 22 33 42 48
SOL 4 5 7 11 12 16 22 33 36 42 45 48
SOL 4 5 7 11 12 18 20 22 33 36 42
SOL 4 5 7 11 12 20 21 22 28 33 42
SOL 4 5 7 11 12 20 22 30 33 36 42 45
SOL 4 5 7 11 12 21 22 28 33 36 42 45
SOL 4 5 7 11 14 15 20 22 33 35 42
SOL 4 5 7 11 14 15 22 24 28 33 40
SOL 4 5 7 11 14 15 22 33 35 36 42 45
SOL 4 5 7 11 14 16 20 22 28 33 48
SOL 4 5 7 11 14 16 22 28 33 36 45 48
SOL 4 5 7 11 14 16 22 30 33 35 42 48
SOL 4 5 7 11 14 18 20 22 28 33 36
SOL 4 5 7 11 14 18 22 30 33 35 36 42
SOL 4 5 7 11 14 20 22 24 33 35 40 42
SOL 4 5 7 11 14 20 22 28 30 33 36 45
SOL 4 5 7 11 14 21 22 28 30 33 35 42
SOL 4 5 7 11 14 22 24 33 35 36 40 42 45
SOL 4 5 7 11 15 16 22 24 33 40 42 48
SOL 4 5 7 11 15 18 22 24 33 36 40 42
SOL 4 5 7 11 15 20 22 24 30 33 40 42
SOL 4 5 7 11 15 21 22 24 28 33 40 42
SOL 4 5 7 11 15 22 24 30 33 36 40 42 45
SOL 4 5 7 11 16 18 20 22 33 36 42 48
SOL 4 5 7 11 16 20 21 22 28 33 42 48
SOL 4 5 7 11 16 20 22 30 33 36 42 45 48
SOL 4 5 7 11 16 21 22 28 33 36 42 45 48
SOL 4 5 7 11 18 20 21 22 28 33 36 42
SOL 4 5 7 11 20 21 22 28 30 33 36 42 45
SOL 4 5 7 12 14 15 16 20 35 42 48
SOL 4 5 7 12 14 15 16 24 28 40 48
SOL 4 5 7 12 14 15 16 35 36 42 45 48
SOL 4 5 7 12 14 15 18 20 35 36 42
SOL 4 5 7 12 14 15 18 24 28 36 40
SOL 4 5 7 12 14 15 20 21 28 35 42
SOL 4 5 7 12 14 15 20 24 28 30 40
SOL 4 5 7 12 14 15 20 30 35 36 42 45
SOL 4 5 7 12 14 15 21 28 35 36 42 45
SOL 4 5 7 12 14 15 24 28 30 36 40 45
SOL 4 5 7 12 14 16 18 20 28 36 48
SOL 4 5 7 12 14 16 18 30 35 36 42 48
SOL 4 5 7 12 14 16 20 24 35 40 42 48
SOL 4 5 7 12 14 16 20 28 30 36 45 48
SOL 4 5 7 12 14 16 21 28 30 35 42 48
SOL 4 5 7 12 14 16 24 35 36 40 42 45 48
SOL 4 5 7 12 14 18 20 24 35 36 40 42
SOL 4 5 7 12 14 18 21 28 30 35 36 42
SOL 4 5 7 12 14 20 21 24 28 35 40 42
SOL 4 5 7 12 14 20 24 30 35 36 40 42 45
SOL 4 5 7 12 14 21 24 28 35 36 40 42 45
SOL 4 5 7 12 15 16 18 24 36 40 42 48
SOL 4 5 7 12 15 16 20 24 30 40 42 48
SOL 4 5 7 12 15 16 21 24 28 40 42 48
SOL 4 5 7 12 15 16 24 30 36 40 42 45 48
SOL 4 5 7 12 15 18 20 24 30 36 40 42
SOL 4 5 7 12 15 18 21 24 28 36 40 42
SOL 4 5 7 12 15 20 21 24 28 30 40 42
SOL 4 5 7 12 15 21 24 28 30 36 40 42 45
SOL 4 5 7 12 16 18 20 21 28 36 42 48
SOL 4 5 7 12 16 20 21 28 30 36 42 45 48
SOL 4 5 7 14 15 16 18 20 35 36 42 48
SOL 4 5 7 14 15 16 18 24 28 36 40 48
SOL 4 5 7 14 15 16 20 21 28 35 42 48
SOL 4 5 7 14 15 16 20 24 28 30 40 48
SOL 4 5 7 14 15 16 20 30 35 36 42 45 48
SOL 4 5 7 14 15 16 21 28 35 36 42 45 48
SOL 4 5 7 14 15 16 24 28 30 36 40 45 48
SOL 4 5 7 14 15 18 20 21 28 35 36 42
SOL 4 5 7 14 15 18 20 24 28 30 36 40
SOL 4 5 7 14 15 20 21 28 30 35 36 42 45
SOL 4 5 7 14 16 18 20 24 35 36 40 42 48
SOL 4 5 7 14 16 18 21 28 30 35 36 42 48
SOL 4 5 7 14 16 20 21 24 28 35 40 42 48
SOL 4 5 7 14 16 20 24 30 35 36 40 42 45 48
SOL 4 5 7 14 16 21 24 28 35 36 40 42 45 48
SOL 4 5 7 14 18 20 21 24 28 35 36 40 42
SOL 4 5 7 14 20 21 24 28 30 35 36 40 42 45
SOL 4 5 7 15 16 18 20 24 30 36 40 42 48
SOL 4 5 7 15 16 18 21 24 28 36 40 42 48
SOL 4 5 7 15 16 20 21 24 28 30 40 42 48
SOL 4 5 7 15 16 21 24 28 30 36 40 42 45 48
SOL 4 5 7 15 18 20 21 24 28 30 36 40 42
SOL 4 5 8 9 10 11 22 33 40 45
SOL 4 5 8 9 10 12 15 24 45
SOL 4 5 8 9 10 12 16 40 45 48
SOL 4 5 8 9 10 12 18 20 40
SOL 4 5 8 9 10 12 18 24 30
SOL 4 5 8 9 10 12 18 36 40 45
SOL 4 5 8 9 10 12 20 30 40 45
SOL 4 5 8 9 10 12 21 28 40 45
SOL 4 5 8 9 10 14 15 35 40 45
SOL 4 5 8 9 10 14 18 30 35 40
SOL 4 5 8 9 10 14 20 24 35 45
SOL 4 5 8 9 10 15 16 24 45 48
SOL 4 5 8 9 10 15 18 20 24
SOL 4 5 8 9 10 15 18 24 36 45
SOL 4 5 8 9 10 15 20 24 30 45
SOL 4 5 8 9 10 15 21 24 28 45
SOL 4 5 8 9 10 15 21 35 40 42 45
SOL 4 5 8 9 10 16 18 20 40 48
SOL 4 5 8 9 10 16 18 24 30 48
SOL 4 5 8 9 10 16 18 36 40 45 48
SOL 4 5 8 9 10 16 20 30 40 45 48
SOL 4 5 8 9 10 16 21 28 40 45 48
SOL 4 5 8 9 10 18 20 21 28 40
SOL 4 5 8 9 10 18 20 30 36 40 45
SOL 4 5 8 9 10 18 21 24 28 30
SOL 4 5 8 9 10 18 21 28 36 40 45
SOL 4 5 8 9 10 18 21 30 35 40 42
SOL 4 5 8 9 10 20 21 24 35 42 45
SOL 4 5 8 9 10 20 21 28 30 40 45
SOL 4 5 8 9 11 12 22 24 33 45
SOL 4 5 8 9 11 14 22 33 35 40 45
SOL 4 5 8 9 11 15 18 22 33 40
SOL 4 5 8 9 11 15 22 30 33 40 45
SOL 4 5 8 9 11 16 22 24 33 45 48
SOL 4 5 8 9 11 18 20 22 24 33
SOL 4 5 8 9 11 18 22 24 33 36 45
SOL 4 5 8 9 11 20 22 24 30 33 45
SOL 4 5 8 9 11 21 22 24 28 33 45
SOL 4 5 8 9 11 21 22 33 35 40 42 45
SOL 4 5 8 9 12 14 15 24 35 45
SOL 4 5 8 9 12 14 16 35 40 45 48
SOL 4 5 8 9 12 14 18 20 35 40
SOL 4 5 8 9 12 14 18 24 30 35
SOL 4 5 8 9 12 14 18 35 36 40 45
SOL 4 5 8 9 12 14 20 30 35 40 45
SOL 4 5 8 9 12 14 21 28 35 40 45
SOL 4 5 8 9 12 15 16 18 40 48
SOL 4 5 8 9 12 15 16 30 40 45 48
SOL 4 5 8 9 12 15 18 20 30 40
SOL 4 5 8 9 12 15 18 21 28 40
SOL 4 5 8 9 12 15 18 30 36 40 45
SOL 4 5 8 9 12 15 21 24 35 42 45
SOL 4 5 8 9 12 15 21 28 30 40 45
SOL 4 5 8 9 12 16 18 20 24 48
SOL 4 5 8 9 12 16 18 24 36 45 48
SOL 4 5 8 9 12 16 20 24 30 45 48
SOL 4 5 8 9 12 16 21 24 28 45 48
SOL 4 5 8 9 12 16 21 35 40 42 45 48
SOL 4 5 8 9 12 18 20 21 24 28
SOL 4 5 8 9 12 18 20 21 35 40 42
SOL 4 5 8 9 12 18 20 24 30 36 45
SOL 4 5 8 9 12 18 21 24 28 36 45
SOL 4 5 8 9 12 18 21 24 30 35 42
SOL 4 5 8 9 12 18 21 35 36 40 42 45
SOL 4 5 8 9 12 20 21 24 28 30 45
SOL 4 5 8 9 12 20 21 30 35 40 42 45
SOL 4 5 8 9 14 15 16 24 35 45 48
SOL 4 5 8 9 14 15 18 20 24 35
SOL 4 5 8 9 14 15 18 24 35 36 45
SOL 4 5 8 9 14 15 20 24 30 35 45
SOL 4 5 8 9 14 15 21 24 28 35 45
SOL 4 5 8 9 14 16 18 20 35 40 48
SOL 4 5 8 9 14 16 18 24 30 35 48
SOL 4 5 8 9 14 16 18 35 36 40 45 48
SOL 4 5 8 9 14 16 20 30 35 40 45 48
SOL 4 5 8 9 14 16 21 28 35 40 45 48
SOL 4 5 8 9 14 18 20 21 28 35 40
SOL 4 5 8 9 14 18 20 30 35 36 40 45
SOL 4 5 8 9 14 18 21 24 28 30 35
SOL 4 5 8 9 14 18 21 28 35 36 40 45
SOL 4 5 8 9 14 20 21 28 30 35 40 45
SOL 4 5 8 9 15 16 18 20 30 40 48
SOL 4 5 8 9 15 16 18 21 28 40 48
SOL 4 5 8 9 15 16 18 30 36 40 45 48
SOL 4 5 8 9 15 16 21 24 35 42 45 48
SOL 4 5 8 9 15 16 21 28 30 40 45 48
SOL 4 5 8 9 15 18 20 21 24 35 42
SOL 4 5 8 9 15 18 20 21 28 30 40
SOL 4 5 8 9 15 18 21 24 35 36 42 45
SOL 4 5 8 9 15 18 21 28 30 36 40 45
SOL 4 5 8 9 15 20 21 24 30 35 42 45
SOL 4 5 8 9 16 18 20 21 24 28 48
SOL 4 5 8 9 16 18 20 21 35 40 42 48
SOL 4 5 8 9 16 18 20 24 30 36 45 48
SOL 4 5 8 9 16 18 21 24 28 36 45 48
SOL 4 5 8 9 16 18 21 24 30 35 42 48
SOL 4 5 8 9 16 18 21 35 36 40 42 45 48
SOL 4 5 8 9 16 20 21 24 28 30 45 48
SOL 4 5 8 9 16 20 21 30 35 40 42 45 48
SOL 4 5 8 9 18 20 21 24 28 30 36 45
SOL 4 5 8 9 18 20 21 30 35 36 40 42 45
SOL 4 5 8 10 11 12 20 22 33 40
SOL 4 5 8 10 11 12 22 24 30 33
SOL 4 5 8 10 11 12 22 33 36 40 45
SOL 4 5 8 10 11 14 22 30 33 35 40
SOL 4 5 8 10 11 15 20 22 24 33
SOL 4 5 8 10 11 15 22 24 33 36 45
SOL 4 5 8 10 11 16 20 22 33 40 48
SOL 4 5 8 10 11 16 22 24 30 33 48
SOL 4 5 8 10 11 16 22 33 36 40 45 48
SOL 4 5 8 10 11 18 20 22 33 36 40
SOL 4 5 8 10 11 18 22 24 30 33 36
SOL 4 5 8 10 11 20 21 22 28 33 40
SOL 4 5 8 10 11 20 22 30 33 36 40 45
SOL 4 5 8 10 11 21 22 24 28 30 33
SOL 4 5 8 10 11 21 22 28 33 36 40 45
SOL 4 5 8 10 11 21 22 30 33 35 40 42
SOL 4 5 8 10 12 14 15 20 35 40
SOL 4 5 8 10 12 14 15 24 30 35
SOL 4 5 8 10 12 14 15 35 36 40 45
SOL 4 5 8 10 12 14 16 30 35 40 48
SOL 4 5 8 10 12 14 18 30 35 36 40
SOL 4 5 8 10 12 14 20 24 35 36 45
SOL 4 5 8 10 12 14 21 28 30 35 40
SOL 4 5 8 10 12 15 16 20 24 48
SOL 4 5 8 10 12 15 16 24 36 45 48
SOL 4 5 8 10 12 15 18 20 24 36
SOL 4 5 8 10 12 15 20 21 24 28
SOL 4 5 8 10 12 15 20 21 35 40 42
SOL 4 5 8 10 12 15 20 24 30 36 45
SOL 4 5 8 10 12 15 21 24 28 36 45
SOL 4 5 8 10 12 15 21 24 30 35 42
SOL 4 5 8 10 12 15 21 35 36 40 42 45
SOL 4 5 8 10 12 16 18 20 36 40 48
SOL 4 5 8 10 12 16 18 24 30 36 48
SOL 4 5 8 10 12 16 20 21 28 40 48
SOL 4 5 8 10 12 16 20 30 36 40 45 48
SOL 4 5 8 10 12 16 21 24 28 30 48
SOL 4 5 8 10 12 16 21 28 36 40 45 48
SOL 4 5 8 10 12 16 21 30 35 40 42 48
SOL 4 5 8 10 12 18 20 21 28 36 40
SOL 4 5 8 10 12 18 21 24 28 30 36
SOL 4 5 8 10 12 18 21 30 35 36 40 42
SOL 4 5 8 10 12 20 21 24 35 36 42 45
SOL 4 5 8 10 12 20 21 28 30 36 40 45
SOL 4 5 8 10 14 15 16 20 35 40 48
SOL 4 5 8 10 14 15 16 24 30 35 48
SOL 4 5 8 10 14 15 16 35 36 40 45 48
SOL 4 5 8 10 14 15 18 20 35 36 40
SOL 4 5 8 10 14 15 18 24 30 35 36
SOL 4 5 8 10 14 15 20 21 28 35 40
SOL 4 5 8 10 14 15 20 30 35 36 40 45
SOL 4 5 8 10 14 15 21 24 28 30 35
SOL 4 5 8 10 14 15 21 28 35 36 40 45
SOL 4 5 8 10 14 16 18 30 35 36 40 48
SOL 4 5 8 10 14 16 20 24 35 36 45 48
SOL 4 5 8 10 14 16 21 28 30 35 40 48
SOL 4 5 8 10 14 18 21 28 30 35 36 40
SOL 4 5 8 10 14 20 21 24 28 35 36 45
SOL 4 5 8 10 15 16 18 20 24 36 48
SOL 4 5 8 10 15 16 20 21 24 28 48
SOL 4 5 8 10 15 16 20 21 35 40 42 48
SOL 4 5 8 10 15 16 20 24 30 36 45 48
SOL 4 5 8 10 15 16 21 24 28 36 45 48
SOL 4 5 8 10 15 16 21 24 30 35 42 48
SOL 4 5 8 10 15 16 21 35 36 40 42 45 48
SOL 4 5 8 10 15 18 20 21 24 28 36
SOL 4 5 8 10 15 18 20 21 35 36 40 42
SOL 4 5 8 10 15 18 21 24 30 35 36 42
SOL 4 5 8 10 15 20 21 24 28 30 36 45
SOL 4 5 8 10 15 20 21 30 35 36 40 42 45
SOL 4 5 8 10 16 18 20 21 28 36 40 48
SOL 4 5 8 10 16 18 21 24 28 30 36 48
SOL 4 5 8 10 16 18 21 30 35 36 40 42 48
SOL 4 5 8 10 16 20 21 24 35 36 42 45 48
SOL 4 5 8 10 16 20 21 28 30 36 40 45 48
SOL 4 5 8 11 12 14 20 22 33 35 40
SOL 4 5 8 11 12 14 22 24 30 33 35
SOL 4 5 8 11 12 14 22 33 35 36 40 45
SOL 4 5 8 11 12 15 16 22 33 40 48
SOL 4 5 8 11 12 15 18 22 33 36 40
SOL 4 5 8 11 12 15 20 22 30 33 40
SOL 4 5 8 11 12 15 21 22 28 33 40
SOL 4 5 8 11 12 15 22 30 33 36 40 45
SOL 4 5 8 11 12 16 20 22 24 33 48
SOL 4 5 8 11 12 16 22 24 33 36 45 48
SOL 4 5 8 11 12 18 20 22 24 33 36
SOL 4 5 8 11 12 20 21 22 24 28 33
SOL 4 5 8 11 12 20 21 22 33 35 40 42
SOL 4 5 8 11 12 20 22 24 30 33 36 45
SOL 4 5 8 11 12 21 22 24 28 33 36 45
SOL 4 5 8 11 12 21 22 24 30 33 35 42
SOL 4 5 8 11 12 21 22 33 35 36 40 42 45
SOL 4 5 8 11 14 15 20 22 24 33 35
SOL 4 5 8 11 14 15 22 24 33 35 36 45
SOL 4 5 8 11 14 16 20 22 33 35 40 48
SOL 4 5 8 11 14 16 22 24 30 33 35 48
SOL 4 5 8 11 14 16 22 33 35 36 40 45 48
SOL 4 5 8 11 14 18 20 22 33 35 36 40
SOL 4 5 8 11 14 18 22 24 30 33 35 36
SOL 4 5 8 11 14 20 21 22 28 33 35 40
SOL 4 5 8 11 14 20 22 30 33 35 36 40 45
SOL 4 5 8 11 14 21 22 24 28 30 33 35
SOL 4 5 8 11 14 21 22 28 33 35 36 40 45
SOL 4 5 8 11 15 16 18 22 33 36 40 48
SOL 4 5 8 11 15 16 20 22 30 33 40 48
SOL 4 5 8 11 15 16 21 22 28 33 40 48
SOL 4 5 8 11 15 16 22 30 33 36 40 45 48
SOL 4 5 8 11 15 18 20 22 30 33 36 40
SOL 4 5 8 11 15 18 21 22 28 33 36 40
SOL 4 5 8 11 15 20 21 22 24 33 35 42
SOL 4 5 8 11 15 20 21 22 28 30 33 40
SOL 4 5 8 11 15 21 22 24 33 35 36 42 45
SOL 4 5 8 11 15 21 22 28 30 33 36 40 45
SOL 4 5 8 11 16 18 20 22 24 33 36 48
SOL 4 5 8 11 16 20 21 22 24 28 33 48
SOL 4 5 8 11 16 20 21 22 33 35 40 42 48
SOL 4 5 8 11 16 20 22 24 30 33 36 45 48
SOL 4 5 8 11 16 21 22 24 28 33 36 45 48
SOL 4 5 8 11 16 21 22 24 30 33 35 42 48
SOL 4 5 8 11 16 21 22 33 35 36 40 42 45 48
SOL 4 5 8 11 18 20 21 22 24 28 33 36
SOL 4 5 8 11 18 20 21 22 33 35 36 40 42
SOL 4 5 8 11 18 21 22 24 30 33 35 36 42
SOL 4 5 8 11 20 21 22 24 28 30 33 36 45
SOL 4 5 8 11 20 21 22 30 33 35 36 40 42 45
SOL 4 5 8 12 14 15 16 20 24 35 48
SOL 4 5 8 12 14 15 16 24 35 36 45 48
SOL 4 5 8 12 14 15 18 20 24 35 36
SOL 4 5 8 12 14 15 20 21 24 28 35
SOL 4 5 8 12 14 15 20 24 30 35 36 45
SOL 4 5 8 12 14 15 21 24 28 35 36 45
SOL 4 5 8 12 14 16 18 20 35 36 40 48
SOL 4 5 8 12 14 16 18 24 30 35 36 48
SOL 4 5 8 12 14 16 20 21 28 35 40 48
SOL 4 5 8 12 14 16 20 30 35 36 40 45 48
SOL 4 5 8 12 14 16 21 24 28 30 35 48
SOL 4 5 8 12 14 16 21 28 35 36 40 45 48
SOL 4 5 8 12 14 18 20 21 28 35 36 40
SOL 4 5 8 12 14 18 21 24 28 30 35 36
SOL 4 5 8 12 14 20 21 28 30 35 36 40 45
SOL 4 5 8 12 15 16 18 20 30 36 40 48
SOL 4 5 8 12 15 16 18 21 28 36 40 48
SOL 4 5 8 12 15 16 20 21 24 35 42 48
SOL 4 5 8 12 15 16 20 21 28 30 40 48
SOL 4 5 8 12 15 16 21 24 35 36 42 45 48
SOL 4 5 8 12 15 16 21 28 30 36 40 45 48
SOL 4 5 8 12 15 18 20 21 24 35 36 42
SOL 4 5 8 12 15 18 20 21 28 30 36 40
SOL 4 5 8 12 15 20 21 24 30 35 36 42 45
SOL 4 5 8 12 16 18 20 21 24 28 36 48
SOL 4 5 8 12 16 18 20 21 35 36 40 42 48
SOL 4 5 8 12 16 18 21 24 30 35 36 42 48
SOL 4 5 8 12 16 20 21 24 28 30 36 45 48
SOL 4 5 8 12 16 20 21 30 35 36 40 42 45 48
SOL 4 5 8 14 15 16 18 20 24 35 36 48
SOL 4 5 8 14 15 16 20 21 24 28 35 48
SOL 4 5 8 14 15 16 20 24 30 35 36 45 48
SOL 4 5 8 14 15 16 21 24 28 35 36 45 48
SOL 4 5 8 14 15 18 20 21 24 28 35 36
SOL 4 5 8 14 15 20 21 24 28 30 35 36 45
SOL 4 5 8 14 16 18 20 21 28 35 36 40 48
SOL 4 5 8 14 16 18 21 24 28 30 35 36 48
SOL 4 5 8 14 16 20 21 28 30 35 36 40 45 48
SOL 4 5 8 15 16 18 20 21 24 35 36 42 48
SOL 4 5 8 15 16 18 20 21 28 30 36 40 48
SOL 4 5 8 15 16 20 21 24 30 35 36 42 45 48
SOL 4 5 9 10 11 12 15 22 33 45
SOL 4 5 9 10 11 12 18 22 30 33
SOL 4 5 9 10 11 12 22 24 33 40 45
SOL 4 5 9 10 11 14 20 22 33 35 45
SOL 4 5 9 10 11 15 16 22 33 45 48
SOL 4 5 9 10 11 15 18 20 22 33
SOL 4 5 9 10 11 15 18 22 33 36 45
SOL 4 5 9 10 11 15 20 22 30 33 45
SOL 4 5 9 10 11 15 21 22 28 33 45
SOL 4 5 9 10 11 16 18 22 30 33 48
SOL 4 5 9 10 11 16 22 24 33 40 45 48
SOL 4 5 9 10 11 18 20 22 24 33 40
SOL 4 5 9 10 11 18 21 22 28 30 33
SOL 4 5 9 10 11 18 22 24 33 36 40 45
SOL 4 5 9 10 11 20 21 22 33 35 42 45
SOL 4 5 9 10 11 20 22 24 30 33 40 45
SOL 4 5 9 10 11 21 22 24 28 33 40 45
SOL 4 5 9 10 12 14 15 18 30 35
SOL 4 5 9 10 12 14 15 24 35 40 45
SOL 4 5 9 10 12 14 16 20 35 45 48
SOL 4 5 9 10 12 14 18 20 35 36 45
SOL 4 5 9 10 12 14 18 24 30 35 40
SOL 4 5 9 10 12 14 20 21 28 35 45
SOL 4 5 9 10 12 15 16 18 20 48
SOL 4 5 9 10 12 15 16 18 36 45 48
SOL 4 5 9 10 12 15 16 20 30 45 48
SOL 4 5 9 10 12 15 16 21 28 45 48
SOL 4 5 9 10 12 15 18 20 21 28
SOL 4 5 9 10 12 15 18 20 30 36 45
SOL 4 5 9 10 12 15 18 21 28 36 45
SOL 4 5 9 10 12 15 18 21 30 35 42
SOL 4 5 9 10 12 15 20 21 28 30 45
SOL 4 5 9 10 12 15 21 24 35 40 42 45
SOL 4 5 9 10 12 16 18 20 24 40 48
SOL 4 5 9 10 12 16 18 21 28 30 48
SOL 4 5 9 10 12 16 18 24 36 40 45 48
SOL 4 5 9 10 12 16 20 21 35 42 45 48
SOL 4 5 9 10 12 16 20 24 30 40 45 48
SOL 4 5 9 10 12 16 21 24 28 40 45 48
SOL 4 5 9 10 12 18 20 21 24 28 40
SOL 4 5 9 10 12 18 20 21 35 36 42 45
SOL 4 5 9 10 12 18 20 24 30 36 40 45
SOL 4 5 9 10 12 18 21 24 28 36 40 45
SOL 4 5 9 10 12 18 21 24 30 35 40 42
SOL 4 5 9 10 12 20 21 24 28 30 40 45
SOL 4 5 9 10 14 15 16 18 30 35 48
SOL 4 5 9 10 14 15 16 24 35 40 45 48
SOL 4 5 9 10 14 15 18 20 24 35 40
SOL 4 5 9 10 14 15 18 21 28 30 35
SOL 4 5 9 10 14 15 18 24 35 36 40 45
SOL 4 5 9 10 14 15 20 24 30 35 40 45
SOL 4 5 9 10 14 15 21 24 28 35 40 45
SOL 4 5 9 10 14 16 18 20 35 36 45 48
SOL 4 5 9 10 14 16 18 24 30 35 40 48
SOL 4 5 9 10 14 16 20 21 28 35 45 48
SOL 4 5 9 10 14 18 20 21 28 35 36 45
SOL 4 5 9 10 14 18 21 24 28 30 35 40
SOL 4 5 9 10 15 16 18 20 21 28 48
SOL 4 5 9 10 15 16 18 20 30 36 45 48
SOL 4 5 9 10 15 16 18 21 28 36 45 48
SOL 4 5 9 10 15 16 18 21 30 35 42 48
SOL 4 5 9 10 15 16 20 21 28 30 45 48
SOL 4 5 9 10 15 16 21 24 35 40 42 45 48
SOL 4 5 9 10 15 18 20 21 24 35 40 42
SOL 4 5 9 10 15 18 20 21 28 30 36 45
SOL 4 5 9 10 15 18 21 24 35 36 40 42 45
SOL 4 5 9 10 15 20 21 24 30 35 40 42 45
SOL 4 5 9 10 16 18 20 21 24 28 40 48
SOL 4 5 9 10 16 18 20 21 35 36 42 45 48
SOL 4 5 9 10 16 18 20 24 30 36 40 45 48
SOL 4 5 9 10 16 18 21 24 28 36 40 45 48
SOL 4 5 9 10 16 18 21 24 30 35 40 42 48
SOL 4 5 9 10 16 20 21 24 28 30 40 45 48
SOL 4 5 9 10 18 20 21 24 28 30 36 40 45
SOL 4 5 9 11 12 14 15 22 33 35 45
SOL 4 5 9 11 12 14 18 22 30 33 35
SOL 4 5 9 11 12 14 22 24 33 35 40 45
SOL 4 5 9 11 12 15 18 22 24 33 40
SOL 4 5 9 11 12 15 21 22 33 35 42 45
SOL 4 5 9 11 12 15 22 24 30 33 40 45
SOL 4 5 9 11 12 16 18 20 22 33 48
SOL 4 5 9 11 12 16 18 22 33 36 45 48
SOL 4 5 9 11 12 16 20 22 30 33 45 48
SOL 4 5 9 11 12 16 21 22 28 33 45 48
SOL 4 5 9 11 12 18 20 21 22 28 33
SOL 4 5 9 11 12 18 20 22 30 33 36 45
SOL 4 5 9 11 12 18 21 22 28 33 36 45
SOL 4 5 9 11 12 18 21 22 30 33 35 42
SOL 4 5 9 11 12 20 21 22 28 30 33 45
SOL 4 5 9 11 12 21 22 24 33 35 40 42 45
SOL 4 5 9 11 14 15 16 22 33 35 45 48
SOL 4 5 9 11 14 15 18 20 22 33 35
SOL 4 5 9 11 14 15 18 22 33 35 36 45
SOL 4 5 9 11 14 15 20 22 30 33 35 45
SOL 4 5 9 11 14 15 21 22 28 33 35 45
SOL 4 5 9 11 14 16 18 22 30 33 35 48
SOL 4 5 9 11 14 16 22 24 33 35 40 45 48
SOL 4 5 9 11 14 18 20 22 24 33 35 40
SOL 4 5 9 11 14 18 21 22 28 30 33 35
SOL 4 5 9 11 14 18 22 24 33 35 36 40 45
SOL 4 5 9 11 14 20 22 24 30 33 35 40 45
SOL 4 5 9 11 14 21 22 24 28 33 35 40 45
SOL 4 5 9 11 15 16 18 22 24 33 40 48
SOL 4 5 9 11 15 16 21 22 33 35 42 45 48
SOL 4 5 9 11 15 16 22 24 30 33 40 45 48
SOL 4 5 9 11 15 18 20 21 22 33 35 42
SOL 4 5 9 11 15 18 20 22 24 30 33 40
SOL 4 5 9 11 15 18 21 22 24 28 33 40
SOL 4 5 9 11 15 18 21 22 33 35 36 42 45
SOL 4 5 9 11 15 18 22 24 30 33 36 40 45
SOL 4 5 9 11 15 20 21 22 30 33 35 42 45
SOL 4 5 9 11 15 21 22 24 28 30 33 40 45
SOL 4 5 9 11 16 18 20 21 22 28 33 48
SOL 4 5 9 11 16 18 20 22 30 33 36 45 48
SOL 4 5 9 11 16 18 21 22 28 33 36 45 48
SOL 4 5 9 11 16 18 21 22 30 33 35 42 48
SOL 4 5 9 11 16 20 21 22 28 30 33 45 48
SOL 4 5 9 11 16 21 22 24 33 35 40 42 45 48
SOL 4 5 9 11 18 20 21 22 24 33 35 40 42
SOL 4 5 9 11 18 20 21 22 28 30 33 36 45
SOL 4 5 9 11 18 21 22 24 33 35 36 40 42 45
SOL 4 5 9 11 20 21 22 24 30 33 35 40 42 45
SOL 4 5 9 12 14 15 16 18 20 35 48
SOL 4 5 9 12 14 15 16 18 35 36 45 48
SOL 4 5 9 12 14 15 16 20 30 35 45 48
SOL 4 5 9 12 14 15 16 21 28 35 45 48
SOL 4 5 9 12 14 15 18 20 21 28 35
SOL 4 5 9 12 14 15 18 20 30 35 36 45
SOL 4 5 9 12 14 15 18 21 28 35 36 45
SOL 4 5 9 12 14 15 20 21 28 30 35 45
SOL 4 5 9 12 14 16 18 20 24 35 40 48
SOL 4 5 9 12 14 16 18 21 28 30 35 48
SOL 4 5 9 12 14 16 18 24 35 36 40 45 48
SOL 4 5 9 12 14 16 20 24 30 35 40 45 48
SOL 4 5 9 12 14 16 21 24 28 35 40 45 48
SOL 4 5 9 12 14 18 20 21 24 28 35 40
SOL 4 5 9 12 14 18 20 24 30 35 36 40 45
SOL 4 5 9 12 14 18 21 24 28 35 36 40 45
SOL 4 5 9 12 14 20 21 24 28 30 35 40 45
SOL 4 5 9 12 15 16 18 20 21 35 42 48
SOL 4 5 9 12 15 16 18 20 24 30 40 48
SOL 4 5 9 12 15 16 18 21 24 28 40 48
SOL 4 5 9 12 15 16 18 21 35 36 42 45 48
SOL 4 5 9 12 15 16 18 24 30 36 40 45 48
SOL 4 5 9 12 15 16 20 21 30 35 42 45 48
SOL 4 5 9 12 15 16 21 24 28 30 40 45 48
SOL 4 5 9 12 15 18 20 21 24 28 30 40
SOL 4 5 9 12 15 18 20 21 30 35 36 42 45
SOL 4 5 9 12 15 18 21 24 28 30 36 40 45
SOL 4 5 9 12 16 18 20 21 24 35 40 42 48
SOL 4 5 9 12 16 18 20 21 28 30 36 45 48
SOL 4 5 9 12 16 18 21 24 35 36 40 42 45 48
SOL 4 5 9 12 16 20 21 24 30 35 40 42 45 48
SOL 4 5 9 12 18 20 21 24 30 35 36 40 42 45
SOL 4 5 9 14 15 16 18 20 21 28 35 48
SOL 4 5 9 14 15 16 18 20 30 35 36 45 48
SOL 4 5 9 14 15 16 18 21 28 35 36 45 48
SOL 4 5 9 14 15 16 20 21 28 30 35 45 48
SOL 4 5 9 14 15 18 20 21 28 30 35 36 45
SOL 4 5 9 14 16 18 20 21 24 28 35 40 48
SOL 4 5 9 14 16 18 20 24 30 35 36 40 45 48
SOL 4 5 9 14 16 18 21 24 28 35 36 40 45 48
SOL 4 5 9 14 16 20 21 24 28 30 35 40 45 48
SOL 4 5 9 14 18 20 21 24 28 30 35 36 40 45
SOL 4 5 9 15 16 18 20 21 24 28 30 40 48
SOL 4 5 9 15 16 18 20 21 30 35 36 42 45 48
SOL 4 5 9 15 16 18 21 24 28 30 36 40 45 48
SOL 4 5 9 16 18 20 21 24 30 35 36 40 42 45 48
SOL 4 5 10 11 12 14 15 22 30 33 35
SOL 4 5 10 11 12 14 20 22 33 35 36 45
SOL 4 5 10 11 12 14 22 24 30 33 35 40
SOL 4 5 10 11 12 15 16 20 22 33 48
SOL 4 5 10 11 12 15 16 22 33 36 45 48
SOL 4 5 10 11 12 15 18 20 22 33 36
SOL 4 5 10 11 12 15 20 21 22 28 33
SOL 4 5 10 11 12 15 20 22 30 33 36 45
SOL 4 5 10 11 12 15 21 22 28 33 36 45
SOL 4 5 10 11 12 15 21 22 30 33 35 42
SOL 4 5 10 11 12 16 18 22 30 33 36 48
SOL 4 5 10 11 12 16 20 22 24 33 40 48
SOL 4 5 10 11 12 16 21 22 28 30 33 48
SOL 4 5 10 11 12 16 22 24 33 36 40 45 48
SOL 4 5 10 11 12 18 20 22 24 33 36 40
SOL 4 5 10 11 12 18 21 22 28 30 33 36
SOL 4 5 10 11 12 20 21 22 24 28 33 40
SOL 4 5 10 11 12 20 21 22 33 35 36 42 45
SOL 4 5 10 11 12 20 22 24 30 33 36 40 45
SOL 4 5 10 11 12 21 22 24 28 33 36 40 45
SOL 4 5 10 11 12 21 22 24 30 33 35 40 42
SOL 4 5 10 11 14 15 16 22 30 33 35 48
SOL 4 5 10 11 14 15 18 22 30 33 35 36
SOL 4 5 10 11 14 15 20 22 24 33 35 40
SOL 4 5 10 11 14 15 21 22 28 30 33 35
SOL 4 5 10 11 14 15 22 24 33 35 36 40 45
SOL 4 5 10 11 14 16 20 22 33 35 36 45 48
SOL 4 5 10 11 14 16 22 24 30 33 35 40 48
SOL 4 5 10 11 14 18 22 24 30 33 35 36 40
SOL 4 5 10 11 14 20 21 22 28 33 35 36 45
SOL 4 5 10 11 14 21 22 24 28 30 33 35 40
SOL 4 5 10 11 15 16 18 20 22 33 36 48
SOL 4 5 10 11 15 16 20 21 22 28 33 48
SOL 4 5 10 11 15 16 20 22 30 33 36 45 48
SOL 4 5 10 11 15 16 21 22 28 33 36 45 48
SOL 4 5 10 11 15 16 21 22 30 33 35 42 48
SOL 4 5 10 11 15 18 20 21 22 28 33 36
SOL 4 5 10 11 15 18 21 22 30 33 35 36 42
SOL 4 5 10 11 15 20 21 22 24 33 35 40 42
SOL 4 5 10 11 15 20 21 22 28 30 33 36 45
SOL 4 5 10 11 15 21 22 24 33 35 36 40 42 45
SOL 4 5 10 11 16 18 20 22 24 33 36 40 48
SOL 4 5 10 11 16 18 21 22 28 30 33 36 48
SOL 4 5 10 11 16 20 21 22 24 28 33 40 48
SOL 4 5 10 11 16 20 21 22 33 35 36 42 45 48
SOL 4 5 10 11 16 20 22 24 30 33 36 40 45 48
SOL 4 5 10 11 16 21 22 24 28 33 36 40 45 48
SOL 4 5 10 11 16 21 22 24 30 33 35 40 42 48
SOL 4 5 10 11 18 20 21 22 24 28 33 36 40
SOL 4 5 10 11 18 21 22 24 30 33 35 36 40 42
SOL 4 5 10 11 20 21 22 24 28 30 33 36 40 45
SOL 4 5 10 12 14 15 16 18 30 35 36 48
SOL 4 5 10 12 14 15 16 20 24 35 40 48
SOL 4 5 10 12 14 15 16 21 28 30 35 48
SOL 4 5 10 12 14 15 16 24 35 36 40 45 48
SOL 4 5 10 12 14 15 18 20 24 35 36 40
SOL 4 5 10 12 14 15 18 21 28 30 35 36
SOL 4 5 10 12 14 15 20 21 24 28 35 40
SOL 4 5 10 12 14 15 20 24 30 35 36 40 45
SOL 4 5 10 12 14 15 21 24 28 35 36 40 45
SOL 4 5 10 12 14 16 18 24 30 35 36 40 48
SOL 4 5 10 12 14 16 20 21 28 35 36 45 48
SOL 4 5 10 12 14 16 21 24 28 30 35 40 48
SOL 4 5 10 12 14 18 21 24 28 30 35 36 40
SOL 4 5 10 12 15 16 18 20 21 28 36 48
SOL 4 5 10 12 15 16 18 21 30 35 36 42 48
SOL 4 5 10 12 15 16 20 21 24 35 40 42 48
SOL 4 5 10 12 15 16 20 21 28 30 36 45 48
SOL 4 5 10 12 15 16 21 24 35 36 40 42 45 48
SOL 4 5 10 12 15 18 20 21 24 35 36 40 42
SOL 4 5 10 12 15 20 21 24 30 35 36 40 42 45
SOL 4 5 10 12 16 18 20 21 24 28 36 40 48
SOL 4 5 10 12 16 18 21 24 30 35 36 40 42 48
SOL 4 5 10 12 16 20 21 24 28 30 36 40 45 48
SOL 4 5 10 14 15 16 18 20 24 35 36 40 48
SOL 4 5 10 14 15 16 18 21 28 30 35 36 48
SOL 4 5 10 14 15 16 20 21 24 28 35 40 48
SOL 4 5 10 14 15 16 20 24 30 35 36 40 45 48
SOL 4 5 10 14 15 16 21 24 28 35 36 40 45 48
SOL 4 5 10 14 15 18 20 21 24 28 35 36 40
SOL 4 5 10 14 15 20 21 24 28 30 35 36 40 45
SOL 4 5 10 14 16 18 21 24 28 30 35 36 40 48
SOL 4 5 10 15 16 18 20 21 24 35 36 40 42 48
SOL 4 5 10 15 16 20 21 24 30 35 36 40 42 45 48
SOL 4 5 11 12 14 15 16 20 22 33 35 48
SOL 4 5 11 12 14 15 16 22 33 35 36 45 48
SOL 4 5 11 12 14 15 18 20 22 33 35 36
SOL 4 5 11 12 14 15 20 21 22 28 33 35
SOL 4 5 11 12 14 15 20 22 30 33 35 36 45
SOL 4 5 11 12 14 15 21 22 28 33 35 36 45
SOL 4 5 11 12 14 16 18 22 30 33 35 36 48
SOL 4 5 11 12 14 16 20 22 24 33 35 40 48
SOL 4 5 11 12 14 16 21 22 28 30 33 35 48
SOL 4 5 11 12 14 16 22 24 33 35 36 40 45 48
SOL 4 5 11 12 14 18 20 22 24 33 35 36 40
SOL 4 5 11 12 14 18 21 22 28 30 33 35 36
SOL 4 5 11 12 14 20 21 22 24 28 33 35 40
SOL 4 5 11 12 14 20 22 24 30 33 35 36 40 45
SOL 4 5 11 12 14 21 22 24 28 33 35 36 40 45
SOL 4 5 11 12 15 16 18 22 24 33 36 40 48
SOL 4 5 11 12 15 16 20 21 22 33 35 42 48
SOL 4 5 11 12 15 16 20 22 24 30 33 40 48
SOL 4 5 11 12 15 16 21 22 24 28 33 40 48
SOL 4 5 11 12 15 16 21 22 33 35 36 42 45 48
SOL 4 5 11 12 15 16 22 24 30 33 36 40 45 48
SOL 4 5 11 12 15 18 20 21 22 33 35 36 42
SOL 4 5 11 12 15 18 20 22 24 30 33 36 40
SOL 4 5 11 12 15 18 21 22 24 28 33 36 40
SOL 4 5 11 12 15 20 21 22 24 28 30 33 40
SOL 4 5 11 12 15 20 21 22 30 33 35 36 42 45
SOL 4 5 11 12 15 21 22 24 28 30 33 36 40 45
SOL 4 5 11 12 16 18 20 21 22 28 33 36 48
SOL 4 5 11 12 16 18 21 22 30 33 35 36 42 48
SOL 4 5 11 12 16 20 21 22 24 33 35 40 42 48
SOL 4 5 11 12 16 20 21 22 28 30 33 36 45 48
SOL 4 5 11 12 16 21 22 24 33 35 36 40 42 45 48
SOL 4 5 11 12 18 20 21 22 24 33 35 36 40 42
SOL 4 5 11 12 20 21 22 24 30 33 35 36 40 42 45
SOL 4 5 11 14 15 16 18 20 22 33 35 36 48
SOL 4 5 11 14 15 16 20 21 22 28 33 35 48
SOL 4 5 11 14 15 16 20 22 30 33 35 36 45 48
SOL 4 5 11 14 15 16 21 22 28 33 35 36 45 48
SOL 4 5 11 14 15 18 20 21 22 28 33 35 36
SOL 4 5 11 14 15 20 21 22 28 30 33 35 36 45
SOL 4 5 11 14 16 18 20 22 24 33 35 36 40 48
SOL 4 5 11 14 16 18 21 22 28 30 33 35 36 48
SOL 4 5 11 14 16 20 21 22 24 28 33 35 40 48
SOL 4 5 11 14 16 20 22 24 30 33 35 36 40 45 48
SOL 4 5 11 14 16 21 22 24 28 33 35 36 40 45 48
SOL 4 5 11 14 18 20 21 22 24 28 33 35 36 40
SOL 4 5 11 14 20 21 22 24 28 30 33 35 36 40 45
SOL 4 5 11 15 16 18 20 21 22 33 35 36 42 48
SOL 4 5 11 15 16 18 20 22 24 30 33 36 40 48
SOL 4 5 11 15 16 18 21 22 24 28 33 36 40 48
SOL 4 5 11 15 16 20 21 22 24 28 30 33 40 48
SOL 4 5 11 15 16 20 21 22 30 33 35 36 42 45 48
SOL 4 5 11 15 16 21 22 24 28 30 33 36 40 45 48
SOL 4 5 11 15 18 20 21 22 24 28 30 33 36 40
SOL 4 5 11 16 18 20 21 22 24 33 35 36 40 42 48
SOL 4 5 11 16 20 21 22 24 30 33 35 36 40 42 45 48
SOL 4 5 12 14 15 16 18 20 21 28 35 36 48
SOL 4 5 12 14 15 16 20 21 28 30 35 36 45 48
SOL 4 5 12 14 16 18 20 21 24 28 35 36 40 48
SOL 4 5 12 14 16 20 21 24 28 30 35 36 40 45 48
SOL 4 5 12 15 16 18 20 21 24 28 30 36 40 48
SOL 4 6 7 8 9 10 18 40 42
SOL 4 6 7 8 9 10 30 40 42 45
SOL 4 6 7 8 9 12 18 24 42
SOL 4 6 7 8 9 12 20 40 42 45
SOL 4 6 7 8 9 12 24 30 42 45
SOL 4 6 7 8 9 14 18 24 28
SOL 4 6 7 8 9 14 18 35 40 42
SOL 4 6 7 8 9 14 20 28 40 45
SOL 4 6 7 8 9 14 24 28 30 45
SOL 4 6 7 8 9 14 30 35 40 42 45
SOL 4 6 7 8 9 15 18 30 40 42
SOL 4 6 7 8 9 15 20 24 42 45
SOL 4 6 7 8 9 16 18 24 42 48
SOL 4 6 7 8 9 16 20 40 42 45 48
SOL 4 6 7 8 9 16 24 30 42 45 48
SOL 4 6 7 8 9 18 20 24 30 42
SOL 4 6 7 8 9 18 20 36 40 42 45
SOL 4 6 7 8 9 18 21 24 28 42
SOL 4 6 7 8 9 18 24 30 36 42 45
SOL 4 6 7 8 9 20 21 28 40 42 45
SOL 4 6 7 8 9 21 24 28 30 42 45
SOL 4 6 7 8 10 11 22 33 40 42
SOL 4 6 7 8 10 12 14 28 40
SOL 4 6 7 8 10 12 15 24 42
SOL 4 6 7 8 10 12 16 40 42 48
SOL 4 6 7 8 10 12 18 36 40 42
SOL 4 6 7 8 10 12 20 30 40 42
SOL 4 6 7 8 10 12 21 28 40 42
SOL 4 6 7 8 10 12 30 36 40 42 45
SOL 4 6 7 8 10 14 15 24 28
SOL 4 6 7 8 10 14 15 35 40 42
SOL 4 6 7 8 10 14 16 28 40 48
SOL 4 6 7 8 10 14 18 28 36 40
SOL 4 6 7 8 10 14 20 24 35 42
SOL 4 6 7 8 10 14 20 28 30 40
SOL 4 6 7 8 10 14 24 35 36 42 45
SOL 4 6 7 8 10 14 28 30 36 40 45
SOL 4 6 7 8 10 15 16 24 42 48
SOL 4 6 7 8 10 15 18 24 36 42
SOL 4 6 7 8 10 15 20 24 30 42
SOL 4 6 7 8 10 15 20 36 40 42 45
SOL 4 6 7 8 10 15 21 24 28 42
SOL 4 6 7 8 10 15 24 30 36 42 45
SOL 4 6 7 8 10 16 18 36 40 42 48
SOL 4 6 7 8 10 16 20 30 40 42 48
SOL 4 6 7 8 10 16 21 28 40 42 48
SOL 4 6 7 8 10 16 30 36 40 42 45 48
SOL 4 6 7 8 10 18 20 30 36 40 42
SOL 4 6 7 8 10 18 21 28 36 40 42
SOL 4 6 7 8 10 20 21 28 30 40 42
SOL 4 6 7 8 10 21 28 30 36 40 42 45
SOL 4 6 7 8 11 12 22 24 33 42
SOL 4 6 7 8 11 14 22 24 28 33
SOL 4 6 7 8 11 14 22 33 35 40 42
SOL 4 6 7 8 11 15 22 30 33 40 42
SOL 4 6 7 8 11 16 22 24 33 42 48
SOL 4 6 7 8 11 18 22 24 33 36 42
SOL 4 6 7 8 11 20 22 24 30 33 42
SOL 4 6 7 8 11 20 22 33 36 40 42 45
SOL 4 6 7 8 11 21 22 24 28 33 42
SOL 4 6 7 8 11 22 24 30 33 36 42 45
SOL 4 6 7 8 12 14 15 24 35 42
SOL 4 6 7 8 12 14 15 28 30 40
SOL 4 6 7 8 12 14 16 24 28 48
SOL 4 6 7 8 12 14 16 35 40 42 48
SOL 4 6 7 8 12 14 18 24 28 36
SOL 4 6 7 8 12 14 18 35 36 40 42
SOL 4 6 7 8 12 14 20 24 28 30
SOL 4 6 7 8 12 14 20 28 36 40 45
SOL 4 6 7 8 12 14 20 30 35 40 42
SOL 4 6 7 8 12 14 21 28 35 40 42
SOL 4 6 7 8 12 14 24 28 30 36 45
SOL 4 6 7 8 12 14 30 35 36 40 42 45
SOL 4 6 7 8 12 15 16 30 40 42 48
SOL 4 6 7 8 12 15 18 30 36 40 42
SOL 4 6 7 8 12 15 20 24 36 42 45
SOL 4 6 7 8 12 15 21 28 30 40 42
SOL 4 6 7 8 12 16 18 24 36 42 48
SOL 4 6 7 8 12 16 20 24 30 42 48
SOL 4 6 7 8 12 16 20 36 40 42 45 48
SOL 4 6 7 8 12 16 21 24 28 42 48
SOL 4 6 7 8 12 16 24 30 36 42 45 48
SOL 4 6 7 8 12 18 20 24 30 36 42
SOL 4 6 7 8 12 18 21 24 28 36 42
SOL 4 6 7 8 12 20 21 24 28 30 42
SOL 4 6 7 8 12 20 21 28 36 40 42 45
SOL 4 6 7 8 12 21 24 28 30 36 42 45
SOL 4 6 7 8 14 15 16 24 35 42 48
SOL 4 6 7 8 14 15 16 28 30 40 48
SOL 4 6 7 8 14 15 18 24 35 36 42
SOL 4 6 7 8 14 15 18 28 30 36 40
SOL 4 6 7 8 14 15 20 24 28 36 45
SOL 4 6 7 8 14 15 20 24 30 35 42
SOL 4 6 7 8 14 15 20 35 36 40 42 45
SOL 4 6 7 8 14 15 21 24 28 35 42
SOL 4 6 7 8 14 15 24 30 35 36 42 45
SOL 4 6 7 8 14 16 18 24 28 36 48
SOL 4 6 7 8 14 16 18 35 36 40 42 48
SOL 4 6 7 8 14 16 20 24 28 30 48
SOL 4 6 7 8 14 16 20 28 36 40 45 48
SOL 4 6 7 8 14 16 20 30 35 40 42 48
SOL 4 6 7 8 14 16 21 28 35 40 42 48
SOL 4 6 7 8 14 16 24 28 30 36 45 48
SOL 4 6 7 8 14 16 30 35 36 40 42 45 48
SOL 4 6 7 8 14 18 20 24 28 30 36
SOL 4 6 7 8 14 18 20 30 35 36 40 42
SOL 4 6 7 8 14 18 21 28 35 36 40 42
SOL 4 6 7 8 14 20 21 28 30 35 40 42
SOL 4 6 7 8 14 21 28 30 35 36 40 42 45
SOL 4 6 7 8 15 16 18 30 36 40 42 48
SOL 4 6 7 8 15 16 20 24 36 42 45 48
SOL 4 6 7 8 15 16 21 28 30 40 42 48
SOL 4 6 7 8 15 18 21 28 30 36 40 42
SOL 4 6 7 8 15 20 21 24 28 36 42 45
SOL 4 6 7 8 16 18 20 24 30 36 42 48
SOL 4 6 7 8 16 18 21 24 28 36 42 48
SOL 4 6 7 8 16 20 21 24 28 30 42 48
SOL 4 6 7 8 16 20 21 28 36 40 42 45 48
SOL 4 6 7 8 16 21 24 28 30 36 42 45 48
SOL 4 6 7 8 18 20 21 24 28 30 36 42
SOL 4 6 7 9 10 12 14 35 42 45
SOL 4 6 7 9 10 12 15 18 42
SOL 4 6 7 9 10 12 15 30 42 45
SOL 4 6 7 9 10 12 18 24 40 42
SOL 4 6 7 9 10 12 24 30 40 42 45
SOL 4 6 7 9 10 14 15 18 28
SOL 4 6 7 9 10 14 15 28 30 45
SOL 4 6 7 9 10 14 16 35 42 45 48
SOL 4 6 7 9 10 14 18 20 35 42
SOL 4 6 7 9 10 14 18 24 28 40
SOL 4 6 7 9 10 14 18 35 36 42 45
SOL 4 6 7 9 10 14 20 30 35 42 45
SOL 4 6 7 9 10 14 21 28 35 42 45
SOL 4 6 7 9 10 14 24 28 30 40 45
SOL 4 6 7 9 10 15 16 18 42 48
SOL 4 6 7 9 10 15 16 30 42 45 48
SOL 4 6 7 9 10 15 18 20 30 42
SOL 4 6 7 9 10 15 18 21 28 42
SOL 4 6 7 9 10 15 18 30 36 42 45
SOL 4 6 7 9 10 15 20 24 40 42 45
SOL 4 6 7 9 10 15 21 28 30 42 45
SOL 4 6 7 9 10 16 18 24 40 42 48
SOL 4 6 7 9 10 16 24 30 40 42 45 48
SOL 4 6 7 9 10 18 20 24 30 40 42
SOL 4 6 7 9 10 18 21 24 28 40 42
SOL 4 6 7 9 10 18 24 30 36 40 42 45
SOL 4 6 7 9 10 21 24 28 30 40 42 45
SOL 4 6 7 9 11 12 18 22 33 42
SOL 4 6 7 9 11 12 22 30 33 42 45
SOL 4 6 7 9 11 14 18 22 28 33
SOL 4 6 7 9 11 14 22 28 30 33 45
SOL 4 6 7 9 11 15 20 22 33 42 45
SOL 4 6 7 9 11 16 18 22 33 42 48
SOL 4 6 7 9 11 16 22 30 33 42 45 48
SOL 4 6 7 9 11 18 20 22 30 33 42
SOL 4 6 7 9 11 18 21 22 28 33 42
SOL 4 6 7 9 11 18 22 30 33 36 42 45
SOL 4 6 7 9 11 20 22 24 33 40 42 45
SOL 4 6 7 9 11 21 22 28 30 33 42 45
SOL 4 6 7 9 12 14 15 18 35 42
SOL 4 6 7 9 12 14 15 20 28 45
SOL 4 6 7 9 12 14 15 30 35 42 45
SOL 4 6 7 9 12 14 16 18 28 48
SOL 4 6 7 9 12 14 16 28 30 45 48
SOL 4 6 7 9 12 14 18 20 28 30
SOL 4 6 7 9 12 14 18 24 35 40 42
SOL 4 6 7 9 12 14 18 28 30 36 45
SOL 4 6 7 9 12 14 20 24 28 40 45
SOL 4 6 7 9 12 14 24 30 35 40 42 45
SOL 4 6 7 9 12 15 16 20 42 45 48
SOL 4 6 7 9 12 15 18 20 36 42 45
SOL 4 6 7 9 12 15 18 24 30 40 42
SOL 4 6 7 9 12 15 20 21 28 42 45
SOL 4 6 7 9 12 16 18 20 30 42 48
SOL 4 6 7 9 12 16 18 21 28 42 48
SOL 4 6 7 9 12 16 18 30 36 42 45 48
SOL 4 6 7 9 12 16 20 24 40 42 45 48
SOL 4 6 7 9 12 16 21 28 30 42 45 48
SOL 4 6 7 9 12 18 20 21 28 30 42
SOL 4 6 7 9 12 18 20 24 36 40 42 45
SOL 4 6 7 9 12 18 21 28 30 36 42 45
SOL 4 6 7 9 12 20 21 24 28 40 42 45
SOL 4 6 7 9 14 15 16 18 35 42 48
SOL 4 6 7 9 14 15 16 20 28 45 48
SOL 4 6 7 9 14 15 16 30 35 42 45 48
SOL 4 6 7 9 14 15 18 20 28 36 45
SOL 4 6 7 9 14 15 18 20 30 35 42
SOL 4 6 7 9 14 15 18 21 28 35 42
SOL 4 6 7 9 14 15 18 24 28 30 40
SOL 4 6 7 9 14 15 18 30 35 36 42 45
SOL 4 6 7 9 14 15 20 24 35 40 42 45
SOL 4 6 7 9 14 15 21 28 30 35 42 45
SOL 4 6 7 9 14 16 18 20 28 30 48
SOL 4 6 7 9 14 16 18 24 35 40 42 48
SOL 4 6 7 9 14 16 18 28 30 36 45 48
SOL 4 6 7 9 14 16 20 24 28 40 45 48
SOL 4 6 7 9 14 16 24 30 35 40 42 45 48
SOL 4 6 7 9 14 18 20 24 28 36 40 45
SOL 4 6 7 9 14 18 20 24 30 35 40 42
SOL 4 6 7 9 14 18 21 24 28 35 40 42
SOL 4 6 7 9 14 18 24 30 35 36 40 42 45
SOL 4 6 7 9 14 21 24 28 30 35 40 42 45
SOL 4 6 7 9 15 16 18 20 36 42 45 48
SOL 4 6 7 9 15 16 18 24 30 40 42 48
SOL 4 6 7 9 15 16 20 21 28 42 45 48
SOL 4 6 7 9 15 18 20 21 28 36 42 45
SOL 4 6 7 9 15 18 21 24 28 30 40 42
SOL 4 6 7 9 16 18 20 21 28 30 42 48
SOL 4 6 7 9 16 18 20 24 36 40 42 45 48
SOL 4 6 7 9 16 18 21 28 30 36 42 45 48
SOL 4 6 7 9 16 20 21 24 28 40 42 45 48
SOL 4 6 7 9 18 20 21 24 28 36 40 42 45
SOL 4 6 7 10 11 12 15 22 33 42
SOL 4 6 7 10 11 12 22 24 33 40 42
SOL 4 6 7 10 11 14 15 22 28 33
SOL 4 6 7 10 11 14 20 22 33 35 42
SOL 4 6 7 10 11 14 22 24 28 33 40
SOL 4 6 7 10 11 14 22 33 35 36 42 45
SOL 4 6 7 10 11 15 16 22 33 42 48
SOL 4 6 7 10 11 15 18 22 33 36 42
SOL 4 6 7 10 11 15 20 22 30 33 42
SOL 4 6 7 10 11 15 21 22 28 33 42
SOL 4 6 7 10 11 15 22 30 33 36 42 45
SOL 4 6 7 10 11 16 22 24 33 40 42 48
SOL 4 6 7 10 11 18 22 24 33 36 40 42
SOL 4 6 7 10 11 20 22 24 30 33 40 42
SOL 4 6 7 10 11 21 22 24 28 33 40 42
SOL 4 6 7 10 11 22 24 30 33 36 40 42 45
SOL 4 6 7 10 12 14 15 16 28 48
SOL 4 6 7 10 12 14 15 18 28 36
SOL 4 6 7 10 12 14 15 20 28 30
SOL 4 6 7 10 12 14 15 24 35 40 42
SOL 4 6 7 10 12 14 15 28 30 36 45
SOL 4 6 7 10 12 14 16 20 35 42 48
SOL 4 6 7 10 12 14 16 24 28 40 48
SOL 4 6 7 10 12 14 16 35 36 42 45 48
SOL 4 6 7 10 12 14 18 20 35 36 42
SOL 4 6 7 10 12 14 18 24 28 36 40
SOL 4 6 7 10 12 14 20 21 28 35 42
SOL 4 6 7 10 12 14 20 24 28 30 40
SOL 4 6 7 10 12 14 20 30 35 36 42 45
SOL 4 6 7 10 12 14 21 28 35 36 42 45
SOL 4 6 7 10 12 14 24 28 30 36 40 45
SOL 4 6 7 10 12 15 16 18 36 42 48
SOL 4 6 7 10 12 15 16 20 30 42 48
SOL 4 6 7 10 12 15 16 21 28 42 48
SOL 4 6 7 10 12 15 16 30 36 42 45 48
SOL 4 6 7 10 12 15 18 20 30 36 42
SOL 4 6 7 10 12 15 18 21 28 36 42
SOL 4 6 7 10 12 15 20 21 28 30 42
SOL 4 6 7 10 12 15 20 24 36 40 42 45
SOL 4 6 7 10 12 15 21 28 30 36 42 45
SOL 4 6 7 10 12 16 18 24 36 40 42 48
SOL 4 6 7 10 12 16 20 24 30 40 42 48
SOL 4 6 7 10 12 16 21 24 28 40 42 48
SOL 4 6 7 10 12 16 24 30 36 40 42 45 48
SOL 4 6 7 10 12 18 20 24 30 36 40 42
SOL 4 6 7 10 12 18 21 24 28 36 40 42
SOL 4 6 7 10 12 20 21 24 28 30 40 42
SOL 4 6 7 10 12 21 24 28 30 36 40 42 45
SOL 4 6 7 10 14 15 16 18 28 36 48
SOL 4 6 7 10 14 15 16 20 28 30 48
SOL 4 6 7 10 14 15 16 24 35 40 42 48
SOL 4 6 7 10 14 15 16 28 30 36 45 48
SOL 4 6 7 10 14 15 18 20 28 30 36
SOL 4 6 7 10 14 15 18 24 35 36 40 42
SOL 4 6 7 10 14 15 20 24 28 36 40 45
SOL 4 6 7 10 14 15 20 24 30 35 40 42
SOL 4 6 7 10 14 15 21 24 28 35 40 42
SOL 4 6 7 10 14 15 24 30 35 36 40 42 45
SOL 4 6 7 10 14 16 18 20 35 36 42 48
SOL 4 6 7 10 14 16 18 24 28 36 40 48
SOL 4 6 7 10 14 16 20 21 28 35 42 48
SOL 4 6 7 10 14 16 20 24 28 30 40 48
SOL 4 6 7 10 14 16 20 30 35 36 42 45 48
SOL 4 6 7 10 14 16 21 28 35 36 42 45 48
SOL 4 6 7 10 14 16 24 28 30 36 40 45 48
SOL 4 6 7 10 14 18 20 21 28 35 36 42
SOL 4 6 7 10 14 18 20 24 28 30 36 40
SOL 4 6 7 10 14 20 21 28 30 35 36 42 45
SOL 4 6 7 10 15 16 18 20 30 36 42 48
SOL 4 6 7 10 15 16 18 21 28 36 42 48
SOL 4 6 7 10 15 16 20 21 28 30 42 48
SOL 4 6 7 10 15 16 20 24 36 40 42 45 48
SOL 4 6 7 10 15 16 21 28 30 36 42 45 48
SOL 4 6 7 10 15 18 20 21 28 30 36 42
SOL 4 6 7 10 15 20 21 24 28 36 40 42 45
SOL 4 6 7 10 16 18 20 24 30 36 40 42 48
SOL 4 6 7 10 16 18 21 24 28 36 40 42 48
SOL 4 6 7 10 16 20 21 24 28 30 40 42 48
SOL 4 6 7 10 16 21 24 28 30 36 40 42 45 48
SOL 4 6 7 10 18 20 21 24 28 30 36 40 42
SOL 4 6 7 11 12 14 15 22 33 35 42
SOL 4 6 7 11 12 14 16 22 28 33 48
SOL 4 6 7 11 12 14 18 22 28 33 36
SOL 4 6 7 11 12 14 20 22 28 30 33
SOL 4 6 7 11 12 14 22 24 33 35 40 42
SOL 4 6 7 11 12 14 22 28 30 33 36 45
SOL 4 6 7 11 12 15 20 22 33 36 42 45
SOL 4 6 7 11 12 15 22 24 30 33 40 42
SOL 4 6 7 11 12 16 18 22 33 36 42 48
SOL 4 6 7 11 12 16 20 22 30 33 42 48
SOL 4 6 7 11 12 16 21 22 28 33 42 48
SOL 4 6 7 11 12 16 22 30 33 36 42 45 48
SOL 4 6 7 11 12 18 20 22 30 33 36 42
SOL 4 6 7 11 12 18 21 22 28 33 36 42
SOL 4 6 7 11 12 20 21 22 28 30 33 42
SOL 4 6 7 11 12 20 22 24 33 36 40 42 45
SOL 4 6 7 11 12 21 22 28 30 33 36 42 45
SOL 4 6 7 11 14 15 16 22 33 35 42 48
SOL 4 6 7 11 14 15 18 22 33 35 36 42
SOL 4 6 7 11 14 15 20 22 28 33 36 45
SOL 4 6 7 11 14 15 20 22 30 33 35 42
SOL 4 6 7 11 14 15 21 22 28 33 35 42
SOL 4 6 7 11 14 15 22 24 28 30 33 40
SOL 4 6 7 11 14 15 22 30 33 35 36 42 45
SOL 4 6 7 11 14 16 18 22 28 33 36 48
SOL 4 6 7 11 14 16 20 22 28 30 33 48
SOL 4 6 7 11 14 16 22 24 33 35 40 42 48
SOL 4 6 7 11 14 16 22 28 30 33 36 45 48
SOL 4 6 7 11 14 18 20 22 28 30 33 36
SOL 4 6 7 11 14 18 22 24 33 35 36 40 42
SOL 4 6 7 11 14 20 22 24 28 33 36 40 45
SOL 4 6 7 11 14 20 22 24 30 33 35 40 42
SOL 4 6 7 11 14 21 22 24 28 33 35 40 42
SOL 4 6 7 11 14 22 24 30 33 35 36 40 42 45
SOL 4 6 7 11 15 16 20 22 33 36 42 45 48
SOL 4 6 7 11 15 16 22 24 30 33 40 42 48
SOL 4 6 7 11 15 18 22 24 30 33 36 40 42
SOL 4 6 7 11 15 20 21 22 28 33 36 42 45
SOL 4 6 7 11 15 21 22 24 28 30 33 40 42
SOL 4 6 7 11 16 18 20 22 30 33 36 42 48
SOL 4 6 7 11 16 18 21 22 28 33 36 42 48
SOL 4 6 7 11 16 20 21 22 28 30 33 42 48
SOL 4 6 7 11 16 20 22 24 33 36 40 42 45 48
SOL 4 6 7 11 16 21 22 28 30 33 36 42 45 48
SOL 4 6 7 11 18 20 21 22 28 30 33 36 42
SOL 4 6 7 11 20 21 22 24 28 33 36 40 42 45
SOL 4 6 7 12 14 15 16 18 35 36 42 48
SOL 4 6 7 12 14 15 16 20 28 36 45 48
SOL 4 6 7 12 14 15 16 20 30 35 42 48
SOL 4 6 7 12 14 15 16 21 28 35 42 48
SOL 4 6 7 12 14 15 16 24 28 30 40 48
SOL 4 6 7 12 14 15 16 30 35 36 42 45 48
SOL 4 6 7 12 14 15 18 20 30 35 36 42
SOL 4 6 7 12 14 15 18 21 28 35 36 42
SOL 4 6 7 12 14 15 18 24 28 30 36 40
SOL 4 6 7 12 14 15 20 21 28 30 35 42
SOL 4 6 7 12 14 15 20 24 35 36 40 42 45
SOL 4 6 7 12 14 15 21 28 30 35 36 42 45
SOL 4 6 7 12 14 16 18 20 28 30 36 48
SOL 4 6 7 12 14 16 18 24 35 36 40 42 48
SOL 4 6 7 12 14 16 20 24 28 36 40 45 48
SOL 4 6 7 12 14 16 20 24 30 35 40 42 48
SOL 4 6 7 12 14 16 21 24 28 35 40 42 48
SOL 4 6 7 12 14 16 24 30 35 36 40 42 45 48
SOL 4 6 7 12 14 18 20 24 30 35 36 40 42
SOL 4 6 7 12 14 18 21 24 28 35 36 40 42
SOL 4 6 7 12 14 20 21 24 28 30 35 40 42
SOL 4 6 7 12 14 21 24 28 30 35 36 40 42 45
SOL 4 6 7 12 15 16 18 24 30 36 40 42 48
SOL 4 6 7 12 15 16 20 21 28 36 42 45 48
SOL 4 6 7 12 15 16 21 24 28 30 40 42 48
SOL 4 6 7 12 15 18 21 24 28 30 36 40 42
SOL 4 6 7 12 16 18 20 21 28 30 36 42 48
SOL 4 6 7 12 16 20 21 24 28 36 40 42 45 48
SOL 4 6 7 14 15 16 18 20 30 35 36 42 48
SOL 4 6 7 14 15 16 18 21 28 35 36 42 48
SOL 4 6 7 14 15 16 18 24 28 30 36 40 48
SOL 4 6 7 14 15 16 20 21 28 30 35 42 48
SOL 4 6 7 14 15 16 20 24 35 36 40 42 45 48
SOL 4 6 7 14 15 16 21 28 30 35 36 42 45 48
SOL 4 6 7 14 15 18 20 21 28 30 35 36 42
SOL 4 6 7 14 15 20 21 24 28 35 36 40 42 45
SOL 4 6 7 14 16 18 20 24 30 35 36 40 42 48
SOL 4 6 7 14 16 18 21 24 28 35 36 40 42 48
SOL 4 6 7 14 16 20 21 24 28 30 35 40 42 48
SOL 4 6 7 14 16 21 24 28 30 35 36 40 42 45 48
SOL 4 6 7 14 18 20 21 24 28 30 35 36 40 42
SOL 4 6 7 15 16 18 21 24 28 30 36 40 42 48
SOL 4 6 8 9 10 11 18 22 33 40
SOL 4 6 8 9 10 11 22 30 33 40 45
SOL 4 6 8 9 10 12 14 24 35 45
SOL 4 6 8 9 10 12 15 18 24
SOL 4 6 8 9 10 12 15 20 40 45
SOL 4 6 8 9 10 12 15 24 30 45
SOL 4 6 8 9 10 12 16 18 40 48
SOL 4 6 8 9 10 12 16 30 40 45 48
SOL 4 6 8 9 10 12 18 20 30 40
SOL 4 6 8 9 10 12 18 21 28 40
SOL 4 6 8 9 10 12 18 30 36 40 45
SOL 4 6 8 9 10 12 21 24 35 42 45
SOL 4 6 8 9 10 12 21 28 30 40 45
SOL 4 6 8 9 10 14 15 18 35 40
SOL 4 6 8 9 10 14 15 30 35 40 45
SOL 4 6 8 9 10 14 16 24 35 45 48
SOL 4 6 8 9 10 14 18 20 24 35
SOL 4 6 8 9 10 14 18 24 35 36 45
SOL 4 6 8 9 10 14 20 24 30 35 45
SOL 4 6 8 9 10 14 21 24 28 35 45
SOL 4 6 8 9 10 15 16 18 24 48
SOL 4 6 8 9 10 15 16 20 40 45 48
SOL 4 6 8 9 10 15 16 24 30 45 48
SOL 4 6 8 9 10 15 18 20 24 30
SOL 4 6 8 9 10 15 18 20 36 40 45
SOL 4 6 8 9 10 15 18 21 24 28
SOL 4 6 8 9 10 15 18 21 35 40 42
SOL 4 6 8 9 10 15 18 24 30 36 45
SOL 4 6 8 9 10 15 20 21 28 40 45
SOL 4 6 8 9 10 15 21 24 28 30 45
SOL 4 6 8 9 10 15 21 30 35 40 42 45
SOL 4 6 8 9 10 16 18 20 30 40 48
SOL 4 6 8 9 10 16 18 21 28 40 48
SOL 4 6 8 9 10 16 18 30 36 40 45 48
SOL 4 6 8 9 10 16 21 24 35 42 45 48
SOL 4 6 8 9 10 16 21 28 30 40 45 48
SOL 4 6 8 9 10 18 20 21 24 35 42
SOL 4 6 8 9 10 18 20 21 28 30 40
SOL 4 6 8 9 10 18 21 24 35 36 42 45
SOL 4 6 8 9 10 18 21 28 30 36 40 45
SOL 4 6 8 9 10 20 21 24 30 35 42 45
SOL 4 6 8 9 11 12 18 22 24 33
SOL 4 6 8 9 11 12 20 22 33 40 45
SOL 4 6 8 9 11 12 22 24 30 33 45
SOL 4 6 8 9 11 14 18 22 33 35 40
SOL 4 6 8 9 11 14 22 30 33 35 40 45
SOL 4 6 8 9 11 15 18 22 30 33 40
SOL 4 6 8 9 11 15 20 22 24 33 45
SOL 4 6 8 9 11 16 18 22 24 33 48
SOL 4 6 8 9 11 16 20 22 33 40 45 48
SOL 4 6 8 9 11 16 22 24 30 33 45 48
SOL 4 6 8 9 11 18 20 22 24 30 33
SOL 4 6 8 9 11 18 20 22 33 36 40 45
SOL 4 6 8 9 11 18 21 22 24 28 33
SOL 4 6 8 9 11 18 21 22 33 35 40 42
SOL 4 6 8 9 11 18 22 24 30 33 36 45
SOL 4 6 8 9 11 20 21 22 28 33 40 45
SOL 4 6 8 9 11 21 22 24 28 30 33 45
SOL 4 6 8 9 11 21 22 30 33 35 40 42 45
SOL 4 6 8 9 12 14 15 18 24 35
SOL 4 6 8 9 12 14 15 20 35 40 45
SOL 4 6 8 9 12 14 15 24 30 35 45
SOL 4 6 8 9 12 14 16 18 35 40 48
SOL 4 6 8 9 12 14 16 30 35 40 45 48
SOL 4 6 8 9 12 14 18 20 30 35 40
SOL 4 6 8 9 12 14 18 21 28 35 40
SOL 4 6 8 9 12 14 18 30 35 36 40 45
SOL 4 6 8 9 12 14 21 28 30 35 40 45
SOL 4 6 8 9 12 15 16 18 30 40 48
SOL 4 6 8 9 12 15 16 20 24 45 48
SOL 4 6 8 9 12 15 18 20 24 36 45
SOL 4 6 8 9 12 15 18 21 24 35 42
SOL 4 6 8 9 12 15 18 21 28 30 40
SOL 4 6 8 9 12 15 20 21 24 28 45
SOL 4 6 8 9 12 15 20 21 35 40 42 45
SOL 4 6 8 9 12 15 21 24 30 35 42 45
SOL 4 6 8 9 12 16 18 20 24 30 48
SOL 4 6 8 9 12 16 18 20 36 40 45 48
SOL 4 6 8 9 12 16 18 21 24 28 48
SOL 4 6 8 9 12 16 18 21 35 40 42 48
SOL 4 6 8 9 12 16 18 24 30 36 45 48
SOL 4 6 8 9 12 16 20 21 28 40 45 48
SOL 4 6 8 9 12 16 21 24 28 30 45 48
SOL 4 6 8 9 12 16 21 30 35 40 42 45 48
SOL 4 6 8 9 12 18 20 21 24 28 30
SOL 4 6 8 9 12 18 20 21 28 36 40 45
SOL 4 6 8 9 12 18 20 21 30 35 40 42
SOL 4 6 8 9 12 18 21 24 28 30 36 45
SOL 4 6 8 9 12 18 21 30 35 36 40 42 45
SOL 4 6 8 9 14 15 16 18 24 35 48
SOL 4 6 8 9 14 15 16 20 35 40 45 48
SOL 4 6 8 9 14 15 16 24 30 35 45 48
SOL 4 6 8 9 14 15 18 20 24 30 35
SOL 4 6 8 9 14 15 18 20 35 36 40 45
SOL 4 6 8 9 14 15 18 21 24 28 35
SOL 4 6 8 9 14 15 18 24 30 35 36 45
SOL 4 6 8 9 14 15 20 21 28 35 40 45
SOL 4 6 8 9 14 15 21 24 28 30 35 45
SOL 4 6 8 9 14 16 18 20 30 35 40 48
SOL 4 6 8 9 14 16 18 21 28 35 40 48
SOL 4 6 8 9 14 16 18 30 35 36 40 45 48
SOL 4 6 8 9 14 16 21 28 30 35 40 45 48
SOL 4 6 8 9 14 18 20 21 28 30 35 40
SOL 4 6 8 9 14 18 21 28 30 35 36 40 45
SOL 4 6 8 9 15 16 18 20 24 36 45 48
SOL 4 6 8 9 15 16 18 21 24 35 42 48
SOL 4 6 8 9 15 16 18 21 28 30 40 48
SOL 4 6 8 9 15 16 20 21 24 28 45 48
SOL 4 6 8 9 15 16 20 21 35 40 42 45 48
SOL 4 6 8 9 15 16 21 24 30 35 42 45 48
SOL 4 6 8 9 15 18 20 21 24 28 36 45
SOL 4 6 8 9 15 18 20 21 24 30 35 42
SOL 4 6 8 9 15 18 20 21 35 36 40 42 45
SOL 4 6 8 9 15 18 21 24 30 35 36 42 45
SOL 4 6 8 9 16 18 20 21 24 28 30 48
SOL 4 6 8 9 16 18 20 21 28 36 40 45 48
SOL 4 6 8 9 16 18 20 21 30 35 40 42 48
SOL 4 6 8 9 16 18 21 24 28 30 36 45 48
SOL 4 6 8 9 16 18 21 30 35 36 40 42 45 48
SOL 4 6 8 10 11 12 15 22 24 33
SOL 4 6 8 10 11 12 16 22 33 40 48
SOL 4 6 8 10 11 12 18 22 33 36 40
SOL 4 6 8 10 11 12 20 22 30 33 40
SOL 4 6 8 10 11 12 21 22 28 33 40
SOL 4 6 8 10 11 12 22 30 33 36 40 45
SOL 4 6 8 10 11 14 15 22 33 35 40
SOL 4 6 8 10 11 14 20 22 24 33 35
SOL 4 6 8 10 11 14 22 24 33 35 36 45
SOL 4 6 8 10 11 15 16 22 24 33 48
SOL 4 6 8 10 11 15 18 22 24 33 36
SOL 4 6 8 10 11 15 20 22 24 30 33
SOL 4 6 8 10 11 15 20 22 33 36 40 45
SOL 4 6 8 10 11 15 21 22 24 28 33
SOL 4 6 8 10 11 15 21 22 33 35 40 42
SOL 4 6 8 10 11 15 22 24 30 33 36 45
SOL 4 6 8 10 11 16 18 22 33 36 40 48
SOL 4 6 8 10 11 16 20 22 30 33 40 48
SOL 4 6 8 10 11 16 21 22 28 33 40 48
SOL 4 6 8 10 11 16 22 30 33 36 40 45 48
SOL 4 6 8 10 11 18 20 22 30 33 36 40
SOL 4 6 8 10 11 18 21 22 28 33 36 40
SOL 4 6 8 10 11 20 21 22 24 33 35 42
SOL 4 6 8 10 11 20 21 22 28 30 33 40
SOL 4 6 8 10 11 21 22 24 33 35 36 42 45
SOL 4 6 8 10 11 21 22 28 30 33 36 40 45
SOL 4 6 8 10 12 14 15 16 35 40 48
SOL 4 6 8 10 12 14 15 18 35 36 40
SOL 4 6 8 10 12 14 15 20 30 35 40
SOL 4 6 8 10 12 14 15 21 28 35 40
SOL 4 6 8 10 12 14 15 30 35 36 40 45
SOL 4 6 8 10 12 14 16 20 24 35 48
SOL 4 6 8 10 12 14 16 24 35 36 45 48
SOL 4 6 8 10 12 14 18 20 24 35 36
SOL 4 6 8 10 12 14 20 21 24 28 35
SOL 4 6 8 10 12 14 20 24 30 35 36 45
SOL 4 6 8 10 12 14 21 24 28 35 36 45
SOL 4 6 8 10 12 15 16 18 24 36 48
SOL 4 6 8 10 12 15 16 20 24 30 48
SOL 4 6 8 10 12 15 16 20 36 40 45 48
SOL 4 6 8 10 12 15 16 21 24 28 48
SOL 4 6 8 10 12 15 16 21 35 40 42 48
SOL 4 6 8 10 12 15 16 24 30 36 45 48
SOL 4 6 8 10 12 15 18 20 24 30 36
SOL 4 6 8 10 12 15 18 21 24 28 36
SOL 4 6 8 10 12 15 18 21 35 36 40 42
SOL 4 6 8 10 12 15 20 21 24 28 30
SOL 4 6 8 10 12 15 20 21 28 36 40 45
SOL 4 6 8 10 12 15 20 21 30 35 40 42
SOL 4 6 8 10 12 15 21 24 28 30 36 45
SOL 4 6 8 10 12 15 21 30 35 36 40 42 45
SOL 4 6 8 10 12 16 18 20 30 36 40 48
SOL 4 6 8 10 12 16 18 21 28 36 40 48
SOL 4 6 8 10 12 16 20 21 24 35 42 48
SOL 4 6 8 10 12 16 20 21 28 30 40 48
SOL 4 6 8 10 12 16 21 24 35 36 42 45 48
SOL 4 6 8 10 12 16 21 28 30 36 40 45 48
SOL 4 6 8 10 12 18 20 21 24 35 36 42
SOL 4 6 8 10 12 18 20 21 28 30 36 40
SOL 4 6 8 10 12 20 21 24 30 35 36 42 45
SOL 4 6 8 10 14 15 16 18 35 36 40 48
SOL 4 6 8 10 14 15 16 20 30 35 40 48
SOL 4 6 8 10 14 15 16 21 28 35 40 48
SOL 4 6 8 10 14 15 16 30 35 36 40 45 48
SOL 4 6 8 10 14 15 18 20 30 35 36 40
SOL 4 6 8 10 14 15 18 21 28 35 36 40
SOL 4 6 8 10 14 15 20 21 28 30 35 40
SOL 4 6 8 10 14 15 21 28 30 35 36 40 45
SOL 4 6 8 10 14 16 18 20 24 35 36 48
SOL 4 6 8 10 14 16 20 21 24 28 35 48
SOL 4 6 8 10 14 16 20 24 30 35 36 45 48
SOL 4 6 8 10 14 16 21 24 28 35 36 45 48
SOL 4 6 8 10 14 18 20 21 24 28 35 36
SOL 4 6 8 10 14 20 21 24 28 30 35 36 45
SOL 4 6 8 10 15 16 18 20 24 30 36 48
SOL 4 6 8 10 15 16 18 21 24 28 36 48
SOL 4 6 8 10 15 16 18 21 35 36 40 42 48
SOL 4 6 8 10 15 16 20 21 24 28 30 48
SOL 4 6 8 10 15 16 20 21 28 36 40 45 48
SOL 4 6 8 10 15 16 20 21 30 35 40 42 48
SOL 4 6 8 10 15 16 21 24 28 30 36 45 48
SOL 4 6 8 10 15 16 21 30 35 36 40 42 45 48
SOL 4 6 8 10 15 18 20 21 24 28 30 36
SOL 4 6 8 10 15 18 20 21 30 35 36 40 42
SOL 4 6 8 10 16 18 20 21 24 35 36 42 48
SOL 4 6 8 10 16 18 20 21 28 30 36 40 48
SOL 4 6 8 10 16 20 21 24 30 35 36 42 45 48
SOL 4 6 8 11 12 14 15 22 24 33 35
SOL 4 6 8 11 12 14 16 22 33 35 40 48
SOL 4 6 8 11 12 14 18 22 33 35 36 40
SOL 4 6 8 11 12 14 20 22 30 33 35 40
SOL 4 6 8 11 12 14 21 22 28 33 35 40
SOL 4 6 8 11 12 14 22 30 33 35 36 40 45
SOL 4 6 8 11 12 15 16 22 30 33 40 48
SOL 4 6 8 11 12 15 18 22 30 33 36 40
SOL 4 6 8 11 12 15 20 22 24 33 36 45
SOL 4 6 8 11 12 15 21 22 24 33 35 42
SOL 4 6 8 11 12 15 21 22 28 30 33 40
SOL 4 6 8 11 12 16 18 22 24 33 36 48
SOL 4 6 8 11 12 16 20 22 24 30 33 48
SOL 4 6 8 11 12 16 20 22 33 36 40 45 48
SOL 4 6 8 11 12 16 21 22 24 28 33 48
SOL 4 6 8 11 12 16 21 22 33 35 40 42 48
SOL 4 6 8 11 12 16 22 24 30 33 36 45 48
SOL 4 6 8 11 12 18 20 22 24 30 33 36
SOL 4 6 8 11 12 18 21 22 24 28 33 36
SOL 4 6 8 11 12 18 21 22 33 35 36 40 42
SOL 4 6 8 11 12 20 21 22 24 28 30 33
SOL 4 6 8 11 12 20 21 22 28 33 36 40 45
SOL 4 6 8 11 12 20 21 22 30 33 35 40 42
SOL 4 6 8 11 12 21 22 24 28 30 33 36 45
SOL 4 6 8 11 12 21 22 30 33 35 36 40 42 45
SOL 4 6 8 11 14 15 16 22 24 33 35 48
SOL 4 6 8 11 14 15 18 22 24 33 35 36
SOL 4 6 8 11 14 15 20 22 24 30 33 35
SOL 4 6 8 11 14 15 20 22 33 35 36 40 45
SOL 4 6 8 11 14 15 21 22 24 28 33 35
SOL 4 6 8 11 14 15 22 24 30 33 35 36 45
SOL 4 6 8 11 14 16 18 22 33 35 36 40 48
SOL 4 6 8 11 14 16 20 22 30 33 35 40 48
SOL 4 6 8 11 14 16 21 22 28 33 35 40 48
SOL 4 6 8 11 14 16 22 30 33 35 36 40 45 48
SOL 4 6 8 11 14 18 20 22 30 33 35 36 40
SOL 4 6 8 11 14 18 21 22 28 33 35 36 40
SOL 4 6 8 11 14 20 21 22 28 30 33 35 40
SOL 4 6 8 11 14 21 22 28 30 33 35 36 40 45
SOL 4 6 8 11 15 16 18 22 30 33 36 40 48
SOL 4 6 8 11 15 16 20 22 24 33 36 45 48
SOL 4 6 8 11 15 16 21 22 24 33 35 42 48
SOL 4 6 8 11 15 16 21 22 28 30 33 40 48
SOL 4 6 8 11 15 18 21 22 24 33 35 36 42
SOL 4 6 8 11 15 18 21 22 28 30 33 36 40
SOL 4 6 8 11 15 20 21 22 24 28 33 36 45
SOL 4 6 8 11 15 20 21 22 24 30 33 35 42
SOL 4 6 8 11 15 20 21 22 33 35 36 40 42 45
SOL 4 6 8 11 15 21 22 24 30 33 35 36 42 45
SOL 4 6 8 11 16 18 20 22 24 30 33 36 48
SOL 4 6 8 11 16 18 21 22 24 28 33 36 48
SOL 4 6 8 11 16 18 21 22 33 35 36 40 42 48
SOL 4 6 8 11 16 20 21 22 24 28 30 33 48
SOL 4 6 8 11 16 20 21 22 28 33 36 40 45 48
SOL 4 6 8 11 16 20 21 22 30 33 35 40 42 48
SOL 4 6 8 11 16 21 22 24 28 30 33 36 45 48
SOL 4 6 8 11 16 21 22 30 33 35 36 40 42 45 48
SOL 4 6 8 11 18 20 21 22 24 28 30 33 36
SOL 4 6 8 11 18 20 21 22 30 33 35 36 40 42
SOL 4 6 8 12 14 15 16 18 24 35 36 48
SOL 4 6 8 12 14 15 16 20 24 30 35 48
SOL 4 6 8 12 14 15 16 20 35 36 40 45 48
SOL 4 6 8 12 14 15 16 21 24 28 35 48
SOL 4 6 8 12 14 15 16 24 30 35 36 45 48
SOL 4 6 8 12 14 15 18 20 24 30 35 36
SOL 4 6 8 12 14 15 18 21 24 28 35 36
SOL 4 6 8 12 14 15 20 21 24 28 30 35
SOL 4 6 8 12 14 15 20 21 28 35 36 40 45
SOL 4 6 8 12 14 15 21 24 28 30 35 36 45
SOL 4 6 8 12 14 16 18 20 30 35 36 40 48
SOL 4 6 8 12 14 16 18 21 28 35 36 40 48
SOL 4 6 8 12 14 16 20 21 28 30 35 40 48
SOL 4 6 8 12 14 16 21 28 30 35 36 40 45 48
SOL 4 6 8 12 14 18 20 21 28 30 35 36 40
SOL 4 6 8 12 15 16 18 21 24 35 36 42 48
SOL 4 6 8 12 15 16 18 21 28 30 36 40 48
SOL 4 6 8 12 15 16 20 21 24 28 36 45 48
SOL 4 6 8 12 15 16 20 21 24 30 35 42 48
SOL 4 6 8 12 15 16 20 21 35 36 40 42 45 48
SOL 4 6 8 12 15 16 21 24 30 35 36 42 45 48
SOL 4 6 8 12 15 18 20 21 24 30 35 36 42
SOL 4 6 8 12 16 18 20 21 24 28 30 36 48
SOL 4 6 8 12 16 18 20 21 30 35 36 40 42 48
SOL 4 6 8 14 15 16 18 20 24 30 35 36 48
SOL 4 6 8 14 15 16 18 21 24 28 35 36 48
SOL 4 6 8 14 15 16 20 21 24 28 30 35 48
SOL 4 6 8 14 15 16 20 21 28 35 36 40 45 48
SOL 4 6 8 14 15 16 21 24 28 30 35 36 45 48
SOL 4 6 8 14 15 18 20 21 24 28 30 35 36
SOL 4 6 8 14 16 18 20 21 28 30 35 36 40 48
SOL 4 6 8 15 16 18 20 21 24 30 35 36 42 48
SOL 4 6 9 10 11 12 14 22 33 35 45
SOL 4 6 9 10 11 12 15 18 22 33
SOL 4 6 9 10 11 12 15 22 30 33 45
SOL 4 6 9 10 11 12 18 22 24 33 40
SOL 4 6 9 10 11 12 21 22 33 35 42 45
SOL 4 6 9 10 11 12 22 24 30 33 40 45
SOL 4 6 9 10 11 14 16 22 33 35 45 48
SOL 4 6 9 10 11 14 18 20 22 33 35
SOL 4 6 9 10 11 14 18 22 33 35 36 45
SOL 4 6 9 10 11 14 20 22 30 33 35 45
SOL 4 6 9 10 11 14 21 22 28 33 35 45
SOL 4 6 9 10 11 15 16 18 22 33 48
SOL 4 6 9 10 11 15 16 22 30 33 45 48
SOL 4 6 9 10 11 15 18 20 22 30 33
SOL 4 6 9 10 11 15 18 21 22 28 33
SOL 4 6 9 10 11 15 18 22 30 33 36 45
SOL 4 6 9 10 11 15 20 22 24 33 40 45
SOL 4 6 9 10 11 15 21 22 28 30 33 45
SOL 4 6 9 10 11 16 18 22 24 33 40 48
SOL 4 6 9 10 11 16 21 22 33 35 42 45 48
SOL 4 6 9 10 11 16 22 24 30 33 40 45 48
SOL 4 6 9 10 11 18 20 21 22 33 35 42
SOL 4 6 9 10 11 18 20 22 24 30 33 40
SOL 4 6 9 10 11 18 21 22 24 28 33 40
SOL 4 6 9 10 11 18 21 22 33 35 36 42 45
SOL 4 6 9 10 11 18 22 24 30 33 36 40 45
SOL 4 6 9 10 11 20 21 22 30 33 35 42 45
SOL 4 6 9 10 11 21 22 24 28 30 33 40 45
SOL 4 6 9 10 12 14 15 18 24 35 40
SOL 4 6 9 10 12 14 15 24 30 35 40 45
SOL 4 6 9 10 12 14 16 18 20 35 48
SOL 4 6 9 10 12 14 16 18 35 36 45 48
SOL 4 6 9 10 12 14 16 20 30 35 45 48
SOL 4 6 9 10 12 14 16 21 28 35 45 48
SOL 4 6 9 10 12 14 18 20 21 28 35
SOL 4 6 9 10 12 14 18 20 30 35 36 45
SOL 4 6 9 10 12 14 18 21 28 35 36 45
SOL 4 6 9 10 12 14 20 21 28 30 35 45
SOL 4 6 9 10 12 15 16 18 20 30 48
SOL 4 6 9 10 12 15 16 18 21 28 48
SOL 4 6 9 10 12 15 16 18 30 36 45 48
SOL 4 6 9 10 12 15 16 20 24 40 45 48
SOL 4 6 9 10 12 15 16 21 28 30 45 48
SOL 4 6 9 10 12 15 18 20 21 28 30
SOL 4 6 9 10 12 15 18 20 24 36 40 45
SOL 4 6 9 10 12 15 18 21 24 35 40 42
SOL 4 6 9 10 12 15 18 21 28 30 36 45
SOL 4 6 9 10 12 15 20 21 24 28 40 45
SOL 4 6 9 10 12 15 21 24 30 35 40 42 45
SOL 4 6 9 10 12 16 18 20 21 35 42 48
SOL 4 6 9 10 12 16 18 20 24 30 40 48
SOL 4 6 9 10 12 16 18 21 24 28 40 48
SOL 4 6 9 10 12 16 18 21 35 36 42 45 48
SOL 4 6 9 10 12 16 18 24 30 36 40 45 48
SOL 4 6 9 10 12 16 20 21 30 35 42 45 48
SOL 4 6 9 10 12 16 21 24 28 30 40 45 48
SOL 4 6 9 10 12 18 20 21 24 28 30 40
SOL 4 6 9 10 12 18 20 21 30 35 36 42 45
SOL 4 6 9 10 12 18 21 24 28 30 36 40 45
SOL 4 6 9 10 14 15 16 18 24 35 40 48
SOL 4 6 9 10 14 15 16 24 30 35 40 45 48
SOL 4 6 9 10 14 15 18 20 24 30 35 40
SOL 4 6 9 10 14 15 18 21 24 28 35 40
SOL 4 6 9 10 14 15 18 24 30 35 36 40 45
SOL 4 6 9 10 14 15 21 24 28 30 35 40 45
SOL 4 6 9 10 14 16 18 20 21 28 35 48
SOL 4 6 9 10 14 16 18 20 30 35 36 45 48
SOL 4 6 9 10 14 16 18 21 28 35 36 45 48
SOL 4 6 9 10 14 16 20 21 28 30 35 45 48
SOL 4 6 9 10 14 18 20 21 28 30 35 36 45
SOL 4 6 9 10 15 16 18 20 21 28 30 48
SOL 4 6 9 10 15 16 18 20 24 36 40 45 48
SOL 4 6 9 10 15 16 18 21 24 35 40 42 48
SOL 4 6 9 10 15 16 18 21 28 30 36 45 48
SOL 4 6 9 10 15 16 20 21 24 28 40 45 48
SOL 4 6 9 10 15 16 21 24 30 35 40 42 45 48
SOL 4 6 9 10 15 18 20 21 24 28 36 40 45
SOL 4 6 9 10 15 18 20 21 24 30 35 40 42
SOL 4 6 9 10 15 18 21 24 30 35 36 40 42 45
SOL 4 6 9 10 16 18 20 21 24 28 30 40 48
SOL 4 6 9 10 16 18 20 21 30 35 36 42 45 48
SOL 4 6 9 10 16 18 21 24 28 30 36 40 45 48
SOL 4 6 9 11 12 14 15 18 22 33 35
SOL 4 6 9 11 12 14 15 22 30 33 35 45
SOL 4 6 9 11 12 14 18 22 24 33 35 40
SOL 4 6 9 11 12 14 22 24 30 33 35 40 45
SOL 4 6 9 11 12 15 16 20 22 33 45 48
SOL 4 6 9 11 12 15 18 20 22 33 36 45
SOL 4 6 9 11 12 15 18 21 22 33 35 42
SOL 4 6 9 11 12 15 18 22 24 30 33 40
SOL 4 6 9 11 12 15 20 21 22 28 33 45
SOL 4 6 9 11 12 15 21 22 30 33 35 42 45
SOL 4 6 9 11 12 16 18 20 22 30 33 48
SOL 4 6 9 11 12 16 18 21 22 28 33 48
SOL 4 6 9 11 12 16 18 22 30 33 36 45 48
SOL 4 6 9 11 12 16 20 22 24 33 40 45 48
SOL 4 6 9 11 12 16 21 22 28 30 33 45 48
SOL 4 6 9 11 12 18 20 21 22 28 30 33
SOL 4 6 9 11 12 18 20 22 24 33 36 40 45
SOL 4 6 9 11 12 18 21 22 24 33 35 40 42
SOL 4 6 9 11 12 18 21 22 28 30 33 36 45
SOL 4 6 9 11 12 20 21 22 24 28 33 40 45
SOL 4 6 9 11 12 21 22 24 30 33 35 40 42 45
SOL 4 6 9 11 14 15 16 18 22 33 35 48
SOL 4 6 9 11 14 15 16 22 30 33 35 45 48
SOL 4 6 9 11 14 15 18 20 22 30 33 35
SOL 4 6 9 11 14 15 18 21 22 28 33 35
SOL 4 6 9 11 14 15 18 22 30 33 35 36 45
SOL 4 6 9 11 14 15 20 22 24 33 35 40 45
SOL 4 6 9 11 14 15 21 22 28 30 33 35 45
SOL 4 6 9 11 14 16 18 22 24 33 35 40 48
SOL 4 6 9 11 14 16 22 24 30 33 35 40 45 48
SOL 4 6 9 11 14 18 20 22 24 30 33 35 40
SOL 4 6 9 11 14 18 21 22 24 28 33 35 40
SOL 4 6 9 11 14 18 22 24 30 33 35 36 40 45
SOL 4 6 9 11 14 21 22 24 28 30 33 35 40 45
SOL 4 6 9 11 15 16 18 20 22 33 36 45 48
SOL 4 6 9 11 15 16 18 21 22 33 35 42 48
SOL 4 6 9 11 15 16 18 22 24 30 33 40 48
SOL 4 6 9 11 15 16 20 21 22 28 33 45 48
SOL 4 6 9 11 15 16 21 22 30 33 35 42 45 48
SOL 4 6 9 11 15 18 20 21 22 28 33 36 45
SOL 4 6 9 11 15 18 20 21 22 30 33 35 42
SOL 4 6 9 11 15 18 21 22 24 28 30 33 40
SOL 4 6 9 11 15 18 21 22 30 33 35 36 42 45
SOL 4 6 9 11 15 20 21 22 24 33 35 40 42 45
SOL 4 6 9 11 16 18 20 21 22 28 30 33 48
SOL 4 6 9 11 16 18 20 22 24 33 36 40 45 48
SOL 4 6 9 11 16 18 21 22 24 33 35 40 42 48
SOL 4 6 9 11 16 18 21 22 28 30 33 36 45 48
SOL 4 6 9 11 16 20 21 22 24 28 33 40 45 48
SOL 4 6 9 11 16 21 22 24 30 33 35 40 42 45 48
SOL 4 6 9 11 18 20 21 22 24 28 33 36 40 45
SOL 4 6 9 11 18 20 21 22 24 30 33 35 40 42
SOL 4 6 9 11 18 21 22 24 30 33 35 36 40 42 45
SOL 4 6 9 12 14 15 16 18 20 30 35 48
SOL 4 6 9 12 14 15 16 18 21 28 35 48
SOL 4 6 9 12 14 15 16 18 30 35 36 45 48
SOL 4 6 9 12 14 15 16 20 24 35 40 45 48
SOL 4 6 9 12 14 15 16 21 28 30 35 45 48
SOL 4 6 9 12 14 15 18 20 21 28 30 35
SOL 4 6 9 12 14 15 18 20 24 35 36 40 45
SOL 4 6 9 12 14 15 18 21 28 30 35 36 45
SOL 4 6 9 12 14 15 20 21 24 28 35 40 45
SOL 4 6 9 12 14 16 18 20 24 30 35 40 48
SOL 4 6 9 12 14 16 18 21 24 28 35 40 48
SOL 4 6 9 12 14 16 18 24 30 35 36 40 45 48
SOL 4 6 9 12 14 16 21 24 28 30 35 40 45 48
SOL 4 6 9 12 14 18 20 21 24 28 30 35 40
SOL 4 6 9 12 14 18 21 24 28 30 35 36 40 45
SOL 4 6 9 12 15 16 18 20 21 28 36 45 48
SOL 4 6 9 12 15 16 18 20 21 30 35 42 48
SOL 4 6 9 12 15 16 18 21 24 28 30 40 48
SOL 4 6 9 12 15 16 18 21 30 35 36 42 45 48
SOL 4 6 9 12 15 16 20 21 24 35 40 42 45 48
SOL 4 6 9 12 15 18 20 21 24 35 36 40 42 45
SOL 4 6 9 12 16 18 20 21 24 28 36 40 45 48
SOL 4 6 9 12 16 18 20 21 24 30 35 40 42 48
SOL 4 6 9 12 16 18 21 24 30 35 36 40 42 45 48
SOL 4 6 9 14 15 16 18 20 21 28 30 35 48
SOL 4 6 9 14 15 16 18 20 24 35 36 40 45 48
SOL 4 6 9 14 15 16 18 21 28 30 35 36 45 48
SOL 4 6 9 14 15 16 20 21 24 28 35 40 45 48
SOL 4 6 9 14 15 18 20 21 24 28 35 36 40 45
SOL 4 6 9 14 16 18 20 21 24 28 30 35 40 48
SOL 4 6 9 14 16 18 21 24 28 30 35 36 40 45 48
SOL 4 6 9 15 16 18 20 21 24 35 36 40 42 45 48
SOL 4 6 10 11 12 14 15 22 24 33 35 40
SOL 4 6 10 11 12 14 16 20 22 33 35 48
SOL 4 6 10 11 12 14 16 22 33 35 36 45 48
SOL 4 6 10 11 12 14 18 20 22 33 35 36
SOL 4 6 10 11 12 14 20 21 22 28 33 35
SOL 4 6 10 11 12 14 20 22 30 33 35 36 45
SOL 4 6 10 11 12 14 21 22 28 33 35 36 45
SOL 4 6 10 11 12 15 16 18 22 33 36 48
SOL 4 6 10 11 12 15 16 20 22 30 33 48
SOL 4 6 10 11 12 15 16 21 22 28 33 48
SOL 4 6 10 11 12 15 16 22 30 33 36 45 48
SOL 4 6 10 11 12 15 18 20 22 30 33 36
SOL 4 6 10 11 12 15 18 21 22 28 33 36
SOL 4 6 10 11 12 15 20 21 22 28 30 33
SOL 4 6 10 11 12 15 20 22 24 33 36 40 45
SOL 4 6 10 11 12 15 21 22 24 33 35 40 42
SOL 4 6 10 11 12 15 21 22 28 30 33 36 45
SOL 4 6 10 11 12 16 18 22 24 33 36 40 48
SOL 4 6 10 11 12 16 20 21 22 33 35 42 48
SOL 4 6 10 11 12 16 20 22 24 30 33 40 48
SOL 4 6 10 11 12 16 21 22 24 28 33 40 48
SOL 4 6 10 11 12 16 21 22 33 35 36 42 45 48
SOL 4 6 10 11 12 16 22 24 30 33 36 40 45 48
SOL 4 6 10 11 12 18 20 21 22 33 35 36 42
SOL 4 6 10 11 12 18 20 22 24 30 33 36 40
SOL 4 6 10 11 12 18 21 22 24 28 33 36 40
SOL 4 6 10 11 12 20 21 22 24 28 30 33 40
SOL 4 6 10 11 12 20 21 22 30 33 35 36 42 45
SOL 4 6 10 11 12 21 22 24 28 30 33 36 40 45
SOL 4 6 10 11 14 15 16 22 24 33 35 40 48
SOL 4 6 10 11 14 15 18 22 24 33 35 36 40
SOL 4 6 10 11 14 15 20 22 24 30 33 35 40
SOL 4 6 10 11 14 15 21 22 24 28 33 35 40
SOL 4 6 10 11 14 15 22 24 30 33 35 36 40 45
SOL 4 6 10 11 14 16 18 20 22 33 35 36 48
SOL 4 6 10 11 14 16 20 21 22 28 33 35 48
SOL 4 6 10 11 14 16 20 22 30 33 35 36 45 48
SOL 4 6 10 11 14 16 21 22 28 33 35 36 45 48
SOL 4 6 10 11 14 18 20 21 22 28 33 35 36
SOL 4 6 10 11 14 20 21 22 28 30 33 35 36 45
SOL 4 6 10 11 15 16 18 20 22 30 33 36 48
SOL 4 6 10 11 15 16 18 21 22 28 33 36 48
SOL 4 6 10 11 15 16 20 21 22 28 30 33 48
SOL 4 6 10 11 15 16 20 22 24 33 36 40 45 48
SOL 4 6 10 11 15 16 21 22 24 33 35 40 42 48
SOL 4 6 10 11 15 16 21 22 28 30 33 36 45 48
SOL 4 6 10 11 15 18 20 21 22 28 30 33 36
SOL 4 6 10 11 15 18 21 22 24 33 35 36 40 42
SOL 4 6 10 11 15 20 21 22 24 28 33 36 40 45
SOL 4 6 10 11 15 20 21 22 24 30 33 35 40 42
SOL 4 6 10 11 15 21 22 24 30 33 35 36 40 42 45
SOL 4 6 10 11 16 18 20 21 22 33 35 36 42 48
SOL 4 6 10 11 16 18 20 22 24 30 33 36 40 48
SOL 4 6 10 11 16 18 21 22 24 28 33 36 40 48
SOL 4 6 10 11 16 20 21 22 24 28 30 33 40 48
SOL 4 6 10 11 16 20 21 22 30 33 35 36 42 45 48
SOL 4 6 10 11 16 21 22 24 28 30 33 36 40 45 48
SOL 4 6 10 11 18 20 21 22 24 28 30 33 36 40
SOL 4 6 10 12 14 15 16 18 24 35 36 40 48
SOL 4 6 10 12 14 15 16 20 24 30 35 40 48
SOL 4 6 10 12 14 15 16 21 24 28 35 40 48
SOL 4 6 10 12 14 15 16 24 30 35 36 40 45 48
SOL 4 6 10 12 14 15 18 20 24 30 35 36 40
SOL 4 6 10 12 14 15 18 21 24 28 35 36 40
SOL 4 6 10 12 14 15 20 21 24 28 30 35 40
SOL 4 6 10 12 14 15 21 24 28 30 35 36 40 45
SOL 4 6 10 12 14 16 18 20 21 28 35 36 48
SOL 4 6 10 12 14 16 20 21 28 30 35 36 45 48
SOL 4 6 10 12 15 16 18 20 21 28 30 36 48
SOL 4 6 10 12 15 16 18 21 24 35 36 40 42 48
SOL 4 6 10 12 15 16 20 21 24 28 36 40 45 48
SOL 4 6 10 12 15 16 20 21 24 30 35 40 42 48
SOL 4 6 10 12 15 16 21 24 30 35 36 40 42 45 48
SOL 4 6 10 12 15 18 20 21 24 30 35 36 40 42
SOL 4 6 10 12 16 18 20 21 24 28 30 36 40 48
SOL 4 6 10 14 15 16 18 20 24 30 35 36 40 48
SOL 4 6 10 14 15 16 18 21 24 28 35 36 40 48
SOL 4 6 10 14 15 16 20 21 24 28 30 35 40 48
SOL 4 6 10 14 15 16 21 24 28 30 35 36 40 45 48
SOL 4 6 10 14 15 18 20 21 24 28 30 35 36 40
SOL 4 6 10 15 16 18 20 21 24 30 35 36 40 42 48
SOL 4 6 11 12 14 15 16 18 22 33 35 36 48
SOL 4 6 11 12 14 15 16 20 22 30 33 35 48
SOL 4 6 11 12 14 15 16 21 22 28 33 35 48
SOL 4 6 11 12 14 15 16 22 30 33 35 36 45 48
SOL 4 6 11 12 14 15 18 20 22 30 33 35 36
SOL 4 6 11 12 14 15 18 21 22 28 33 35 36
SOL 4 6 11 12 14 15 20 21 22 28 30 33 35
SOL 4 6 11 12 14 15 20 22 24 33 35 36 40 45
SOL 4 6 11 12 14 15 21 22 28 30 33 35 36 45
SOL 4 6 11 12 14 16 18 22 24 33 35 36 40 48
SOL 4 6 11 12 14 16 20 22 24 30 33 35 40 48
SOL 4 6 11 12 14 16 21 22 24 28 33 35 40 48
SOL 4 6 11 12 14 16 22 24 30 33 35 36 40 45 48
SOL 4 6 11 12 14 18 20 22 24 30 33 35 36 40
SOL 4 6 11 12 14 18 21 22 24 28 33 35 36 40
SOL 4 6 11 12 14 20 21 22 24 28 30 33 35 40
SOL 4 6 11 12 14 21 22 24 28 30 33 35 36 40 45
SOL 4 6 11 12 15 16 18 21 22 33 35 36 42 48
SOL 4 6 11 12 15 16 18 22 24 30 33 36 40 48
SOL 4 6 11 12 15 16 20 21 22 28 33 36 45 48
SOL 4 6 11 12 15 16 20 21 22 30 33 35 42 48
SOL 4 6 11 12 15 16 21 22 24 28 30 33 40 48
SOL 4 6 11 12 15 16 21 22 30 33 35 36 42 45 48
SOL 4 6 11 12 15 18 20 21 22 30 33 35 36 42
SOL 4 6 11 12 15 18 21 22 24 28 30 33 36 40
SOL 4 6 11 12 15 20 21 22 24 33 35 36 40 42 45
SOL 4 6 11 12 16 18 20 21 22 28 30 33 36 48
SOL 4 6 11 12 16 18 21 22 24 33 35 36 40 42 48
SOL 4 6 11 12 16 20 21 22 24 28 33 36 40 45 48
SOL 4 6 11 12 16 20 21 22 24 30 33 35 40 42 48
SOL 4 6 11 12 16 21 22 24 30 33 35 36 40 42 45 48
SOL 4 6 11 12 18 20 21 22 24 30 33 35 36 40 42
SOL 4 6 11 14 15 16 18 20 22 30 33 35 36 48
SOL 4 6 11 14 15 16 18 21 22 28 33 35 36 48
SOL 4 6 11 14 15 16 20 21 22 28 30 33 35 48
SOL 4 6 11 14 15 16 20 22 24 33 35 36 40 45 48
SOL 4 6 11 14 15 16 21 22 28 30 33 35 36 45 48
SOL 4 6 11 14 15 18 20 21 22 28 30 33 35 36
SOL 4 6 11 14 15 20 21 22 24 28 33 35 36 40 45
SOL 4 6 11 14 16 18 20 22 24 30 33 35 36 40 48
SOL 4 6 11 14 16 18 21 22 24 28 33 35 36 40 48
SOL 4 6 11 14 16 20 21 22 24 28 30 33 35 40 48
SOL 4 6 11 14 16 21 22 24 28 30 33 35 36 40 45 48
SOL 4 6 11 14 18 20 21 22 24 28 30 33 35 36 40
SOL 4 6 11 15 16 18 20 21 22 30 33 35 36 42 48
SOL 4 6 11 15 16 18 21 22 24 28 30 33 36 40 48
SOL 4 6 11 15 16 20 21 22 24 33 35 36 40 42 45 48
SOL 4 6 11 16 18 20 21 22 24 30 33 35 36 40 42 48
SOL 4 6 12 14 15 16 18 20 21 28 30 35 36 48
SOL 4 6 12 14 15 16 20 21 24 28 35 36 40 45 48
SOL 4 6 12 14 16 18 20 21 24 28 30 35 36 40 48
SOL 4 7 8 9 10 11 18 22 33 40 42
SOL 4 7 8 9 10 11 22 30 33 40 42 45
SOL 4 7 8 9 10 12 14 18 28 40
SOL 4 7 8 9 10 12 14 24 35 42 45
SOL 4 7 8 9 10 12 14 28 30 40 45
SOL 4 7 8 9 10 12 15 18 24 42
SOL 4 7 8 9 10 12 15 20 40 42 45
SOL 4 7 8 9 10 12 15 24 30 42 45
SOL 4 7 8 9 10 12 16 18 40 42 48
SOL 4 7 8 9 10 12 16 30 40 42 45 48
SOL 4 7 8 9 10 12 18 20 30 40 42
SOL 4 7 8 9 10 12 18 21 28 40 42
SOL 4 7 8 9 10 12 18 30 36 40 42 45
SOL 4 7 8 9 10 12 21 28 30 40 42 45
SOL 4 7 8 9 10 14 15 18 24 28
SOL 4 7 8 9 10 14 15 18 35 40 42
SOL 4 7 8 9 10 14 15 20 28 40 45
SOL 4 7 8 9 10 14 15 24 28 30 45
SOL 4 7 8 9 10 14 15 30 35 40 42 45
SOL 4 7 8 9 10 14 16 18 28 40 48
SOL 4 7 8 9 10 14 16 24 35 42 45 48
SOL 4 7 8 9 10 14 16 28 30 40 45 48
SOL 4 7 8 9 10 14 18 20 24 35 42
SOL 4 7 8 9 10 14 18 20 28 30 40
SOL 4 7 8 9 10 14 18 24 35 36 42 45
SOL 4 7 8 9 10 14 18 28 30 36 40 45
SOL 4 7 8 9 10 14 20 24 30 35 42 45
SOL 4 7 8 9 10 14 21 24 28 35 42 45
SOL 4 7 8 9 10 15 16 18 24 42 48
SOL 4 7 8 9 10 15 16 20 40 42 45 48
SOL 4 7 8 9 10 15 16 24 30 42 45 48
SOL 4 7 8 9 10 15 18 20 24 30 42
SOL 4 7 8 9 10 15 18 20 36 40 42 45
SOL 4 7 8 9 10 15 18 21 24 28 42
SOL 4 7 8 9 10 15 18 24 30 36 42 45
SOL 4 7 8 9 10 15 20 21 28 40 42 45
SOL 4 7 8 9 10 15 21 24 28 30 42 45
SOL 4 7 8 9 10 16 18 20 30 40 42 48
SOL 4 7 8 9 10 16 18 21 28 40 42 48
SOL 4 7 8 9 10 16 18 30 36 40 42 45 48
SOL 4 7 8 9 10 16 21 28 30 40 42 45 48
SOL 4 7 8 9 10 18 20 21 28 30 40 42
SOL 4 7 8 9 10 18 21 28 30 36 40 42 45
SOL 4 7 8 9 11 12 18 22 24 33 42
SOL 4 7 8 9 11 12 20 22 33 40 42 45
SOL 4 7 8 9 11 12 22 24 30 33 42 45
SOL 4 7 8 9 11 14 18 22 24 28 33
SOL 4 7 8 9 11 14 18 22 33 35 40 42
SOL 4 7 8 9 11 14 20 22 28 33 40 45
SOL 4 7 8 9 11 14 22 24 28 30 33 45
SOL 4 7 8 9 11 14 22 30 33 35 40 42 45
SOL 4 7 8 9 11 15 18 22 30 33 40 42
SOL 4 7 8 9 11 15 20 22 24 33 42 45
SOL 4 7 8 9 11 16 18 22 24 33 42 48
SOL 4 7 8 9 11 16 20 22 33 40 42 45 48
SOL 4 7 8 9 11 16 22 24 30 33 42 45 48
SOL 4 7 8 9 11 18 20 22 24 30 33 42
SOL 4 7 8 9 11 18 20 22 33 36 40 42 45
SOL 4 7 8 9 11 18 21 22 24 28 33 42
SOL 4 7 8 9 11 18 22 24 30 33 36 42 45
SOL 4 7 8 9 11 20 21 22 28 33 40 42 45
SOL 4 7 8 9 11 21 22 24 28 30 33 42 45
SOL 4 7 8 9 12 14 15 18 24 35 42
SOL 4 7 8 9 12 14 15 18 28 30 40
SOL 4 7 8 9 12 14 15 20 24 28 45
SOL 4 7 8 9 12 14 15 20 35 40 42 45
SOL 4 7 8 9 12 14 15 24 30 35 42 45
SOL 4 7 8 9 12 14 16 18 24 28 48
SOL 4 7 8 9 12 14 16 18 35 40 42 48
SOL 4 7 8 9 12 14 16 20 28 40 45 48
SOL 4 7 8 9 12 14 16 24 28 30 45 48
SOL 4 7 8 9 12 14 16 30 35 40 42 45 48
SOL 4 7 8 9 12 14 18 20 24 28 30
SOL 4 7 8 9 12 14 18 20 28 36 40 45
SOL 4 7 8 9 12 14 18 20 30 35 40 42
SOL 4 7 8 9 12 14 18 21 28 35 40 42
SOL 4 7 8 9 12 14 18 24 28 30 36 45
SOL 4 7 8 9 12 14 18 30 35 36 40 42 45
SOL 4 7 8 9 12 14 21 28 30 35 40 42 45
SOL 4 7 8 9 12 15 16 18 30 40 42 48
SOL 4 7 8 9 12 15 16 20 24 42 45 48
SOL 4 7 8 9 12 15 18 20 24 36 42 45
SOL 4 7 8 9 12 15 18 21 28 30 40 42
SOL 4 7 8 9 12 15 20 21 24 28 42 45
SOL 4 7 8 9 12 16 18 20 24 30 42 48
SOL 4 7 8 9 12 16 18 20 36 40 42 45 48
SOL 4 7 8 9 12 16 18 21 24 28 42 48
SOL 4 7 8 9 12 16 18 24 30 36 42 45 48
SOL 4 7 8 9 12 16 20 21 28 40 42 45 48
SOL 4 7 8 9 12 16 21 24 28 30 42 45 48
SOL 4 7 8 9 12 18 20 21 24 28 30 42
SOL 4 7 8 9 12 18 20 21 28 36 40 42 45
SOL 4 7 8 9 12 18 21 24 28 30 36 42 45
SOL 4 7 8 9 14 15 16 18 24 35 42 48
SOL 4 7 8 9 14 15 16 18 28 30 40 48
SOL 4 7 8 9 14 15 16 20 24 28 45 48
SOL 4 7 8 9 14 15 16 20 35 40 42 45 48
SOL 4 7 8 9 14 15 16 24 30 35 42 45 48
SOL 4 7 8 9 14 15 18 20 24 28 36 45
SOL 4 7 8 9 14 15 18 20 24 30 35 42
SOL 4 7 8 9 14 15 18 20 35 36 40 42 45
SOL 4 7 8 9 14 15 18 21 24 28 35 42
SOL 4 7 8 9 14 15 18 24 30 35 36 42 45
SOL 4 7 8 9 14 15 20 21 28 35 40 42 45
SOL 4 7 8 9 14 15 21 24 28 30 35 42 45
SOL 4 7 8 9 14 16 18 20 24 28 30 48
SOL 4 7 8 9 14 16 18 20 28 36 40 45 48
SOL 4 7 8 9 14 16 18 20 30 35 40 42 48
SOL 4 7 8 9 14 16 18 21 28 35 40 42 48
SOL 4 7 8 9 14 16 18 24 28 30 36 45 48
SOL 4 7 8 9 14 16 18 30 35 36 40 42 45 48
SOL 4 7 8 9 14 16 21 28 30 35 40 42 45 48
SOL 4 7 8 9 14 18 20 21 28 30 35 40 42
SOL 4 7 8 9 14 18 21 28 30 35 36 40 42 45
SOL 4 7 8 9 15 16 18 20 24 36 42 45 48
SOL 4 7 8 9 15 16 18 21 28 30 40 42 48
SOL 4 7 8 9 15 16 20 21 24 28 42 45 48
SOL 4 7 8 9 15 18 20 21 24 28 36 42 45
SOL 4 7 8 9 16 18 20 21 24 28 30 42 48
SOL 4 7 8 9 16 18 20 21 28 36 40 42 45 48
SOL 4 7 8 9 16 18 21 24 28 30 36 42 45 48
SOL 4 7 8 10 11 12 14 22 28 33 40
SOL 4 7 8 10 11 12 15 22 24 33 42
SOL 4 7 8 10 11 12 16 22 33 40 42 48
SOL 4 7 8 10 11 12 18 22 33 36 40 42
SOL 4 7 8 10 11 12 20 22 30 33 40 42
SOL 4 7 8 10 11 12 21 22 28 33 40 42
SOL 4 7 8 10 11 12 22 30 33 36 40 42 45
SOL 4 7 8 10 11 14 15 22 24 28 33
SOL 4 7 8 10 11 14 15 22 33 35 40 42
SOL 4 7 8 10 11 14 16 22 28 33 40 48
SOL 4 7 8 10 11 14 18 22 28 33 36 40
SOL 4 7 8 10 11 14 20 22 24 33 35 42
SOL 4 7 8 10 11 14 20 22 28 30 33 40
SOL 4 7 8 10 11 14 22 24 33 35 36 42 45
SOL 4 7 8 10 11 14 22 28 30 33 36 40 45
SOL 4 7 8 10 11 15 16 22 24 33 42 48
SOL 4 7 8 10 11 15 18 22 24 33 36 42
SOL 4 7 8 10 11 15 20 22 24 30 33 42
SOL 4 7 8 10 11 15 20 22 33 36 40 42 45
SOL 4 7 8 10 11 15 21 22 24 28 33 42
SOL 4 7 8 10 11 15 22 24 30 33 36 42 45
SOL 4 7 8 10 11 16 18 22 33 36 40 42 48
SOL 4 7 8 10 11 16 20 22 30 33 40 42 48
SOL 4 7 8 10 11 16 21 22 28 33 40 42 48
SOL 4 7 8 10 11 16 22 30 33 36 40 42 45 48
SOL 4 7 8 10 11 18 20 22 30 33 36 40 42
SOL 4 7 8 10 11 18 21 22 28 33 36 40 42
SOL 4 7 8 10 11 20 21 22 28 30 33 40 42
SOL 4 7 8 10 11 21 22 28 30 33 36 40 42 45
SOL 4 7 8 10 12 14 15 16 24 28 48
SOL 4 7 8 10 12 14 15 16 35 40 42 48
SOL 4 7 8 10 12 14 15 18 24 28 36
SOL 4 7 8 10 12 14 15 18 35 36 40 42
SOL 4 7 8 10 12 14 15 20 24 28 30
SOL 4 7 8 10 12 14 15 20 28 36 40 45
SOL 4 7 8 10 12 14 15 20 30 35 40 42
SOL 4 7 8 10 12 14 15 21 28 35 40 42
SOL 4 7 8 10 12 14 15 24 28 30 36 45
SOL 4 7 8 10 12 14 15 30 35 36 40 42 45
SOL 4 7 8 10 12 14 16 18 28 36 40 48
SOL 4 7 8 10 12 14 16 20 24 35 42 48
SOL 4 7 8 10 12 14 16 20 28 30 40 48
SOL 4 7 8 10 12 14 16 24 35 36 42 45 48
SOL 4 7 8 10 12 14 16 28 30 36 40 45 48
SOL 4 7 8 10 12 14 18 20 24 35 36 42
SOL 4 7 8 10 12 14 18 20 28 30 36 40
SOL 4 7 8 10 12 14 20 21 24 28 35 42
SOL 4 7 8 10 12 14 20 24 30 35 36 42 45
SOL 4 7 8 10 12 14 21 24 28 35 36 42 45
SOL 4 7 8 10 12 15 16 18 24 36 42 48
SOL 4 7 8 10 12 15 16 20 24 30 42 48
SOL 4 7 8 10 12 15 16 20 36 40 42 45 48
SOL 4 7 8 10 12 15 16 21 24 28 42 48
SOL 4 7 8 10 12 15 16 24 30 36 42 45 48
SOL 4 7 8 10 12 15 18 20 24 30 36 42
SOL 4 7 8 10 12 15 18 21 24 28 36 42
SOL 4 7 8 10 12 15 20 21 24 28 30 42
SOL 4 7 8 10 12 15 20 21 28 36 40 42 45
SOL 4 7 8 10 12 15 21 24 28 30 36 42 45
SOL 4 7 8 10 12 16 18 20 30 36 40 42 48
SOL 4 7 8 10 12 16 18 21 28 36 40 42 48
SOL 4 7 8 10 12 16 20 21 28 30 40 42 48
SOL 4 7 8 10 12 16 21 28 30 36 40 42 45 48
SOL 4 7 8 10 12 18 20 21 28 30 36 40 42
SOL 4 7 8 10 14 15 16 18 24 28 36 48
SOL 4 7 8 10 14 15 16 18 35 36 40 42 48
SOL 4 7 8 10 14 15 16 20 24 28 30 48
SOL 4 7 8 10 14 15 16 20 28 36 40 45 48
SOL 4 7 8 10 14 15 16 20 30 35 40 42 48
SOL 4 7 8 10 14 15 16 21 28 35 40 42 48
SOL 4 7 8 10 14 15 16 24 28 30 36 45 48
SOL 4 7 8 10 14 15 16 30 35 36 40 42 45 48
SOL 4 7 8 10 14 15 18 20 24 28 30 36
SOL 4 7 8 10 14 15 18 20 30 35 36 40 42
SOL 4 7 8 10 14 15 18 21 28 35 36 40 42
SOL 4 7 8 10 14 15 20 21 28 30 35 40 42
SOL 4 7 8 10 14 15 21 28 30 35 36 40 42 45
SOL 4 7 8 10 14 16 18 20 24 35 36 42 48
SOL 4 7 8 10 14 16 18 20 28 30 36 40 48
SOL 4 7 8 10 14 16 20 21 24 28 35 42 48
SOL 4 7 8 10 14 16 20 24 30 35 36 42 45 48
SOL 4 7 8 10 14 16 21 24 28 35 36 42 45 48
SOL 4 7 8 10 14 18 20 21 24 28 35 36 42
SOL 4 7 8 10 14 20 21 24 28 30 35 36 42 45
SOL 4 7 8 10 15 16 18 20 24 30 36 42 48
SOL 4 7 8 10 15 16 18 21 24 28 36 42 48
SOL 4 7 8 10 15 16 20 21 24 28 30 42 48
SOL 4 7 8 10 15 16 20 21 28 36 40 42 45 48
SOL 4 7 8 10 15 16 21 24 28 30 36 42 45 48
SOL 4 7 8 10 15 18 20 21 24 28 30 36 42
SOL 4 7 8 10 16 18 20 21 28 30 36 40 42 48
SOL 4 7 8 11 12 14 15 22 24 33 35 42
SOL 4 7 8 11 12 14 15 22 28 30 33 40
SOL 4 7 8 11 12 14 16 22 24 28 33 48
SOL 4 7 8 11 12 14 16 22 33 35 40 42 48
SOL 4 7 8 11 12 14 18 22 24 28 33 36
SOL 4 7 8 11 12 14 18 22 33 35 36 40 42
SOL 4 7 8 11 12 14 20 22 24 28 30 33
SOL 4 7 8 11 12 14 20 22 28 33 36 40 45
SOL 4 7 8 11 12 14 20 22 30 33 35 40 42
SOL 4 7 8 11 12 14 21 22 28 33 35 40 42
SOL 4 7 8 11 12 14 22 24 28 30 33 36 45
SOL 4 7 8 11 12 14 22 30 33 35 36 40 42 45
SOL 4 7 8 11 12 15 16 22 30 33 40 42 48
SOL 4 7 8 11 12 15 18 22 30 33 36 40 42
SOL 4 7 8 11 12 15 20 22 24 33 36 42 45
SOL 4 7 8 11 12 15 21 22 28 30 33 40 42
SOL 4 7 8 11 12 16 18 22 24 33 36 42 48
SOL 4 7 8 11 12 16 20 22 24 30 33 42 48
SOL 4 7 8 11 12 16 20 22 33 36 40 42 45 48
SOL 4 7 8 11 12 16 21 22 24 28 33 42 48
SOL 4 7 8 11 12 16 22 24 30 33 36 42 45 48
SOL 4 7 8 11 12 18 20 22 24 30 33 36 42
SOL 4 7 8 11 12 18 21 22 24 28 33 36 42
SOL 4 7 8 11 12 20 21 22 24 28 30 33 42
SOL 4 7 8 11 12 20 21 22 28 33 36 40 42 45
SOL 4 7 8 11 12 21 22 24 28 30 33 36 42 45
SOL 4 7 8 11 14 15 16 22 24 33 35 42 48
SOL 4 7 8 11 14 15 16 22 28 30 33 40 48
SOL 4 7 8 11 14 15 18 22 24 33 35 36 42
SOL 4 7 8 11 14 15 18 22 28 30 33 36 40
SOL 4 7 8 11 14 15 20 22 24 28 33 36 45
SOL 4 7 8 11 14 15 20 22 24 30 33 35 42
SOL 4 7 8 11 14 15 20 22 33 35 36 40 42 45
SOL 4 7 8 11 14 15 21 22 24 28 33 35 42
SOL 4 7 8 11 14 15 22 24 30 33 35 36 42 45
SOL 4 7 8 11 14 16 18 22 24 28 33 36 48
SOL 4 7 8 11 14 16 18 22 33 35 36 40 42 48
SOL 4 7 8 11 14 16 20 22 24 28 30 33 48
SOL 4 7 8 11 14 16 20 22 28 33 36 40 45 48
SOL 4 7 8 11 14 16 20 22 30 33 35 40 42 48
SOL 4 7 8 11 14 16 21 22 28 33 35 40 42 48
SOL 4 7 8 11 14 16 22 24 28 30 33 36 45 48
SOL 4 7 8 11 14 16 22 30 33 35 36 40 42 45 48
SOL 4 7 8 11 14 18 20 22 24 28 30 33 36
SOL 4 7 8 11 14 18 20 22 30 33 35 36 40 42
SOL 4 7 8 11 14 18 21 22 28 33 35 36 40 42
SOL 4 7 8 11 14 20 21 22 28 30 33 35 40 42
SOL 4 7 8 11 14 21 22 28 30 33 35 36 40 42 45
SOL 4 7 8 11 15 16 18 22 30 33 36 40 42 48
SOL 4 7 8 11 15 16 20 22 24 33 36 42 45 48
SOL 4 7 8 11 15 16 21 22 28 30 33 40 42 48
SOL 4 7 8 11 15 18 21 22 28 30 33 36 40 42
SOL 4 7 8 11 15 20 21 22 24 28 33 36 42 45
SOL 4 7 8 11 16 18 20 22 24 30 33 36 42 48
SOL 4 7 8 11 16 18 21 22 24 28 33 36 42 48
SOL 4 7 8 11 16 20 21 22 24 28 30 33 42 48
SOL 4 7 8 11 16 20 21 22 28 33 36 40 42 45 48
SOL 4 7 8 11 16 21 22 24 28 30 33 36 42 45 48
SOL 4 7 8 11 18 20 21 22 24 28 30 33 36 42
SOL 4 7 8 12 14 15 16 18 24 35 36 42 48
SOL 4 7 8 12 14 15 16 18 28 30 36 40 48
SOL 4 7 8 12 14 15 16 20 24 28 36 45 48
SOL 4 7 8 12 14 15 16 20 24 30 35 42 48
SOL 4 7 8 12 14 15 16 20 35 36 40 42 45 48
SOL 4 7 8 12 14 15 16 21 24 28 35 42 48
SOL 4 7 8 12 14 15 16 24 30 35 36 42 45 48
SOL 4 7 8 12 14 15 18 20 24 30 35 36 42
SOL 4 7 8 12 14 15 18 21 24 28 35 36 42
SOL 4 7 8 12 14 15 20 21 24 28 30 35 42
SOL 4 7 8 12 14 15 20 21 28 35 36 40 42 45
SOL 4 7 8 12 14 15 21 24 28 30 35 36 42 45
SOL 4 7 8 12 14 16 18 20 24 28 30 36 48
SOL 4 7 8 12 14 16 18 20 30 35 36 40 42 48
SOL 4 7 8 12 14 16 18 21 28 35 36 40 42 48
SOL 4 7 8 12 14 16 20 21 28 30 35 40 42 48
SOL 4 7 8 12 14 16 21 28 30 35 36 40 42 45 48
SOL 4 7 8 12 14 18 20 21 28 30 35 36 40 42
SOL 4 7 8 12 15 16 18 21 28 30 36 40 42 48
SOL 4 7 8 12 15 16 20 21 24 28 36 42 45 48
SOL 4 7 8 12 16 18 20 21 24 28 30 36 42 48
SOL 4 7 8 14 15 16 18 20 24 30 35 36 42 48
SOL 4 7 8 14 15 16 18 21 24 28 35 36 42 48
SOL 4 7 8 14 15 16 20 21 24 28 30 35 42 48
SOL 4 7 8 14 15 16 20 21 28 35 36 40 42 45 48
SOL 4 7 8 14 15 16 21 24 28 30 35 36 42 45 48
SOL 4 7 8 14 15 18 20 21 24 28 30 35 36 42
SOL 4 7 8 14 16 18 20 21 28 30 35 36 40 42 48
SOL 4 7 9 10 11 12 14 22 33 35 42 45
SOL 4 7 9 10 11 12 15 18 22 33 42
SOL 4 7 9 10 11 12 15 22 30 33 42 45
SOL 4 7 9 10 11 12 18 22 24 33 40 42
SOL 4 7 9 10 11 12 22 24 30 33 40 42 45
SOL 4 7 9 10 11 14 15 18 22 28 33
SOL 4 7 9 10 11 14 15 22 28 30 33 45
SOL 4 7 9 10 11 14 16 22 33 35 42 45 48
SOL 4 7 9 10 11 14 18 20 22 33 35 42
SOL 4 7 9 10 11 14 18 22 24 28 33 40
SOL 4 7 9 10 11 14 18 22 33 35 36 42 45
SOL 4 7 9 10 11 14 20 22 30 33 35 42 45
SOL 4 7 9 10 11 14 21 22 28 33 35 42 45
SOL 4 7 9 10 11 14 22 24 28 30 33 40 45
SOL 4 7 9 10 11 15 16 18 22 33 42 48
SOL 4 7 9 10 11 15 16 22 30 33 42 45 48
SOL 4 7 9 10 11 15 18 20 22 30 33 42
SOL 4 7 9 10 11 15 18 21 22 28 33 42
SOL 4 7 9 10 11 15 18 22 30 33 36 42 45
SOL 4 7 9 10 11 15 20 22 24 33 40 42 45
SOL 4 7 9 10 11 15 21 22 28 30 33 42 45
SOL 4 7 9 10 11 16 18 22 24 33 40 42 48
SOL 4 7 9 10 11 16 22 24 30 33 40 42 45 48
SOL 4 7 9 10 11 18 20 22 24 30 33 40 42
SOL 4 7 9 10 11 18 21 22 24 28 33 40 42
SOL 4 7 9 10 11 18 22 24 30 33 36 40 42 45
SOL 4 7 9 10 11 21 22 24 28 30 33 40 42 45
SOL 4 7 9 10 12 14 15 16 18 28 48
SOL 4 7 9 10 12 14 15 16 28 30 45 48
SOL 4 7 9 10 12 14 15 18 20 28 30
SOL 4 7 9 10 12 14 15 18 24 35 40 42
SOL 4 7 9 10 12 14 15 18 28 30 36 45
SOL 4 7 9 10 12 14 15 20 24 28 40 45
SOL 4 7 9 10 12 14 15 24 30 35 40 42 45
SOL 4 7 9 10 12 14 16 18 20 35 42 48
SOL 4 7 9 10 12 14 16 18 24 28 40 48
SOL 4 7 9 10 12 14 16 18 35 36 42 45 48
SOL 4 7 9 10 12 14 16 20 30 35 42 45 48
SOL 4 7 9 10 12 14 16 21 28 35 42 45 48
SOL 4 7 9 10 12 14 16 24 28 30 40 45 48
SOL 4 7 9 10 12 14 18 20 21 28 35 42
SOL 4 7 9 10 12 14 18 20 24 28 30 40
SOL 4 7 9 10 12 14 18 20 30 35 36 42 45
SOL 4 7 9 10 12 14 18 21 28 35 36 42 45
SOL 4 7 9 10 12 14 18 24 28 30 36 40 45
SOL 4 7 9 10 12 14 20 21 28 30 35 42 45
SOL 4 7 9 10 12 15 16 18 20 30 42 48
SOL 4 7 9 10 12 15 16 18 21 28 42 48
SOL 4 7 9 10 12 15 16 18 30 36 42 45 48
SOL 4 7 9 10 12 15 16 20 24 40 42 45 48
SOL 4 7 9 10 12 15 16 21 28 30 42 45 48
SOL 4 7 9 10 12 15 18 20 21 28 30 42
SOL 4 7 9 10 12 15 18 20 24 36 40 42 45
SOL 4 7 9 10 12 15 18 21 28 30 36 42 45
SOL 4 7 9 10 12 15 20 21 24 28 40 42 45
SOL 4 7 9 10 12 16 18 20 24 30 40 42 48
SOL 4 7 9 10 12 16 18 21 24 28 40 42 48
SOL 4 7 9 10 12 16 18 24 30 36 40 42 45 48
SOL 4 7 9 10 12 16 21 24 28 30 40 42 45 48
SOL 4 7 9 10 12 18 20 21 24 28 30 40 42
SOL 4 7 9 10 12 18 21 24 28 30 36 40 42 45
SOL 4 7 9 10 14 15 16 18 20 28 30 48
SOL 4 7 9 10 14 15 16 18 24 35 40 42 48
SOL 4 7 9 10 14 15 16 18 28 30 36 45 48
SOL 4 7 9 10 14 15 16 20 24 28 40 45 48
SOL 4 7 9 10 14 15 16 24 30 35 40 42 45 48
SOL 4 7 9 10 14 15 18 20 24 28 36 40 45
SOL 4 7 9 10 14 15 18 20 24 30 35 40 42
SOL 4 7 9 10 14 15 18 21 24 28 35 40 42
SOL 4 7 9 10 14 15 18 24 30 35 36 40 42 45
SOL 4 7 9 10 14 15 21 24 28 30 35 40 42 45
SOL 4 7 9 10 14 16 18 20 21 28 35 42 48
SOL 4 7 9 10 14 16 18 20 24 28 30 40 48
SOL 4 7 9 10 14 16 18 20 30 35 36 42 45 48
SOL 4 7 9 10 14 16 18 21 28 35 36 42 45 48
SOL 4 7 9 10 14 16 18 24 28 30 36 40 45 48
SOL 4 7 9 10 14 16 20 21 28 30 35 42 45 48
SOL 4 7 9 10 14 18 20 21 28 30 35 36 42 45
SOL 4 7 9 10 15 16 18 20 21 28 30 42 48
SOL 4 7 9 10 15 16 18 20 24 36 40 42 45 48
SOL 4 7 9 10 15 16 18 21 28 30 36 42 45 48
SOL 4 7 9 10 15 16 20 21 24 28 40 42 45 48
SOL 4 7 9 10 15 18 20 21 24 28 36 40 42 45
SOL 4 7 9 10 16 18 20 21 24 28 30 40 42 48
SOL 4 7 9 10 16 18 21 24 28 30 36 40 42 45 48
SOL 4 7 9 11 12 14 15 18 22 33 35 42
SOL 4 7 9 11 12 14 15 20 22 28 33 45
SOL 4 7 9 11 12 14 15 22 30 33 35 42 45
SOL 4 7 9 11 12 14 16 18 22 28 33 48
SOL 4 7 9 11 12 14 16 22 28 30 33 45 48
SOL 4 7 9 11 12 14 18 20 22 28 30 33
SOL 4 7 9 11 12 14 18 22 24 33 35 40 42
SOL 4 7 9 11 12 14 18 22 28 30 33 36 45
SOL 4 7 9 11 12 14 20 22 24 28 33 40 45
SOL 4 7 9 11 12 14 22 24 30 33 35 40 42 45
SOL 4 7 9 11 12 15 16 20 22 33 42 45 48
SOL 4 7 9 11 12 15 18 20 22 33 36 42 45
SOL 4 7 9 11 12 15 18 22 24 30 33 40 42
SOL 4 7 9 11 12 15 20 21 22 28 33 42 45
SOL 4 7 9 11 12 16 18 20 22 30 33 42 48
SOL 4 7 9 11 12 16 18 21 22 28 33 42 48
SOL 4 7 9 11 12 16 18 22 30 33 36 42 45 48
SOL 4 7 9 11 12 16 20 22 24 33 40 42 45 48
SOL 4 7 9 11 12 16 21 22 28 30 33 42 45 48
SOL 4 7 9 11 12 18 20 21 22 28 30 33 42
SOL 4 7 9 11 12 18 20 22 24 33 36 40 42 45
SOL 4 7 9 11 12 18 21 22 28 30 33 36 42 45
SOL 4 7 9 11 12 20 21 22 24 28 33 40 42 45
SOL 4 7 9 11 14 15 16 18 22 33 35 42 48
SOL 4 7 9 11 14 15 16 20 22 28 33 45 48
SOL 4 7 9 11 14 15 16 22 30 33 35 42 45 48
SOL 4 7 9 11 14 15 18 20 22 28 33 36 45
SOL 4 7 9 11 14 15 18 20 22 30 33 35 42
SOL 4 7 9 11 14 15 18 21 22 28 33 35 42
SOL 4 7 9 11 14 15 18 22 24 28 30 33 40
SOL 4 7 9 11 14 15 18 22 30 33 35 36 42 45
SOL 4 7 9 11 14 15 20 22 24 33 35 40 42 45
SOL 4 7 9 11 14 15 21 22 28 30 33 35 42 45
SOL 4 7 9 11 14 16 18 20 22 28 30 33 48
SOL 4 7 9 11 14 16 18 22 24 33 35 40 42 48
SOL 4 7 9 11 14 16 18 22 28 30 33 36 45 48
SOL 4 7 9 11 14 16 20 22 24 28 33 40 45 48
SOL 4 7 9 11 14 16 22 24 30 33 35 40 42 45 48
SOL 4 7 9 11 14 18 20 22 24 28 33 36 40 45
SOL 4 7 9 11 14 18 20 22 24 30 33 35 40 42
SOL 4 7 9 11 14 18 21 22 24 28 33 35 40 42
SOL 4 7 9 11 14 18 22 24 30 33 35 36 40 42 45
SOL 4 7 9 11 14 21 22 24 28 30 33 35 40 42 45
SOL 4 7 9 11 15 16 18 20 22 33 36 42 45 48
SOL 4 7 9 11 15 16 18 22 24 30 33 40 42 48
SOL 4 7 9 11 15 16 20 21 22 28 33 42 45 48
SOL 4 7 9 11 15 18 20 21 22 28 33 36 42 45
SOL 4 7 9 11 15 18 21 22 24 28 30 33 40 42
SOL 4 7 9 11 16 18 20 21 22 28 30 33 42 48
SOL 4 7 9 11 16 18 20 22 24 33 36 40 42 45 48
SOL 4 7 9 11 16 18 21 22 28 30 33 36 42 45 48
SOL 4 7 9 11 16 20 21 22 24 28 33 40 42 45 48
SOL 4 7 9 11 18 20 21 22 24 28 33 36 40 42 45
SOL 4 7 9 12 14 15 16 18 20 28 36 45 48
SOL 4 7 9 12 14 15 16 18 20 30 35 42 48
SOL 4 7 9 12 14 15 16 18 21 28 35 42 48
SOL 4 7 9 12 14 15 16 18 24 28 30 40 48
SOL 4 7 9 12 14 15 16 18 30 35 36 42 45 48
SOL 4 7 9 12 14 15 16 20 24 35 40 42 45 48
SOL 4 7 9 12 14 15 16 21 28 30 35 42 45 48
SOL 4 7 9 12 14 15 18 20 21 28 30 35 42
SOL 4 7 9 12 14 15 18 20 24 35 36 40 42 45
SOL 4 7 9 12 14 15 18 21 28 30 35 36 42 45
SOL 4 7 9 12 14 15 20 21 24 28 35 40 42 45
SOL 4 7 9 12 14 16 18 20 24 28 36 40 45 48
SOL 4 7 9 12 14 16 18 20 24 30 35 40 42 48
SOL 4 7 9 12 14 16 18 21 24 28 35 40 42 48
SOL 4 7 9 12 14 16 18 24 30 35 36 40 42 45 48
SOL 4 7 9 12 14 16 21 24 28 30 35 40 42 45 48
SOL 4 7 9 12 14 18 20 21 24 28 30 35 40 42
SOL 4 7 9 12 14 18 21 24 28 30 35 36 40 42 45
SOL 4 7 9 12 15 16 18 20 21 28 36 42 45 48
SOL 4 7 9 12 15 16 18 21 24 28 30 40 42 48
SOL 4 7 9 12 16 18 20 21 24 28 36 40 42 45 48
SOL 4 7 9 14 15 16 18 20 21 28 30 35 42 48
SOL 4 7 9 14 15 16 18 20 24 35 36 40 42 45 48
SOL 4 7 9 14 15 16 18 21 28 30 35 36 42 45 48
SOL 4 7 9 14 15 16 20 21 24 28 35 40 42 45 48
SOL 4 7 9 14 15 18 20 21 24 28 35 36 40 42 45
SOL 4 7 9 14 16 18 20 21 24 28 30 35 40 42 48
SOL 4 7 9 14 16 18 21 24 28 30 35 36 40 42 45 48
SOL 4 7 10 11 12 14 15 16 22 28 33 48
SOL 4 7 10 11 12 14 15 18 22 28 33 36
SOL 4 7 10 11 12 14 15 20 22 28 30 33
SOL 4 7 10 11 12 14 15 22 24 33 35 40 42
SOL 4 7 10 11 12 14 15 22 28 30 33 36 45
SOL 4 7 10 11 12 14 16 20 22 33 35 42 48
SOL 4 7 10 11 12 14 16 22 24 28 33 40 48
SOL 4 7 10 11 12 14 16 22 33 35 36 42 45 48
SOL 4 7 10 11 12 14 18 20 22 33 35 36 42
SOL 4 7 10 11 12 14 18 22 24 28 33 36 40
SOL 4 7 10 11 12 14 20 21 22 28 33 35 42
SOL 4 7 10 11 12 14 20 22 24 28 30 33 40
SOL 4 7 10 11 12 14 20 22 30 33 35 36 42 45
SOL 4 7 10 11 12 14 21 22 28 33 35 36 42 45
SOL 4 7 10 11 12 14 22 24 28 30 33 36 40 45
SOL 4 7 10 11 12 15 16 18 22 33 36 42 48
SOL 4 7 10 11 12 15 16 20 22 30 33 42 48
SOL 4 7 10 11 12 15 16 21 22 28 33 42 48
SOL 4 7 10 11 12 15 16 22 30 33 36 42 45 48
SOL 4 7 10 11 12 15 18 20 22 30 33 36 42
SOL 4 7 10 11 12 15 18 21 22 28 33 36 42
SOL 4 7 10 11 12 15 20 21 22 28 30 33 42
SOL 4 7 10 11 12 15 20 22 24 33 36 40 42 45
SOL 4 7 10 11 12 15 21 22 28 30 33 36 42 45
SOL 4 7 10 11 12 16 18 22 24 33 36 40 42 48
SOL 4 7 10 11 12 16 20 22 24 30 33 40 42 48
SOL 4 7 10 11 12 16 21 22 24 28 33 40 42 48
SOL 4 7 10 11 12 16 22 24 30 33 36 40 42 45 48
SOL 4 7 10 11 12 18 20 22 24 30 33 36 40 42
SOL 4 7 10 11 12 18 21 22 24 28 33 36 40 42
SOL 4 7 10 11 12 20 21 22 24 28 30 33 40 42
SOL 4 7 10 11 12 21 22 24 28 30 33 36 40 42 45
SOL 4 7 10 11 14 15 16 18 22 28 33 36 48
SOL 4 7 10 11 14 15 16 20 22 28 30 33 48
SOL 4 7 10 11 14 15 16 22 24 33 35 40 42 48
SOL 4 7 10 11 14 15 16 22 28 30 33 36 45 48
SOL 4 7 10 11 14 15 18 20 22 28 30 33 36
SOL 4 7 10 11 14 15 18 22 24 33 35 36 40 42
SOL 4 7 10 11 14 15 20 22 24 28 33 36 40 45
SOL 4 7 10 11 14 15 20 22 24 30 33 35 40 42
SOL 4 7 10 11 14 15 21 22 24 28 33 35 40 42
SOL 4 7 10 11 14 15 22 24 30 33 35 36 40 42 45
SOL 4 7 10 11 14 16 18 20 22 33 35 36 42 48
SOL 4 7 10 11 14 16 18 22 24 28 33 36 40 48
SOL 4 7 10 11 14 16 20 21 22 28 33 35 42 48
SOL 4 7 10 11 14 16 20 22 24 28 30 33 40 48
SOL 4 7 10 11 14 16 20 22 30 33 35 36 42 45 48
SOL 4 7 10 11 14 16 21 22 28 33 35 36 42 45 48
SOL 4 7 10 11 14 16 22 24 28 30 33 36 40 45 48
SOL 4 7 10 11 14 18 20 21 22 28 33 35 36 42
SOL 4 7 10 11 14 18 20 22 24 28 30 33 36 40
SOL 4 7 10 11 14 20 21 22 28 30 33 35 36 42 45
SOL 4 7 10 11 15 16 18 20 22 30 33 36 42 48
SOL 4 7 10 11 15 16 18 21 22 28 33 36 42 48
SOL 4 7 10 11 15 16 20 21 22 28 30 33 42 48
SOL 4 7 10 11 15 16 20 22 24 33 36 40 42 45 48
SOL 4 7 10 11 15 16 21 22 28 30 33 36 42 45 48
SOL 4 7 10 11 15 18 20 21 22 28 30 33 36 42
SOL 4 7 10 11 15 20 21 22 24 28 33 36 40 42 45
SOL 4 7 10 11 16 18 20 22 24 30 33 36 40 42 48
SOL 4 7 10 11 16 18 21 22 24 28 33 36 40 42 48
SOL 4 7 10 11 16 20 21 22 24 28 30 33 40 42 48
SOL 4 7 10 11 16 21 22 24 28 30 33 36 40 42 45 48
SOL 4 7 10 11 18 20 21 22 24 28 30 33 36 40 42
SOL 4 7 10 12 14 15 16 18 20 28 30 36 48
SOL 4 7 10 12 14 15 16 18 24 35 36 40 42 48
SOL 4 7 10 12 14 15 16 20 24 28 36 40 45 48
SOL 4 7 10 12 14 15 16 20 24 30 35 40 42 48
SOL 4 7 10 12 14 15 16 21 24 28 35 40 42 48
SOL 4 7 10 12 14 15 16 24 30 35 36 40 42 45 48
SOL 4 7 10 12 14 15 18 20 24 30 35 36 40 42
SOL 4 7 10 12 14 15 18 21 24 28 35 36 40 42
SOL 4 7 10 12 14 15 20 21 24 28 30 35 40 42
SOL 4 7 10 12 14 15 21 24 28 30 35 36 40 42 45
SOL 4 7 10 12 14 16 18 20 21 28 35 36 42 48
SOL 4 7 10 12 14 16 18 20 24 28 30 36 40 48
SOL 4 7 10 12 14 16 20 21 28 30 35 36 42 45 48
SOL 4 7 10 12 15 16 18 20 21 28 30 36 42 48
SOL 4 7 10 12 15 16 20 21 24 28 36 40 42 45 48
SOL 4 7 10 12 16 18 20 21 24 28 30 36 40 42 48
SOL 4 7 10 14 15 16 18 20 24 30 35 36 40 42 48
SOL 4 7 10 14 15 16 18 21 24 28 35 36 40 42 48
SOL 4 7 10 14 15 16 20 21 24 28 30 35 40 42 48
SOL 4 7 10 14 15 16 21 24 28 30 35 36 40 42 45 48
SOL 4 7 10 14 15 18 20 21 24 28 30 35 36 40 42
SOL 4 7 11 12 14 15 16 18 22 33 35 36 42 48
SOL 4 7 11 12 14 15 16 20 22 28 33 36 45 48
SOL 4 7 11 12 14 15 16 20 22 30 33 35 42 48
SOL 4 7 11 12 14 15 16 21 22 28 33 35 42 48
SOL 4 7 11 12 14 15 16 22 24 28 30 33 40 48
SOL 4 7 11 12 14 15 16 22 30 33 35 36 42 45 48
SOL 4 7 11 12 14 15 18 20 22 30 33 35 36 42
SOL 4 7 11 12 14 15 18 21 22 28 33 35 36 42
SOL 4 7 11 12 14 15 18 22 24 28 30 33 36 40
SOL 4 7 11 12 14 15 20 21 22 28 30 33 35 42
SOL 4 7 11 12 14 15 20 22 24 33 35 36 40 42 45
SOL 4 7 11 12 14 15 21 22 28 30 33 35 36 42 45
SOL 4 7 11 12 14 16 18 20 22 28 30 33 36 48
SOL 4 7 11 12 14 16 18 22 24 33 35 36 40 42 48
SOL 4 7 11 12 14 16 20 22 24 28 33 36 40 45 48
SOL 4 7 11 12 14 16 20 22 24 30 33 35 40 42 48
SOL 4 7 11 12 14 16 21 22 24 28 33 35 40 42 48
SOL 4 7 11 12 14 16 22 24 30 33 35 36 40 42 45 48
SOL 4 7 11 12 14 18 20 22 24 30 33 35 36 40 42
SOL 4 7 11 12 14 18 21 22 24 28 33 35 36 40 42
SOL 4 7 11 12 14 20 21 22 24 28 30 33 35 40 42
SOL 4 7 11 12 14 21 22 24 28 30 33 35 36 40 42 45
SOL 4 7 11 12 15 16 18 22 24 30 33 36 40 42 48
SOL 4 7 11 12 15 16 20 21 22 28 33 36 42 45 48
SOL 4 7 11 12 15 16 21 22 24 28 30 33 40 42 48
SOL 4 7 11 12 15 18 21 22 24 28 30 33 36 40 42
SOL 4 7 11 12 16 18 20 21 22 28 30 33 36 42 48
SOL 4 7 11 12 16 20 21 22 24 28 33 36 40 42 45 48
SOL 4 7 11 14 15 16 18 20 22 30 33 35 36 42 48
SOL 4 7 11 14 15 16 18 21 22 28 33 35 36 42 48
SOL 4 7 11 14 15 16 18 22 24 28 30 33 36 40 48
SOL 4 7 11 14 15 16 20 21 22 28 30 33 35 42 48
SOL 4 7 11 14 15 16 20 22 24 33 35 36 40 42 45 48
SOL 4 7 11 14 15 16 21 22 28 30 33 35 36 42 45 48
SOL 4 7 11 14 15 18 20 21 22 28 30 33 35 36 42
SOL 4 7 11 14 15 20 21 22 24 28 33 35 36 40 42 45
SOL 4 7 11 14 16 18 20 22 24 30 33 35 36 40 42 48
SOL 4 7 11 14 16 18 21 22 24 28 33 35 36 40 42 48
SOL 4 7 11 14 16 20 21 22 24 28 30 33 35 40 42 48
SOL 4 7 11 14 16 21 22 24 28 30 33 35 36 40 42 45 48
SOL 4 7 11 14 18 20 21 22 24 28 30 33 35 36 40 42
SOL 4 7 11 15 16 18 21 22 24 28 30 33 36 40 42 48
SOL 4 7 12 14 15 16 18 20 21 28 30 35 36 42 48
SOL 4 7 12 14 15 16 20 21 24 28 35 36 40 42 45 48
SOL 4 7 12 14 16 18 20 21 24 28 30 35 36 40 42 48
SOL 4 8 9 10 11 12 14 22 24 33 35 45
SOL 4 8 9 10 11 12 15 18 22 24 33
SOL 4 8 9 10 11 12 15 20 22 33 40 45
SOL 4 8 9 10 11 12 15 22 24 30 33 45
SOL 4 8 9 10 11 12 16 18 22 33 40 48
SOL 4 8 9 10 11 12 16 22 30 33 40 45 48
SOL 4 8 9 10 11 12 18 20 22 30 33 40
SOL 4 8 9 10 11 12 18 21 22 28 33 40
SOL 4 8 9 10 11 12 18 22 30 33 36 40 45
SOL 4 8 9 10 11 12 21 22 24 33 35 42 45
SOL 4 8 9 10 11 12 21 22 28 30 33 40 45
SOL 4 8 9 10 11 14 15 18 22 33 35 40
SOL 4 8 9 10 11 14 15 22 30 33 35 40 45
SOL 4 8 9 10 11 14 16 22 24 33 35 45 48
SOL 4 8 9 10 11 14 18 20 22 24 33 35
SOL 4 8 9 10 11 14 18 22 24 33 35 36 45
SOL 4 8 9 10 11 14 20 22 24 30 33 35 45
SOL 4 8 9 10 11 14 21 22 24 28 33 35 45
SOL 4 8 9 10 11 15 16 18 22 24 33 48
SOL 4 8 9 10 11 15 16 20 22 33 40 45 48
SOL 4 8 9 10 11 15 16 22 24 30 33 45 48
SOL 4 8 9 10 11 15 18 20 22 24 30 33
SOL 4 8 9 10 11 15 18 20 22 33 36 40 45
SOL 4 8 9 10 11 15 18 21 22 24 28 33
SOL 4 8 9 10 11 15 18 21 22 33 35 40 42
SOL 4 8 9 10 11 15 18 22 24 30 33 36 45
SOL 4 8 9 10 11 15 20 21 22 28 33 40 45
SOL 4 8 9 10 11 15 21 22 24 28 30 33 45
SOL 4 8 9 10 11 15 21 22 30 33 35 40 42 45
SOL 4 8 9 10 11 16 18 20 22 30 33 40 48
SOL 4 8 9 10 11 16 18 21 22 28 33 40 48
SOL 4 8 9 10 11 16 18 22 30 33 36 40 45 48
SOL 4 8 9 10 11 16 21 22 24 33 35 42 45 48
SOL 4 8 9 10 11 16 21 22 28 30 33 40 45 48
SOL 4 8 9 10 11 18 20 21 22 24 33 35 42
SOL 4 8 9 10 11 18 20 21 22 28 30 33 40
SOL 4 8 9 10 11 18 21 22 24 33 35 36 42 45
SOL 4 8 9 10 11 18 21 22 28 30 33 36 40 45
SOL 4 8 9 10 11 20 21 22 24 30 33 35 42 45
SOL 4 8 9 10 12 14 15 16 18 35 40 48
SOL 4 8 9 10 12 14 15 16 30 35 40 45 48
SOL 4 8 9 10 12 14 15 18 20 30 35 40
SOL 4 8 9 10 12 14 15 18 21 28 35 40
SOL 4 8 9 10 12 14 15 18 30 35 36 40 45
SOL 4 8 9 10 12 14 15 21 28 30 35 40 45
SOL 4 8 9 10 12 14 16 18 20 24 35 48
SOL 4 8 9 10 12 14 16 18 24 35 36 45 48
SOL 4 8 9 10 12 14 16 20 24 30 35 45 48
SOL 4 8 9 10 12 14 16 21 24 28 35 45 48
SOL 4 8 9 10 12 14 18 20 21 24 28 35
SOL 4 8 9 10 12 14 18 20 24 30 35 36 45
SOL 4 8 9 10 12 14 18 21 24 28 35 36 45
SOL 4 8 9 10 12 14 20 21 24 28 30 35 45
SOL 4 8 9 10 12 15 16 18 20 24 30 48
SOL 4 8 9 10 12 15 16 18 20 36 40 45 48
SOL 4 8 9 10 12 15 16 18 21 24 28 48
SOL 4 8 9 10 12 15 16 18 21 35 40 42 48
SOL 4 8 9 10 12 15 16 18 24 30 36 45 48
SOL 4 8 9 10 12 15 16 20 21 28 40 45 48
SOL 4 8 9 10 12 15 16 21 24 28 30 45 48
SOL 4 8 9 10 12 15 16 21 30 35 40 42 45 48
SOL 4 8 9 10 12 15 18 20 21 24 28 30
SOL 4 8 9 10 12 15 18 20 21 28 36 40 45
SOL 4 8 9 10 12 15 18 20 21 30 35 40 42
SOL 4 8 9 10 12 15 18 21 24 28 30 36 45
SOL 4 8 9 10 12 15 18 21 30 35 36 40 42 45
SOL 4 8 9 10 12 16 18 20 21 24 35 42 48
SOL 4 8 9 10 12 16 18 20 21 28 30 40 48
SOL 4 8 9 10 12 16 18 21 24 35 36 42 45 48
SOL 4 8 9 10 12 16 18 21 28 30 36 40 45 48
SOL 4 8 9 10 12 16 20 21 24 30 35 42 45 48
SOL 4 8 9 10 12 18 20 21 24 30 35 36 42 45
SOL 4 8 9 10 14 15 16 18 20 30 35 40 48
SOL 4 8 9 10 14 15 16 18 21 28 35 40 48
SOL 4 8 9 10 14 15 16 18 30 35 36 40 45 48
SOL 4 8 9 10 14 15 16 21 28 30 35 40 45 48
SOL 4 8 9 10 14 15 18 20 21 28 30 35 40
SOL 4 8 9 10 14 15 18 21 28 30 35 36 40 45
SOL 4 8 9 10 14 16 18 20 21 24 28 35 48
SOL 4 8 9 10 14 16 18 20 24 30 35 36 45 48
SOL 4 8 9 10 14 16 18 21 24 28 35 36 45 48
SOL 4 8 9 10 14 16 20 21 24 28 30 35 45 48
SOL 4 8 9 10 14 18 20 21 24 28 30 35 36 45
SOL 4 8 9 10 15 16 18 20 21 24 28 30 48
SOL 4 8 9 10 15 16 18 20 21 28 36 40 45 48
SOL 4 8 9 10 15 16 18 20 21 30 35 40 42 48
SOL 4 8 9 10 15 16 18 21 24 28 30 36 45 48
SOL 4 8 9 10 15 16 18 21 30 35 36 40 42 45 48
SOL 4 8 9 10 16 18 20 21 24 30 35 36 42 45 48
SOL 4 8 9 11 12 14 15 18 22 24 33 35
SOL 4 8 9 11 12 14 15 20 22 33 35 40 45
SOL 4 8 9 11 12 14 15 22 24 30 33 35 45
SOL 4 8 9 11 12 14 16 18 22 33 35 40 48
SOL 4 8 9 11 12 14 16 22 30 33 35 40 45 48
SOL 4 8 9 11 12 14 18 20 22 30 33 35 40
SOL 4 8 9 11 12 14 18 21 22 28 33 35 40
SOL 4 8 9 11 12 14 18 22 30 33 35 36 40 45
SOL 4 8 9 11 12 14 21 22 28 30 33 35 40 45
SOL 4 8 9 11 12 15 16 18 22 30 33 40 48
SOL 4 8 9 11 12 15 16 20 22 24 33 45 48
SOL 4 8 9 11 12 15 18 20 22 24 33 36 45
SOL 4 8 9 11 12 15 18 21 22 24 33 35 42
SOL 4 8 9 11 12 15 18 21 22 28 30 33 40
SOL 4 8 9 11 12 15 20 21 22 24 28 33 45
SOL 4 8 9 11 12 15 20 21 22 33 35 40 42 45
SOL 4 8 9 11 12 15 21 22 24 30 33 35 42 45
SOL 4 8 9 11 12 16 18 20 22 24 30 33 48
SOL 4 8 9 11 12 16 18 20 22 33 36 40 45 48
SOL 4 8 9 11 12 16 18 21 22 24 28 33 48
SOL 4 8 9 11 12 16 18 21 22 33 35 40 42 48
SOL 4 8 9 11 12 16 18 22 24 30 33 36 45 48
SOL 4 8 9 11 12 16 20 21 22 28 33 40 45 48
SOL 4 8 9 11 12 16 21 22 24 28 30 33 45 48
SOL 4 8 9 11 12 16 21 22 30 33 35 40 42 45 48
SOL 4 8 9 11 12 18 20 21 22 24 28 30 33
SOL 4 8 9 11 12 18 20 21 22 28 33 36 40 45
SOL 4 8 9 11 12 18 20 21 22 30 33 35 40 42
SOL 4 8 9 11 12 18 21 22 24 28 30 33 36 45
SOL 4 8 9 11 12 18 21 22 30 33 35 36 40 42 45
SOL 4 8 9 11 14 15 16 18 22 24 33 35 48
SOL 4 8 9 11 14 15 16 20 22 33 35 40 45 48
SOL 4 8 9 11 14 15 16 22 24 30 33 35 45 48
SOL 4 8 9 11 14 15 18 20 22 24 30 33 35
SOL 4 8 9 11 14 15 18 20 22 33 35 36 40 45
SOL 4 8 9 11 14 15 18 21 22 24 28 33 35
SOL 4 8 9 11 14 15 18 22 24 30 33 35 36 45
SOL 4 8 9 11 14 15 20 21 22 28 33 35 40 45
SOL 4 8 9 11 14 15 21 22 24 28 30 33 35 45
SOL 4 8 9 11 14 16 18 20 22 30 33 35 40 48
SOL 4 8 9 11 14 16 18 21 22 28 33 35 40 48
SOL 4 8 9 11 14 16 18 22 30 33 35 36 40 45 48
SOL 4 8 9 11 14 16 21 22 28 30 33 35 40 45 48
SOL 4 8 9 11 14 18 20 21 22 28 30 33 35 40
SOL 4 8 9 11 14 18 21 22 28 30 33 35 36 40 45
SOL 4 8 9 11 15 16 18 20 22 24 33 36 45 48
SOL 4 8 9 11 15 16 18 21 22 24 33 35 42 48
SOL 4 8 9 11 15 16 18 21 22 28 30 33 40 48
SOL 4 8 9 11 15 16 20 21 22 24 28 33 45 48
SOL 4 8 9 11 15 16 20 21 22 33 35 40 42 45 48
SOL 4 8 9 11 15 16 21 22 24 30 33 35 42 45 48
SOL 4 8 9 11 15 18 20 21 22 24 28 33 36 45
SOL 4 8 9 11 15 18 20 21 22 24 30 33 35 42
SOL 4 8 9 11 15 18 20 21 22 33 35 36 40 42 45
SOL 4 8 9 11 15 18 21 22 24 30 33 35 36 42 45
SOL 4 8 9 11 16 18 20 21 22 24 28 30 33 48
SOL 4 8 9 11 16 18 20 21 22 28 33 36 40 45 48
SOL 4 8 9 11 16 18 20 21 22 30 33 35 40 42 48
SOL 4 8 9 11 16 18 21 22 24 28 30 33 36 45 48
SOL 4 8 9 11 16 18 21 22 30 33 35 36 40 42 45 48
SOL 4 8 9 12 14 15 16 18 20 24 30 35 48
SOL 4 8 9 12 14 15 16 18 20 35 36 40 45 48
SOL 4 8 9 12 14 15 16 18 21 24 28 35 48
SOL 4 8 9 12 14 15 16 18 24 30 35 36 45 48
SOL 4 8 9 12 14 15 16 20 21 28 35 40 45 48
SOL 4 8 9 12 14 15 16 21 24 28 30 35 45 48
SOL 4 8 9 12 14 15 18 20 21 24 28 30 35
SOL 4 8 9 12 14 15 18 20 21 28 35 36 40 45
SOL 4 8 9 12 14 15 18 21 24 28 30 35 36 45
SOL 4 8 9 12 14 16 18 20 21 28 30 35 40 48
SOL 4 8 9 12 14 16 18 21 28 30 35 36 40 45 48
SOL 4 8 9 12 15 16 18 20 21 24 28 36 45 48
SOL 4 8 9 12 15 16 18 20 21 24 30 35 42 48
SOL 4 8 9 12 15 16 18 20 21 35 36 40 42 45 48
SOL 4 8 9 12 15 16 18 21 24 30 35 36 42 45 48
SOL 4 8 9 14 15 16 18 20 21 24 28 30 35 48
SOL 4 8 9 14 15 16 18 20 21 28 35 36 40 45 48
SOL 4 8 9 14 15 16 18 21 24 28 30 35 36 45 48
SOL 4 8 10 11 12 14 15 16 22 33 35 40 48
SOL 4 8 10 11 12 14 15 18 22 33 35 36 40
SOL 4 8 10 11 12 14 15 20 22 30 33 35 40
SOL 4 8 10 11 12 14 15 21 22 28 33 35 40
SOL 4 8 10 11 12 14 15 22 30 33 35 36 40 45
SOL 4 8 10 11 12 14 16 20 22 24 33 35 48
SOL 4 8 10 11 12 14 16 22 24 33 35 36 45 48
SOL 4 8 10 11 12 14 18 20 22 24 33 35 36
SOL 4 8 10 11 12 14 20 21 22 24 28 33 35
SOL 4 8 10 11 12 14 20 22 24 30 33 35 36 45
SOL 4 8 10 11 12 14 21 22 24 28 33 35 36 45
SOL 4 8 10 11 12 15 16 18 22 24 33 36 48
SOL 4 8 10 11 12 15 16 20 22 24 30 33 48
SOL 4 8 10 11 12 15 16 20 22 33 36 40 45 48
SOL 4 8 10 11 12 15 16 21 22 24 28 33 48
SOL 4 8 10 11 12 15 16 21 22 33 35 40 42 48
SOL 4 8 10 11 12 15 16 22 24 30 33 36 45 48
SOL 4 8 10 11 12 15 18 20 22 24 30 33 36
SOL 4 8 10 11 12 15 18 21 22 24 28 33 36
SOL 4 8 10 11 12 15 18 21 22 33 35 36 40 42
SOL 4 8 10 11 12 15 20 21 22 24 28 30 33
SOL 4 8 10 11 12 15 20 21 22 28 33 36 40 45
SOL 4 8 10 11 12 15 20 21 22 30 33 35 40 42
SOL 4 8 10 11 12 15 21 22 24 28 30 33 36 45
SOL 4 8 10 11 12 15 21 22 30 33 35 36 40 42 45
SOL 4 8 10 11 12 16 18 20 22 30 33 36 40 48
SOL 4 8 10 11 12 16 18 21 22 28 33 36 40 48
SOL 4 8 10 11 12 16 20 21 22 24 33 35 42 48
SOL 4 8 10 11 12 16 20 21 22 28 30 33 40 48
SOL 4 8 10 11 12 16 21 22 24 33 35 36 42 45 48
SOL 4 8 10 11 12 16 21 22 28 30 33 36 40 45 48
SOL 4 8 10 11 12 18 20 21 22 24 33 35 36 42
SOL 4 8 10 11 12 18 20 21 22 28 30 33 36 40
SOL 4 8 10 11 12 20 21 22 24 30 33 35 36 42 45
SOL 4 8 10 11 14 15 16 18 22 33 35 36 40 48
SOL 4 8 10 11 14 15 16 20 22 30 33 35 40 48
SOL 4 8 10 11 14 15 16 21 22 28 33 35 40 48
SOL 4 8 10 11 14 15 16 22 30 33 35 36 40 45 48
SOL 4 8 10 11 14 15 18 20 22 30 33 35 36 40
SOL 4 8 10 11 14 15 18 21 22 28 33 35 36 40
SOL 4 8 10 11 14 15 20 21 22 28 30 33 35 40
SOL 4 8 10 11 14 15 21 22 28 30 33 35 36 40 45
SOL 4 8 10 11 14 16 18 20 22 24 33 35 36 48
SOL 4 8 10 11 14 16 20 21 22 24 28 33 35 48
SOL 4 8 10 11 14 16 20 22 24 30 33 35 36 45 48
SOL 4 8 10 11 14 16 21 22 24 28 33 35 36 45 48
SOL 4 8 10 11 14 18 20 21 22 24 28 33 35 36
SOL 4 8 10 11 14 20 21 22 24 28 30 33 35 36 45
SOL 4 8 10 11 15 16 18 20 22 24 30 33 36 48
SOL 4 8 10 11 15 16 18 21 22 24 28 33 36 48
SOL 4 8 10 11 15 16 18 21 22 33 35 36 40 42 48
SOL 4 8 10 11 15 16 20 21 22 24 28 30 33 48
SOL 4 8 10 11 15 16 20 21 22 28 33 36 40 45 48
SOL 4 8 10 11 15 16 20 21 22 30 33 35 40 42 48
SOL 4 8 10 11 15 16 21 22 24 28 30 33 36 45 48
SOL 4 8 10 11 15 16 21 22 30 33 35 36 40 42 45 48
SOL 4 8 10 11 15 18 20 21 22 24 28 30 33 36
SOL 4 8 10 11 15 18 20 21 22 30 33 35 36 40 42
SOL 4 8 10 11 16 18 20 21 22 24 33 35 36 42 48
SOL 4 8 10 11 16 18 20 21 22 28 30 33 36 40 48
SOL 4 8 10 11 16 20 21 22 24 30 33 35 36 42 45 48
SOL 4 8 10 12 14 15 16 18 20 30 35 36 40 48
SOL 4 8 10 12 14 15 16 18 21 28 35 36 40 48
SOL 4 8 10 12 14 15 16 20 21 28 30 35 40 48
SOL 4 8 10 12 14 15 16 21 28 30 35 36 40 45 48
SOL 4 8 10 12 14 15 18 20 21 28 30 35 36 40
SOL 4 8 10 12 14 16 18 20 21 24 28 35 36 48
SOL 4 8 10 12 14 16 20 21 24 28 30 35 36 45 48
SOL 4 8 10 12 15 16 18 20 21 24 28 30 36 48
SOL 4 8 10 12 15 16 18 20 21 30 35 36 40 42 48
SOL 4 8 10 14 15 16 18 20 21 28 30 35 36 40 48
SOL 4 8 11 12 14 15 16 18 22 24 33 35 36 48
SOL 4 8 11 12 14 15 16 20 22 24 30 33 35 48
SOL 4 8 11 12 14 15 16 20 22 33 35 36 40 45 48
SOL 4 8 11 12 14 15 16 21 22 24 28 33 35 48
SOL 4 8 11 12 14 15 16 22 24 30 33 35 36 45 48
SOL 4 8 11 12 14 15 18 20 22 24 30 33 35 36
SOL 4 8 11 12 14 15 18 21 22 24 28 33 35 36
SOL 4 8 11 12 14 15 20 21 22 24 28 30 33 35
SOL 4 8 11 12 14 15 20 21 22 28 33 35 36 40 45
SOL 4 8 11 12 14 15 21 22 24 28 30 33 35 36 45
SOL 4 8 11 12 14 16 18 20 22 30 33 35 36 40 48
SOL 4 8 11 12 14 16 18 21 22 28 33 35 36 40 48
SOL 4 8 11 12 14 16 20 21 22 28 30 33 35 40 48
SOL 4 8 11 12 14 16 21 22 28 30 33 35 36 40 45 48
SOL 4 8 11 12 14 18 20 21 22 28 30 33 35 36 40
SOL 4 8 11 12 15 16 18 21 22 24 33 35 36 42 48
SOL 4 8 11 12 15 16 18 21 22 28 30 33 36 40 48
SOL 4 8 11 12 15 16 20 21 22 24 28 33 36 45 48
SOL 4 8 11 12 15 16 20 21 22 24 30 33 35 42 48
SOL 4 8 11 12 15 16 20 21 22 33 35 36 40 42 45 48
SOL 4 8 11 12 15 16 21 22 24 30 33 35 36 42 45 48
SOL 4 8 11 12 15 18 20 21 22 24 30 33 35 36 42
SOL 4 8 11 12 16 18 20 21 22 24 28 30 33 36 48
SOL 4 8 11 12 16 18 20 21 22 30 33 35 36 40 42 48
SOL 4 8 11 14 15 16 18 20 22 24 30 33 35 36 48
SOL 4 8 11 14 15 16 18 21 22 24 28 33 35 36 48
SOL 4 8 11 14 15 16 20 21 22 24 28 30 33 35 48
SOL 4 8 11 14 15 16 20 21 22 28 33 35 36 40 45 48
SOL 4 8 11 14 15 16 21 22 24 28 30 33 35 36 45 48
SOL 4 8 11 14 15 18 20 21 22 24 28 30 33 35 36
SOL 4 8 11 14 16 18 20 21 22 28 30 33 35 36 40 48
SOL 4 8 11 15 16 18 20 21 22 24 30 33 35 36 42 48
SOL 4 8 12 14 15 16 18 20 21 24 28 30 35 36 48
SOL 4 9 10 11 12 14 15 18 22 24 33 35 40
SOL 4 9 10 11 12 14 15 22 24 30 33 35 40 45
SOL 4 9 10 11 12 14 16 18 20 22 33 35 48
SOL 4 9 10 11 12 14 16 18 22 33 35 36 45 48
SOL 4 9 10 11 12 14 16 20 22 30 33 35 45 48
SOL 4 9 10 11 12 14 16 21 22 28 33 35 45 48
SOL 4 9 10 11 12 14 18 20 21 22 28 33 35
SOL 4 9 10 11 12 14 18 20 22 30 33 35 36 45
SOL 4 9 10 11 12 14 18 21 22 28 33 35 36 45
SOL 4 9 10 11 12 14 20 21 22 28 30 33 35 45
SOL 4 9 10 11 12 15 16 18 20 22 30 33 48
SOL 4 9 10 11 12 15 16 18 21 22 28 33 48
SOL 4 9 10 11 12 15 16 18 22 30 33 36 45 48
SOL 4 9 10 11 12 15 16 20 22 24 33 40 45 48
SOL 4 9 10 11 12 15 16 21 22 28 30 33 45 48
SOL 4 9 10 11 12 15 18 20 21 22 28 30 33
SOL 4 9 10 11 12 15 18 20 22 24 33 36 40 45
SOL 4 9 10 11 12 15 18 21 22 24 33 35 40 42
SOL 4 9 10 11 12 15 18 21 22 28 30 33 36 45
SOL 4 9 10 11 12 15 20 21 22 24 28 33 40 45
SOL 4 9 10 11 12 15 21 22 24 30 33 35 40 42 45
SOL 4 9 10 11 12 16 18 20 21 22 33 35 42 48
SOL 4 9 10 11 12 16 18 20 22 24 30 33 40 48
SOL 4 9 10 11 12 16 18 21 22 24 28 33 40 48
SOL 4 9 10 11 12 16 18 21 22 33 35 36 42 45 48
SOL 4 9 10 11 12 16 18 22 24 30 33 36 40 45 48
SOL 4 9 10 11 12 16 20 21 22 30 33 35 42 45 48
SOL 4 9 10 11 12 16 21 22 24 28 30 33 40 45 48
SOL 4 9 10 11 12 18 20 21 22 24 28 30 33 40
SOL 4 9 10 11 12 18 20 21 22 30 33 35 36 42 45
SOL 4 9 10 11 12 18 21 22 24 28 30 33 36 40 45
SOL 4 9 10 11 14 15 16 18 22 24 33 35 40 48
SOL 4 9 10 11 14 15 16 22 24 30 33 35 40 45 48
SOL 4 9 10 11 14 15 18 20 22 24 30 33 35 40
SOL 4 9 10 11 14 15 18 21 22 24 28 33 35 40
SOL 4 9 10 11 14 15 18 22 24 30 33 35 36 40 45
SOL 4 9 10 11 14 15 21 22 24 28 30 33 35 40 45
SOL 4 9 10 11 14 16 18 20 21 22 28 33 35 48
SOL 4 9 10 11 14 16 18 20 22 30 33 35 36 45 48
SOL 4 9 10 11 14 16 18 21 22 28 33 35 36 45 48
SOL 4 9 10 11 14 16 20 21 22 28 30 33 35 45 48
SOL 4 9 10 11 14 18 20 21 22 28 30 33 35 36 45
SOL 4 9 10 11 15 16 18 20 21 22 28 30 33 48
SOL 4 9 10 11 15 16 18 20 22 24 33 36 40 45 48
SOL 4 9 10 11 15 16 18 21 22 24 33 35 40 42 48
SOL 4 9 10 11 15 16 18 21 22 28 30 33 36 45 48
SOL 4 9 10 11 15 16 20 21 22 24 28 33 40 45 48
SOL 4 9 10 11 15 16 21 22 24 30 33 35 40 42 45 48
SOL 4 9 10 11 15 18 20 21 22 24 28 33 36 40 45
SOL 4 9 10 11 15 18 20 21 22 24 30 33 35 40 42
SOL 4 9 10 11 15 18 21 22 24 30 33 35 36 40 42 45
SOL 4 9 10 11 16 18 20 21 22 24 28 30 33 40 48
SOL 4 9 10 11 16 18 20 21 22 30 33 35 36 42 45 48
SOL 4 9 10 11 16 18 21 22 24 28 30 33 36 40 45 48
SOL 4 9 10 12 14 15 16 18 20 24 30 35 40 48
SOL 4 9 10 12 14 15 16 18 21 24 28 35 40 48
SOL 4 9 10 12 14 15 16 18 24 30 35 36 40 45 48
SOL 4 9 10 12 14 15 16 21 24 28 30 35 40 45 48
SOL 4 9 10 12 14 15 18 20 21 24 28 30 35 40
SOL 4 9 10 12 14 15 18 21 24 28 30 35 36 40 45
SOL 4 9 10 12 14 16 18 20 21 28 30 35 36 45 48
SOL 4 9 10 12 15 16 18 20 21 24 28 36 40 45 48
SOL 4 9 10 12 15 16 18 20 21 24 30 35 40 42 48
SOL 4 9 10 12 15 16 18 21 24 30 35 36 40 42 45 48
SOL 4 9 10 14 15 16 18 20 21 24 28 30 35 40 48
SOL 4 9 10 14 15 16 18 21 24 28 30 35 36 40 45 48
SOL 4 9 11 12 14 15 16 18 20 22 30 33 35 48
SOL 4 9 11 12 14 15 16 18 21 22 28 33 35 48
SOL 4 9 11 12 14 15 16 18 22 30 33 35 36 45 48
SOL 4 9 11 12 14 15 16 20 22 24 33 35 40 45 48
SOL 4 9 11 12 14 15 16 21 22 28 30 33 35 45 48
SOL 4 9 11 12 14 15 18 20 21 22 28 30 33 35
SOL 4 9 11 12 14 15 18 20 22 24 33 35 36 40 45
SOL 4 9 11 12 14 15 18 21 22 28 30 33 35 36 45
SOL 4 9 11 12 14 15 20 21 22 24 28 33 35 40 45
SOL 4 9 11 12 14 16 18 20 22 24 30 33 35 40 48
SOL 4 9 11 12 14 16 18 21 22 24 28 33 35 40 48
SOL 4 9 11 12 14 16 18 22 24 30 33 35 36 40 45 48
SOL 4 9 11 12 14 16 21 22 24 28 30 33 35 40 45 48
SOL 4 9 11 12 14 18 20 21 22 24 28 30 33 35 40
SOL 4 9 11 12 14 18 21 22 24 28 30 33 35 36 40 45
SOL 4 9 11 12 15 16 18 20 21 22 28 33 36 45 48
SOL 4 9 11 12 15 16 18 20 21 22 30 33 35 42 48
SOL 4 9 11 12 15 16 18 21 22 24 28 30 33 40 48
SOL 4 9 11 12 15 16 18 21 22 30 33 35 36 42 45 48
SOL 4 9 11 12 15 16 20 21 22 24 33 35 40 42 45 48
SOL 4 9 11 12 15 18 20 21 22 24 33 35 36 40 42 45
SOL 4 9 11 12 16 18 20 21 22 24 28 33 36 40 45 48
SOL 4 9 11 12 16 18 20 21 22 24 30 33 35 40 42 48
SOL 4 9 11 12 16 18 21 22 24 30 33 35 36 40 42 45 48
SOL 4 9 11 14 15 16 18 20 21 22 28 30 33 35 48
SOL 4 9 11 14 15 16 18 20 22 24 33 35 36 40 45 48
SOL 4 9 11 14 15 16 18 21 22 28 30 33 35 36 45 48
SOL 4 9 11 14 15 16 20 21 22 24 28 33 35 40 45 48
SOL 4 9 11 14 15 18 20 21 22 24 28 33 35 36 40 45
SOL 4 9 11 14 16 18 20 21 22 24 28 30 33 35 40 48
SOL 4 9 11 14 16 18 21 22 24 28 30 33 35 36 40 45 48
SOL 4 9 11 15 16 18 20 21 22 24 33 35 36 40 42 45 48
SOL 4 9 12 14 15 16 18 20 21 24 28 35 36 40 45 48
SOL 4 10 11 12 14 15 16 18 22 24 33 35 36 40 48
SOL 4 10 11 12 14 15 16 20 22 24 30 33 35 40 48
SOL 4 10 11 12 14 15 16 21 22 24 28 33 35 40 48
SOL 4 10 11 12 14 15 16 22 24 30 33 35 36 40 45 48
SOL 4 10 11 12 14 15 18 20 22 24 30 33 35 36 40
SOL 4 10 11 12 14 15 18 21 22 24 28 33 35 36 40
SOL 4 10 11 12 14 15 20 21 22 24 28 30 33 35 40
SOL 4 10 11 12 14 15 21 22 24 28 30 33 35 36 40 45
SOL 4 10 11 12 14 16 18 20 21 22 28 33 35 36 48
SOL 4 10 11 12 14 16 20 21 22 28 30 33 35 36 45 48
SOL 4 10 11 12 15 16 18 20 21 22 28 30 33 36 48
SOL 4 10 11 12 15 16 18 21 22 24 33 35 36 40 42 48
SOL 4 10 11 12 15 16 20 21 22 24 28 33 36 40 45 48
SOL 4 10 11 12 15 16 20 21 22 24 30 33 35 40 42 48
SOL 4 10 11 12 15 16 21 22 24 30 33 35 36 40 42 45 48
SOL 4 10 11 12 15 18 20 21 22 24 30 33 35 36 40 42
SOL 4 10 11 12 16 18 20 21 22 24 28 30 33 36 40 48
SOL 4 10 11 14 15 16 18 20 22 24 30 33 35 36 40 48
SOL 4 10 11 14 15 16 18 21 22 24 28 33 35 36 40 48
SOL 4 10 11 14 15 16 20 21 22 24 28 30 33 35 40 48
SOL 4 10 11 14 15 16 21 22 24 28 30 33 35 36 40 45 48
SOL 4 10 11 14 15 18 20 21 22 24 28 30 33 35 36 40
SOL 4 10 11 15 16 18 20 21 22 24 30 33 35 36 40 42 48
SOL 4 10 12 14 15 16 18 20 21 24 28 30 35 36 40 48
SOL 4 11 12 14 15 16 18 20 21 22 28 30 33 35 36 48
SOL 4 11 12 14 15 16 20 21 22 24 28 33 35 36 40 45 48
SOL 4 11 12 14 16 18 20 21 22 24 28 30 33 35 36 40 48
SOL 5 6 7 8 9 10 12 40 42 45
SOL 5 6 7 8 9 10 14 28 40 45
SOL 5 6 7 8 9 10 15 24 42 45
SOL 5 6 7 8 9 10 16 40 42 45 48
SOL 5 6 7 8 9 10 18 20 40 42
SOL 5 6 7 8 9 10 18 24 30 42
SOL 5 6 7 8 9 10 18 36 40 42 45
SOL 5 6 7 8 9 10 20 30 40 42 45
SOL 5 6 7 8 9 10 21 28 40 42 45
SOL 5 6 7 8 9 11 22 24 33 42 45
SOL 5 6 7 8 9 12 14 24 28 45
SOL 5 6 7 8 9 12 14 35 40 42 45
SOL 5 6 7 8 9 12 15 18 40 42
SOL 5 6 7 8 9 12 15 30 40 42 45
SOL 5 6 7 8 9 12 16 24 42 45 48
SOL 5 6 7 8 9 12 18 20 24 42
SOL 5 6 7 8 9 12 18 24 36 42 45
SOL 5 6 7 8 9 12 20 24 30 42 45
SOL 5 6 7 8 9 12 21 24 28 42 45
SOL 5 6 7 8 9 14 15 18 28 40
SOL 5 6 7 8 9 14 15 24 35 42 45
SOL 5 6 7 8 9 14 15 28 30 40 45
SOL 5 6 7 8 9 14 16 24 28 45 48
SOL 5 6 7 8 9 14 16 35 40 42 45 48
SOL 5 6 7 8 9 14 18 20 24 28
SOL 5 6 7 8 9 14 18 20 35 40 42
SOL 5 6 7 8 9 14 18 24 28 36 45
SOL 5 6 7 8 9 14 18 24 30 35 42
SOL 5 6 7 8 9 14 18 35 36 40 42 45
SOL 5 6 7 8 9 14 20 24 28 30 45
SOL 5 6 7 8 9 14 20 30 35 40 42 45
SOL 5 6 7 8 9 14 21 28 35 40 42 45
SOL 5 6 7 8 9 15 16 18 40 42 48
SOL 5 6 7 8 9 15 16 30 40 42 45 48
SOL 5 6 7 8 9 15 18 20 30 40 42
SOL 5 6 7 8 9 15 18 21 28 40 42
SOL 5 6 7 8 9 15 18 30 36 40 42 45
SOL 5 6 7 8 9 15 21 28 30 40 42 45
SOL 5 6 7 8 9 16 18 20 24 42 48
SOL 5 6 7 8 9 16 18 24 36 42 45 48
SOL 5 6 7 8 9 16 20 24 30 42 45 48
SOL 5 6 7 8 9 16 21 24 28 42 45 48
SOL 5 6 7 8 9 18 20 21 24 28 42
SOL 5 6 7 8 9 18 20 24 30 36 42 45
SOL 5 6 7 8 9 18 21 24 28 36 42 45
SOL 5 6 7 8 9 20 21 24 28 30 42 45
SOL 5 6 7 8 10 11 20 22 33 40 42
SOL 5 6 7 8 10 11 22 24 30 33 42
SOL 5 6 7 8 10 11 22 33 36 40 42 45
SOL 5 6 7 8 10 12 14 20 28 40
SOL 5 6 7 8 10 12 14 24 28 30
SOL 5 6 7 8 10 12 14 28 36 40 45
SOL 5 6 7 8 10 12 14 30 35 40 42
SOL 5 6 7 8 10 12 15 20 24 42
SOL 5 6 7 8 10 12 15 24 36 42 45
SOL 5 6 7 8 10 12 16 20 40 42 48
SOL 5 6 7 8 10 12 16 24 30 42 48
SOL 5 6 7 8 10 12 16 36 40 42 45 48
SOL 5 6 7 8 10 12 18 20 36 40 42
SOL 5 6 7 8 10 12 18 24 30 36 42
SOL 5 6 7 8 10 12 20 21 28 40 42
SOL 5 6 7 8 10 12 20 30 36 40 42 45
SOL 5 6 7 8 10 12 21 24 28 30 42
SOL 5 6 7 8 10 12 21 28 36 40 42 45
SOL 5 6 7 8 10 14 15 20 24 28
SOL 5 6 7 8 10 14 15 20 35 40 42
SOL 5 6 7 8 10 14 15 24 28 36 45
SOL 5 6 7 8 10 14 15 24 30 35 42
SOL 5 6 7 8 10 14 15 35 36 40 42 45
SOL 5 6 7 8 10 14 16 20 28 40 48
SOL 5 6 7 8 10 14 16 24 28 30 48
SOL 5 6 7 8 10 14 16 28 36 40 45 48
SOL 5 6 7 8 10 14 16 30 35 40 42 48
SOL 5 6 7 8 10 14 18 20 28 36 40
SOL 5 6 7 8 10 14 18 24 28 30 36
SOL 5 6 7 8 10 14 18 30 35 36 40 42
SOL 5 6 7 8 10 14 20 24 35 36 42 45
SOL 5 6 7 8 10 14 20 28 30 36 40 45
SOL 5 6 7 8 10 14 21 28 30 35 40 42
SOL 5 6 7 8 10 15 16 20 24 42 48
SOL 5 6 7 8 10 15 16 24 36 42 45 48
SOL 5 6 7 8 10 15 18 20 24 36 42
SOL 5 6 7 8 10 15 20 21 24 28 42
SOL 5 6 7 8 10 15 20 24 30 36 42 45
SOL 5 6 7 8 10 15 21 24 28 36 42 45
SOL 5 6 7 8 10 16 18 20 36 40 42 48
SOL 5 6 7 8 10 16 18 24 30 36 42 48
SOL 5 6 7 8 10 16 20 21 28 40 42 48
SOL 5 6 7 8 10 16 20 30 36 40 42 45 48
SOL 5 6 7 8 10 16 21 24 28 30 42 48
SOL 5 6 7 8 10 16 21 28 36 40 42 45 48
SOL 5 6 7 8 10 18 20 21 28 36 40 42
SOL 5 6 7 8 10 18 21 24 28 30 36 42
SOL 5 6 7 8 10 20 21 28 30 36 40 42 45
SOL 5 6 7 8 11 12 15 22 33 40 42
SOL 5 6 7 8 11 12 20 22 24 33 42
SOL 5 6 7 8 11 12 22 24 33 36 42 45
SOL 5 6 7 8 11 14 15 22 28 33 40
SOL 5 6 7 8 11 14 20 22 24 28 33
SOL 5 6 7 8 11 14 20 22 33 35 40 42
SOL 5 6 7 8 11 14 22 24 28 33 36 45
SOL 5 6 7 8 11 14 22 24 30 33 35 42
SOL 5 6 7 8 11 14 22 33 35 36 40 42 45
SOL 5 6 7 8 11 15 16 22 33 40 42 48
SOL 5 6 7 8 11 15 18 22 33 36 40 42
SOL 5 6 7 8 11 15 20 22 30 33 40 42
SOL 5 6 7 8 11 15 21 22 28 33 40 42
SOL 5 6 7 8 11 15 22 30 33 36 40 42 45
SOL 5 6 7 8 11 16 20 22 24 33 42 48
SOL 5 6 7 8 11 16 22 24 33 36 42 45 48
SOL 5 6 7 8 11 18 20 22 24 33 36 42
SOL 5 6 7 8 11 20 21 22 24 28 33 42
SOL 5 6 7 8 11 20 22 24 30 33 36 42 45
SOL 5 6 7 8 11 21 22 24 28 33 36 42 45
SOL 5 6 7 8 12 14 15 16 28 40 48
SOL 5 6 7 8 12 14 15 18 28 36 40
SOL 5 6 7 8 12 14 15 20 24 35 42
SOL 5 6 7 8 12 14 15 20 28 30 40
SOL 5 6 7 8 12 14 15 24 35 36 42 45
SOL 5 6 7 8 12 14 15 28 30 36 40 45
SOL 5 6 7 8 12 14 16 20 24 28 48
SOL 5 6 7 8 12 14 16 20 35 40 42 48
SOL 5 6 7 8 12 14 16 24 28 36 45 48
SOL 5 6 7 8 12 14 16 24 30 35 42 48
SOL 5 6 7 8 12 14 16 35 36 40 42 45 48
SOL 5 6 7 8 12 14 18 20 24 28 36
SOL 5 6 7 8 12 14 18 20 35 36 40 42
SOL 5 6 7 8 12 14 18 24 30 35 36 42
SOL 5 6 7 8 12 14 20 21 28 35 40 42
SOL 5 6 7 8 12 14 20 24 28 30 36 45
SOL 5 6 7 8 12 14 20 30 35 36 40 42 45
SOL 5 6 7 8 12 14 21 24 28 30 35 42
SOL 5 6 7 8 12 14 21 28 35 36 40 42 45
SOL 5 6 7 8 12 15 16 18 36 40 42 48
SOL 5 6 7 8 12 15 16 20 30 40 42 48
SOL 5 6 7 8 12 15 16 21 28 40 42 48
SOL 5 6 7 8 12 15 16 30 36 40 42 45 48
SOL 5 6 7 8 12 15 18 20 30 36 40 42
SOL 5 6 7 8 12 15 18 21 28 36 40 42
SOL 5 6 7 8 12 15 20 21 28 30 40 42
SOL 5 6 7 8 12 15 21 28 30 36 40 42 45
SOL 5 6 7 8 12 16 18 20 24 36 42 48
SOL 5 6 7 8 12 16 20 21 24 28 42 48
SOL 5 6 7 8 12 16 20 24 30 36 42 45 48
SOL 5 6 7 8 12 16 21 24 28 36 42 45 48
SOL 5 6 7 8 12 18 20 21 24 28 36 42
SOL 5 6 7 8 12 20 21 24 28 30 36 42 45
SOL 5 6 7 8 14 15 16 18 28 36 40 48
SOL 5 6 7 8 14 15 16 20 24 35 42 48
SOL 5 6 7 8 14 15 16 20 28 30 40 48
SOL 5 6 7 8 14 15 16 24 35 36 42 45 48
SOL 5 6 7 8 14 15 16 28 30 36 40 45 48
SOL 5 6 7 8 14 15 18 20 24 35 36 42
SOL 5 6 7 8 14 15 18 20 28 30 36 40
SOL 5 6 7 8 14 15 20 21 24 28 35 42
SOL 5 6 7 8 14 15 20 24 30 35 36 42 45
SOL 5 6 7 8 14 15 21 24 28 35 36 42 45
SOL 5 6 7 8 14 16 18 20 24 28 36 48
SOL 5 6 7 8 14 16 18 20 35 36 40 42 48
SOL 5 6 7 8 14 16 18 24 30 35 36 42 48
SOL 5 6 7 8 14 16 20 21 28 35 40 42 48
SOL 5 6 7 8 14 16 20 24 28 30 36 45 48
SOL 5 6 7 8 14 16 20 30 35 36 40 42 45 48
SOL 5 6 7 8 14 16 21 24 28 30 35 42 48
SOL 5 6 7 8 14 16 21 28 35 36 40 42 45 48
SOL 5 6 7 8 14 18 20 21 28 35 36 40 42
SOL 5 6 7 8 14 18 21 24 28 30 35 36 42
SOL 5 6 7 8 14 20 21 28 30 35 36 40 42 45
SOL 5 6 7 8 15 16 18 20 30 36 40 42 48
SOL 5 6 7 8 15 16 18 21 28 36 40 42 48
SOL 5 6 7 8 15 16 20 21 28 30 40 42 48
SOL 5 6 7 8 15 16 21 28 30 36 40 42 45 48
SOL 5 6 7 8 15 18 20 21 28 30 36 40 42
SOL 5 6 7 8 16 18 20 21 24 28 36 42 48
SOL 5 6 7 8 16 20 21 24 28 30 36 42 45 48
SOL 5 6 7 9 10 11 15 22 33 42 45
SOL 5 6 7 9 10 11 18 22 30 33 42
SOL 5 6 7 9 10 11 22 24 33 40 42 45
SOL 5 6 7 9 10 12 14 15 28 45
SOL 5 6 7 9 10 12 14 18 28 30
SOL 5 6 7 9 10 12 14 20 35 42 45
SOL 5 6 7 9 10 12 14 24 28 40 45
SOL 5 6 7 9 10 12 15 16 42 45 48
SOL 5 6 7 9 10 12 15 18 20 42
SOL 5 6 7 9 10 12 15 18 36 42 45
SOL 5 6 7 9 10 12 15 20 30 42 45
SOL 5 6 7 9 10 12 15 21 28 42 45
SOL 5 6 7 9 10 12 16 18 30 42 48
SOL 5 6 7 9 10 12 16 24 40 42 45 48
SOL 5 6 7 9 10 12 18 20 24 40 42
SOL 5 6 7 9 10 12 18 21 28 30 42
SOL 5 6 7 9 10 12 18 24 36 40 42 45
SOL 5 6 7 9 10 12 20 24 30 40 42 45
SOL 5 6 7 9 10 12 21 24 28 40 42 45
SOL 5 6 7 9 10 14 15 16 28 45 48
SOL 5 6 7 9 10 14 15 18 20 28
SOL 5 6 7 9 10 14 15 18 28 36 45
SOL 5 6 7 9 10 14 15 18 30 35 42
SOL 5 6 7 9 10 14 15 20 28 30 45
SOL 5 6 7 9 10 14 15 24 35 40 42 45
SOL 5 6 7 9 10 14 16 18 28 30 48
SOL 5 6 7 9 10 14 16 20 35 42 45 48
SOL 5 6 7 9 10 14 16 24 28 40 45 48
SOL 5 6 7 9 10 14 18 20 24 28 40
SOL 5 6 7 9 10 14 18 20 35 36 42 45
SOL 5 6 7 9 10 14 18 24 28 36 40 45
SOL 5 6 7 9 10 14 18 24 30 35 40 42
SOL 5 6 7 9 10 14 20 21 28 35 42 45
SOL 5 6 7 9 10 14 20 24 28 30 40 45
SOL 5 6 7 9 10 15 16 18 20 42 48
SOL 5 6 7 9 10 15 16 18 36 42 45 48
SOL 5 6 7 9 10 15 16 20 30 42 45 48
SOL 5 6 7 9 10 15 16 21 28 42 45 48
SOL 5 6 7 9 10 15 18 20 21 28 42
SOL 5 6 7 9 10 15 18 20 30 36 42 45
SOL 5 6 7 9 10 15 18 21 28 36 42 45
SOL 5 6 7 9 10 15 20 21 28 30 42 45
SOL 5 6 7 9 10 16 18 20 24 40 42 48
SOL 5 6 7 9 10 16 18 21 28 30 42 48
SOL 5 6 7 9 10 16 18 24 36 40 42 45 48
SOL 5 6 7 9 10 16 20 24 30 40 42 45 48
SOL 5 6 7 9 10 16 21 24 28 40 42 45 48
SOL 5 6 7 9 10 18 20 21 24 28 40 42
SOL 5 6 7 9 10 18 20 24 30 36 40 42 45
SOL 5 6 7 9 10 18 21 24 28 36 40 42 45
SOL 5 6 7 9 10 20 21 24 28 30 40 42 45
SOL 5 6 7 9 11 12 14 22 28 33 45
SOL 5 6 7 9 11 12 16 22 33 42 45 48
SOL 5 6 7 9 11 12 18 20 22 33 42
SOL 5 6 7 9 11 12 18 22 33 36 42 45
SOL 5 6 7 9 11 12 20 22 30 33 42 45
SOL 5 6 7 9 11 12 21 22 28 33 42 45
SOL 5 6 7 9 11 14 15 22 33 35 42 45
SOL 5 6 7 9 11 14 16 22 28 33 45 48
SOL 5 6 7 9 11 14 18 20 22 28 33
SOL 5 6 7 9 11 14 18 22 28 33 36 45
SOL 5 6 7 9 11 14 18 22 30 33 35 42
SOL 5 6 7 9 11 14 20 22 28 30 33 45
SOL 5 6 7 9 11 14 22 24 33 35 40 42 45
SOL 5 6 7 9 11 15 18 22 24 33 40 42
SOL 5 6 7 9 11 15 22 24 30 33 40 42 45
SOL 5 6 7 9 11 16 18 20 22 33 42 48
SOL 5 6 7 9 11 16 18 22 33 36 42 45 48
SOL 5 6 7 9 11 16 20 22 30 33 42 45 48
SOL 5 6 7 9 11 16 21 22 28 33 42 45 48
SOL 5 6 7 9 11 18 20 21 22 28 33 42
SOL 5 6 7 9 11 18 20 22 30 33 36 42 45
SOL 5 6 7 9 11 18 21 22 28 33 36 42 45
SOL 5 6 7 9 11 20 21 22 28 30 33 42 45
SOL 5 6 7 9 12 14 15 16 35 42 45 48
SOL 5 6 7 9 12 14 15 18 20 35 42
SOL 5 6 7 9 12 14 15 18 24 28 40
SOL 5 6 7 9 12 14 15 18 35 36 42 45
SOL 5 6 7 9 12 14 15 20 30 35 42 45
SOL 5 6 7 9 12 14 15 21 28 35 42 45
SOL 5 6 7 9 12 14 15 24 28 30 40 45
SOL 5 6 7 9 12 14 16 18 20 28 48
SOL 5 6 7 9 12 14 16 18 28 36 45 48
SOL 5 6 7 9 12 14 16 18 30 35 42 48
SOL 5 6 7 9 12 14 16 20 28 30 45 48
SOL 5 6 7 9 12 14 16 24 35 40 42 45 48
SOL 5 6 7 9 12 14 18 20 24 35 40 42
SOL 5 6 7 9 12 14 18 20 28 30 36 45
SOL 5 6 7 9 12 14 18 21 28 30 35 42
SOL 5 6 7 9 12 14 18 24 35 36 40 42 45
SOL 5 6 7 9 12 14 20 24 30 35 40 42 45
SOL 5 6 7 9 12 14 21 24 28 35 40 42 45
SOL 5 6 7 9 12 15 16 18 24 40 42 48
SOL 5 6 7 9 12 15 16 24 30 40 42 45 48
SOL 5 6 7 9 12 15 18 20 24 30 40 42
SOL 5 6 7 9 12 15 18 21 24 28 40 42
SOL 5 6 7 9 12 15 18 24 30 36 40 42 45
SOL 5 6 7 9 12 15 21 24 28 30 40 42 45
SOL 5 6 7 9 12 16 18 20 21 28 42 48
SOL 5 6 7 9 12 16 18 20 30 36 42 45 48
SOL 5 6 7 9 12 16 18 21 28 36 42 45 48
SOL 5 6 7 9 12 16 20 21 28 30 42 45 48
SOL 5 6 7 9 12 18 20 21 28 30 36 42 45
SOL 5 6 7 9 14 15 16 18 20 35 42 48
SOL 5 6 7 9 14 15 16 18 24 28 40 48
SOL 5 6 7 9 14 15 16 18 35 36 42 45 48
SOL 5 6 7 9 14 15 16 20 30 35 42 45 48
SOL 5 6 7 9 14 15 16 21 28 35 42 45 48
SOL 5 6 7 9 14 15 16 24 28 30 40 45 48
SOL 5 6 7 9 14 15 18 20 21 28 35 42
SOL 5 6 7 9 14 15 18 20 24 28 30 40
SOL 5 6 7 9 14 15 18 20 30 35 36 42 45
SOL 5 6 7 9 14 15 18 21 28 35 36 42 45
SOL 5 6 7 9 14 15 18 24 28 30 36 40 45
SOL 5 6 7 9 14 15 20 21 28 30 35 42 45
SOL 5 6 7 9 14 16 18 20 24 35 40 42 48
SOL 5 6 7 9 14 16 18 20 28 30 36 45 48
SOL 5 6 7 9 14 16 18 21 28 30 35 42 48
SOL 5 6 7 9 14 16 18 24 35 36 40 42 45 48
SOL 5 6 7 9 14 16 20 24 30 35 40 42 45 48
SOL 5 6 7 9 14 16 21 24 28 35 40 42 45 48
SOL 5 6 7 9 14 18 20 21 24 28 35 40 42
SOL 5 6 7 9 14 18 20 24 30 35 36 40 42 45
SOL 5 6 7 9 14 18 21 24 28 35 36 40 42 45
SOL 5 6 7 9 14 20 21 24 28 30 35 40 42 45
SOL 5 6 7 9 15 16 18 20 24 30 40 42 48
SOL 5 6 7 9 15 16 18 21 24 28 40 42 48
SOL 5 6 7 9 15 16 18 24 30 36 40 42 45 48
SOL 5 6 7 9 15 16 21 24 28 30 40 42 45 48
SOL 5 6 7 9 15 18 20 21 24 28 30 40 42
SOL 5 6 7 9 15 18 21 24 28 30 36 40 42 45
SOL 5 6 7 9 16 18 20 21 28 30 36 42 45 48
SOL 5 6 7 10 11 12 14 22 28 30 33
SOL 5 6 7 10 11 12 15 20 22 33 42
SOL 5 6 7 10 11 12 15 22 33 36 42 45
SOL 5 6 7 10 11 12 16 22 30 33 42 48
SOL 5 6 7 10 11 12 18 22 30 33 36 42
SOL 5 6 7 10 11 12 20 22 24 33 40 42
SOL 5 6 7 10 11 12 21 22 28 30 33 42
SOL 5 6 7 10 11 12 22 24 33 36 40 42 45
SOL 5 6 7 10 11 14 15 20 22 28 33
SOL 5 6 7 10 11 14 15 22 28 33 36 45
SOL 5 6 7 10 11 14 15 22 30 33 35 42
SOL 5 6 7 10 11 14 16 22 28 30 33 48
SOL 5 6 7 10 11 14 18 22 28 30 33 36
SOL 5 6 7 10 11 14 20 22 24 28 33 40
SOL 5 6 7 10 11 14 20 22 33 35 36 42 45
SOL 5 6 7 10 11 14 22 24 28 33 36 40 45
SOL 5 6 7 10 11 14 22 24 30 33 35 40 42
SOL 5 6 7 10 11 15 16 20 22 33 42 48
SOL 5 6 7 10 11 15 16 22 33 36 42 45 48
SOL 5 6 7 10 11 15 18 20 22 33 36 42
SOL 5 6 7 10 11 15 20 21 22 28 33 42
SOL 5 6 7 10 11 15 20 22 30 33 36 42 45
SOL 5 6 7 10 11 15 21 22 28 33 36 42 45
SOL 5 6 7 10 11 16 18 22 30 33 36 42 48
SOL 5 6 7 10 11 16 20 22 24 33 40 42 48
SOL 5 6 7 10 11 16 21 22 28 30 33 42 48
SOL 5 6 7 10 11 16 22 24 33 36 40 42 45 48
SOL 5 6 7 10 11 18 20 22 24 33 36 40 42
SOL 5 6 7 10 11 18 21 22 28 30 33 36 42
SOL 5 6 7 10 11 20 21 22 24 28 33 40 42
SOL 5 6 7 10 11 20 22 24 30 33 36 40 42 45
SOL 5 6 7 10 11 21 22 24 28 33 36 40 42 45
SOL 5 6 7 10 12 14 15 16 20 28 48
SOL 5 6 7 10 12 14 15 16 28 36 45 48
SOL 5 6 7 10 12 14 15 16 30 35 42 48
SOL 5 6 7 10 12 14 15 18 20 28 36
SOL 5 6 7 10 12 14 15 18 30 35 36 42
SOL 5 6 7 10 12 14 15 20 24 35 40 42
SOL 5 6 7 10 12 14 15 20 28 30 36 45
SOL 5 6 7 10 12 14 15 21 28 30 35 42
SOL 5 6 7 10 12 14 15 24 35 36 40 42 45
SOL 5 6 7 10 12 14 16 18 28 30 36 48
SOL 5 6 7 10 12 14 16 20 24 28 40 48
SOL 5 6 7 10 12 14 16 20 35 36 42 45 48
SOL 5 6 7 10 12 14 16 24 28 36 40 45 48
SOL 5 6 7 10 12 14 16 24 30 35 40 42 48
SOL 5 6 7 10 12 14 18 20 24 28 36 40
SOL 5 6 7 10 12 14 18 24 30 35 36 40 42
SOL 5 6 7 10 12 14 20 21 28 35 36 42 45
SOL 5 6 7 10 12 14 20 24 28 30 36 40 45
SOL 5 6 7 10 12 14 21 24 28 30 35 40 42
SOL 5 6 7 10 12 15 16 18 20 36 42 48
SOL 5 6 7 10 12 15 16 20 21 28 42 48
SOL 5 6 7 10 12 15 16 20 30 36 42 45 48
SOL 5 6 7 10 12 15 16 21 28 36 42 45 48
SOL 5 6 7 10 12 15 18 20 21 28 36 42
SOL 5 6 7 10 12 15 20 21 28 30 36 42 45
SOL 5 6 7 10 12 16 18 20 24 36 40 42 48
SOL 5 6 7 10 12 16 18 21 28 30 36 42 48
SOL 5 6 7 10 12 16 20 21 24 28 40 42 48
SOL 5 6 7 10 12 16 20 24 30 36 40 42 45 48
SOL 5 6 7 10 12 16 21 24 28 36 40 42 45 48
SOL 5 6 7 10 12 18 20 21 24 28 36 40 42
SOL 5 6 7 10 12 20 21 24 28 30 36 40 42 45
SOL 5 6 7 10 14 15 16 18 20 28 36 48
SOL 5 6 7 10 14 15 16 18 30 35 36 42 48
SOL 5 6 7 10 14 15 16 20 24 35 40 42 48
SOL 5 6 7 10 14 15 16 20 28 30 36 45 48
SOL 5 6 7 10 14 15 16 21 28 30 35 42 48
SOL 5 6 7 10 14 15 16 24 35 36 40 42 45 48
SOL 5 6 7 10 14 15 18 20 24 35 36 40 42
SOL 5 6 7 10 14 15 18 21 28 30 35 36 42
SOL 5 6 7 10 14 15 20 21 24 28 35 40 42
SOL 5 6 7 10 14 15 20 24 30 35 36 40 42 45
SOL 5 6 7 10 14 15 21 24 28 35 36 40 42 45
SOL 5 6 7 10 14 16 18 20 24 28 36 40 48
SOL 5 6 7 10 14 16 18 24 30 35 36 40 42 48
SOL 5 6 7 10 14 16 20 21 28 35 36 42 45 48
SOL 5 6 7 10 14 16 20 24 28 30 36 40 45 48
SOL 5 6 7 10 14 16 21 24 28 30 35 40 42 48
SOL 5 6 7 10 14 18 21 24 28 30 35 36 40 42
SOL 5 6 7 10 15 16 18 20 21 28 36 42 48
SOL 5 6 7 10 15 16 20 21 28 30 36 42 45 48
SOL 5 6 7 10 16 18 20 21 24 28 36 40 42 48
SOL 5 6 7 10 16 20 21 24 28 30 36 40 42 45 48
SOL 5 6 7 11 12 14 15 20 22 33 35 42
SOL 5 6 7 11 12 14 15 22 24 28 33 40
SOL 5 6 7 11 12 14 15 22 33 35 36 42 45
SOL 5 6 7 11 12 14 16 20 22 28 33 48
SOL 5 6 7 11 12 14 16 22 28 33 36 45 48
SOL 5 6 7 11 12 14 16 22 30 33 35 42 48
SOL 5 6 7 11 12 14 18 20 22 28 33 36
SOL 5 6 7 11 12 14 18 22 30 33 35 36 42
SOL 5 6 7 11 12 14 20 22 24 33 35 40 42
SOL 5 6 7 11 12 14 20 22 28 30 33 36 45
SOL 5 6 7 11 12 14 21 22 28 30 33 35 42
SOL 5 6 7 11 12 14 22 24 33 35 36 40 42 45
SOL 5 6 7 11 12 15 16 22 24 33 40 42 48
SOL 5 6 7 11 12 15 18 22 24 33 36 40 42
SOL 5 6 7 11 12 15 20 22 24 30 33 40 42
SOL 5 6 7 11 12 15 21 22 24 28 33 40 42
SOL 5 6 7 11 12 15 22 24 30 33 36 40 42 45
SOL 5 6 7 11 12 16 18 20 22 33 36 42 48
SOL 5 6 7 11 12 16 20 21 22 28 33 42 48
SOL 5 6 7 11 12 16 20 22 30 33 36 42 45 48
SOL 5 6 7 11 12 16 21 22 28 33 36 42 45 48
SOL 5 6 7 11 12 18 20 21 22 28 33 36 42
SOL 5 6 7 11 12 20 21 22 28 30 33 36 42 45
SOL 5 6 7 11 14 15 16 20 22 33 35 42 48
SOL 5 6 7 11 14 15 16 22 24 28 33 40 48
SOL 5 6 7 11 14 15 16 22 33 35 36 42 45 48
SOL 5 6 7 11 14 15 18 20 22 33 35 36 42
SOL 5 6 7 11 14 15 18 22 24 28 33 36 40
SOL 5 6 7 11 14 15 20 21 22 28 33 35 42
SOL 5 6 7 11 14 15 20 22 24 28 30 33 40
SOL 5 6 7 11 14 15 20 22 30 33 35 36 42 45
SOL 5 6 7 11 14 15 21 22 28 33 35 36 42 45
SOL 5 6 7 11 14 15 22 24 28 30 33 36 40 45
SOL 5 6 7 11 14 16 18 20 22 28 33 36 48
SOL 5 6 7 11 14 16 18 22 30 33 35 36 42 48
SOL 5 6 7 11 14 16 20 22 24 33 35 40 42 48
SOL 5 6 7 11 14 16 20 22 28 30 33 36 45 48
SOL 5 6 7 11 14 16 21 22 28 30 33 35 42 48
SOL 5 6 7 11 14 16 22 24 33 35 36 40 42 45 48
SOL 5 6 7 11 14 18 20 22 24 33 35 36 40 42
SOL 5 6 7 11 14 18 21 22 28 30 33 35 36 42
SOL 5 6 7 11 14 20 21 22 24 28 33 35 40 42
SOL 5 6 7 11 14 20 22 24 30 33 35 36 40 42 45
SOL 5 6 7 11 14 21 22 24 28 33 35 36 40 42 45
SOL 5 6 7 11 15 16 18 22 24 33 36 40 42 48
SOL 5 6 7 11 15 16 20 22 24 30 33 40 42 48
SOL 5 6 7 11 15 16 21 22 24 28 33 40 42 48
SOL 5 6 7 11 15 16 22 24 30 33 36 40 42 45 48
SOL 5 6 7 11 15 18 20 22 24 30 33 36 40 42
SOL 5 6 7 11 15 18 21 22 24 28 33 36 40 42
SOL 5 6 7 11 15 20 21 22 24 28 30 33 40 42
SOL 5 6 7 11 15 21 22 24 28 30 33 36 40 42 45
SOL 5 6 7 11 16 18 20 21 22 28 33 36 42 48
SOL 5 6 7 11 16 20 21 22 28 30 33 36 42 45 48
SOL 5 6 7 12 14 15 16 18 20 35 36 42 48
SOL 5 6 7 12 14 15 16 18 24 28 36 40 48
SOL 5 6 7 12 14 15 16 20 21 28 35 42 48
SOL 5 6 7 12 14 15 16 20 24 28 30 40 48
SOL 5 6 7 12 14 15 16 20 30 35 36 42 45 48
SOL 5 6 7 12 14 15 16 21 28 35 36 42 45 48
SOL 5 6 7 12 14 15 16 24 28 30 36 40 45 48
SOL 5 6 7 12 14 15 18 20 21 28 35 36 42
SOL 5 6 7 12 14 15 18 20 24 28 30 36 40
SOL 5 6 7 12 14 15 20 21 28 30 35 36 42 45
SOL 5 6 7 12 14 16 18 20 24 35 36 40 42 48
SOL 5 6 7 12 14 16 18 21 28 30 35 36 42 48
SOL 5 6 7 12 14 16 20 21 24 28 35 40 42 48
SOL 5 6 7 12 14 16 20 24 30 35 36 40 42 45 48
SOL 5 6 7 12 14 16 21 24 28 35 36 40 42 45 48
SOL 5 6 7 12 14 18 20 21 24 28 35 36 40 42
SOL 5 6 7 12 14 20 21 24 28 30 35 36 40 42 45
SOL 5 6 7 12 15 16 18 20 24 30 36 40 42 48
SOL 5 6 7 12 15 16 18 21 24 28 36 40 42 48
SOL 5 6 7 12 15 16 20 21 24 28 30 40 42 48
SOL 5 6 7 12 15 16 21 24 28 30 36 40 42 45 48
SOL 5 6 7 12 15 18 20 21 24 28 30 36 40 42
SOL 5 6 7 14 15 16 18 20 21 28 35 36 42 48
SOL 5 6 7 14 15 16 18 20 24 28 30 36 40 48
SOL 5 6 7 14 15 16 20 21 28 30 35 36 42 45 48
SOL 5 6 7 14 16 18 20 21 24 28 35 36 40 42 48
SOL 5 6 7 14 16 20 21 24 28 30 35 36 40 42 45 48
SOL 5 6 7 15 16 18 20 21 24 28 30 36 40 42 48
SOL 5 6 8 9 10 11 12 22 33 40 45
SOL 5 6 8 9 10 11 15 22 24 33 45
SOL 5 6 8 9 10 11 16 22 33 40 45 48
SOL 5 6 8 9 10 11 18 20 22 33 40
SOL 5 6 8 9 10 11 18 22 24 30 33
SOL 5 6 8 9 10 11 18 22 33 36 40 45
SOL 5 6 8 9 10 11 20 22 30 33 40 45
SOL 5 6 8 9 10 11 21 22 28 33 40 45
SOL 5 6 8 9 10 12 14 15 35 40 45
SOL 5 6 8 9 10 12 14 18 30 35 40
SOL 5 6 8 9 10 12 14 20 24 35 45
SOL 5 6 8 9 10 12 15 16 24 45 48
SOL 5 6 8 9 10 12 15 18 20 24
SOL 5 6 8 9 10 12 15 18 24 36 45
SOL 5 6 8 9 10 12 15 20 24 30 45
SOL 5 6 8 9 10 12 15 21 24 28 45
SOL 5 6 8 9 10 12 15 21 35 40 42 45
SOL 5 6 8 9 10 12 16 18 20 40 48
SOL 5 6 8 9 10 12 16 18 24 30 48
SOL 5 6 8 9 10 12 16 18 36 40 45 48
SOL 5 6 8 9 10 12 16 20 30 40 45 48
SOL 5 6 8 9 10 12 16 21 28 40 45 48
SOL 5 6 8 9 10 12 18 20 21 28 40
SOL 5 6 8 9 10 12 18 20 30 36 40 45
SOL 5 6 8 9 10 12 18 21 24 28 30
SOL 5 6 8 9 10 12 18 21 28 36 40 45
SOL 5 6 8 9 10 12 18 21 30 35 40 42
SOL 5 6 8 9 10 12 20 21 24 35 42 45
SOL 5 6 8 9 10 12 20 21 28 30 40 45
SOL 5 6 8 9 10 14 15 16 35 40 45 48
SOL 5 6 8 9 10 14 15 18 20 35 40
SOL 5 6 8 9 10 14 15 18 24 30 35
SOL 5 6 8 9 10 14 15 18 35 36 40 45
SOL 5 6 8 9 10 14 15 20 30 35 40 45
SOL 5 6 8 9 10 14 15 21 28 35 40 45
SOL 5 6 8 9 10 14 16 18 30 35 40 48
SOL 5 6 8 9 10 14 16 20 24 35 45 48
SOL 5 6 8 9 10 14 18 20 24 35 36 45
SOL 5 6 8 9 10 14 18 21 28 30 35 40
SOL 5 6 8 9 10 14 20 21 24 28 35 45
SOL 5 6 8 9 10 15 16 18 20 24 48
SOL 5 6 8 9 10 15 16 18 24 36 45 48
SOL 5 6 8 9 10 15 16 20 24 30 45 48
SOL 5 6 8 9 10 15 16 21 24 28 45 48
SOL 5 6 8 9 10 15 16 21 35 40 42 45 48
SOL 5 6 8 9 10 15 18 20 21 24 28
SOL 5 6 8 9 10 15 18 20 21 35 40 42
SOL 5 6 8 9 10 15 18 20 24 30 36 45
SOL 5 6 8 9 10 15 18 21 24 28 36 45
SOL 5 6 8 9 10 15 18 21 24 30 35 42
SOL 5 6 8 9 10 15 18 21 35 36 40 42 45
SOL 5 6 8 9 10 15 20 21 24 28 30 45
SOL 5 6 8 9 10 15 20 21 30 35 40 42 45
SOL 5 6 8 9 10 16 18 20 21 28 40 48
SOL 5 6 8 9 10 16 18 20 30 36 40 45 48
SOL 5 6 8 9 10 16 18 21 24 28 30 48
SOL 5 6 8 9 10 16 18 21 28 36 40 45 48
SOL 5 6 8 9 10 16 18 21 30 35 40 42 48
SOL 5 6 8 9 10 16 20 21 24 35 42 45 48
SOL 5 6 8 9 10 16 20 21 28 30 40 45 48
SOL 5 6 8 9 10 18 20 21 24 35 36 42 45
SOL 5 6 8 9 10 18 20 21 28 30 36 40 45
SOL 5 6 8 9 11 12 14 22 33 35 40 45
SOL 5 6 8 9 11 12 15 18 22 33 40
SOL 5 6 8 9 11 12 15 22 30 33 40 45
SOL 5 6 8 9 11 12 16 22 24 33 45 48
SOL 5 6 8 9 11 12 18 20 22 24 33
SOL 5 6 8 9 11 12 18 22 24 33 36 45
SOL 5 6 8 9 11 12 20 22 24 30 33 45
SOL 5 6 8 9 11 12 21 22 24 28 33 45
SOL 5 6 8 9 11 12 21 22 33 35 40 42 45
SOL 5 6 8 9 11 14 15 22 24 33 35 45
SOL 5 6 8 9 11 14 16 22 33 35 40 45 48
SOL 5 6 8 9 11 14 18 20 22 33 35 40
SOL 5 6 8 9 11 14 18 22 24 30 33 35
SOL 5 6 8 9 11 14 18 22 33 35 36 40 45
SOL 5 6 8 9 11 14 20 22 30 33 35 40 45
SOL 5 6 8 9 11 14 21 22 28 33 35 40 45
SOL 5 6 8 9 11 15 16 18 22 33 40 48
SOL 5 6 8 9 11 15 16 22 30 33 40 45 48
SOL 5 6 8 9 11 15 18 20 22 30 33 40
SOL 5 6 8 9 11 15 18 21 22 28 33 40
SOL 5 6 8 9 11 15 18 22 30 33 36 40 45
SOL 5 6 8 9 11 15 21 22 24 33 35 42 45
SOL 5 6 8 9 11 15 21 22 28 30 33 40 45
SOL 5 6 8 9 11 16 18 20 22 24 33 48
SOL 5 6 8 9 11 16 18 22 24 33 36 45 48
SOL 5 6 8 9 11 16 20 22 24 30 33 45 48
SOL 5 6 8 9 11 16 21 22 24 28 33 45 48
SOL 5 6 8 9 11 16 21 22 33 35 40 42 45 48
SOL 5 6 8 9 11 18 20 21 22 24 28 33
SOL 5 6 8 9 11 18 20 21 22 33 35 40 42
SOL 5 6 8 9 11 18 20 22 24 30 33 36 45
SOL 5 6 8 9 11 18 21 22 24 28 33 36 45
SOL 5 6 8 9 11 18 21 22 24 30 33 35 42
SOL 5 6 8 9 11 18 21 22 33 35 36 40 42 45
SOL 5 6 8 9 11 20 21 22 24 28 30 33 45
SOL 5 6 8 9 11 20 21 22 30 33 35 40 42 45
SOL 5 6 8 9 12 14 15 16 24 35 45 48
SOL 5 6 8 9 12 14 15 18 20 24 35
SOL 5 6 8 9 12 14 15 18 24 35 36 45
SOL 5 6 8 9 12 14 15 20 24 30 35 45
SOL 5 6 8 9 12 14 15 21 24 28 35 45
SOL 5 6 8 9 12 14 16 18 20 35 40 48
SOL 5 6 8 9 12 14 16 18 24 30 35 48
SOL 5 6 8 9 12 14 16 18 35 36 40 45 48
SOL 5 6 8 9 12 14 16 20 30 35 40 45 48
SOL 5 6 8 9 12 14 16 21 28 35 40 45 48
SOL 5 6 8 9 12 14 18 20 21 28 35 40
SOL 5 6 8 9 12 14 18 20 30 35 36 40 45
SOL 5 6 8 9 12 14 18 21 24 28 30 35
SOL 5 6 8 9 12 14 18 21 28 35 36 40 45
SOL 5 6 8 9 12 14 20 21 28 30 35 40 45
SOL 5 6 8 9 12 15 16 18 20 30 40 48
SOL 5 6 8 9 12 15 16 18 21 28 40 48
SOL 5 6 8 9 12 15 16 18 30 36 40 45 48
SOL 5 6 8 9 12 15 16 21 24 35 42 45 48
SOL 5 6 8 9 12 15 16 21 28 30 40 45 48
SOL 5 6 8 9 12 15 18 20 21 24 35 42
SOL 5 6 8 9 12 15 18 20 21 28 30 40
SOL 5 6 8 9 12 15 18 21 24 35 36 42 45
SOL 5 6 8 9 12 15 18 21 28 30 36 40 45
SOL 5 6 8 9 12 15 20 21 24 30 35 42 45
SOL 5 6 8 9 12 16 18 20 21 24 28 48
SOL 5 6 8 9 12 16 18 20 21 35 40 42 48
SOL 5 6 8 9 12 16 18 20 24 30 36 45 48
SOL 5 6 8 9 12 16 18 21 24 28 36 45 48
SOL 5 6 8 9 12 16 18 21 24 30 35 42 48
SOL 5 6 8 9 12 16 18 21 35 36 40 42 45 48
SOL 5 6 8 9 12 16 20 21 24 28 30 45 48
SOL 5 6 8 9 12 16 20 21 30 35 40 42 45 48
SOL 5 6 8 9 12 18 20 21 24 28 30 36 45
SOL 5 6 8 9 12 18 20 21 30 35 36 40 42 45
SOL 5 6 8 9 14 15 16 18 20 24 35 48
SOL 5 6 8 9 14 15 16 18 24 35 36 45 48
SOL 5 6 8 9 14 15 16 20 24 30 35 45 48
SOL 5 6 8 9 14 15 16 21 24 28 35 45 48
SOL 5 6 8 9 14 15 18 20 21 24 28 35
SOL 5 6 8 9 14 15 18 20 24 30 35 36 45
SOL 5 6 8 9 14 15 18 21 24 28 35 36 45
SOL 5 6 8 9 14 15 20 21 24 28 30 35 45
SOL 5 6 8 9 14 16 18 20 21 28 35 40 48
SOL 5 6 8 9 14 16 18 20 30 35 36 40 45 48
SOL 5 6 8 9 14 16 18 21 24 28 30 35 48
SOL 5 6 8 9 14 16 18 21 28 35 36 40 45 48
SOL 5 6 8 9 14 16 20 21 28 30 35 40 45 48
SOL 5 6 8 9 14 18 20 21 28 30 35 36 40 45
SOL 5 6 8 9 15 16 18 20 21 24 35 42 48
SOL 5 6 8 9 15 16 18 20 21 28 30 40 48
SOL 5 6 8 9 15 16 18 21 24 35 36 42 45 48
SOL 5 6 8 9 15 16 18 21 28 30 36 40 45 48
SOL 5 6 8 9 15 16 20 21 24 30 35 42 45 48
SOL 5 6 8 9 15 18 20 21 24 30 35 36 42 45
SOL 5 6 8 9 16 18 20 21 24 28 30 36 45 48
SOL 5 6 8 9 16 18 20 21 30 35 36 40 42 45 48
SOL 5 6 8 10 11 12 14 22 30 33 35 40
SOL 5 6 8 10 11 12 15 20 22 24 33
SOL 5 6 8 10 11 12 15 22 24 33 36 45
SOL 5 6 8 10 11 12 16 20 22 33 40 48
SOL 5 6 8 10 11 12 16 22 24 30 33 48
SOL 5 6 8 10 11 12 16 22 33 36 40 45 48
SOL 5 6 8 10 11 12 18 20 22 33 36 40
SOL 5 6 8 10 11 12 18 22 24 30 33 36
SOL 5 6 8 10 11 12 20 21 22 28 33 40
SOL 5 6 8 10 11 12 20 22 30 33 36 40 45
SOL 5 6 8 10 11 12 21 22 24 28 30 33
SOL 5 6 8 10 11 12 21 22 28 33 36 40 45
SOL 5 6 8 10 11 12 21 22 30 33 35 40 42
SOL 5 6 8 10 11 14 15 20 22 33 35 40
SOL 5 6 8 10 11 14 15 22 24 30 33 35
SOL 5 6 8 10 11 14 15 22 33 35 36 40 45
SOL 5 6 8 10 11 14 16 22 30 33 35 40 48
SOL 5 6 8 10 11 14 18 22 30 33 35 36 40
SOL 5 6 8 10 11 14 20 22 24 33 35 36 45
SOL 5 6 8 10 11 14 21 22 28 30 33 35 40
SOL 5 6 8 10 11 15 16 20 22 24 33 48
SOL 5 6 8 10 11 15 16 22 24 33 36 45 48
SOL 5 6 8 10 11 15 18 20 22 24 33 36
SOL 5 6 8 10 11 15 20 21 22 24 28 33
SOL 5 6 8 10 11 15 20 21 22 33 35 40 42
SOL 5 6 8 10 11 15 20 22 24 30 33 36 45
SOL 5 6 8 10 11 15 21 22 24 28 33 36 45
SOL 5 6 8 10 11 15 21 22 24 30 33 35 42
SOL 5 6 8 10 11 15 21 22 33 35 36 40 42 45
SOL 5 6 8 10 11 16 18 20 22 33 36 40 48
SOL 5 6 8 10 11 16 18 22 24 30 33 36 48
SOL 5 6 8 10 11 16 20 21 22 28 33 40 48
SOL 5 6 8 10 11 16 20 22 30 33 36 40 45 48
SOL 5 6 8 10 11 16 21 22 24 28 30 33 48
SOL 5 6 8 10 11 16 21 22 28 33 36 40 45 48
SOL 5 6 8 10 11 16 21 22 30 33 35 40 42 48
SOL 5 6 8 10 11 18 20 21 22 28 33 36 40
SOL 5 6 8 10 11 18 21 22 24 28 30 33 36
SOL 5 6 8 10 11 18 21 22 30 33 35 36 40 42
SOL 5 6 8 10 11 20 21 22 24 33 35 36 42 45
SOL 5 6 8 10 11 20 21 22 28 30 33 36 40 45
SOL 5 6 8 10 12 14 15 16 20 35 40 48
SOL 5 6 8 10 12 14 15 16 24 30 35 48
SOL 5 6 8 10 12 14 15 16 35 36 40 45 48
SOL 5 6 8 10 12 14 15 18 20 35 36 40
SOL 5 6 8 10 12 14 15 18 24 30 35 36
SOL 5 6 8 10 12 14 15 20 21 28 35 40
SOL 5 6 8 10 12 14 15 20 30 35 36 40 45
SOL 5 6 8 10 12 14 15 21 24 28 30 35
SOL 5 6 8 10 12 14 15 21 28 35 36 40 45
SOL 5 6 8 10 12 14 16 18 30 35 36 40 48
SOL 5 6 8 10 12 14 16 20 24 35 36 45 48
SOL 5 6 8 10 12 14 16 21 28 30 35 40 48
SOL 5 6 8 10 12 14 18 21 28 30 35 36 40
SOL 5 6 8 10 12 14 20 21 24 28 35 36 45
SOL 5 6 8 10 12 15 16 18 20 24 36 48
SOL 5 6 8 10 12 15 16 20 21 24 28 48
SOL 5 6 8 10 12 15 16 20 21 35 40 42 48
SOL 5 6 8 10 12 15 16 20 24 30 36 45 48
SOL 5 6 8 10 12 15 16 21 24 28 36 45 48
SOL 5 6 8 10 12 15 16 21 24 30 35 42 48
SOL 5 6 8 10 12 15 16 21 35 36 40 42 45 48
SOL 5 6 8 10 12 15 18 20 21 24 28 36
SOL 5 6 8 10 12 15 18 20 21 35 36 40 42
SOL 5 6 8 10 12 15 18 21 24 30 35 36 42
SOL 5 6 8 10 12 15 20 21 24 28 30 36 45
SOL 5 6 8 10 12 15 20 21 30 35 36 40 42 45
SOL 5 6 8 10 12 16 18 20 21 28 36 40 48
SOL 5 6 8 10 12 16 18 21 24 28 30 36 48
SOL 5 6 8 10 12 16 18 21 30 35 36 40 42 48
SOL 5 6 8 10 12 16 20 21 24 35 36 42 45 48
SOL 5 6 8 10 12 16 20 21 28 30 36 40 45 48
SOL 5 6 8 10 14 15 16 18 20 35 36 40 48
SOL 5 6 8 10 14 15 16 18 24 30 35 36 48
SOL 5 6 8 10 14 15 16 20 21 28 35 40 48
SOL 5 6 8 10 14 15 16 20 30 35 36 40 45 48
SOL 5 6 8 10 14 15 16 21 24 28 30 35 48
SOL 5 6 8 10 14 15 16 21 28 35 36 40 45 48
SOL 5 6 8 10 14 15 18 20 21 28 35 36 40
SOL 5 6 8 10 14 15 18 21 24 28 30 35 36
SOL 5 6 8 10 14 15 20 21 28 30 35 36 40 45
SOL 5 6 8 10 14 16 18 21 28 30 35 36 40 48
SOL 5 6 8 10 14 16 20 21 24 28 35 36 45 48
SOL 5 6 8 10 15 16 18 20 21 24 28 36 48
SOL 5 6 8 10 15 16 18 20 21 35 36 40 42 48
SOL 5 6 8 10 15 16 18 21 24 30 35 36 42 48
SOL 5 6 8 10 15 16 20 21 24 28 30 36 45 48
SOL 5 6 8 10 15 16 20 21 30 35 36 40 42 45 48
SOL 5 6 8 11 12 14 15 20 22 24 33 35
SOL 5 6 8 11 12 14 15 22 24 33 35 36 45
SOL 5 6 8 11 12 14 16 20 22 33 35 40 48
SOL 5 6 8 11 12 14 16 22 24 30 33 35 48
SOL 5 6 8 11 12 14 16 22 33 35 36 40 45 48
SOL 5 6 8 11 12 14 18 20 22 33 35 36 40
SOL 5 6 8 11 12 14 18 22 24 30 33 35 36
SOL 5 6 8 11 12 14 20 21 22 28 33 35 40
SOL 5 6 8 11 12 14 20 22 30 33 35 36 40 45
SOL 5 6 8 11 12 14 21 22 24 28 30 33 35
SOL 5 6 8 11 12 14 21 22 28 33 35 36 40 45
SOL 5 6 8 11 12 15 16 18 22 33 36 40 48
SOL 5 6 8 11 12 15 16 20 22 30 33 40 48
SOL 5 6 8 11 12 15 16 21 22 28 33 40 48
SOL 5 6 8 11 12 15 16 22 30 33 36 40 45 48
SOL 5 6 8 11 12 15 18 20 22 30 33 36 40
SOL 5 6 8 11 12 15 18 21 22 28 33 36 40
SOL 5 6 8 11 12 15 20 21 22 24 33 35 42
SOL 5 6 8 11 12 15 20 21 22 28 30 33 40
SOL 5 6 8 11 12 15 21 22 24 33 35 36 42 45
SOL 5 6 8 11 12 15 21 22 28 30 33 36 40 45
SOL 5 6 8 11 12 16 18 20 22 24 33 36 48
SOL 5 6 8 11 12 16 20 21 22 24 28 33 48
SOL 5 6 8 11 12 16 20 21 22 33 35 40 42 48
SOL 5 6 8 11 12 16 20 22 24 30 33 36 45 48
SOL 5 6 8 11 12 16 21 22 24 28 33 36 45 48
SOL 5 6 8 11 12 16 21 22 24 30 33 35 42 48
SOL 5 6 8 11 12 16 21 22 33 35 36 40 42 45 48
SOL 5 6 8 11 12 18 20 21 22 24 28 33 36
SOL 5 6 8 11 12 18 20 21 22 33 35 36 40 42
SOL 5 6 8 11 12 18 21 22 24 30 33 35 36 42
SOL 5 6 8 11 12 20 21 22 24 28 30 33 36 45
SOL 5 6 8 11 12 20 21 22 30 33 35 36 40 42 45
SOL 5 6 8 11 14 15 16 20 22 24 33 35 48
SOL 5 6 8 11 14 15 16 22 24 33 35 36 45 48
SOL 5 6 8 11 14 15 18 20 22 24 33 35 36
SOL 5 6 8 11 14 15 20 21 22 24 28 33 35
SOL 5 6 8 11 14 15 20 22 24 30 33 35 36 45
SOL 5 6 8 11 14 15 21 22 24 28 33 35 36 45
SOL 5 6 8 11 14 16 18 20 22 33 35 36 40 48
SOL 5 6 8 11 14 16 18 22 24 30 33 35 36 48
SOL 5 6 8 11 14 16 20 21 22 28 33 35 40 48
SOL 5 6 8 11 14 16 20 22 30 33 35 36 40 45 48
SOL 5 6 8 11 14 16 21 22 24 28 30 33 35 48
SOL 5 6 8 11 14 16 21 22 28 33 35 36 40 45 48
SOL 5 6 8 11 14 18 20 21 22 28 33 35 36 40
SOL 5 6 8 11 14 18 21 22 24 28 30 33 35 36
SOL 5 6 8 11 14 20 21 22 28 30 33 35 36 40 45
SOL 5 6 8 11 15 16 18 20 22 30 33 36 40 48
SOL 5 6 8 11 15 16 18 21 22 28 33 36 40 48
SOL 5 6 8 11 15 16 20 21 22 24 33 35 42 48
SOL 5 6 8 11 15 16 20 21 22 28 30 33 40 48
SOL 5 6 8 11 15 16 21 22 24 33 35 36 42 45 48
SOL 5 6 8 11 15 16 21 22 28 30 33 36 40 45 48
SOL 5 6 8 11 15 18 20 21 22 24 33 35 36 42
SOL 5 6 8 11 15 18 20 21 22 28 30 33 36 40
SOL 5 6 8 11 15 20 21 22 24 30 33 35 36 42 45
SOL 5 6 8 11 16 18 20 21 22 24 28 33 36 48
SOL 5 6 8 11 16 18 20 21 22 33 35 36 40 42 48
SOL 5 6 8 11 16 18 21 22 24 30 33 35 36 42 48
SOL 5 6 8 11 16 20 21 22 24 28 30 33 36 45 48
SOL 5 6 8 11 16 20 21 22 30 33 35 36 40 42 45 48
SOL 5 6 8 12 14 15 16 18 20 24 35 36 48
SOL 5 6 8 12 14 15 16 20 21 24 28 35 48
SOL 5 6 8 12 14 15 16 20 24 30 35 36 45 48
SOL 5 6 8 12 14 15 16 21 24 28 35 36 45 48
SOL 5 6 8 12 14 15 18 20 21 24 28 35 36
SOL 5 6 8 12 14 15 20 21 24 28 30 35 36 45
SOL 5 6 8 12 14 16 18 20 21 28 35 36 40 48
SOL 5 6 8 12 14 16 18 21 24 28 30 35 36 48
SOL 5 6 8 12 14 16 20 21 28 30 35 36 40 45 48
SOL 5 6 8 12 15 16 18 20 21 24 35 36 42 48
SOL 5 6 8 12 15 16 18 20 21 28 30 36 40 48
SOL 5 6 8 12 15 16 20 21 24 30 35 36 42 45 48
SOL 5 6 8 14 15 16 18 20 21 24 28 35 36 48
SOL 5 6 8 14 15 16 20 21 24 28 30 35 36 45 48
SOL 5 6 9 10 11 12 14 20 22 33 35 45
SOL 5 6 9 10 11 12 15 16 22 33 45 48
SOL 5 6 9 10 11 12 15 18 20 22 33
SOL 5 6 9 10 11 12 15 18 22 33 36 45
SOL 5 6 9 10 11 12 15 20 22 30 33 45
SOL 5 6 9 10 11 12 15 21 22 28 33 45
SOL 5 6 9 10 11 12 16 18 22 30 33 48
SOL 5 6 9 10 11 12 16 22 24 33 40 45 48
SOL 5 6 9 10 11 12 18 20 22 24 33 40
SOL 5 6 9 10 11 12 18 21 22 28 30 33
SOL 5 6 9 10 11 12 18 22 24 33 36 40 45
SOL 5 6 9 10 11 12 20 21 22 33 35 42 45
SOL 5 6 9 10 11 12 20 22 24 30 33 40 45
SOL 5 6 9 10 11 12 21 22 24 28 33 40 45
SOL 5 6 9 10 11 14 15 18 22 30 33 35
SOL 5 6 9 10 11 14 15 22 24 33 35 40 45
SOL 5 6 9 10 11 14 16 20 22 33 35 45 48
SOL 5 6 9 10 11 14 18 20 22 33 35 36 45
SOL 5 6 9 10 11 14 18 22 24 30 33 35 40
SOL 5 6 9 10 11 14 20 21 22 28 33 35 45
SOL 5 6 9 10 11 15 16 18 20 22 33 48
SOL 5 6 9 10 11 15 16 18 22 33 36 45 48
SOL 5 6 9 10 11 15 16 20 22 30 33 45 48
SOL 5 6 9 10 11 15 16 21 22 28 33 45 48
SOL 5 6 9 10 11 15 18 20 21 22 28 33
SOL 5 6 9 10 11 15 18 20 22 30 33 36 45
SOL 5 6 9 10 11 15 18 21 22 28 33 36 45
SOL 5 6 9 10 11 15 18 21 22 30 33 35 42
SOL 5 6 9 10 11 15 20 21 22 28 30 33 45
SOL 5 6 9 10 11 15 21 22 24 33 35 40 42 45
SOL 5 6 9 10 11 16 18 20 22 24 33 40 48
SOL 5 6 9 10 11 16 18 21 22 28 30 33 48
SOL 5 6 9 10 11 16 18 22 24 33 36 40 45 48
SOL 5 6 9 10 11 16 20 21 22 33 35 42 45 48
SOL 5 6 9 10 11 16 20 22 24 30 33 40 45 48
SOL 5 6 9 10 11 16 21 22 24 28 33 40 45 48
SOL 5 6 9 10 11 18 20 21 22 24 28 33 40
SOL 5 6 9 10 11 18 20 21 22 33 35 36 42 45
SOL 5 6 9 10 11 18 20 22 24 30 33 36 40 45
SOL 5 6 9 10 11 18 21 22 24 28 33 36 40 45
SOL 5 6 9 10 11 18 21 22 24 30 33 35 40 42
SOL 5 6 9 10 11 20 21 22 24 28 30 33 40 45
SOL 5 6 9 10 12 14 15 16 18 30 35 48
SOL 5 6 9 10 12 14 15 16 24 35 40 45 48
SOL 5 6 9 10 12 14 15 18 20 24 35 40
SOL 5 6 9 10 12 14 15 18 21 28 30 35
SOL 5 6 9 10 12 14 15 18 24 35 36 40 45
SOL 5 6 9 10 12 14 15 20 24 30 35 40 45
SOL 5 6 9 10 12 14 15 21 24 28 35 40 45
SOL 5 6 9 10 12 14 16 18 20 35 36 45 48
SOL 5 6 9 10 12 14 16 18 24 30 35 40 48
SOL 5 6 9 10 12 14 16 20 21 28 35 45 48
SOL 5 6 9 10 12 14 18 20 21 28 35 36 45
SOL 5 6 9 10 12 14 18 21 24 28 30 35 40
SOL 5 6 9 10 12 15 16 18 20 21 28 48
SOL 5 6 9 10 12 15 16 18 20 30 36 45 48
SOL 5 6 9 10 12 15 16 18 21 28 36 45 48
SOL 5 6 9 10 12 15 16 18 21 30 35 42 48
SOL 5 6 9 10 12 15 16 20 21 28 30 45 48
SOL 5 6 9 10 12 15 16 21 24 35 40 42 45 48
SOL 5 6 9 10 12 15 18 20 21 24 35 40 42
SOL 5 6 9 10 12 15 18 20 21 28 30 36 45
SOL 5 6 9 10 12 15 18 21 24 35 36 40 42 45
SOL 5 6 9 10 12 15 20 21 24 30 35 40 42 45
SOL 5 6 9 10 12 16 18 20 21 24 28 40 48
SOL 5 6 9 10 12 16 18 20 21 35 36 42 45 48
SOL 5 6 9 10 12 16 18 20 24 30 36 40 45 48
SOL 5 6 9 10 12 16 18 21 24 28 36 40 45 48
SOL 5 6 9 10 12 16 18 21 24 30 35 40 42 48
SOL 5 6 9 10 12 16 20 21 24 28 30 40 45 48
SOL 5 6 9 10 12 18 20 21 24 28 30 36 40 45
SOL 5 6 9 10 14 15 16 18 20 24 35 40 48
SOL 5 6 9 10 14 15 16 18 21 28 30 35 48
SOL 5 6 9 10 14 15 16 18 24 35 36 40 45 48
SOL 5 6 9 10 14 15 16 20 24 30 35 40 45 48
SOL 5 6 9 10 14 15 16 21 24 28 35 40 45 48
SOL 5 6 9 10 14 15 18 20 21 24 28 35 40
SOL 5 6 9 10 14 15 18 20 24 30 35 36 40 45
SOL 5 6 9 10 14 15 18 21 24 28 35 36 40 45
SOL 5 6 9 10 14 15 20 21 24 28 30 35 40 45
SOL 5 6 9 10 14 16 18 20 21 28 35 36 45 48
SOL 5 6 9 10 14 16 18 21 24 28 30 35 40 48
SOL 5 6 9 10 15 16 18 20 21 24 35 40 42 48
SOL 5 6 9 10 15 16 18 20 21 28 30 36 45 48
SOL 5 6 9 10 15 16 18 21 24 35 36 40 42 45 48
SOL 5 6 9 10 15 16 20 21 24 30 35 40 42 45 48
SOL 5 6 9 10 15 18 20 21 24 30 35 36 40 42 45
SOL 5 6 9 10 16 18 20 21 24 28 30 36 40 45 48
SOL 5 6 9 11 12 14 15 16 22 33 35 45 48
SOL 5 6 9 11 12 14 15 18 20 22 33 35
SOL 5 6 9 11 12 14 15 18 22 33 35 36 45
SOL 5 6 9 11 12 14 15 20 22 30 33 35 45
SOL 5 6 9 11 12 14 15 21 22 28 33 35 45
SOL 5 6 9 11 12 14 16 18 22 30 33 35 48
SOL 5 6 9 11 12 14 16 22 24 33 35 40 45 48
SOL 5 6 9 11 12 14 18 20 22 24 33 35 40
SOL 5 6 9 11 12 14 18 21 22 28 30 33 35
SOL 5 6 9 11 12 14 18 22 24 33 35 36 40 45
SOL 5 6 9 11 12 14 20 22 24 30 33 35 40 45
SOL 5 6 9 11 12 14 21 22 24 28 33 35 40 45
SOL 5 6 9 11 12 15 16 18 22 24 33 40 48
SOL 5 6 9 11 12 15 16 21 22 33 35 42 45 48
SOL 5 6 9 11 12 15 16 22 24 30 33 40 45 48
SOL 5 6 9 11 12 15 18 20 21 22 33 35 42
SOL 5 6 9 11 12 15 18 20 22 24 30 33 40
SOL 5 6 9 11 12 15 18 21 22 24 28 33 40
SOL 5 6 9 11 12 15 18 21 22 33 35 36 42 45
SOL 5 6 9 11 12 15 18 22 24 30 33 36 40 45
SOL 5 6 9 11 12 15 20 21 22 30 33 35 42 45
SOL 5 6 9 11 12 15 21 22 24 28 30 33 40 45
SOL 5 6 9 11 12 16 18 20 21 22 28 33 48
SOL 5 6 9 11 12 16 18 20 22 30 33 36 45 48
SOL 5 6 9 11 12 16 18 21 22 28 33 36 45 48
SOL 5 6 9 11 12 16 18 21 22 30 33 35 42 48
SOL 5 6 9 11 12 16 20 21 22 28 30 33 45 48
SOL 5 6 9 11 12 16 21 22 24 33 35 40 42 45 48
SOL 5 6 9 11 12 18 20 21 22 24 33 35 40 42
SOL 5 6 9 11 12 18 20 21 22 28 30 33 36 45
SOL 5 6 9 11 12 18 21 22 24 33 35 36 40 42 45
SOL 5 6 9 11 12 20 21 22 24 30 33 35 40 42 45
SOL 5 6 9 11 14 15 16 18 20 22 33 35 48
SOL 5 6 9 11 14 15 16 18 22 33 35 36 45 48
SOL 5 6 9 11 14 15 16 20 22 30 33 35 45 48
SOL 5 6 9 11 14 15 16 21 22 28 33 35 45 48
SOL 5 6 9 11 14 15 18 20 21 22 28 33 35
SOL 5 6 9 11 14 15 18 20 22 30 33 35 36 45
SOL 5 6 9 11 14 15 18 21 22 28 33 35 36 45
SOL 5 6 9 11 14 15 20 21 22 28 30 33 35 45
SOL 5 6 9 11 14 16 18 20 22 24 33 35 40 48
SOL 5 6 9 11 14 16 18 21 22 28 30 33 35 48
SOL 5 6 9 11 14 16 18 22 24 33 35 36 40 45 48
SOL 5 6 9 11 14 16 20 22 24 30 33 35 40 45 48
SOL 5 6 9 11 14 16 21 22 24 28 33 35 40 45 48
SOL 5 6 9 11 14 18 20 21 22 24 28 33 35 40
SOL 5 6 9 11 14 18 20 22 24 30 33 35 36 40 45
SOL 5 6 9 11 14 18 21 22 24 28 33 35 36 40 45
SOL 5 6 9 11 14 20 21 22 24 28 30 33 35 40 45
SOL 5 6 9 11 15 16 18 20 21 22 33 35 42 48
SOL 5 6 9 11 15 16 18 20 22 24 30 33 40 48
SOL 5 6 9 11 15 16 18 21 22 24 28 33 40 48
SOL 5 6 9 11 15 16 18 21 22 33 35 36 42 45 48
SOL 5 6 9 11 15 16 18 22 24 30 33 36 40 45 48
SOL 5 6 9 11 15 16 20 21 22 30 33 35 42 45 48
SOL 5 6 9 11 15 16 21 22 24 28 30 33 40 45 48
SOL 5 6 9 11 15 18 20 21 22 24 28 30 33 40
SOL 5 6 9 11 15 18 20 21 22 30 33 35 36 42 45
SOL 5 6 9 11 15 18 21 22 24 28 30 33 36 40 45
SOL 5 6 9 11 16 18 20 21 22 24 33 35 40 42 48
SOL 5 6 9 11 16 18 20 21 22 28 30 33 36 45 48
SOL 5 6 9 11 16 18 21 22 24 33 35 36 40 42 45 48
SOL 5 6 9 11 16 20 21 22 24 30 33 35 40 42 45 48
SOL 5 6 9 11 18 20 21 22 24 30 33 35 36 40 42 45
SOL 5 6 9 12 14 15 16 18 20 21 28 35 48
SOL 5 6 9 12 14 15 16 18 20 30 35 36 45 48
SOL 5 6 9 12 14 15 16 18 21 28 35 36 45 48
SOL 5 6 9 12 14 15 16 20 21 28 30 35 45 48
SOL 5 6 9 12 14 15 18 20 21 28 30 35 36 45
SOL 5 6 9 12 14 16 18 20 21 24 28 35 40 48
SOL 5 6 9 12 14 16 18 20 24 30 35 36 40 45 48
SOL 5 6 9 12 14 16 18 21 24 28 35 36 40 45 48
SOL 5 6 9 12 14 16 20 21 24 28 30 35 40 45 48
SOL 5 6 9 12 14 18 20 21 24 28 30 35 36 40 45
SOL 5 6 9 12 15 16 18 20 21 24 28 30 40 48
SOL 5 6 9 12 15 16 18 20 21 30 35 36 42 45 48
SOL 5 6 9 12 15 16 18 21 24 28 30 36 40 45 48
SOL 5 6 9 12 16 18 20 21 24 30 35 36 40 42 45 48
SOL 5 6 9 14 15 16 18 20 21 28 30 35 36 45 48
SOL 5 6 9 14 16 18 20 21 24 28 30 35 36 40 45 48
SOL 5 6 10 11 12 14 15 16 22 30 33 35 48
SOL 5 6 10 11 12 14 15 18 22 30 33 35 36
SOL 5 6 10 11 12 14 15 20 22 24 33 35 40
SOL 5 6 10 11 12 14 15 21 22 28 30 33 35
SOL 5 6 10 11 12 14 15 22 24 33 35 36 40 45
SOL 5 6 10 11 12 14 16 20 22 33 35 36 45 48
SOL 5 6 10 11 12 14 16 22 24 30 33 35 40 48
SOL 5 6 10 11 12 14 18 22 24 30 33 35 36 40
SOL 5 6 10 11 12 14 20 21 22 28 33 35 36 45
SOL 5 6 10 11 12 14 21 22 24 28 30 33 35 40
SOL 5 6 10 11 12 15 16 18 20 22 33 36 48
SOL 5 6 10 11 12 15 16 20 21 22 28 33 48
SOL 5 6 10 11 12 15 16 20 22 30 33 36 45 48
SOL 5 6 10 11 12 15 16 21 22 28 33 36 45 48
SOL 5 6 10 11 12 15 16 21 22 30 33 35 42 48
SOL 5 6 10 11 12 15 18 20 21 22 28 33 36
SOL 5 6 10 11 12 15 18 21 22 30 33 35 36 42
SOL 5 6 10 11 12 15 20 21 22 24 33 35 40 42
SOL 5 6 10 11 12 15 20 21 22 28 30 33 36 45
SOL 5 6 10 11 12 15 21 22 24 33 35 36 40 42 45
SOL 5 6 10 11 12 16 18 20 22 24 33 36 40 48
SOL 5 6 10 11 12 16 18 21 22 28 30 33 36 48
SOL 5 6 10 11 12 16 20 21 22 24 28 33 40 48
SOL 5 6 10 11 12 16 20 21 22 33 35 36 42 45 48
SOL 5 6 10 11 12 16 20 22 24 30 33 36 40 45 48
SOL 5 6 10 11 12 16 21 22 24 28 33 36 40 45 48
SOL 5 6 10 11 12 16 21 22 24 30 33 35 40 42 48
SOL 5 6 10 11 12 18 20 21 22 24 28 33 36 40
SOL 5 6 10 11 12 18 21 22 24 30 33 35 36 40 42
SOL 5 6 10 11 12 20 21 22 24 28 30 33 36 40 45
SOL 5 6 10 11 14 15 16 18 22 30 33 35 36 48
SOL 5 6 10 11 14 15 16 20 22 24 33 35 40 48
SOL 5 6 10 11 14 15 16 21 22 28 30 33 35 48
SOL 5 6 10 11 14 15 16 22 24 33 35 36 40 45 48
SOL 5 6 10 11 14 15 18 20 22 24 33 35 36 40
SOL 5 6 10 11 14 15 18 21 22 28 30 33 35 36
SOL 5 6 10 11 14 15 20 21 22 24 28 33 35 40
SOL 5 6 10 11 14 15 20 22 24 30 33 35 36 40 45
SOL 5 6 10 11 14 15 21 22 24 28 33 35 36 40 45
SOL 5 6 10 11 14 16 18 22 24 30 33 35 36 40 48
SOL 5 6 10 11 14 16 20 21 22 28 33 35 36 45 48
SOL 5 6 10 11 14 16 21 22 24 28 30 33 35 40 48
SOL 5 6 10 11 14 18 21 22 24 28 30 33 35 36 40
SOL 5 6 10 11 15 16 18 20 21 22 28 33 36 48
SOL 5 6 10 11 15 16 18 21 22 30 33 35 36 42 48
SOL 5 6 10 11 15 16 20 21 22 24 33 35 40 42 48
SOL 5 6 10 11 15 16 20 21 22 28 30 33 36 45 48
SOL 5 6 10 11 15 16 21 22 24 33 35 36 40 42 45 48
SOL 5 6 10 11 15 18 20 21 22 24 33 35 36 40 42
SOL 5 6 10 11 15 20 21 22 24 30 33 35 36 40 42 45
SOL 5 6 10 11 16 18 20 21 22 24 28 33 36 40 48
SOL 5 6 10 11 16 18 21 22 24 30 33 35 36 40 42 48
SOL 5 6 10 11 16 20 21 22 24 28 30 33 36 40 45 48
SOL 5 6 10 12 14 15 16 18 20 24 35 36 40 48
SOL 5 6 10 12 14 15 16 18 21 28 30 35 36 48
SOL 5 6 10 12 14 15 16 20 21 24 28 35 40 48
SOL 5 6 10 12 14 15 16 20 24 30 35 36 40 45 48
SOL 5 6 10 12 14 15 16 21 24 28 35 36 40 45 48
SOL 5 6 10 12 14 15 18 20 21 24 28 35 36 40
SOL 5 6 10 12 14 15 20 21 24 28 30 35 36 40 45
SOL 5 6 10 12 14 16 18 21 24 28 30 35 36 40 48
SOL 5 6 10 12 15 16 18 20 21 24 35 36 40 42 48
SOL 5 6 10 12 15 16 20 21 24 30 35 36 40 42 45 48
SOL 5 6 10 14 15 16 18 20 21 24 28 35 36 40 48
SOL 5 6 10 14 15 16 20 21 24 28 30 35 36 40 45 48
SOL 5 6 11 12 14 15 16 18 20 22 33 35 36 48
SOL 5 6 11 12 14 15 16 20 21 22 28 33 35 48
SOL 5 6 11 12 14 15 16 20 22 30 33 35 36 45 48
SOL 5 6 11 12 14 15 16 21 22 28 33 35 36 45 48
SOL 5 6 11 12 14 15 18 20 21 22 28 33 35 36
SOL 5 6 11 12 14 15 20 21 22 28 30 33 35 36 45
SOL 5 6 11 12 14 16 18 20 22 24 33 35 36 40 48
SOL 5 6 11 12 14 16 18 21 22 28 30 33 35 36 48
SOL 5 6 11 12 14 16 20 21 22 24 28 33 35 40 48
SOL 5 6 11 12 14 16 20 22 24 30 33 35 36 40 45 48
SOL 5 6 11 12 14 16 21 22 24 28 33 35 36 40 45 48
SOL 5 6 11 12 14 18 20 21 22 24 28 33 35 36 40
SOL 5 6 11 12 14 20 21 22 24 28 30 33 35 36 40 45
SOL 5 6 11 12 15 16 18 20 21 22 33 35 36 42 48
SOL 5 6 11 12 15 16 18 20 22 24 30 33 36 40 48
SOL 5 6 11 12 15 16 18 21 22 24 28 33 36 40 48
SOL 5 6 11 12 15 16 20 21 22 24 28 30 33 40 48
SOL 5 6 11 12 15 16 20 21 22 30 33 35 36 42 45 48
SOL 5 6 11 12 15 16 21 22 24 28 30 33 36 40 45 48
SOL 5 6 11 12 15 18 20 21 22 24 28 30 33 36 40
SOL 5 6 11 12 16 18 20 21 22 24 33 35 36 40 42 48
SOL 5 6 11 12 16 20 21 22 24 30 33 35 36 40 42 45 48
SOL 5 6 11 14 15 16 18 20 21 22 28 33 35 36 48
SOL 5 6 11 14 15 16 20 21 22 28 30 33 35 36 45 48
SOL 5 6 11 14 16 18 20 21 22 24 28 33 35 36 40 48
SOL 5 6 11 14 16 20 21 22 24 28 30 33 35 36 40 45 48
SOL 5 6 11 15 16 18 20 21 22 24 28 30 33 36 40 48
SOL 5 7 8 9 10 11 12 22 33 40 42 45
SOL 5 7 8 9 10 11 14 22 28 33 40 45
SOL 5 7 8 9 10 11 15 22 24 33 42 45
SOL 5 7 8 9 10 11 16 22 33 40 42 45 48
SOL 5 7 8 9 10 11 18 20 22 33 40 42
SOL 5 7 8 9 10 11 18 22 24 30 33 42
SOL 5 7 8 9 10 11 18 22 33 36 40 42 45
SOL 5 7 8 9 10 11 20 22 30 33 40 42 45
SOL 5 7 8 9 10 11 21 22 28 33 40 42 45
SOL 5 7 8 9 10 12 14 15 24 28 45
SOL 5 7 8 9 10 12 14 15 35 40 42 45
SOL 5 7 8 9 10 12 14 16 28 40 45 48
SOL 5 7 8 9 10 12 14 18 20 28 40
SOL 5 7 8 9 10 12 14 18 24 28 30
SOL 5 7 8 9 10 12 14 18 28 36 40 45
SOL 5 7 8 9 10 12 14 18 30 35 40 42
SOL 5 7 8 9 10 12 14 20 24 35 42 45
SOL 5 7 8 9 10 12 14 20 28 30 40 45
SOL 5 7 8 9 10 12 15 16 24 42 45 48
SOL 5 7 8 9 10 12 15 18 20 24 42
SOL 5 7 8 9 10 12 15 18 24 36 42 45
SOL 5 7 8 9 10 12 15 20 24 30 42 45
SOL 5 7 8 9 10 12 15 21 24 28 42 45
SOL 5 7 8 9 10 12 16 18 20 40 42 48
SOL 5 7 8 9 10 12 16 18 24 30 42 48
SOL 5 7 8 9 10 12 16 18 36 40 42 45 48
SOL 5 7 8 9 10 12 16 20 30 40 42 45 48
SOL 5 7 8 9 10 12 16 21 28 40 42 45 48
SOL 5 7 8 9 10 12 18 20 21 28 40 42
SOL 5 7 8 9 10 12 18 20 30 36 40 42 45
SOL 5 7 8 9 10 12 18 21 24 28 30 42
SOL 5 7 8 9 10 12 18 21 28 36 40 42 45
SOL 5 7 8 9 10 12 20 21 28 30 40 42 45
SOL 5 7 8 9 10 14 15 16 24 28 45 48
SOL 5 7 8 9 10 14 15 16 35 40 42 45 48
SOL 5 7 8 9 10 14 15 18 20 24 28
SOL 5 7 8 9 10 14 15 18 20 35 40 42
SOL 5 7 8 9 10 14 15 18 24 28 36 45
SOL 5 7 8 9 10 14 15 18 24 30 35 42
SOL 5 7 8 9 10 14 15 18 35 36 40 42 45
SOL 5 7 8 9 10 14 15 20 24 28 30 45
SOL 5 7 8 9 10 14 15 20 30 35 40 42 45
SOL 5 7 8 9 10 14 15 21 28 35 40 42 45
SOL 5 7 8 9 10 14 16 18 20 28 40 48
SOL 5 7 8 9 10 14 16 18 24 28 30 48
SOL 5 7 8 9 10 14 16 18 28 36 40 45 48
SOL 5 7 8 9 10 14 16 18 30 35 40 42 48
SOL 5 7 8 9 10 14 16 20 24 35 42 45 48
SOL 5 7 8 9 10 14 16 20 28 30 40 45 48
SOL 5 7 8 9 10 14 18 20 24 35 36 42 45
SOL 5 7 8 9 10 14 18 20 28 30 36 40 45
SOL 5 7 8 9 10 14 18 21 28 30 35 40 42
SOL 5 7 8 9 10 14 20 21 24 28 35 42 45
SOL 5 7 8 9 10 15 16 18 20 24 42 48
SOL 5 7 8 9 10 15 16 18 24 36 42 45 48
SOL 5 7 8 9 10 15 16 20 24 30 42 45 48
SOL 5 7 8 9 10 15 16 21 24 28 42 45 48
SOL 5 7 8 9 10 15 18 20 21 24 28 42
SOL 5 7 8 9 10 15 18 20 24 30 36 42 45
SOL 5 7 8 9 10 15 18 21 24 28 36 42 45
SOL 5 7 8 9 10 15 20 21 24 28 30 42 45
SOL 5 7 8 9 10 16 18 20 21 28 40 42 48
SOL 5 7 8 9 10 16 18 20 30 36 40 42 45 48
SOL 5 7 8 9 10 16 18 21 24 28 30 42 48
SOL 5 7 8 9 10 16 18 21 28 36 40 42 45 48
SOL 5 7 8 9 10 16 20 21 28 30 40 42 45 48
SOL 5 7 8 9 10 18 20 21 28 30 36 40 42 45
SOL 5 7 8 9 11 12 14 22 24 28 33 45
SOL 5 7 8 9 11 12 14 22 33 35 40 42 45
SOL 5 7 8 9 11 12 15 18 22 33 40 42
SOL 5 7 8 9 11 12 15 22 30 33 40 42 45
SOL 5 7 8 9 11 12 16 22 24 33 42 45 48
SOL 5 7 8 9 11 12 18 20 22 24 33 42
SOL 5 7 8 9 11 12 18 22 24 33 36 42 45
SOL 5 7 8 9 11 12 20 22 24 30 33 42 45
SOL 5 7 8 9 11 12 21 22 24 28 33 42 45
SOL 5 7 8 9 11 14 15 18 22 28 33 40
SOL 5 7 8 9 11 14 15 22 24 33 35 42 45
SOL 5 7 8 9 11 14 15 22 28 30 33 40 45
SOL 5 7 8 9 11 14 16 22 24 28 33 45 48
SOL 5 7 8 9 11 14 16 22 33 35 40 42 45 48
SOL 5 7 8 9 11 14 18 20 22 24 28 33
SOL 5 7 8 9 11 14 18 20 22 33 35 40 42
SOL 5 7 8 9 11 14 18 22 24 28 33 36 45
SOL 5 7 8 9 11 14 18 22 24 30 33 35 42
SOL 5 7 8 9 11 14 18 22 33 35 36 40 42 45
SOL 5 7 8 9 11 14 20 22 24 28 30 33 45
SOL 5 7 8 9 11 14 20 22 30 33 35 40 42 45
SOL 5 7 8 9 11 14 21 22 28 33 35 40 42 45
SOL 5 7 8 9 11 15 16 18 22 33 40 42 48
SOL 5 7 8 9 11 15 16 22 30 33 40 42 45 48
SOL 5 7 8 9 11 15 18 20 22 30 33 40 42
SOL 5 7 8 9 11 15 18 21 22 28 33 40 42
SOL 5 7 8 9 11 15 18 22 30 33 36 40 42 45
SOL 5 7 8 9 11 15 21 22 28 30 33 40 42 45
SOL 5 7 8 9 11 16 18 20 22 24 33 42 48
SOL 5 7 8 9 11 16 18 22 24 33 36 42 45 48
SOL 5 7 8 9 11 16 20 22 24 30 33 42 45 48
SOL 5 7 8 9 11 16 21 22 24 28 33 42 45 48
SOL 5 7 8 9 11 18 20 21 22 24 28 33 42
SOL 5 7 8 9 11 18 20 22 24 30 33 36 42 45
SOL 5 7 8 9 11 18 21 22 24 28 33 36 42 45
SOL 5 7 8 9 11 20 21 22 24 28 30 33 42 45
SOL 5 7 8 9 12 14 15 16 18 28 40 48
SOL 5 7 8 9 12 14 15 16 24 35 42 45 48
SOL 5 7 8 9 12 14 15 16 28 30 40 45 48
SOL 5 7 8 9 12 14 15 18 20 24 35 42
SOL 5 7 8 9 12 14 15 18 20 28 30 40
SOL 5 7 8 9 12 14 15 18 24 35 36 42 45
SOL 5 7 8 9 12 14 15 18 28 30 36 40 45
SOL 5 7 8 9 12 14 15 20 24 30 35 42 45
SOL 5 7 8 9 12 14 15 21 24 28 35 42 45
SOL 5 7 8 9 12 14 16 18 20 24 28 48
SOL 5 7 8 9 12 14 16 18 20 35 40 42 48
SOL 5 7 8 9 12 14 16 18 24 28 36 45 48
SOL 5 7 8 9 12 14 16 18 24 30 35 42 48
SOL 5 7 8 9 12 14 16 18 35 36 40 42 45 48
SOL 5 7 8 9 12 14 16 20 24 28 30 45 48
SOL 5 7 8 9 12 14 16 20 30 35 40 42 45 48
SOL 5 7 8 9 12 14 16 21 28 35 40 42 45 48
SOL 5 7 8 9 12 14 18 20 21 28 35 40 42
SOL 5 7 8 9 12 14 18 20 24 28 30 36 45
SOL 5 7 8 9 12 14 18 20 30 35 36 40 42 45
SOL 5 7 8 9 12 14 18 21 24 28 30 35 42
SOL 5 7 8 9 12 14 18 21 28 35 36 40 42 45
SOL 5 7 8 9 12 14 20 21 28 30 35 40 42 45
SOL 5 7 8 9 12 15 16 18 20 30 40 42 48
SOL 5 7 8 9 12 15 16 18 21 28 40 42 48
SOL 5 7 8 9 12 15 16 18 30 36 40 42 45 48
SOL 5 7 8 9 12 15 16 21 28 30 40 42 45 48
SOL 5 7 8 9 12 15 18 20 21 28 30 40 42
SOL 5 7 8 9 12 15 18 21 28 30 36 40 42 45
SOL 5 7 8 9 12 16 18 20 21 24 28 42 48
SOL 5 7 8 9 12 16 18 20 24 30 36 42 45 48
SOL 5 7 8 9 12 16 18 21 24 28 36 42 45 48
SOL 5 7 8 9 12 16 20 21 24 28 30 42 45 48
SOL 5 7 8 9 12 18 20 21 24 28 30 36 42 45
SOL 5 7 8 9 14 15 16 18 20 24 35 42 48
SOL 5 7 8 9 14 15 16 18 20 28 30 40 48
SOL 5 7 8 9 14 15 16 18 24 35 36 42 45 48
SOL 5 7 8 9 14 15 16 18 28 30 36 40 45 48
SOL 5 7 8 9 14 15 16 20 24 30 35 42 45 48
SOL 5 7 8 9 14 15 16 21 24 28 35 42 45 48
SOL 5 7 8 9 14 15 18 20 21 24 28 35 42
SOL 5 7 8 9 14 15 18 20 24 30 35 36 42 45
SOL 5 7 8 9 14 15 18 21 24 28 35 36 42 45
SOL 5 7 8 9 14 15 20 21 24 28 30 35 42 45
SOL 5 7 8 9 14 16 18 20 21 28 35 40 42 48
SOL 5 7 8 9 14 16 18 20 24 28 30 36 45 48
SOL 5 7 8 9 14 16 18 20 30 35 36 40 42 45 48
SOL 5 7 8 9 14 16 18 21 24 28 30 35 42 48
SOL 5 7 8 9 14 16 18 21 28 35 36 40 42 45 48
SOL 5 7 8 9 14 16 20 21 28 30 35 40 42 45 48
SOL 5 7 8 9 14 18 20 21 28 30 35 36 40 42 45
SOL 5 7 8 9 15 16 18 20 21 28 30 40 42 48
SOL 5 7 8 9 15 16 18 21 28 30 36 40 42 45 48
SOL 5 7 8 9 16 18 20 21 24 28 30 36 42 45 48
SOL 5 7 8 10 11 12 14 20 22 28 33 40
SOL 5 7 8 10 11 12 14 22 24 28 30 33
SOL 5 7 8 10 11 12 14 22 28 33 36 40 45
SOL 5 7 8 10 11 12 14 22 30 33 35 40 42
SOL 5 7 8 10 11 12 15 20 22 24 33 42
SOL 5 7 8 10 11 12 15 22 24 33 36 42 45
SOL 5 7 8 10 11 12 16 20 22 33 40 42 48
SOL 5 7 8 10 11 12 16 22 24 30 33 42 48
SOL 5 7 8 10 11 12 16 22 33 36 40 42 45 48
SOL 5 7 8 10 11 12 18 20 22 33 36 40 42
SOL 5 7 8 10 11 12 18 22 24 30 33 36 42
SOL 5 7 8 10 11 12 20 21 22 28 33 40 42
SOL 5 7 8 10 11 12 20 22 30 33 36 40 42 45
SOL 5 7 8 10 11 12 21 22 24 28 30 33 42
SOL 5 7 8 10 11 12 21 22 28 33 36 40 42 45
SOL 5 7 8 10 11 14 15 20 22 24 28 33
SOL 5 7 8 10 11 14 15 20 22 33 35 40 42
SOL 5 7 8 10 11 14 15 22 24 28 33 36 45
SOL 5 7 8 10 11 14 15 22 24 30 33 35 42
SOL 5 7 8 10 11 14 15 22 33 35 36 40 42 45
SOL 5 7 8 10 11 14 16 20 22 28 33 40 48
SOL 5 7 8 10 11 14 16 22 24 28 30 33 48
SOL 5 7 8 10 11 14 16 22 28 33 36 40 45 48
SOL 5 7 8 10 11 14 16 22 30 33 35 40 42 48
SOL 5 7 8 10 11 14 18 20 22 28 33 36 40
SOL 5 7 8 10 11 14 18 22 24 28 30 33 36
SOL 5 7 8 10 11 14 18 22 30 33 35 36 40 42
SOL 5 7 8 10 11 14 20 22 24 33 35 36 42 45
SOL 5 7 8 10 11 14 20 22 28 30 33 36 40 45
SOL 5 7 8 10 11 14 21 22 28 30 33 35 40 42
SOL 5 7 8 10 11 15 16 20 22 24 33 42 48
SOL 5 7 8 10 11 15 16 22 24 33 36 42 45 48
SOL 5 7 8 10 11 15 18 20 22 24 33 36 42
SOL 5 7 8 10 11 15 20 21 22 24 28 33 42
SOL 5 7 8 10 11 15 20 22 24 30 33 36 42 45
SOL 5 7 8 10 11 15 21 22 24 28 33 36 42 45
SOL 5 7 8 10 11 16 18 20 22 33 36 40 42 48
SOL 5 7 8 10 11 16 18 22 24 30 33 36 42 48
SOL 5 7 8 10 11 16 20 21 22 28 33 40 42 48
SOL 5 7 8 10 11 16 20 22 30 33 36 40 42 45 48
SOL 5 7 8 10 11 16 21 22 24 28 30 33 42 48
SOL 5 7 8 10 11 16 21 22 28 33 36 40 42 45 48
SOL 5 7 8 10 11 18 20 21 22 28 33 36 40 42
SOL 5 7 8 10 11 18 21 22 24 28 30 33 36 42
SOL 5 7 8 10 11 20 21 22 28 30 33 36 40 42 45
SOL 5 7 8 10 12 14 15 16 20 24 28 48
SOL 5 7 8 10 12 14 15 16 20 35 40 42 48
SOL 5 7 8 10 12 14 15 16 24 28 36 45 48
SOL 5 7 8 10 12 14 15 16 24 30 35 42 48
SOL 5 7 8 10 12 14 15 16 35 36 40 42 45 48
SOL 5 7 8 10 12 14 15 18 20 24 28 36
SOL 5 7 8 10 12 14 15 18 20 35 36 40 42
SOL 5 7 8 10 12 14 15 18 24 30 35 36 42
SOL 5 7 8 10 12 14 15 20 21 28 35 40 42
SOL 5 7 8 10 12 14 15 20 24 28 30 36 45
SOL 5 7 8 10 12 14 15 20 30 35 36 40 42 45
SOL 5 7 8 10 12 14 15 21 24 28 30 35 42
SOL 5 7 8 10 12 14 15 21 28 35 36 40 42 45
SOL 5 7 8 10 12 14 16 18 20 28 36 40 48
SOL 5 7 8 10 12 14 16 18 24 28 30 36 48
SOL 5 7 8 10 12 14 16 18 30 35 36 40 42 48
SOL 5 7 8 10 12 14 16 20 24 35 36 42 45 48
SOL 5 7 8 10 12 14 16 20 28 30 36 40 45 48
SOL 5 7 8 10 12 14 16 21 28 30 35 40 42 48
SOL 5 7 8 10 12 14 18 21 28 30 35 36 40 42
SOL 5 7 8 10 12 14 20 21 24 28 35 36 42 45
SOL 5 7 8 10 12 15 16 18 20 24 36 42 48
SOL 5 7 8 10 12 15 16 20 21 24 28 42 48
SOL 5 7 8 10 12 15 16 20 24 30 36 42 45 48
SOL 5 7 8 10 12 15 16 21 24 28 36 42 45 48
SOL 5 7 8 10 12 15 18 20 21 24 28 36 42
SOL 5 7 8 10 12 15 20 21 24 28 30 36 42 45
SOL 5 7 8 10 12 16 18 20 21 28 36 40 42 48
SOL 5 7 8 10 12 16 18 21 24 28 30 36 42 48
SOL 5 7 8 10 12 16 20 21 28 30 36 40 42 45 48
SOL 5 7 8 10 14 15 16 18 20 24 28 36 48
SOL 5 7 8 10 14 15 16 18 20 35 36 40 42 48
SOL 5 7 8 10 14 15 16 18 24 30 35 36 42 48
SOL 5 7 8 10 14 15 16 20 21 28 35 40 42 48
SOL 5 7 8 10 14 15 16 20 24 28 30 36 45 48
SOL 5 7 8 10 14 15 16 20 30 35 36 40 42 45 48
SOL 5 7 8 10 14 15 16 21 24 28 30 35 42 48
SOL 5 7 8 10 14 15 16 21 28 35 36 40 42 45 48
SOL 5 7 8 10 14 15 18 20 21 28 35 36 40 42
SOL 5 7 8 10 14 15 18 21 24 28 30 35 36 42
SOL 5 7 8 10 14 15 20 21 28 30 35 36 40 42 45
SOL 5 7 8 10 14 16 18 21 28 30 35 36 40 42 48
SOL 5 7 8 10 14 16 20 21 24 28 35 36 42 45 48
SOL 5 7 8 10 15 16 18 20 21 24 28 36 42 48
SOL 5 7 8 10 15 16 20 21 24 28 30 36 42 45 48
SOL 5 7 8 11 12 14 15 16 22 28 33 40 48
SOL 5 7 8 11 12 14 15 18 22 28 33 36 40
SOL 5 7 8 11 12 14 15 20 22 24 33 35 42
SOL 5 7 8 11 12 14 15 20 22 28 30 33 40
SOL 5 7 8 11 12 14 15 22 24 33 35 36 42 45
SOL 5 7 8 11 12 14 15 22 28 30 33 36 40 45
SOL 5 7 8 11 12 14 16 20 22 24 28 33 48
SOL 5 7 8 11 12 14 16 20 22 33 35 40 42 48
SOL 5 7 8 11 12 14 16 22 24 28 33 36 45 48
SOL 5 7 8 11 12 14 16 22 24 30 33 35 42 48
SOL 5 7 8 11 12 14 16 22 33 35 36 40 42 45 48
SOL 5 7 8 11 12 14 18 20 22 24 28 33 36
SOL 5 7 8 11 12 14 18 20 22 33 35 36 40 42
SOL 5 7 8 11 12 14 18 22 24 30 33 35 36 42
SOL 5 7 8 11 12 14 20 21 22 28 33 35 40 42
SOL 5 7 8 11 12 14 20 22 24 28 30 33 36 45
SOL 5 7 8 11 12 14 20 22 30 33 35 36 40 42 45
SOL 5 7 8 11 12 14 21 22 24 28 30 33 35 42
SOL 5 7 8 11 12 14 21 22 28 33 35 36 40 42 45
SOL 5 7 8 11 12 15 16 18 22 33 36 40 42 48
SOL 5 7 8 11 12 15 16 20 22 30 33 40 42 48
SOL 5 7 8 11 12 15 16 21 22 28 33 40 42 48
SOL 5 7 8 11 12 15 16 22 30 33 36 40 42 45 48
SOL 5 7 8 11 12 15 18 20 22 30 33 36 40 42
SOL 5 7 8 11 12 15 18 21 22 28 33 36 40 42
SOL 5 7 8 11 12 15 20 21 22 28 30 33 40 42
SOL 5 7 8 11 12 15 21 22 28 30 33 36 40 42 45
SOL 5 7 8 11 12 16 18 20 22 24 33 36 42 48
SOL 5 7 8 11 12 16 20 21 22 24 28 33 42 48
SOL 5 7 8 11 12 16 20 22 24 30 33 36 42 45 48
SOL 5 7 8 11 12 16 21 22 24 28 33 36 42 45 48
SOL 5 7 8 11 12 18 20 21 22 24 28 33 36 42
SOL 5 7 8 11 12 20 21 22 24 28 30 33 36 42 45
SOL 5 7 8 11 14 15 16 18 22 28 33 36 40 48
SOL 5 7 8 11 14 15 16 20 22 24 33 35 42 48
SOL 5 7 8 11 14 15 16 20 22 28 30 33 40 48
SOL 5 7 8 11 14 15 16 22 24 33 35 36 42 45 48
SOL 5 7 8 11 14 15 16 22 28 30 33 36 40 45 48
SOL 5 7 8 11 14 15 18 20 22 24 33 35 36 42
SOL 5 7 8 11 14 15 18 20 22 28 30 33 36 40
SOL 5 7 8 11 14 15 20 21 22 24 28 33 35 42
SOL 5 7 8 11 14 15 20 22 24 30 33 35 36 42 45
SOL 5 7 8 11 14 15 21 22 24 28 33 35 36 42 45
SOL 5 7 8 11 14 16 18 20 22 24 28 33 36 48
SOL 5 7 8 11 14 16 18 20 22 33 35 36 40 42 48
SOL 5 7 8 11 14 16 18 22 24 30 33 35 36 42 48
SOL 5 7 8 11 14 16 20 21 22 28 33 35 40 42 48
SOL 5 7 8 11 14 16 20 22 24 28 30 33 36 45 48
SOL 5 7 8 11 14 16 20 22 30 33 35 36 40 42 45 48
SOL 5 7 8 11 14 16 21 22 24 28 30 33 35 42 48
SOL 5 7 8 11 14 16 21 22 28 33 35 36 40 42 45 48
SOL 5 7 8 11 14 18 20 21 22 28 33 35 36 40 42
SOL 5 7 8 11 14 18 21 22 24 28 30 33 35 36 42
SOL 5 7 8 11 14 20 21 22 28 30 33 35 36 40 42 45
SOL 5 7 8 11 15 16 18 20 22 30 33 36 40 42 48
SOL 5 7 8 11 15 16 18 21 22 28 33 36 40 42 48
SOL 5 7 8 11 15 16 20 21 22 28 30 33 40 42 48
SOL 5 7 8 11 15 16 21 22 28 30 33 36 40 42 45 48
SOL 5 7 8 11 15 18 20 21 22 28 30 33 36 40 42
SOL 5 7 8 11 16 18 20 21 22 24 28 33 36 42 48
SOL 5 7 8 11 16 20 21 22 24 28 30 33 36 42 45 48
SOL 5 7 8 12 14 15 16 18 20 24 35 36 42 48
SOL 5 7 8 12 14 15 16 18 20 28 30 36 40 48
SOL 5 7 8 12 14 15 16 20 21 24 28 35 42 48
SOL 5 7 8 12 14 15 16 20 24 30 35 36 42 45 48
SOL 5 7 8 12 14 15 16 21 24 28 35 36 42 45 48
SOL 5 7 8 12 14 15 18 20 21 24 28 35 36 42
SOL 5 7 8 12 14 15 20 21 24 28 30 35 36 42 45
SOL 5 7 8 12 14 16 18 20 21 28 35 36 40 42 48
SOL 5 7 8 12 14 16 18 21 24 28 30 35 36 42 48
SOL 5 7 8 12 14 16 20 21 28 30 35 36 40 42 45 48
SOL 5 7 8 12 15 16 18 20 21 28 30 36 40 42 48
SOL 5 7 8 14 15 16 18 20 21 24 28 35 36 42 48
SOL 5 7 8 14 15 16 20 21 24 28 30 35 36 42 45 48
SOL 5 7 9 10 11 12 14 15 22 28 33 45
SOL 5 7 9 10 11 12 14 18 22 28 30 33
SOL 5 7 9 10 11 12 14 20 22 33 35 42 45
SOL 5 7 9 10 11 12 14 22 24 28 33 40 45
SOL 5 7 9 10 11 12 15 16 22 33 42 45 48
SOL 5 7 9 10 11 12 15 18 20 22 33 42
SOL 5 7 9 10 11 12 15 18 22 33 36 42 45
SOL 5 7 9 10 11 12 15 20 22 30 33 42 45
SOL 5 7 9 10 11 12 15 21 22 28 33 42 45
SOL 5 7 9 10 11 12 16 18 22 30 33 42 48
SOL 5 7 9 10 11 12 16 22 24 33 40 42 45 48
SOL 5 7 9 10 11 12 18 20 22 24 33 40 42
SOL 5 7 9 10 11 12 18 21 22 28 30 33 42
SOL 5 7 9 10 11 12 18 22 24 33 36 40 42 45
SOL 5 7 9 10 11 12 20 22 24 30 33 40 42 45
SOL 5 7 9 10 11 12 21 22 24 28 33 40 42 45
SOL 5 7 9 10 11 14 15 16 22 28 33 45 48
SOL 5 7 9 10 11 14 15 18 20 22 28 33
SOL 5 7 9 10 11 14 15 18 22 28 33 36 45
SOL 5 7 9 10 11 14 15 18 22 30 33 35 42
SOL 5 7 9 10 11 14 15 20 22 28 30 33 45
SOL 5 7 9 10 11 14 15 22 24 33 35 40 42 45
SOL 5 7 9 10 11 14 16 18 22 28 30 33 48
SOL 5 7 9 10 11 14 16 20 22 33 35 42 45 48
SOL 5 7 9 10 11 14 16 22 24 28 33 40 45 48
SOL 5 7 9 10 11 14 18 20 22 24 28 33 40
SOL 5 7 9 10 11 14 18 20 22 33 35 36 42 45
SOL 5 7 9 10 11 14 18 22 24 28 33 36 40 45
SOL 5 7 9 10 11 14 18 22 24 30 33 35 40 42
SOL 5 7 9 10 11 14 20 21 22 28 33 35 42 45
SOL 5 7 9 10 11 14 20 22 24 28 30 33 40 45
SOL 5 7 9 10 11 15 16 18 20 22 33 42 48
SOL 5 7 9 10 11 15 16 18 22 33 36 42 45 48
SOL 5 7 9 10 11 15 16 20 22 30 33 42 45 48
SOL 5 7 9 10 11 15 16 21 22 28 33 42 45 48
SOL 5 7 9 10 11 15 18 20 21 22 28 33 42
SOL 5 7 9 10 11 15 18 20 22 30 33 36 42 45
SOL 5 7 9 10 11 15 18 21 22 28 33 36 42 45
SOL 5 7 9 10 11 15 20 21 22 28 30 33 42 45
SOL 5 7 9 10 11 16 18 20 22 24 33 40 42 48
SOL 5 7 9 10 11 16 18 21 22 28 30 33 42 48
SOL 5 7 9 10 11 16 18 22 24 33 36 40 42 45 48
SOL 5 7 9 10 11 16 20 22 24 30 33 40 42 45 48
SOL 5 7 9 10 11 16 21 22 24 28 33 40 42 45 48
SOL 5 7 9 10 11 18 20 21 22 24 28 33 40 42
SOL 5 7 9 10 11 18 20 22 24 30 33 36 40 42 45
SOL 5 7 9 10 11 18 21 22 24 28 33 36 40 42 45
SOL 5 7 9 10 11 20 21 22 24 28 30 33 40 42 45
SOL 5 7 9 10 12 14 15 16 18 20 28 48
SOL 5 7 9 10 12 14 15 16 18 28 36 45 48
SOL 5 7 9 10 12 14 15 16 18 30 35 42 48
SOL 5 7 9 10 12 14 15 16 20 28 30 45 48
SOL 5 7 9 10 12 14 15 16 24 35 40 42 45 48
SOL 5 7 9 10 12 14 15 18 20 24 35 40 42
SOL 5 7 9 10 12 14 15 18 20 28 30 36 45
SOL 5 7 9 10 12 14 15 18 21 28 30 35 42
SOL 5 7 9 10 12 14 15 18 24 35 36 40 42 45
SOL 5 7 9 10 12 14 15 20 24 30 35 40 42 45
SOL 5 7 9 10 12 14 15 21 24 28 35 40 42 45
SOL 5 7 9 10 12 14 16 18 20 24 28 40 48
SOL 5 7 9 10 12 14 16 18 20 35 36 42 45 48
SOL 5 7 9 10 12 14 16 18 24 28 36 40 45 48
SOL 5 7 9 10 12 14 16 18 24 30 35 40 42 48
SOL 5 7 9 10 12 14 16 20 21 28 35 42 45 48
SOL 5 7 9 10 12 14 16 20 24 28 30 40 45 48
SOL 5 7 9 10 12 14 18 20 21 28 35 36 42 45
SOL 5 7 9 10 12 14 18 20 24 28 30 36 40 45
SOL 5 7 9 10 12 14 18 21 24 28 30 35 40 42
SOL 5 7 9 10 12 15 16 18 20 21 28 42 48
SOL 5 7 9 10 12 15 16 18 20 30 36 42 45 48
SOL 5 7 9 10 12 15 16 18 21 28 36 42 45 48
SOL 5 7 9 10 12 15 16 20 21 28 30 42 45 48
SOL 5 7 9 10 12 15 18 20 21 28 30 36 42 45
SOL 5 7 9 10 12 16 18 20 21 24 28 40 42 48
SOL 5 7 9 10 12 16 18 20 24 30 36 40 42 45 48
SOL 5 7 9 10 12 16 18 21 24 28 36 40 42 45 48
SOL 5 7 9 10 12 16 20 21 24 28 30 40 42 45 48
SOL 5 7 9 10 12 18 20 21 24 28 30 36 40 42 45
SOL 5 7 9 10 14 15 16 18 20 24 35 40 42 48
SOL 5 7 9 10 14 15 16 18 20 28 30 36 45 48
SOL 5 7 9 10 14 15 16 18 21 28 30 35 42 48
SOL 5 7 9 10 14 15 16 18 24 35 36 40 42 45 48
SOL 5 7 9 10 14 15 16 20 24 30 35 40 42 45 48
SOL 5 7 9 10 14 15 16 21 24 28 35 40 42 45 48
SOL 5 7 9 10 14 15 18 20 21 24 28 35 40 42
SOL 5 7 9 10 14 15 18 20 24 30 35 36 40 42 45
SOL 5 7 9 10 14 15 18 21 24 28 35 36 40 42 45
SOL 5 7 9 10 14 15 20 21 24 28 30 35 40 42 45
SOL 5 7 9 10 14 16 18 20 21 28 35 36 42 45 48
SOL 5 7 9 10 14 16 18 20 24 28 30 36 40 45 48
SOL 5 7 9 10 14 16 18 21 24 28 30 35 40 42 48
SOL 5 7 9 10 15 16 18 20 21 28 30 36 42 45 48
SOL 5 7 9 10 16 18 20 21 24 28 30 36 40 42 45 48
SOL 5 7 9 11 12 14 15 16 22 33 35 42 45 48
SOL 5 7 9 11 12 14 15 18 20 22 33 35 42
SOL 5 7 9 11 12 14 15 18 22 24 28 33 40
SOL 5 7 9 11 12 14 15 18 22 33 35 36 42 45
SOL 5 7 9 11 12 14 15 20 22 30 33 35 42 45
SOL 5 7 9 11 12 14 15 21 22 28 33 35 42 45
SOL 5 7 9 11 12 14 15 22 24 28 30 33 40 45
SOL 5 7 9 11 12 14 16 18 20 22 28 33 48
SOL 5 7 9 11 12 14 16 18 22 28 33 36 45 48
SOL 5 7 9 11 12 14 16 18 22 30 33 35 42 48
SOL 5 7 9 11 12 14 16 20 22 28 30 33 45 48
SOL 5 7 9 11 12 14 16 22 24 33 35 40 42 45 48
SOL 5 7 9 11 12 14 18 20 22 24 33 35 40 42
SOL 5 7 9 11 12 14 18 20 22 28 30 33 36 45
SOL 5 7 9 11 12 14 18 21 22 28 30 33 35 42
SOL 5 7 9 11 12 14 18 22 24 33 35 36 40 42 45
SOL 5 7 9 11 12 14 20 22 24 30 33 35 40 42 45
SOL 5 7 9 11 12 14 21 22 24 28 33 35 40 42 45
SOL 5 7 9 11 12 15 16 18 22 24 33 40 42 48
SOL 5 7 9 11 12 15 16 22 24 30 33 40 42 45 48
SOL 5 7 9 11 12 15 18 20 22 24 30 33 40 42
SOL 5 7 9 11 12 15 18 21 22 24 28 33 40 42
SOL 5 7 9 11 12 15 18 22 24 30 33 36 40 42 45
SOL 5 7 9 11 12 15 21 22 24 28 30 33 40 42 45
SOL 5 7 9 11 12 16 18 20 21 22 28 33 42 48
SOL 5 7 9 11 12 16 18 20 22 30 33 36 42 45 48
SOL 5 7 9 11 12 16 18 21 22 28 33 36 42 45 48
SOL 5 7 9 11 12 16 20 21 22 28 30 33 42 45 48
SOL 5 7 9 11 12 18 20 21 22 28 30 33 36 42 45
SOL 5 7 9 11 14 15 16 18 20 22 33 35 42 48
SOL 5 7 9 11 14 15 16 18 22 24 28 33 40 48
SOL 5 7 9 11 14 15 16 18 22 33 35 36 42 45 48
SOL 5 7 9 11 14 15 16 20 22 30 33 35 42 45 48
SOL 5 7 9 11 14 15 16 21 22 28 33 35 42 45 48
SOL 5 7 9 11 14 15 16 22 24 28 30 33 40 45 48
SOL 5 7 9 11 14 15 18 20 21 22 28 33 35 42
SOL 5 7 9 11 14 15 18 20 22 24 28 30 33 40
SOL 5 7 9 11 14 15 18 20 22 30 33 35 36 42 45
SOL 5 7 9 11 14 15 18 21 22 28 33 35 36 42 45
SOL 5 7 9 11 14 15 18 22 24 28 30 33 36 40 45
SOL 5 7 9 11 14 15 20 21 22 28 30 33 35 42 45
SOL 5 7 9 11 14 16 18 20 22 24 33 35 40 42 48
SOL 5 7 9 11 14 16 18 20 22 28 30 33 36 45 48
SOL 5 7 9 11 14 16 18 21 22 28 30 33 35 42 48
SOL 5 7 9 11 14 16 18 22 24 33 35 36 40 42 45 48
SOL 5 7 9 11 14 16 20 22 24 30 33 35 40 42 45 48
SOL 5 7 9 11 14 16 21 22 24 28 33 35 40 42 45 48
SOL 5 7 9 11 14 18 20 21 22 24 28 33 35 40 42
SOL 5 7 9 11 14 18 20 22 24 30 33 35 36 40 42 45
SOL 5 7 9 11 14 18 21 22 24 28 33 35 36 40 42 45
SOL 5 7 9 11 14 20 21 22 24 28 30 33 35 40 42 45
SOL 5 7 9 11 15 16 18 20 22 24 30 33 40 42 48
SOL 5 7 9 11 15 16 18 21 22 24 28 33 40 42 48
SOL 5 7 9 11 15 16 18 22 24 30 33 36 40 42 45 48
SOL 5 7 9 11 15 16 21 22 24 28 30 33 40 42 45 48
SOL 5 7 9 11 15 18 20 21 22 24 28 30 33 40 42
SOL 5 7 9 11 15 18 21 22 24 28 30 33 36 40 42 45
SOL 5 7 9 11 16 18 20 21 22 28 30 33 36 42 45 48
SOL 5 7 9 12 14 15 16 18 20 21 28 35 42 48
SOL 5 7 9 12 14 15 16 18 20 24 28 30 40 48
SOL 5 7 9 12 14 15 16 18 20 30 35 36 42 45 48
SOL 5 7 9 12 14 15 16 18 21 28 35 36 42 45 48
SOL 5 7 9 12 14 15 16 18 24 28 30 36 40 45 48
SOL 5 7 9 12 14 15 16 20 21 28 30 35 42 45 48
SOL 5 7 9 12 14 15 18 20 21 28 30 35 36 42 45
SOL 5 7 9 12 14 16 18 20 21 24 28 35 40 42 48
SOL 5 7 9 12 14 16 18 20 24 30 35 36 40 42 45 48
SOL 5 7 9 12 14 16 18 21 24 28 35 36 40 42 45 48
SOL 5 7 9 12 14 16 20 21 24 28 30 35 40 42 45 48
SOL 5 7 9 12 14 18 20 21 24 28 30 35 36 40 42 45
SOL 5 7 9 12 15 16 18 20 21 24 28 30 40 42 48
SOL 5 7 9 12 15 16 18 21 24 28 30 36 40 42 45 48
SOL 5 7 9 14 15 16 18 20 21 28 30 35 36 42 45 48
SOL 5 7 9 14 16 18 20 21 24 28 30 35 36 40 42 45 48
SOL 5 7 10 11 12 14 15 16 20 22 28 33 48
SOL 5 7 10 11 12 14 15 16 22 28 33 36 45 48
SOL 5 7 10 11 12 14 15 16 22 30 33 35 42 48
SOL 5 7 10 11 12 14 15 18 20 22 28 33 36
SOL 5 7 10 11 12 14 15 18 22 30 33 35 36 42
SOL 5 7 10 11 12 14 15 20 22 24 33 35 40 42
SOL 5 7 10 11 12 14 15 20 22 28 30 33 36 45
SOL 5 7 10 11 12 14 15 21 22 28 30 33 35 42
SOL 5 7 10 11 12 14 15 22 24 33 35 36 40 42 45
SOL 5 7 10 11 12 14 16 18 22 28 30 33 36 48
SOL 5 7 10 11 12 14 16 20 22 24 28 33 40 48
SOL 5 7 10 11 12 14 16 20 22 33 35 36 42 45 48
SOL 5 7 10 11 12 14 16 22 24 28 33 36 40 45 48
SOL 5 7 10 11 12 14 16 22 24 30 33 35 40 42 48
SOL 5 7 10 11 12 14 18 20 22 24 28 33 36 40
SOL 5 7 10 11 12 14 18 22 24 30 33 35 36 40 42
SOL 5 7 10 11 12 14 20 21 22 28 33 35 36 42 45
SOL 5 7 10 11 12 14 20 22 24 28 30 33 36 40 45
SOL 5 7 10 11 12 14 21 22 24 28 30 33 35 40 42
SOL 5 7 10 11 12 15 16 18 20 22 33 36 42 48
SOL 5 7 10 11 12 15 16 20 21 22 28 33 42 48
SOL 5 7 10 11 12 15 16 20 22 30 33 36 42 45 48
SOL 5 7 10 11 12 15 16 21 22 28 33 36 42 45 48
SOL 5 7 10 11 12 15 18 20 21 22 28 33 36 42
SOL 5 7 10 11 12 15 20 21 22 28 30 33 36 42 45
SOL 5 7 10 11 12 16 18 20 22 24 33 36 40 42 48
SOL 5 7 10 11 12 16 18 21 22 28 30 33 36 42 48
SOL 5 7 10 11 12 16 20 21 22 24 28 33 40 42 48
SOL 5 7 10 11 12 16 20 22 24 30 33 36 40 42 45 48
SOL 5 7 10 11 12 16 21 22 24 28 33 36 40 42 45 48
SOL 5 7 10 11 12 18 20 21 22 24 28 33 36 40 42
SOL 5 7 10 11 12 20 21 22 24 28 30 33 36 40 42 45
SOL 5 7 10 11 14 15 16 18 20 22 28 33 36 48
SOL 5 7 10 11 14 15 16 18 22 30 33 35 36 42 48
SOL 5 7 10 11 14 15 16 20 22 24 33 35 40 42 48
SOL 5 7 10 11 14 15 16 20 22 28 30 33 36 45 48
SOL 5 7 10 11 14 15 16 21 22 28 30 33 35 42 48
SOL 5 7 10 11 14 15 16 22 24 33 35 36 40 42 45 48
SOL 5 7 10 11 14 15 18 20 22 24 33 35 36 40 42
SOL 5 7 10 11 14 15 18 21 22 28 30 33 35 36 42
SOL 5 7 10 11 14 15 20 21 22 24 28 33 35 40 42
SOL 5 7 10 11 14 15 20 22 24 30 33 35 36 40 42 45
SOL 5 7 10 11 14 15 21 22 24 28 33 35 36 40 42 45
SOL 5 7 10 11 14 16 18 20 22 24 28 33 36 40 48
SOL 5 7 10 11 14 16 18 22 24 30 33 35 36 40 42 48
SOL 5 7 10 11 14 16 20 21 22 28 33 35 36 42 45 48
SOL 5 7 10 11 14 16 20 22 24 28 30 33 36 40 45 48
SOL 5 7 10 11 14 16 21 22 24 28 30 33 35 40 42 48
SOL 5 7 10 11 14 18 21 22 24 28 30 33 35 36 40 42
SOL 5 7 10 11 15 16 18 20 21 22 28 33 36 42 48
SOL 5 7 10 11 15 16 20 21 22 28 30 33 36 42 45 48
SOL 5 7 10 11 16 18 20 21 22 24 28 33 36 40 42 48
SOL 5 7 10 11 16 20 21 22 24 28 30 33 36 40 42 45 48
SOL 5 7 10 12 14 15 16 18 20 24 35 36 40 42 48
SOL 5 7 10 12 14 15 16 18 21 28 30 35 36 42 48
SOL 5 7 10 12 14 15 16 20 21 24 28 35 40 42 48
SOL 5 7 10 12 14 15 16 20 24 30 35 36 40 42 45 48
SOL 5 7 10 12 14 15 16 21 24 28 35 36 40 42 45 48
SOL 5 7 10 12 14 15 18 20 21 24 28 35 36 40 42
SOL 5 7 10 12 14 15 20 21 24 28 30 35 36 40 42 45
SOL 5 7 10 12 14 16 18 21 24 28 30 35 36 40 42 48
SOL 5 7 10 14 15 16 18 20 21 24 28 35 36 40 42 48
SOL 5 7 10 14 15 16 20 21 24 28 30 35 36 40 42 45 48
SOL 5 7 11 12 14 15 16 18 20 22 33 35 36 42 48
SOL 5 7 11 12 14 15 16 18 22 24 28 33 36 40 48
SOL 5 7 11 12 14 15 16 20 21 22 28 33 35 42 48
SOL 5 7 11 12 14 15 16 20 22 24 28 30 33 40 48
SOL 5 7 11 12 14 15 16 20 22 30 33 35 36 42 45 48
SOL 5 7 11 12 14 15 16 21 22 28 33 35 36 42 45 48
SOL 5 7 11 12 14 15 16 22 24 28 30 33 36 40 45 48
SOL 5 7 11 12 14 15 18 20 21 22 28 33 35 36 42
SOL 5 7 11 12 14 15 18 20 22 24 28 30 33 36 40
SOL 5 7 11 12 14 15 20 21 22 28 30 33 35 36 42 45
SOL 5 7 11 12 14 16 18 20 22 24 33 35 36 40 42 48
SOL 5 7 11 12 14 16 18 21 22 28 30 33 35 36 42 48
SOL 5 7 11 12 14 16 20 21 22 24 28 33 35 40 42 48
SOL 5 7 11 12 14 16 20 22 24 30 33 35 36 40 42 45 48
SOL 5 7 11 12 14 16 21 22 24 28 33 35 36 40 42 45 48
SOL 5 7 11 12 14 18 20 21 22 24 28 33 35 36 40 42
SOL 5 7 11 12 14 20 21 22 24 28 30 33 35 36 40 42 45
SOL 5 7 11 12 15 16 18 20 22 24 30 33 36 40 42 48
SOL 5 7 11 12 15 16 18 21 22 24 28 33 36 40 42 48
SOL 5 7 11 12 15 16 20 21 22 24 28 30 33 40 42 48
SOL 5 7 11 12 15 16 21 22 24 28 30 33 36 40 42 45 48
SOL 5 7 11 12 15 18 20 21 22 24 28 30 33 36 40 42
SOL 5 7 11 14 15 16 18 20 21 22 28 33 35 36 42 48
SOL 5 7 11 14 15 16 18 20 22 24 28 30 33 36 40 48
SOL 5 7 11 14 15 16 20 21 22 28 30 33 35 36 42 45 48
SOL 5 7 11 14 16 18 20 21 22 24 28 33 35 36 40 42 48
SOL 5 7 11 14 16 20 21 22 24 28 30 33 35 36 40 42 45 48
SOL 5 7 11 15 16 18 20 21 22 24 28 30 33 36 40 42 48
SOL 5 8 9 10 11 12 14 15 22 33 35 40 45
SOL 5 8 9 10 11 12 14 18 22 30 33 35 40
SOL 5 8 9 10 11 12 14 20 22 24 33 35 45
SOL 5 8 9 10 11 12 15 16 22 24 33 45 48
SOL 5 8 9 10 11 12 15 18 20 22 24 33
SOL 5 8 9 10 11 12 15 18 22 24 33 36 45
SOL 5 8 9 10 11 12 15 20 22 24 30 33 45
SOL 5 8 9 10 11 12 15 21 22 24 28 33 45
SOL 5 8 9 10 11 12 15 21 22 33 35 40 42 45
SOL 5 8 9 10 11 12 16 18 20 22 33 40 48
SOL 5 8 9 10 11 12 16 18 22 24 30 33 48
SOL 5 8 9 10 11 12 16 18 22 33 36 40 45 48
SOL 5 8 9 10 11 12 16 20 22 30 33 40 45 48
SOL 5 8 9 10 11 12 16 21 22 28 33 40 45 48
SOL 5 8 9 10 11 12 18 20 21 22 28 33 40
SOL 5 8 9 10 11 12 18 20 22 30 33 36 40 45
SOL 5 8 9 10 11 12 18 21 22 24 28 30 33
SOL 5 8 9 10 11 12 18 21 22 28 33 36 40 45
SOL 5 8 9 10 11 12 18 21 22 30 33 35 40 42
SOL 5 8 9 10 11 12 20 21 22 24 33 35 42 45
SOL 5 8 9 10 11 12 20 21 22 28 30 33 40 45
SOL 5 8 9 10 11 14 15 16 22 33 35 40 45 48
SOL 5 8 9 10 11 14 15 18 20 22 33 35 40
SOL 5 8 9 10 11 14 15 18 22 24 30 33 35
SOL 5 8 9 10 11 14 15 18 22 33 35 36 40 45
SOL 5 8 9 10 11 14 15 20 22 30 33 35 40 45
SOL 5 8 9 10 11 14 15 21 22 28 33 35 40 45
SOL 5 8 9 10 11 14 16 18 22 30 33 35 40 48
SOL 5 8 9 10 11 14 16 20 22 24 33 35 45 48
SOL 5 8 9 10 11 14 18 20 22 24 33 35 36 45
SOL 5 8 9 10 11 14 18 21 22 28 30 33 35 40
SOL 5 8 9 10 11 14 20 21 22 24 28 33 35 45
SOL 5 8 9 10 11 15 16 18 20 22 24 33 48
SOL 5 8 9 10 11 15 16 18 22 24 33 36 45 48
SOL 5 8 9 10 11 15 16 20 22 24 30 33 45 48
SOL 5 8 9 10 11 15 16 21 22 24 28 33 45 48
SOL 5 8 9 10 11 15 16 21 22 33 35 40 42 45 48
SOL 5 8 9 10 11 15 18 20 21 22 24 28 33
SOL 5 8 9 10 11 15 18 20 21 22 33 35 40 42
SOL 5 8 9 10 11 15 18 20 22 24 30 33 36 45
SOL 5 8 9 10 11 15 18 21 22 24 28 33 36 45
SOL 5 8 9 10 11 15 18 21 22 24 30 33 35 42
SOL 5 8 9 10 11 15 18 21 22 33 35 36 40 42 45
SOL 5 8 9 10 11 15 20 21 22 24 28 30 33 45
SOL 5 8 9 10 11 15 20 21 22 30 33 35 40 42 45
SOL 5 8 9 10 11 16 18 20 21 22 28 33 40 48
SOL 5 8 9 10 11 16 18 20 22 30 33 36 40 45 48
SOL 5 8 9 10 11 16 18 21 22 24 28 30 33 48
SOL 5 8 9 10 11 16 18 21 22 28 33 36 40 45 48
SOL 5 8 9 10 11 16 18 21 22 30 33 35 40 42 48
SOL 5 8 9 10 11 16 20 21 22 24 33 35 42 45 48
SOL 5 8 9 10 11 16 20 21 22 28 30 33 40 45 48
SOL 5 8 9 10 11 18 20 21 22 24 33 35 36 42 45
SOL 5 8 9 10 11 18 20 21 22 28 30 33 36 40 45
SOL 5 8 9 10 12 14 15 16 18 20 35 40 48
SOL 5 8 9 10 12 14 15 16 18 24 30 35 48
SOL 5 8 9 10 12 14 15 16 18 35 36 40 45 48
SOL 5 8 9 10 12 14 15 16 20 30 35 40 45 48
SOL 5 8 9 10 12 14 15 16 21 28 35 40 45 48
SOL 5 8 9 10 12 14 15 18 20 21 28 35 40
SOL 5 8 9 10 12 14 15 18 20 30 35 36 40 45
SOL 5 8 9 10 12 14 15 18 21 24 28 30 35
SOL 5 8 9 10 12 14 15 18 21 28 35 36 40 45
SOL 5 8 9 10 12 14 15 20 21 28 30 35 40 45
SOL 5 8 9 10 12 14 16 18 20 24 35 36 45 48
SOL 5 8 9 10 12 14 16 18 21 28 30 35 40 48
SOL 5 8 9 10 12 14 16 20 21 24 28 35 45 48
SOL 5 8 9 10 12 14 18 20 21 24 28 35 36 45
SOL 5 8 9 10 12 15 16 18 20 21 24 28 48
SOL 5 8 9 10 12 15 16 18 20 21 35 40 42 48
SOL 5 8 9 10 12 15 16 18 20 24 30 36 45 48
SOL 5 8 9 10 12 15 16 18 21 24 28 36 45 48
SOL 5 8 9 10 12 15 16 18 21 24 30 35 42 48
SOL 5 8 9 10 12 15 16 18 21 35 36 40 42 45 48
SOL 5 8 9 10 12 15 16 20 21 24 28 30 45 48
SOL 5 8 9 10 12 15 16 20 21 30 35 40 42 45 48
SOL 5 8 9 10 12 15 18 20 21 24 28 30 36 45
SOL 5 8 9 10 12 15 18 20 21 30 35 36 40 42 45
SOL 5 8 9 10 12 16 18 20 21 24 35 36 42 45 48
SOL 5 8 9 10 12 16 18 20 21 28 30 36 40 45 48
SOL 5 8 9 10 14 15 16 18 20 21 28 35 40 48
SOL 5 8 9 10 14 15 16 18 20 30 35 36 40 45 48
SOL 5 8 9 10 14 15 16 18 21 24 28 30 35 48
SOL 5 8 9 10 14 15 16 18 21 28 35 36 40 45 48
SOL 5 8 9 10 14 15 16 20 21 28 30 35 40 45 48
SOL 5 8 9 10 14 15 18 20 21 28 30 35 36 40 45
SOL 5 8 9 10 14 16 18 20 21 24 28 35 36 45 48
SOL 5 8 9 10 15 16 18 20 21 24 28 30 36 45 48
SOL 5 8 9 10 15 16 18 20 21 30 35 36 40 42 45 48
SOL 5 8 9 11 12 14 15 16 22 24 33 35 45 48
SOL 5 8 9 11 12 14 15 18 20 22 24 33 35
SOL 5 8 9 11 12 14 15 18 22 24 33 35 36 45
SOL 5 8 9 11 12 14 15 20 22 24 30 33 35 45
SOL 5 8 9 11 12 14 15 21 22 24 28 33 35 45
SOL 5 8 9 11 12 14 16 18 20 22 33 35 40 48
SOL 5 8 9 11 12 14 16 18 22 24 30 33 35 48
SOL 5 8 9 11 12 14 16 18 22 33 35 36 40 45 48
SOL 5 8 9 11 12 14 16 20 22 30 33 35 40 45 48
SOL 5 8 9 11 12 14 16 21 22 28 33 35 40 45 48
SOL 5 8 9 11 12 14 18 20 21 22 28 33 35 40
SOL 5 8 9 11 12 14 18 20 22 30 33 35 36 40 45
SOL 5 8 9 11 12 14 18 21 22 24 28 30 33 35
SOL 5 8 9 11 12 14 18 21 22 28 33 35 36 40 45
SOL 5 8 9 11 12 14 20 21 22 28 30 33 35 40 45
SOL 5 8 9 11 12 15 16 18 20 22 30 33 40 48
SOL 5 8 9 11 12 15 16 18 21 22 28 33 40 48
SOL 5 8 9 11 12 15 16 18 22 30 33 36 40 45 48
SOL 5 8 9 11 12 15 16 21 22 24 33 35 42 45 48
SOL 5 8 9 11 12 15 16 21 22 28 30 33 40 45 48
SOL 5 8 9 11 12 15 18 20 21 22 24 33 35 42
SOL 5 8 9 11 12 15 18 20 21 22 28 30 33 40
SOL 5 8 9 11 12 15 18 21 22 24 33 35 36 42 45
SOL 5 8 9 11 12 15 18 21 22 28 30 33 36 40 45
SOL 5 8 9 11 12 15 20 21 22 24 30 33 35 42 45
SOL 5 8 9 11 12 16 18 20 21 22 24 28 33 48
SOL 5 8 9 11 12 16 18 20 21 22 33 35 40 42 48
SOL 5 8 9 11 12 16 18 20 22 24 30 33 36 45 48
SOL 5 8 9 11 12 16 18 21 22 24 28 33 36 45 48
SOL 5 8 9 11 12 16 18 21 22 24 30 33 35 42 48
SOL 5 8 9 11 12 16 18 21 22 33 35 36 40 42 45 48
SOL 5 8 9 11 12 16 20 21 22 24 28 30 33 45 48
SOL 5 8 9 11 12 16 20 21 22 30 33 35 40 42 45 48
SOL 5 8 9 11 12 18 20 21 22 24 28 30 33 36 45
SOL 5 8 9 11 12 18 20 21 22 30 33 35 36 40 42 45
SOL 5 8 9 11 14 15 16 18 20 22 24 33 35 48
SOL 5 8 9 11 14 15 16 18 22 24 33 35 36 45 48
SOL 5 8 9 11 14 15 16 20 22 24 30 33 35 45 48
SOL 5 8 9 11 14 15 16 21 22 24 28 33 35 45 48
SOL 5 8 9 11 14 15 18 20 21 22 24 28 33 35
SOL 5 8 9 11 14 15 18 20 22 24 30 33 35 36 45
SOL 5 8 9 11 14 15 18 21 22 24 28 33 35 36 45
SOL 5 8 9 11 14 15 20 21 22 24 28 30 33 35 45
SOL 5 8 9 11 14 16 18 20 21 22 28 33 35 40 48
SOL 5 8 9 11 14 16 18 20 22 30 33 35 36 40 45 48
SOL 5 8 9 11 14 16 18 21 22 24 28 30 33 35 48
SOL 5 8 9 11 14 16 18 21 22 28 33 35 36 40 45 48
SOL 5 8 9 11 14 16 20 21 22 28 30 33 35 40 45 48
SOL 5 8 9 11 14 18 20 21 22 28 30 33 35 36 40 45
SOL 5 8 9 11 15 16 18 20 21 22 24 33 35 42 48
SOL 5 8 9 11 15 16 18 20 21 22 28 30 33 40 48
SOL 5 8 9 11 15 16 18 21 22 24 33 35 36 42 45 48
SOL 5 8 9 11 15 16 18 21 22 28 30 33 36 40 45 48
SOL 5 8 9 11 15 16 20 21 22 24 30 33 35 42 45 48
SOL 5 8 9 11 15 18 20 21 22 24 30 33 35 36 42 45
SOL 5 8 9 11 16 18 20 21 22 24 28 30 33 36 45 48
SOL 5 8 9 11 16 18 20 21 22 30 33 35 36 40 42 45 48
SOL 5 8 9 12 14 15 16 18 20 21 24 28 35 48
SOL 5 8 9 12 14 15 16 18 20 24 30 35 36 45 48
SOL 5 8 9 12 14 15 16 18 21 24 28 35 36 45 48
SOL 5 8 9 12 14 15 16 20 21 24 28 30 35 45 48
SOL 5 8 9 12 14 15 18 20 21 24 28 30 35 36 45
SOL 5 8 9 12 14 16 18 20 21 28 30 35 36 40 45 48
SOL 5 8 9 12 15 16 18 20 21 24 30 35 36 42 45 48
SOL 5 8 9 14 15 16 18 20 21 24 28 30 35 36 45 48
SOL 5 8 10 11 12 14 15 16 20 22 33 35 40 48
SOL 5 8 10 11 12 14 15 16 22 24 30 33 35 48
SOL 5 8 10 11 12 14 15 16 22 33 35 36 40 45 48
SOL 5 8 10 11 12 14 15 18 20 22 33 35 36 40
SOL 5 8 10 11 12 14 15 18 22 24 30 33 35 36
SOL 5 8 10 11 12 14 15 20 21 22 28 33 35 40
SOL 5 8 10 11 12 14 15 20 22 30 33 35 36 40 45
SOL 5 8 10 11 12 14 15 21 22 24 28 30 33 35
SOL 5 8 10 11 12 14 15 21 22 28 33 35 36 40 45
SOL 5 8 10 11 12 14 16 18 22 30 33 35 36 40 48
SOL 5 8 10 11 12 14 16 20 22 24 33 35 36 45 48
SOL 5 8 10 11 12 14 16 21 22 28 30 33 35 40 48
SOL 5 8 10 11 12 14 18 21 22 28 30 33 35 36 40
SOL 5 8 10 11 12 14 20 21 22 24 28 33 35 36 45
SOL 5 8 10 11 12 15 16 18 20 22 24 33 36 48
SOL 5 8 10 11 12 15 16 20 21 22 24 28 33 48
SOL 5 8 10 11 12 15 16 20 21 22 33 35 40 42 48
SOL 5 8 10 11 12 15 16 20 22 24 30 33 36 45 48
SOL 5 8 10 11 12 15 16 21 22 24 28 33 36 45 48
SOL 5 8 10 11 12 15 16 21 22 24 30 33 35 42 48
SOL 5 8 10 11 12 15 16 21 22 33 35 36 40 42 45 48
SOL 5 8 10 11 12 15 18 20 21 22 24 28 33 36
SOL 5 8 10 11 12 15 18 20 21 22 33 35 36 40 42
SOL 5 8 10 11 12 15 18 21 22 24 30 33 35 36 42
SOL 5 8 10 11 12 15 20 21 22 24 28 30 33 36 45
SOL 5 8 10 11 12 15 20 21 22 30 33 35 36 40 42 45
SOL 5 8 10 11 12 16 18 20 21 22 28 33 36 40 48
SOL 5 8 10 11 12 16 18 21 22 24 28 30 33 36 48
SOL 5 8 10 11 12 16 18 21 22 30 33 35 36 40 42 48
SOL 5 8 10 11 12 16 20 21 22 24 33 35 36 42 45 48
SOL 5 8 10 11 12 16 20 21 22 28 30 33 36 40 45 48
SOL 5 8 10 11 14 15 16 18 20 22 33 35 36 40 48
SOL 5 8 10 11 14 15 16 18 22 24 30 33 35 36 48
SOL 5 8 10 11 14 15 16 20 21 22 28 33 35 40 48
SOL 5 8 10 11 14 15 16 20 22 30 33 35 36 40 45 48
SOL 5 8 10 11 14 15 16 21 22 24 28 30 33 35 48
SOL 5 8 10 11 14 15 16 21 22 28 33 35 36 40 45 48
SOL 5 8 10 11 14 15 18 20 21 22 28 33 35 36 40
SOL 5 8 10 11 14 15 18 21 22 24 28 30 33 35 36
SOL 5 8 10 11 14 15 20 21 22 28 30 33 35 36 40 45
SOL 5 8 10 11 14 16 18 21 22 28 30 33 35 36 40 48
SOL 5 8 10 11 14 16 20 21 22 24 28 33 35 36 45 48
SOL 5 8 10 11 15 16 18 20 21 22 24 28 33 36 48
SOL 5 8 10 11 15 16 18 20 21 22 33 35 36 40 42 48
SOL 5 8 10 11 15 16 18 21 22 24 30 33 35 36 42 48
SOL 5 8 10 11 15 16 20 21 22 24 28 30 33 36 45 48
SOL 5 8 10 11 15 16 20 21 22 30 33 35 36 40 42 45 48
SOL 5 8 10 12 14 15 16 18 20 21 28 35 36 40 48
SOL 5 8 10 12 14 15 16 18 21 24 28 30 35 36 48
SOL 5 8 10 12 14 15 16 20 21 28 30 35 36 40 45 48
SOL 5 8 11 12 14 15 16 18 20 22 24 33 35 36 48
SOL 5 8 11 12 14 15 16 20 21 22 24 28 33 35 48
SOL 5 8 11 12 14 15 16 20 22 24 30 33 35 36 45 48
SOL 5 8 11 12 14 15 16 21 22 24 28 33 35 36 45 48
SOL 5 8 11 12 14 15 18 20 21 22 24 28 33 35 36
SOL 5 8 11 12 14 15 20 21 22 24 28 30 33 35 36 45
SOL 5 8 11 12 14 16 18 20 21 22 28 33 35 36 40 48
SOL 5 8 11 12 14 16 18 21 22 24 28 30 33 35 36 48
SOL 5 8 11 12 14 16 20 21 22 28 30 33 35 36 40 45 48
SOL 5 8 11 12 15 16 18 20 21 22 24 33 35 36 42 48
SOL 5 8 11 12 15 16 18 20 21 22 28 30 33 36 40 48
SOL 5 8 11 12 15 16 20 21 22 24 30 33 35 36 42 45 48
SOL 5 8 11 14 15 16 18 20 21 22 24 28 33 35 36 48
SOL 5 8 11 14 15 16 20 21 22 24 28 30 33 35 36 45 48
SOL 5 9 10 11 12 14 15 16 18 22 30 33 35 48
SOL 5 9 10 11 12 14 15 16 22 24 33 35 40 45 48
SOL 5 9 10 11 12 14 15 18 20 22 24 33 35 40
SOL 5 9 10 11 12 14 15 18 21 22 28 30 33 35
SOL 5 9 10 11 12 14 15 18 22 24 33 35 36 40 45
SOL 5 9 10 11 12 14 15 20 22 24 30 33 35 40 45
SOL 5 9 10 11 12 14 15 21 22 24 28 33 35 40 45
SOL 5 9 10 11 12 14 16 18 20 22 33 35 36 45 48
SOL 5 9 10 11 12 14 16 18 22 24 30 33 35 40 48
SOL 5 9 10 11 12 14 16 20 21 22 28 33 35 45 48
SOL 5 9 10 11 12 14 18 20 21 22 28 33 35 36 45
SOL 5 9 10 11 12 14 18 21 22 24 28 30 33 35 40
SOL 5 9 10 11 12 15 16 18 20 21 22 28 33 48
SOL 5 9 10 11 12 15 16 18 20 22 30 33 36 45 48
SOL 5 9 10 11 12 15 16 18 21 22 28 33 36 45 48
SOL 5 9 10 11 12 15 16 18 21 22 30 33 35 42 48
SOL 5 9 10 11 12 15 16 20 21 22 28 30 33 45 48
SOL 5 9 10 11 12 15 16 21 22 24 33 35 40 42 45 48
SOL 5 9 10 11 12 15 18 20 21 22 24 33 35 40 42
SOL 5 9 10 11 12 15 18 20 21 22 28 30 33 36 45
SOL 5 9 10 11 12 15 18 21 22 24 33 35 36 40 42 45
SOL 5 9 10 11 12 15 20 21 22 24 30 33 35 40 42 45
SOL 5 9 10 11 12 16 18 20 21 22 24 28 33 40 48
SOL 5 9 10 11 12 16 18 20 21 22 33 35 36 42 45 48
SOL 5 9 10 11 12 16 18 20 22 24 30 33 36 40 45 48
SOL 5 9 10 11 12 16 18 21 22 24 28 33 36 40 45 48
SOL 5 9 10 11 12 16 18 21 22 24 30 33 35 40 42 48
SOL 5 9 10 11 12 16 20 21 22 24 28 30 33 40 45 48
SOL 5 9 10 11 12 18 20 21 22 24 28 30 33 36 40 45
SOL 5 9 10 11 14 15 16 18 20 22 24 33 35 40 48
SOL 5 9 10 11 14 15 16 18 21 22 28 30 33 35 48
SOL 5 9 10 11 14 15 16 18 22 24 33 35 36 40 45 48
SOL 5 9 10 11 14 15 16 20 22 24 30 33 35 40 45 48
SOL 5 9 10 11 14 15 16 21 22 24 28 33 35 40 45 48
SOL 5 9 10 11 14 15 18 20 21 22 24 28 33 35 40
SOL 5 9 10 11 14 15 18 20 22 24 30 33 35 36 40 45
SOL 5 9 10 11 14 15 18 21 22 24 28 33 35 36 40 45
SOL 5 9 10 11 14 15 20 21 22 24 28 30 33 35 40 45
SOL 5 9 10 11 14 16 18 20 21 22 28 33 35 36 45 48
SOL 5 9 10 11 14 16 18 21 22 24 28 30 33 35 40 48
SOL 5 9 10 11 15 16 18 20 21 22 24 33 35 40 42 48
SOL 5 9 10 11 15 16 18 20 21 22 28 30 33 36 45 48
SOL 5 9 10 11 15 16 18 21 22 24 33 35 36 40 42 45 48
SOL 5 9 10 11 15 16 20 21 22 24 30 33 35 40 42 45 48
SOL 5 9 10 11 15 18 20 21 22 24 30 33 35 36 40 42 45
SOL 5 9 10 11 16 18 20 21 22 24 28 30 33 36 40 45 48
SOL 5 9 10 12 14 15 16 18 20 21 24 28 35 40 48
SOL 5 9 10 12 14 15 16 18 20 24 30 35 36 40 45 48
SOL 5 9 10 12 14 15 16 18 21 24 28 35 36 40 45 48
SOL 5 9 10 12 14 15 16 20 21 24 28 30 35 40 45 48
SOL 5 9 10 12 14 15 18 20 21 24 28 30 35 36 40 45
SOL 5 9 10 12 15 16 18 20 21 24 30 35 36 40 42 45 48
SOL 5 9 10 14 15 16 18 20 21 24 28 30 35 36 40 45 48
SOL 5 9 11 12 14 15 16 18 20 21 22 28 33 35 48
SOL 5 9 11 12 14 15 16 18 20 22 30 33 35 36 45 48
SOL 5 9 11 12 14 15 16 18 21 22 28 33 35 36 45 48
SOL 5 9 11 12 14 15 16 20 21 22 28 30 33 35 45 48
SOL 5 9 11 12 14 15 18 20 21 22 28 30 33 35 36 45
SOL 5 9 11 12 14 16 18 20 21 22 24 28 33 35 40 48
SOL 5 9 11 12 14 16 18 20 22 24 30 33 35 36 40 45 48
SOL 5 9 11 12 14 16 18 21 22 24 28 33 35 36 40 45 48
SOL 5 9 11 12 14 16 20 21 22 24 28 30 33 35 40 45 48
SOL 5 9 11 12 14 18 20 21 22 24 28 30 33 35 36 40 45
SOL 5 9 11 12 15 16 18 20 21 22 24 28 30 33 40 48
SOL 5 9 11 12 15 16 18 20 21 22 30 33 35 36 42 45 48
SOL 5 9 11 12 15 16 18 21 22 24 28 30 33 36 40 45 48
SOL 5 9 11 12 16 18 20 21 22 24 30 33 35 36 40 42 45 48
SOL 5 9 11 14 15 16 18 20 21 22 28 30 33 35 36 45 48
SOL 5 9 11 14 16 18 20 21 22 24 28 30 33 35 36 40 45 48
SOL 5 10 11 12 14 15 16 18 20 22 24 33 35 36 40 48
SOL 5 10 11 12 14 15 16 18 21 22 28 30 33 35 36 48
SOL 5 10 11 12 14 15 16 20 21 22 24 28 33 35 40 48
SOL 5 10 11 12 14 15 16 20 22 24 30 33 35 36 40 45 48
SOL 5 10 11 12 14 15 16 21 22 24 28 33 35 36 40 45 48
SOL 5 10 11 12 14 15 18 20 21 22 24 28 33 35 36 40
SOL 5 10 11 12 14 15 20 21 22 24 28 30 33 35 36 40 45
SOL 5 10 11 12 14 16 18 21 22 24 28 30 33 35 36 40 48
SOL 5 10 11 12 15 16 18 20 21 22 24 33 35 36 40 42 48
SOL 5 10 11 12 15 16 20 21 22 24 30 33 35 36 40 42 45 48
SOL 5 10 11 14 15 16 18 20 21 22 24 28 33 35 36 40 48
SOL 5 10 11 14 15 16 20 21 22 24 28 30 33 35 36 40 45 48
SOL 6 7 8 9 10 11 12 18 22 33 40 42
SOL 6 7 8 9 10 11 12 22 30 33 40 42 45
SOL 6 7 8 9 10 11 14 18 22 28 33 40
SOL 6 7 8 9 10 11 14 22 24 33 35 42 45
SOL 6 7 8 9 10 11 14 22 28 30 33 40 45
SOL 6 7 8 9 10 11 15 18 22 24 33 42
SOL 6 7 8 9 10 11 15 20 22 33 40 42 45
SOL 6 7 8 9 10 11 15 22 24 30 33 42 45
SOL 6 7 8 9 10 11 16 18 22 33 40 42 48
SOL 6 7 8 9 10 11 16 22 30 33 40 42 45 48
SOL 6 7 8 9 10 11 18 20 22 30 33 40 42
SOL 6 7 8 9 10 11 18 21 22 28 33 40 42
SOL 6 7 8 9 10 11 18 22 30 33 36 40 42 45
SOL 6 7 8 9 10 11 21 22 28 30 33 40 42 45
SOL 6 7 8 9 10 12 14 15 18 24 28
SOL 6 7 8 9 10 12 14 15 18 35 40 42
SOL 6 7 8 9 10 12 14 15 20 28 40 45
SOL 6 7 8 9 10 12 14 15 24 28 30 45
SOL 6 7 8 9 10 12 14 15 30 35 40 42 45
SOL 6 7 8 9 10 12 14 16 18 28 40 48
SOL 6 7 8 9 10 12 14 16 24 35 42 45 48
SOL 6 7 8 9 10 12 14 16 28 30 40 45 48
SOL 6 7 8 9 10 12 14 18 20 24 35 42
SOL 6 7 8 9 10 12 14 18 20 28 30 40
SOL 6 7 8 9 10 12 14 18 24 35 36 42 45
SOL 6 7 8 9 10 12 14 18 28 30 36 40 45
SOL 6 7 8 9 10 12 14 20 24 30 35 42 45
SOL 6 7 8 9 10 12 14 21 24 28 35 42 45
SOL 6 7 8 9 10 12 15 16 18 24 42 48
SOL 6 7 8 9 10 12 15 16 20 40 42 45 48
SOL 6 7 8 9 10 12 15 16 24 30 42 45 48
SOL 6 7 8 9 10 12 15 18 20 24 30 42
SOL 6 7 8 9 10 12 15 18 20 36 40 42 45
SOL 6 7 8 9 10 12 15 18 21 24 28 42
SOL 6 7 8 9 10 12 15 18 24 30 36 42 45
SOL 6 7 8 9 10 12 15 20 21 28 40 42 45
SOL 6 7 8 9 10 12 15 21 24 28 30 42 45
SOL 6 7 8 9 10 12 16 18 20 30 40 42 48
SOL 6 7 8 9 10 12 16 18 21 28 40 42 48
SOL 6 7 8 9 10 12 16 18 30 36 40 42 45 48
SOL 6 7 8 9 10 12 16 21 28 30 40 42 45 48
SOL 6 7 8 9 10 12 18 20 21 28 30 40 42
SOL 6 7 8 9 10 12 18 21 28 30 36 40 42 45
SOL 6 7 8 9 10 14 15 16 18 24 28 48
SOL 6 7 8 9 10 14 15 16 18 35 40 42 48
SOL 6 7 8 9 10 14 15 16 20 28 40 45 48
SOL 6 7 8 9 10 14 15 16 24 28 30 45 48
SOL 6 7 8 9 10 14 15 16 30 35 40 42 45 48
SOL 6 7 8 9 10 14 15 18 20 24 28 30
SOL 6 7 8 9 10 14 15 18 20 28 36 40 45
SOL 6 7 8 9 10 14 15 18 20 30 35 40 42
SOL 6 7 8 9 10 14 15 18 21 28 35 40 42
SOL 6 7 8 9 10 14 15 18 24 28 30 36 45
SOL 6 7 8 9 10 14 15 18 30 35 36 40 42 45
SOL 6 7 8 9 10 14 15 21 28 30 35 40 42 45
SOL 6 7 8 9 10 14 16 18 20 24 35 42 48
SOL 6 7 8 9 10 14 16 18 20 28 30 40 48
SOL 6 7 8 9 10 14 16 18 24 35 36 42 45 48
SOL 6 7 8 9 10 14 16 18 28 30 36 40 45 48
SOL 6 7 8 9 10 14 16 20 24 30 35 42 45 48
SOL 6 7 8 9 10 14 16 21 24 28 35 42 45 48
SOL 6 7 8 9 10 14 18 20 21 24 28 35 42
SOL 6 7 8 9 10 14 18 20 24 30 35 36 42 45
SOL 6 7 8 9 10 14 18 21 24 28 35 36 42 45
SOL 6 7 8 9 10 14 20 21 24 28 30 35 42 45
SOL 6 7 8 9 10 15 16 18 20 24 30 42 48
SOL 6 7 8 9 10 15 16 18 20 36 40 42 45 48
SOL 6 7 8 9 10 15 16 18 21 24 28 42 48
SOL 6 7 8 9 10 15 16 18 24 30 36 42 45 48
SOL 6 7 8 9 10 15 16 20 21 28 40 42 45 48
SOL 6 7 8 9 10 15 16 21 24 28 30 42 45 48
SOL 6 7 8 9 10 15 18 20 21 24 28 30 42
SOL 6 7 8 9 10 15 18 20 21 28 36 40 42 45
SOL 6 7 8 9 10 15 18 21 24 28 30 36 42 45
SOL 6 7 8 9 10 16 18 20 21 28 30 40 42 48
SOL 6 7 8 9 10 16 18 21 28 30 36 40 42 45 48
SOL 6 7 8 9 11 12 14 18 22 24 28 33
SOL 6 7 8 9 11 12 14 18 22 33 35 40 42
SOL 6 7 8 9 11 12 14 20 22 28 33 40 45
SOL 6 7 8 9 11 12 14 22 24 28 30 33 45
SOL 6 7 8 9 11 12 14 22 30 33 35 40 42 45
SOL 6 7 8 9 11 12 15 18 22 30 33 40 42
SOL 6 7 8 9 11 12 15 20 22 24 33 42 45
SOL 6 7 8 9 11 12 16 18 22 24 33 42 48
SOL 6 7 8 9 11 12 16 20 22 33 40 42 45 48
SOL 6 7 8 9 11 12 16 22 24 30 33 42 45 48
SOL 6 7 8 9 11 12 18 20 22 24 30 33 42
SOL 6 7 8 9 11 12 18 20 22 33 36 40 42 45
SOL 6 7 8 9 11 12 18 21 22 24 28 33 42
SOL 6 7 8 9 11 12 18 22 24 30 33 36 42 45
SOL 6 7 8 9 11 12 20 21 22 28 33 40 42 45
SOL 6 7 8 9 11 12 21 22 24 28 30 33 42 45
SOL 6 7 8 9 11 14 15 18 22 24 33 35 42
SOL 6 7 8 9 11 14 15 18 22 28 30 33 40
SOL 6 7 8 9 11 14 15 20 22 24 28 33 45
SOL 6 7 8 9 11 14 15 20 22 33 35 40 42 45
SOL 6 7 8 9 11 14 15 22 24 30 33 35 42 45
SOL 6 7 8 9 11 14 16 18 22 24 28 33 48
SOL 6 7 8 9 11 14 16 18 22 33 35 40 42 48
SOL 6 7 8 9 11 14 16 20 22 28 33 40 45 48
SOL 6 7 8 9 11 14 16 22 24 28 30 33 45 48
SOL 6 7 8 9 11 14 16 22 30 33 35 40 42 45 48
SOL 6 7 8 9 11 14 18 20 22 24 28 30 33
SOL 6 7 8 9 11 14 18 20 22 28 33 36 40 45
SOL 6 7 8 9 11 14 18 20 22 30 33 35 40 42
SOL 6 7 8 9 11 14 18 21 22 28 33 35 40 42
SOL 6 7 8 9 11 14 18 22 24 28 30 33 36 45
SOL 6 7 8 9 11 14 18 22 30 33 35 36 40 42 45
SOL 6 7 8 9 11 14 21 22 28 30 33 35 40 42 45
SOL 6 7 8 9 11 15 16 18 22 30 33 40 42 48
SOL 6 7 8 9 11 15 16 20 22 24 33 42 45 48
SOL 6 7 8 9 11 15 18 20 22 24 33 36 42 45
SOL 6 7 8 9 11 15 18 21 22 28 30 33 40 42
SOL 6 7 8 9 11 15 20 21 22 24 28 33 42 45
SOL 6 7 8 9 11 16 18 20 22 24 30 33 42 48
SOL 6 7 8 9 11 16 18 20 22 33 36 40 42 45 48
SOL 6 7 8 9 11 16 18 21 22 24 28 33 42 48
SOL 6 7 8 9 11 16 18 22 24 30 33 36 42 45 48
SOL 6 7 8 9 11 16 20 21 22 28 33 40 42 45 48
SOL 6 7 8 9 11 16 21 22 24 28 30 33 42 45 48
SOL 6 7 8 9 11 18 20 21 22 24 28 30 33 42
SOL 6 7 8 9 11 18 20 21 22 28 33 36 40 42 45
SOL 6 7 8 9 11 18 21 22 24 28 30 33 36 42 45
SOL 6 7 8 9 12 14 15 16 18 24 35 42 48
SOL 6 7 8 9 12 14 15 16 18 28 30 40 48
SOL 6 7 8 9 12 14 15 16 20 24 28 45 48
SOL 6 7 8 9 12 14 15 16 20 35 40 42 45 48
SOL 6 7 8 9 12 14 15 16 24 30 35 42 45 48
SOL 6 7 8 9 12 14 15 18 20 24 28 36 45
SOL 6 7 8 9 12 14 15 18 20 24 30 35 42
SOL 6 7 8 9 12 14 15 18 20 35 36 40 42 45
SOL 6 7 8 9 12 14 15 18 21 24 28 35 42
SOL 6 7 8 9 12 14 15 18 24 30 35 36 42 45
SOL 6 7 8 9 12 14 15 20 21 28 35 40 42 45
SOL 6 7 8 9 12 14 15 21 24 28 30 35 42 45
SOL 6 7 8 9 12 14 16 18 20 24 28 30 48
SOL 6 7 8 9 12 14 16 18 20 28 36 40 45 48
SOL 6 7 8 9 12 14 16 18 20 30 35 40 42 48
SOL 6 7 8 9 12 14 16 18 21 28 35 40 42 48
SOL 6 7 8 9 12 14 16 18 24 28 30 36 45 48
SOL 6 7 8 9 12 14 16 18 30 35 36 40 42 45 48
SOL 6 7 8 9 12 14 16 21 28 30 35 40 42 45 48
SOL 6 7 8 9 12 14 18 20 21 28 30 35 40 42
SOL 6 7 8 9 12 14 18 21 28 30 35 36 40 42 45
SOL 6 7 8 9 12 15 16 18 20 24 36 42 45 48
SOL 6 7 8 9 12 15 16 18 21 28 30 40 42 48
SOL 6 7 8 9 12 15 16 20 21 24 28 42 45 48
SOL 6 7 8 9 12 15 18 20 21 24 28 36 42 45
SOL 6 7 8 9 12 16 18 20 21 24 28 30 42 48
SOL 6 7 8 9 12 16 18 20 21 28 36 40 42 45 48
SOL 6 7 8 9 12 16 18 21 24 28 30 36 42 45 48
SOL 6 7 8 9 14 15 16 18 20 24 28 36 45 48
SOL 6 7 8 9 14 15 16 18 20 24 30 35 42 48
SOL 6 7 8 9 14 15 16 18 20 35 36 40 42 45 48
SOL 6 7 8 9 14 15 16 18 21 24 28 35 42 48
SOL 6 7 8 9 14 15 16 18 24 30 35 36 42 45 48
SOL 6 7 8 9 14 15 16 20 21 28 35 40 42 45 48
SOL 6 7 8 9 14 15 16 21 24 28 30 35 42 45 48
SOL 6 7 8 9 14 15 18 20 21 24 28 30 35 42
SOL 6 7 8 9 14 15 18 20 21 28 35 36 40 42 45
SOL 6 7 8 9 14 15 18 21 24 28 30 35 36 42 45
SOL 6 7 8 9 14 16 18 20 21 28 30 35 40 42 48
SOL 6 7 8 9 14 16 18 21 28 30 35 36 40 42 45 48
SOL 6 7 8 9 15 16 18 20 21 24 28 36 42 45 48
SOL 6 7 8 10 11 12 14 15 22 24 28 33
SOL 6 7 8 10 11 12 14 15 22 33 35 40 42
SOL 6 7 8 10 11 12 14 16 22 28 33 40 48
SOL 6 7 8 10 11 12 14 18 22 28 33 36 40
SOL 6 7 8 10 11 12 14 20 22 24 33 35 42
SOL 6 7 8 10 11 12 14 20 22 28 30 33 40
SOL 6 7 8 10 11 12 14 22 24 33 35 36 42 45
SOL 6 7 8 10 11 12 14 22 28 30 33 36 40 45
SOL 6 7 8 10 11 12 15 16 22 24 33 42 48
SOL 6 7 8 10 11 12 15 18 22 24 33 36 42
SOL 6 7 8 10 11 12 15 20 22 24 30 33 42
SOL 6 7 8 10 11 12 15 20 22 33 36 40 42 45
SOL 6 7 8 10 11 12 15 21 22 24 28 33 42
SOL 6 7 8 10 11 12 15 22 24 30 33 36 42 45
SOL 6 7 8 10 11 12 16 18 22 33 36 40 42 48
SOL 6 7 8 10 11 12 16 20 22 30 33 40 42 48
SOL 6 7 8 10 11 12 16 21 22 28 33 40 42 48
SOL 6 7 8 10 11 12 16 22 30 33 36 40 42 45 48
SOL 6 7 8 10 11 12 18 20 22 30 33 36 40 42
SOL 6 7 8 10 11 12 18 21 22 28 33 36 40 42
SOL 6 7 8 10 11 12 20 21 22 28 30 33 40 42
SOL 6 7 8 10 11 12 21 22 28 30 33 36 40 42 45
SOL 6 7 8 10 11 14 15 16 22 24 28 33 48
SOL 6 7 8 10 11 14 15 16 22 33 35 40 42 48
SOL 6 7 8 10 11 14 15 18 22 24 28 33 36
SOL 6 7 8 10 11 14 15 18 22 33 35 36 40 42
SOL 6 7 8 10 11 14 15 20 22 24 28 30 33
SOL 6 7 8 10 11 14 15 20 22 28 33 36 40 45
SOL 6 7 8 10 11 14 15 20 22 30 33 35 40 42
SOL 6 7 8 10 11 14 15 21 22 28 33 35 40 42
SOL 6 7 8 10 11 14 15 22 24 28 30 33 36 45
SOL 6 7 8 10 11 14 15 22 30 33 35 36 40 42 45
SOL 6 7 8 10 11 14 16 18 22 28 33 36 40 48
SOL 6 7 8 10 11 14 16 20 22 24 33 35 42 48
SOL 6 7 8 10 11 14 16 20 22 28 30 33 40 48
SOL 6 7 8 10 11 14 16 22 24 33 35 36 42 45 48
SOL 6 7 8 10 11 14 16 22 28 30 33 36 40 45 48
SOL 6 7 8 10 11 14 18 20 22 24 33 35 36 42
SOL 6 7 8 10 11 14 18 20 22 28 30 33 36 40
SOL 6 7 8 10 11 14 20 21 22 24 28 33 35 42
SOL 6 7 8 10 11 14 20 22 24 30 33 35 36 42 45
SOL 6 7 8 10 11 14 21 22 24 28 33 35 36 42 45
SOL 6 7 8 10 11 15 16 18 22 24 33 36 42 48
SOL 6 7 8 10 11 15 16 20 22 24 30 33 42 48
SOL 6 7 8 10 11 15 16 20 22 33 36 40 42 45 48
SOL 6 7 8 10 11 15 16 21 22 24 28 33 42 48
SOL 6 7 8 10 11 15 16 22 24 30 33 36 42 45 48
SOL 6 7 8 10 11 15 18 20 22 24 30 33 36 42
SOL 6 7 8 10 11 15 18 21 22 24 28 33 36 42
SOL 6 7 8 10 11 15 20 21 22 24 28 30 33 42
SOL 6 7 8 10 11 15 20 21 22 28 33 36 40 42 45
SOL 6 7 8 10 11 15 21 22 24 28 30 33 36 42 45
SOL 6 7 8 10 11 16 18 20 22 30 33 36 40 42 48
SOL 6 7 8 10 11 16 18 21 22 28 33 36 40 42 48
SOL 6 7 8 10 11 16 20 21 22 28 30 33 40 42 48
SOL 6 7 8 10 11 16 21 22 28 30 33 36 40 42 45 48
SOL 6 7 8 10 11 18 20 21 22 28 30 33 36 40 42
SOL 6 7 8 10 12 14 15 16 18 24 28 36 48
SOL 6 7 8 10 12 14 15 16 18 35 36 40 42 48
SOL 6 7 8 10 12 14 15 16 20 24 28 30 48
SOL 6 7 8 10 12 14 15 16 20 28 36 40 45 48
SOL 6 7 8 10 12 14 15 16 20 30 35 40 42 48
SOL 6 7 8 10 12 14 15 16 21 28 35 40 42 48
SOL 6 7 8 10 12 14 15 16 24 28 30 36 45 48
SOL 6 7 8 10 12 14 15 16 30 35 36 40 42 45 48
SOL 6 7 8 10 12 14 15 18 20 24 28 30 36
SOL 6 7 8 10 12 14 15 18 20 30 35 36 40 42
SOL 6 7 8 10 12 14 15 18 21 28 35 36 40 42
SOL 6 7 8 10 12 14 15 20 21 28 30 35 40 42
SOL 6 7 8 10 12 14 15 21 28 30 35 36 40 42 45
SOL 6 7 8 10 12 14 16 18 20 24 35 36 42 48
SOL 6 7 8 10 12 14 16 18 20 28 30 36 40 48
SOL 6 7 8 10 12 14 16 20 21 24 28 35 42 48
SOL 6 7 8 10 12 14 16 20 24 30 35 36 42 45 48
SOL 6 7 8 10 12 14 16 21 24 28 35 36 42 45 48
SOL 6 7 8 10 12 14 18 20 21 24 28 35 36 42
SOL 6 7 8 10 12 14 20 21 24 28 30 35 36 42 45
SOL 6 7 8 10 12 15 16 18 20 24 30 36 42 48
SOL 6 7 8 10 12 15 16 18 21 24 28 36 42 48
SOL 6 7 8 10 12 15 16 20 21 24 28 30 42 48
SOL 6 7 8 10 12 15 16 20 21 28 36 40 42 45 48
SOL 6 7 8 10 12 15 16 21 24 28 30 36 42 45 48
SOL 6 7 8 10 12 15 18 20 21 24 28 30 36 42
SOL 6 7 8 10 12 16 18 20 21 28 30 36 40 42 48
SOL 6 7 8 10 14 15 16 18 20 24 28 30 36 48
SOL 6 7 8 10 14 15 16 18 20 30 35 36 40 42 48
SOL 6 7 8 10 14 15 16 18 21 28 35 36 40 42 48
SOL 6 7 8 10 14 15 16 20 21 28 30 35 40 42 48
SOL 6 7 8 10 14 15 16 21 28 30 35 36 40 42 45 48
SOL 6 7 8 10 14 15 18 20 21 28 30 35 36 40 42
SOL 6 7 8 10 14 16 18 20 21 24 28 35 36 42 48
SOL 6 7 8 10 14 16 20 21 24 28 30 35 36 42 45 48
SOL 6 7 8 10 15 16 18 20 21 24 28 30 36 42 48
SOL 6 7 8 11 12 14 15 16 22 24 33 35 42 48
SOL 6 7 8 11 12 14 15 16 22 28 30 33 40 48
SOL 6 7 8 11 12 14 15 18 22 24 33 35 36 42
SOL 6 7 8 11 12 14 15 18 22 28 30 33 36 40
SOL 6 7 8 11 12 14 15 20 22 24 28 33 36 45
SOL 6 7 8 11 12 14 15 20 22 24 30 33 35 42
SOL 6 7 8 11 12 14 15 20 22 33 35 36 40 42 45
SOL 6 7 8 11 12 14 15 21 22 24 28 33 35 42
SOL 6 7 8 11 12 14 15 22 24 30 33 35 36 42 45
SOL 6 7 8 11 12 14 16 18 22 24 28 33 36 48
SOL 6 7 8 11 12 14 16 18 22 33 35 36 40 42 48
SOL 6 7 8 11 12 14 16 20 22 24 28 30 33 48
SOL 6 7 8 11 12 14 16 20 22 28 33 36 40 45 48
SOL 6 7 8 11 12 14 16 20 22 30 33 35 40 42 48
SOL 6 7 8 11 12 14 16 21 22 28 33 35 40 42 48
SOL 6 7 8 11 12 14 16 22 24 28 30 33 36 45 48
SOL 6 7 8 11 12 14 16 22 30 33 35 36 40 42 45 48
SOL 6 7 8 11 12 14 18 20 22 24 28 30 33 36
SOL 6 7 8 11 12 14 18 20 22 30 33 35 36 40 42
SOL 6 7 8 11 12 14 18 21 22 28 33 35 36 40 42
SOL 6 7 8 11 12 14 20 21 22 28 30 33 35 40 42
SOL 6 7 8 11 12 14 21 22 28 30 33 35 36 40 42 45
SOL 6 7 8 11 12 15 16 18 22 30 33 36 40 42 48
SOL 6 7 8 11 12 15 16 20 22 24 33 36 42 45 48
SOL 6 7 8 11 12 15 16 21 22 28 30 33 40 42 48
SOL 6 7 8 11 12 15 18 21 22 28 30 33 36 40 42
SOL 6 7 8 11 12 15 20 21 22 24 28 33 36 42 45
SOL 6 7 8 11 12 16 18 20 22 24 30 33 36 42 48
SOL 6 7 8 11 12 16 18 21 22 24 28 33 36 42 48
SOL 6 7 8 11 12 16 20 21 22 24 28 30 33 42 48
SOL 6 7 8 11 12 16 20 21 22 28 33 36 40 42 45 48
SOL 6 7 8 11 12 16 21 22 24 28 30 33 36 42 45 48
SOL 6 7 8 11 12 18 20 21 22 24 28 30 33 36 42
SOL 6 7 8 11 14 15 16 18 22 24 33 35 36 42 48
SOL 6 7 8 11 14 15 16 18 22 28 30 33 36 40 48
SOL 6 7 8 11 14 15 16 20 22 24 28 33 36 45 48
SOL 6 7 8 11 14 15 16 20 22 24 30 33 35 42 48
SOL 6 7 8 11 14 15 16 20 22 33 35 36 40 42 45 48
SOL 6 7 8 11 14 15 16 21 22 24 28 33 35 42 48
SOL 6 7 8 11 14 15 16 22 24 30 33 35 36 42 45 48
SOL 6 7 8 11 14 15 18 20 22 24 30 33 35 36 42
SOL 6 7 8 11 14 15 18 21 22 24 28 33 35 36 42
SOL 6 7 8 11 14 15 20 21 22 24 28 30 33 35 42
SOL 6 7 8 11 14 15 20 21 22 28 33 35 36 40 42 45
SOL 6 7 8 11 14 15 21 22 24 28 30 33 35 36 42 45
SOL 6 7 8 11 14 16 18 20 22 24 28 30 33 36 48
SOL 6 7 8 11 14 16 18 20 22 30 33 35 36 40 42 48
SOL 6 7 8 11 14 16 18 21 22 28 33 35 36 40 42 48
SOL 6 7 8 11 14 16 20 21 22 28 30 33 35 40 42 48
SOL 6 7 8 11 14 16 21 22 28 30 33 35 36 40 42 45 48
SOL 6 7 8 11 14 18 20 21 22 28 30 33 35 36 40 42
SOL 6 7 8 11 15 16 18 21 22 28 30 33 36 40 42 48
SOL 6 7 8 11 15 16 20 21 22 24 28 33 36 42 45 48
SOL 6 7 8 11 16 18 20 21 22 24 28 30 33 36 42 48
SOL 6 7 8 12 14 15 16 18 20 24 30 35 36 42 48
SOL 6 7 8 12 14 15 16 18 21 24 28 35 36 42 48
SOL 6 7 8 12 14 15 16 20 21 24 28 30 35 42 48
SOL 6 7 8 12 14 15 16 20 21 28 35 36 40 42 45 48
SOL 6 7 8 12 14 15 16 21 24 28 30 35 36 42 45 48
SOL 6 7 8 12 14 15 18 20 21 24 28 30 35 36 42
SOL 6 7 8 12 14 16 18 20 21 28 30 35 36 40 42 48
SOL 6 7 8 14 15 16 18 20 21 24 28 30 35 36 42 48
SOL 6 7 9 10 11 12 14 15 18 22 28 33
SOL 6 7 9 10 11 12 14 15 22 28 30 33 45
SOL 6 7 9 10 11 12 14 16 22 33 35 42 45 48
SOL 6 7 9 10 11 12 14 18 20 22 33 35 42
SOL 6 7 9 10 11 12 14 18 22 24 28 33 40
SOL 6 7 9 10 11 12 14 18 22 33 35 36 42 45
SOL 6 7 9 10 11 12 14 20 22 30 33 35 42 45
SOL 6 7 9 10 11 12 14 21 22 28 33 35 42 45
SOL 6 7 9 10 11 12 14 22 24 28 30 33 40 45
SOL 6 7 9 10 11 12 15 16 18 22 33 42 48
SOL 6 7 9 10 11 12 15 16 22 30 33 42 45 48
SOL 6 7 9 10 11 12 15 18 20 22 30 33 42
SOL 6 7 9 10 11 12 15 18 21 22 28 33 42
SOL 6 7 9 10 11 12 15 18 22 30 33 36 42 45
SOL 6 7 9 10 11 12 15 20 22 24 33 40 42 45
SOL 6 7 9 10 11 12 15 21 22 28 30 33 42 45
SOL 6 7 9 10 11 12 16 18 22 24 33 40 42 48
SOL 6 7 9 10 11 12 16 22 24 30 33 40 42 45 48
SOL 6 7 9 10 11 12 18 20 22 24 30 33 40 42
SOL 6 7 9 10 11 12 18 21 22 24 28 33 40 42
SOL 6 7 9 10 11 12 18 22 24 30 33 36 40 42 45
SOL 6 7 9 10 11 12 21 22 24 28 30 33 40 42 45
SOL 6 7 9 10 11 14 15 16 18 22 28 33 48
SOL 6 7 9 10 11 14 15 16 22 28 30 33 45 48
SOL 6 7 9 10 11 14 15 18 20 22 28 30 33
SOL 6 7 9 10 11 14 15 18 22 24 33 35 40 42
SOL 6 7 9 10 11 14 15 18 22 28 30 33 36 45
SOL 6 7 9 10 11 14 15 20 22 24 28 33 40 45
SOL 6 7 9 10 11 14 15 22 24 30 33 35 40 42 45
SOL 6 7 9 10 11 14 16 18 20 22 33 35 42 48
SOL 6 7 9 10 11 14 16 18 22 24 28 33 40 48
SOL 6 7 9 10 11 14 16 18 22 33 35 36 42 45 48
SOL 6 7 9 10 11 14 16 20 22 30 33 35 42 45 48
SOL 6 7 9 10 11 14 16 21 22 28 33 35 42 45 48
SOL 6 7 9 10 11 14 16 22 24 28 30 33 40 45 48
SOL 6 7 9 10 11 14 18 20 21 22 28 33 35 42
SOL 6 7 9 10 11 14 18 20 22 24 28 30 33 40
SOL 6 7 9 10 11 14 18 20 22 30 33 35 36 42 45
SOL 6 7 9 10 11 14 18 21 22 28 33 35 36 42 45
SOL 6 7 9 10 11 14 18 22 24 28 30 33 36 40 45
SOL 6 7 9 10 11 14 20 21 22 28 30 33 35 42 45
SOL 6 7 9 10 11 15 16 18 20 22 30 33 42 48
SOL 6 7 9 10 11 15 16 18 21 22 28 33 42 48
SOL 6 7 9 10 11 15 16 18 22 30 33 36 42 45 48
SOL 6 7 9 10 11 15 16 20 22 24 33 40 42 45 48
SOL 6 7 9 10 11 15 16 21 22 28 30 33 42 45 48
SOL 6 7 9 10 11 15 18 20 21 22 28 30 33 42
SOL 6 7 9 10 11 15 18 20 22 24 33 36 40 42 45
SOL 6 7 9 10 11 15 18 21 22 28 30 33 36 42 45
SOL 6 7 9 10 11 15 20 21 22 24 28 33 40 42 45
SOL 6 7 9 10 11 16 18 20 22 24 30 33 40 42 48
SOL 6 7 9 10 11 16 18 21 22 24 28 33 40 42 48
SOL 6 7 9 10 11 16 18 22 24 30 33 36 40 42 45 48
SOL 6 7 9 10 11 16 21 22 24 28 30 33 40 42 45 48
SOL 6 7 9 10 11 18 20 21 22 24 28 30 33 40 42
SOL 6 7 9 10 11 18 21 22 24 28 30 33 36 40 42 45
SOL 6 7 9 10 12 14 15 16 18 20 28 30 48
SOL 6 7 9 10 12 14 15 16 18 24 35 40 42 48
SOL 6 7 9 10 12 14 15 16 18 28 30 36 45 48
SOL 6 7 9 10 12 14 15 16 20 24 28 40 45 48
SOL 6 7 9 10 12 14 15 16 24 30 35 40 42 45 48
SOL 6 7 9 10 12 14 15 18 20 24 28 36 40 45
SOL 6 7 9 10 12 14 15 18 20 24 30 35 40 42
SOL 6 7 9 10 12 14 15 18 21 24 28 35 40 42
SOL 6 7 9 10 12 14 15 18 24 30 35 36 40 42 45
SOL 6 7 9 10 12 14 15 21 24 28 30 35 40 42 45
SOL 6 7 9 10 12 14 16 18 20 21 28 35 42 48
SOL 6 7 9 10 12 14 16 18 20 24 28 30 40 48
SOL 6 7 9 10 12 14 16 18 20 30 35 36 42 45 48
SOL 6 7 9 10 12 14 16 18 21 28 35 36 42 45 48
SOL 6 7 9 10 12 14 16 18 24 28 30 36 40 45 48
SOL 6 7 9 10 12 14 16 20 21 28 30 35 42 45 48
SOL 6 7 9 10 12 14 18 20 21 28 30 35 36 42 45
SOL 6 7 9 10 12 15 16 18 20 21 28 30 42 48
SOL 6 7 9 10 12 15 16 18 20 24 36 40 42 45 48
SOL 6 7 9 10 12 15 16 18 21 28 30 36 42 45 48
SOL 6 7 9 10 12 15 16 20 21 24 28 40 42 45 48
SOL 6 7 9 10 12 15 18 20 21 24 28 36 40 42 45
SOL 6 7 9 10 12 16 18 20 21 24 28 30 40 42 48
SOL 6 7 9 10 12 16 18 21 24 28 30 36 40 42 45 48
SOL 6 7 9 10 14 15 16 18 20 24 28 36 40 45 48
SOL 6 7 9 10 14 15 16 18 20 24 30 35 40 42 48
SOL 6 7 9 10 14 15 16 18 21 24 28 35 40 42 48
SOL 6 7 9 10 14 15 16 18 24 30 35 36 40 42 45 48
SOL 6 7 9 10 14 15 16 21 24 28 30 35 40 42 45 48
SOL 6 7 9 10 14 15 18 20 21 24 28 30 35 40 42
SOL 6 7 9 10 14 15 18 21 24 28 30 35 36 40 42 45
SOL 6 7 9 10 14 16 18 20 21 28 30 35 36 42 45 48
SOL 6 7 9 10 15 16 18 20 21 24 28 36 40 42 45 48
SOL 6 7 9 11 12 14 15 16 18 22 33 35 42 48
SOL 6 7 9 11 12 14 15 16 20 22 28 33 45 48
SOL 6 7 9 11 12 14 15 16 22 30 33 35 42 45 48
SOL 6 7 9 11 12 14 15 18 20 22 28 33 36 45
SOL 6 7 9 11 12 14 15 18 20 22 30 33 35 42
SOL 6 7 9 11 12 14 15 18 21 22 28 33 35 42
SOL 6 7 9 11 12 14 15 18 22 24 28 30 33 40
SOL 6 7 9 11 12 14 15 18 22 30 33 35 36 42 45
SOL 6 7 9 11 12 14 15 20 22 24 33 35 40 42 45
SOL 6 7 9 11 12 14 15 21 22 28 30 33 35 42 45
SOL 6 7 9 11 12 14 16 18 20 22 28 30 33 48
SOL 6 7 9 11 12 14 16 18 22 24 33 35 40 42 48
SOL 6 7 9 11 12 14 16 18 22 28 30 33 36 45 48
SOL 6 7 9 11 12 14 16 20 22 24 28 33 40 45 48
SOL 6 7 9 11 12 14 16 22 24 30 33 35 40 42 45 48
SOL 6 7 9 11 12 14 18 20 22 24 28 33 36 40 45
SOL 6 7 9 11 12 14 18 20 22 24 30 33 35 40 42
SOL 6 7 9 11 12 14 18 21 22 24 28 33 35 40 42
SOL 6 7 9 11 12 14 18 22 24 30 33 35 36 40 42 45
SOL 6 7 9 11 12 14 21 22 24 28 30 33 35 40 42 45
SOL 6 7 9 11 12 15 16 18 20 22 33 36 42 45 48
SOL 6 7 9 11 12 15 16 18 22 24 30 33 40 42 48
SOL 6 7 9 11 12 15 16 20 21 22 28 33 42 45 48
SOL 6 7 9 11 12 15 18 20 21 22 28 33 36 42 45
SOL 6 7 9 11 12 15 18 21 22 24 28 30 33 40 42
SOL 6 7 9 11 12 16 18 20 21 22 28 30 33 42 48
SOL 6 7 9 11 12 16 18 20 22 24 33 36 40 42 45 48
SOL 6 7 9 11 12 16 18 21 22 28 30 33 36 42 45 48
SOL 6 7 9 11 12 16 20 21 22 24 28 33 40 42 45 48
SOL 6 7 9 11 12 18 20 21 22 24 28 33 36 40 42 45
SOL 6 7 9 11 14 15 16 18 20 22 28 33 36 45 48
SOL 6 7 9 11 14 15 16 18 20 22 30 33 35 42 48
SOL 6 7 9 11 14 15 16 18 21 22 28 33 35 42 48
SOL 6 7 9 11 14 15 16 18 22 24 28 30 33 40 48
SOL 6 7 9 11 14 15 16 18 22 30 33 35 36 42 45 48
SOL 6 7 9 11 14 15 16 20 22 24 33 35 40 42 45 48
SOL 6 7 9 11 14 15 16 21 22 28 30 33 35 42 45 48
SOL 6 7 9 11 14 15 18 20 21 22 28 30 33 35 42
SOL 6 7 9 11 14 15 18 20 22 24 33 35 36 40 42 45
SOL 6 7 9 11 14 15 18 21 22 28 30 33 35 36 42 45
SOL 6 7 9 11 14 15 20 21 22 24 28 33 35 40 42 45
SOL 6 7 9 11 14 16 18 20 22 24 28 33 36 40 45 48
SOL 6 7 9 11 14 16 18 20 22 24 30 33 35 40 42 48
SOL 6 7 9 11 14 16 18 21 22 24 28 33 35 40 42 48
SOL 6 7 9 11 14 16 18 22 24 30 33 35 36 40 42 45 48
SOL 6 7 9 11 14 16 21 22 24 28 30 33 35 40 42 45 48
SOL 6 7 9 11 14 18 20 21 22 24 28 30 33 35 40 42
SOL 6 7 9 11 14 18 21 22 24 28 30 33 35 36 40 42 45
SOL 6 7 9 11 15 16 18 20 21 22 28 33 36 42 45 48
SOL 6 7 9 11 15 16 18 21 22 24 28 30 33 40 42 48
SOL 6 7 9 11 16 18 20 21 22 24 28 33 36 40 42 45 48
SOL 6 7 9 12 14 15 16 18 20 21 28 30 35 42 48
SOL 6 7 9 12 14 15 16 18 20 24 35 36 40 42 45 48
SOL 6 7 9 12 14 15 16 18 21 28 30 35 36 42 45 48
SOL 6 7 9 12 14 15 16 20 21 24 28 35 40 42 45 48
SOL 6 7 9 12 14 15 18 20 21 24 28 35 36 40 42 45
SOL 6 7 9 12 14 16 18 20 21 24 28 30 35 40 42 48
SOL 6 7 9 12 14 16 18 21 24 28 30 35 36 40 42 45 48
SOL 6 7 9 14 15 16 18 20 21 24 28 35 36 40 42 45 48
SOL 6 7 10 11 12 14 15 16 18 22 28 33 36 48
SOL 6 7 10 11 12 14 15 16 20 22 28 30 33 48
SOL 6 7 10 11 12 14 15 16 22 24 33 35 40 42 48
SOL 6 7 10 11 12 14 15 16 22 28 30 33 36 45 48
SOL 6 7 10 11 12 14 15 18 20 22 28 30 33 36
SOL 6 7 10 11 12 14 15 18 22 24 33 35 36 40 42
SOL 6 7 10 11 12 14 15 20 22 24 28 33 36 40 45
SOL 6 7 10 11 12 14 15 20 22 24 30 33 35 40 42
SOL 6 7 10 11 12 14 15 21 22 24 28 33 35 40 42
SOL 6 7 10 11 12 14 15 22 24 30 33 35 36 40 42 45
SOL 6 7 10 11 12 14 16 18 20 22 33 35 36 42 48
SOL 6 7 10 11 12 14 16 18 22 24 28 33 36 40 48
SOL 6 7 10 11 12 14 16 20 21 22 28 33 35 42 48
SOL 6 7 10 11 12 14 16 20 22 24 28 30 33 40 48
SOL 6 7 10 11 12 14 16 20 22 30 33 35 36 42 45 48
SOL 6 7 10 11 12 14 16 21 22 28 33 35 36 42 45 48
SOL 6 7 10 11 12 14 16 22 24 28 30 33 36 40 45 48
SOL 6 7 10 11 12 14 18 20 21 22 28 33 35 36 42
SOL 6 7 10 11 12 14 18 20 22 24 28 30 33 36 40
SOL 6 7 10 11 12 14 20 21 22 28 30 33 35 36 42 45
SOL 6 7 10 11 12 15 16 18 20 22 30 33 36 42 48
SOL 6 7 10 11 12 15 16 18 21 22 28 33 36 42 48
SOL 6 7 10 11 12 15 16 20 21 22 28 30 33 42 48
SOL 6 7 10 11 12 15 16 20 22 24 33 36 40 42 45 48
SOL 6 7 10 11 12 15 16 21 22 28 30 33 36 42 45 48
SOL 6 7 10 11 12 15 18 20 21 22 28 30 33 36 42
SOL 6 7 10 11 12 15 20 21 22 24 28 33 36 40 42 45
SOL 6 7 10 11 12 16 18 20 22 24 30 33 36 40 42 48
SOL 6 7 10 11 12 16 18 21 22 24 28 33 36 40 42 48
SOL 6 7 10 11 12 16 20 21 22 24 28 30 33 40 42 48
SOL 6 7 10 11 12 16 21 22 24 28 30 33 36 40 42 45 48
SOL 6 7 10 11 12 18 20 21 22 24 28 30 33 36 40 42
SOL 6 7 10 11 14 15 16 18 20 22 28 30 33 36 48
SOL 6 7 10 11 14 15 16 18 22 24 33 35 36 40 42 48
SOL 6 7 10 11 14 15 16 20 22 24 28 33 36 40 45 48
SOL 6 7 10 11 14 15 16 20 22 24 30 33 35 40 42 48
SOL 6 7 10 11 14 15 16 21 22 24 28 33 35 40 42 48
SOL 6 7 10 11 14 15 16 22 24 30 33 35 36 40 42 45 48
SOL 6 7 10 11 14 15 18 20 22 24 30 33 35 36 40 42
SOL 6 7 10 11 14 15 18 21 22 24 28 33 35 36 40 42
SOL 6 7 10 11 14 15 20 21 22 24 28 30 33 35 40 42
SOL 6 7 10 11 14 15 21 22 24 28 30 33 35 36 40 42 45
SOL 6 7 10 11 14 16 18 20 21 22 28 33 35 36 42 48
SOL 6 7 10 11 14 16 18 20 22 24 28 30 33 36 40 48
SOL 6 7 10 11 14 16 20 21 22 28 30 33 35 36 42 45 48
SOL 6 7 10 11 15 16 18 20 21 22 28 30 33 36 42 48
SOL 6 7 10 11 15 16 20 21 22 24 28 33 36 40 42 45 48
SOL 6 7 10 11 16 18 20 21 22 24 28 30 33 36 40 42 48
SOL 6 7 10 12 14 15 16 18 20 24 30 35 36 40 42 48
SOL 6 7 10 12 14 15 16 18 21 24 28 35 36 40 42 48
SOL 6 7 10 12 14 15 16 20 21 24 28 30 35 40 42 48
SOL 6 7 10 12 14 15 16 21 24 28 30 35 36 40 42 45 48
SOL 6 7 10 12 14 15 18 20 21 24 28 30 35 36 40 42
SOL 6 7 10 14 15 16 18 20 21 24 28 30 35 36 40 42 48
SOL 6 7 11 12 14 15 16 18 20 22 30 33 35 36 42 48
SOL 6 7 11 12 14 15 16 18 21 22 28 33 35 36 42 48
SOL 6 7 11 12 14 15 16 18 22 24 28 30 33 36 40 48
SOL 6 7 11 12 14 15 16 20 21 22 28 30 33 35 42 48
SOL 6 7 11 12 14 15 16 20 22 24 33 35 36 40 42 45 48
SOL 6 7 11 12 14 15 16 21 22 28 30 33 35 36 42 45 48
SOL 6 7 11 12 14 15 18 20 21 22 28 30 33 35 36 42
SOL 6 7 11 12 14 15 20 21 22 24 28 33 35 36 40 42 45
SOL 6 7 11 12 14 16 18 20 22 24 30 33 35 36 40 42 48
SOL 6 7 11 12 14 16 18 21 22 24 28 33 35 36 40 42 48
SOL 6 7 11 12 14 16 20 21 22 24 28 30 33 35 40 42 48
SOL 6 7 11 12 14 16 21 22 24 28 30 33 35 36 40 42 45 48
SOL 6 7 11 12 14 18 20 21 22 24 28 30 33 35 36 40 42
SOL 6 7 11 12 15 16 18 21 22 24 28 30 33 36 40 42 48
SOL 6 7 11 14 15 16 18 20 21 22 28 30 33 35 36 42 48
SOL 6 7 11 14 15 16 20 21 22 24 28 33 35 36 40 42 45 48
SOL 6 7 11 14 16 18 20 21 22 24 28 30 33 35 36 40 42 48
SOL 6 8 9 10 11 12 14 15 18 22 33 35 40
SOL 6 8 9 10 11 12 14 15 22 30 33 35 40 45
SOL 6 8 9 10 11 12 14 16 22 24 33 35 45 48
SOL 6 8 9 10 11 12 14 18 20 22 24 33 35
SOL 6 8 9 10 11 12 14 18 22 24 33 35 36 45
SOL 6 8 9 10 11 12 14 20 22 24 30 33 35 45
SOL 6 8 9 10 11 12 14 21 22 24 28 33 35 45
SOL 6 8 9 10 11 12 15 16 18 22 24 33 48
SOL 6 8 9 10 11 12 15 16 20 22 33 40 45 48
SOL 6 8 9 10 11 12 15 16 22 24 30 33 45 48
SOL 6 8 9 10 11 12 15 18 20 22 24 30 33
SOL 6 8 9 10 11 12 15 18 20 22 33 36 40 45
SOL 6 8 9 10 11 12 15 18 21 22 24 28 33
SOL 6 8 9 10 11 12 15 18 21 22 33 35 40 42
SOL 6 8 9 10 11 12 15 18 22 24 30 33 36 45
SOL 6 8 9 10 11 12 15 20 21 22 28 33 40 45
SOL 6 8 9 10 11 12 15 21 22 24 28 30 33 45
SOL 6 8 9 10 11 12 15 21 22 30 33 35 40 42 45
SOL 6 8 9 10 11 12 16 18 20 22 30 33 40 48
SOL 6 8 9 10 11 12 16 18 21 22 28 33 40 48
SOL 6 8 9 10 11 12 16 18 22 30 33 36 40 45 48
SOL 6 8 9 10 11 12 16 21 22 24 33 35 42 45 48
SOL 6 8 9 10 11 12 16 21 22 28 30 33 40 45 48
SOL 6 8 9 10 11 12 18 20 21 22 24 33 35 42
SOL 6 8 9 10 11 12 18 20 21 22 28 30 33 40
SOL 6 8 9 10 11 12 18 21 22 24 33 35 36 42 45
SOL 6 8 9 10 11 12 18 21 22 28 30 33 36 40 45
SOL 6 8 9 10 11 12 20 21 22 24 30 33 35 42 45
SOL 6 8 9 10 11 14 15 16 18 22 33 35 40 48
SOL 6 8 9 10 11 14 15 16 22 30 33 35 40 45 48
SOL 6 8 9 10 11 14 15 18 20 22 30 33 35 40
SOL 6 8 9 10 11 14 15 18 21 22 28 33 35 40
SOL 6 8 9 10 11 14 15 18 22 30 33 35 36 40 45
SOL 6 8 9 10 11 14 15 21 22 28 30 33 35 40 45
SOL 6 8 9 10 11 14 16 18 20 22 24 33 35 48
SOL 6 8 9 10 11 14 16 18 22 24 33 35 36 45 48
SOL 6 8 9 10 11 14 16 20 22 24 30 33 35 45 48
SOL 6 8 9 10 11 14 16 21 22 24 28 33 35 45 48
SOL 6 8 9 10 11 14 18 20 21 22 24 28 33 35
SOL 6 8 9 10 11 14 18 20 22 24 30 33 35 36 45
SOL 6 8 9 10 11 14 18 21 22 24 28 33 35 36 45
SOL 6 8 9 10 11 14 20 21 22 24 28 30 33 35 45
SOL 6 8 9 10 11 15 16 18 20 22 24 30 33 48
SOL 6 8 9 10 11 15 16 18 20 22 33 36 40 45 48
SOL 6 8 9 10 11 15 16 18 21 22 24 28 33 48
SOL 6 8 9 10 11 15 16 18 21 22 33 35 40 42 48
SOL 6 8 9 10 11 15 16 18 22 24 30 33 36 45 48
SOL 6 8 9 10 11 15 16 20 21 22 28 33 40 45 48
SOL 6 8 9 10 11 15 16 21 22 24 28 30 33 45 48
SOL 6 8 9 10 11 15 16 21 22 30 33 35 40 42 45 48
SOL 6 8 9 10 11 15 18 20 21 22 24 28 30 33
SOL 6 8 9 10 11 15 18 20 21 22 28 33 36 40 45
SOL 6 8 9 10 11 15 18 20 21 22 30 33 35 40 42
SOL 6 8 9 10 11 15 18 21 22 24 28 30 33 36 45
SOL 6 8 9 10 11 15 18 21 22 30 33 35 36 40 42 45
SOL 6 8 9 10 11 16 18 20 21 22 24 33 35 42 48
SOL 6 8 9 10 11 16 18 20 21 22 28 30 33 40 48
SOL 6 8 9 10 11 16 18 21 22 24 33 35 36 42 45 48
SOL 6 8 9 10 11 16 18 21 22 28 30 33 36 40 45 48
SOL 6 8 9 10 11 16 20 21 22 24 30 33 35 42 45 48
SOL 6 8 9 10 11 18 20 21 22 24 30 33 35 36 42 45
SOL 6 8 9 10 12 14 15 16 18 20 30 35 40 48
SOL 6 8 9 10 12 14 15 16 18 21 28 35 40 48
SOL 6 8 9 10 12 14 15 16 18 30 35 36 40 45 48
SOL 6 8 9 10 12 14 15 16 21 28 30 35 40 45 48
SOL 6 8 9 10 12 14 15 18 20 21 28 30 35 40
SOL 6 8 9 10 12 14 15 18 21 28 30 35 36 40 45
SOL 6 8 9 10 12 14 16 18 20 21 24 28 35 48
SOL 6 8 9 10 12 14 16 18 20 24 30 35 36 45 48
SOL 6 8 9 10 12 14 16 18 21 24 28 35 36 45 48
SOL 6 8 9 10 12 14 16 20 21 24 28 30 35 45 48
SOL 6 8 9 10 12 14 18 20 21 24 28 30 35 36 45
SOL 6 8 9 10 12 15 16 18 20 21 24 28 30 48
SOL 6 8 9 10 12 15 16 18 20 21 28 36 40 45 48
SOL 6 8 9 10 12 15 16 18 20 21 30 35 40 42 48
SOL 6 8 9 10 12 15 16 18 21 24 28 30 36 45 48
SOL 6 8 9 10 12 15 16 18 21 30 35 36 40 42 45 48
SOL 6 8 9 10 12 16 18 20 21 24 30 35 36 42 45 48
SOL 6 8 9 10 14 15 16 18 20 21 28 30 35 40 48
SOL 6 8 9 10 14 15 16 18 21 28 30 35 36 40 45 48
SOL 6 8 9 10 14 16 18 20 21 24 28 30 35 36 45 48
SOL 6 8 9 11 12 14 15 16 18 22 24 33 35 48
SOL 6 8 9 11 12 14 15 16 20 22 33 35 40 45 48
SOL 6 8 9 11 12 14 15 16 22 24 30 33 35 45 48
SOL 6 8 9 11 12 14 15 18 20 22 24 30 33 35
SOL 6 8 9 11 12 14 15 18 20 22 33 35 36 40 45
SOL 6 8 9 11 12 14 15 18 21 22 24 28 33 35
SOL 6 8 9 11 12 14 15 18 22 24 30 33 35 36 45
SOL 6 8 9 11 12 14 15 20 21 22 28 33 35 40 45
SOL 6 8 9 11 12 14 15 21 22 24 28 30 33 35 45
SOL 6 8 9 11 12 14 16 18 20 22 30 33 35 40 48
SOL 6 8 9 11 12 14 16 18 21 22 28 33 35 40 48
SOL 6 8 9 11 12 14 16 18 22 30 33 35 36 40 45 48
SOL 6 8 9 11 12 14 16 21 22 28 30 33 35 40 45 48
SOL 6 8 9 11 12 14 18 20 21 22 28 30 33 35 40
SOL 6 8 9 11 12 14 18 21 22 28 30 33 35 36 40 45
SOL 6 8 9 11 12 15 16 18 20 22 24 33 36 45 48
SOL 6 8 9 11 12 15 16 18 21 22 24 33 35 42 48
SOL 6 8 9 11 12 15 16 18 21 22 28 30 33 40 48
SOL 6 8 9 11 12 15 16 20 21 22 24 28 33 45 48
SOL 6 8 9 11 12 15 16 20 21 22 33 35 40 42 45 48
SOL 6 8 9 11 12 15 16 21 22 24 30 33 35 42 45 48
SOL 6 8 9 11 12 15 18 20 21 22 24 28 33 36 45
SOL 6 8 9 11 12 15 18 20 21 22 24 30 33 35 42
SOL 6 8 9 11 12 15 18 20 21 22 33 35 36 40 42 45
SOL 6 8 9 11 12 15 18 21 22 24 30 33 35 36 42 45
SOL 6 8 9 11 12 16 18 20 21 22 24 28 30 33 48
SOL 6 8 9 11 12 16 18 20 21 22 28 33 36 40 45 48
SOL 6 8 9 11 12 16 18 20 21 22 30 33 35 40 42 48
SOL 6 8 9 11 12 16 18 21 22 24 28 30 33 36 45 48
SOL 6 8 9 11 12 16 18 21 22 30 33 35 36 40 42 45 48
SOL 6 8 9 11 14 15 16 18 20 22 24 30 33 35 48
SOL 6 8 9 11 14 15 16 18 20 22 33 35 36 40 45 48
SOL 6 8 9 11 14 15 16 18 21 22 24 28 33 35 48
SOL 6 8 9 11 14 15 16 18 22 24 30 33 35 36 45 48
SOL 6 8 9 11 14 15 16 20 21 22 28 33 35 40 45 48
SOL 6 8 9 11 14 15 16 21 22 24 28 30 33 35 45 48
SOL 6 8 9 11 14 15 18 20 21 22 24 28 30 33 35
SOL 6 8 9 11 14 15 18 20 21 22 28 33 35 36 40 45
SOL 6 8 9 11 14 15 18 21 22 24 28 30 33 35 36 45
SOL 6 8 9 11 14 16 18 20 21 22 28 30 33 35 40 48
SOL 6 8 9 11 14 16 18 21 22 28 30 33 35 36 40 45 48
SOL 6 8 9 11 15 16 18 20 21 22 24 28 33 36 45 48
SOL 6 8 9 11 15 16 18 20 21 22 24 30 33 35 42 48
SOL 6 8 9 11 15 16 18 20 21 22 33 35 36 40 42 45 48
SOL 6 8 9 11 15 16 18 21 22 24 30 33 35 36 42 45 48
SOL 6 8 9 12 14 15 16 18 20 21 24 28 30 35 48
SOL 6 8 9 12 14 15 16 18 20 21 28 35 36 40 45 48
SOL 6 8 9 12 14 15 16 18 21 24 28 30 35 36 45 48
SOL 6 8 10 11 12 14 15 16 18 22 33 35 36 40 48
SOL 6 8 10 11 12 14 15 16 20 22 30 33 35 40 48
SOL 6 8 10 11 12 14 15 16 21 22 28 33 35 40 48
SOL 6 8 10 11 12 14 15 16 22 30 33 35 36 40 45 48
SOL 6 8 10 11 12 14 15 18 20 22 30 33 35 36 40
SOL 6 8 10 11 12 14 15 18 21 22 28 33 35 36 40
SOL 6 8 10 11 12 14 15 20 21 22 28 30 33 35 40
SOL 6 8 10 11 12 14 15 21 22 28 30 33 35 36 40 45
SOL 6 8 10 11 12 14 16 18 20 22 24 33 35 36 48
SOL 6 8 10 11 12 14 16 20 21 22 24 28 33 35 48
SOL 6 8 10 11 12 14 16 20 22 24 30 33 35 36 45 48
SOL 6 8 10 11 12 14 16 21 22 24 28 33 35 36 45 48
SOL 6 8 10 11 12 14 18 20 21 22 24 28 33 35 36
SOL 6 8 10 11 12 14 20 21 22 24 28 30 33 35 36 45
SOL 6 8 10 11 12 15 16 18 20 22 24 30 33 36 48
SOL 6 8 10 11 12 15 16 18 21 22 24 28 33 36 48
SOL 6 8 10 11 12 15 16 18 21 22 33 35 36 40 42 48
SOL 6 8 10 11 12 15 16 20 21 22 24 28 30 33 48
SOL 6 8 10 11 12 15 16 20 21 22 28 33 36 40 45 48
SOL 6 8 10 11 12 15 16 20 21 22 30 33 35 40 42 48
SOL 6 8 10 11 12 15 16 21 22 24 28 30 33 36 45 48
SOL 6 8 10 11 12 15 16 21 22 30 33 35 36 40 42 45 48
SOL 6 8 10 11 12 15 18 20 21 22 24 28 30 33 36
SOL 6 8 10 11 12 15 18 20 21 22 30 33 35 36 40 42
SOL 6 8 10 11 12 16 18 20 21 22 24 33 35 36 42 48
SOL 6 8 10 11 12 16 18 20 21 22 28 30 33 36 40 48
SOL 6 8 10 11 12 16 20 21 22 24 30 33 35 36 42 45 48
SOL 6 8 10 11 14 15 16 18 20 22 30 33 35 36 40 48
SOL 6 8 10 11 14 15 16 18 21 22 28 33 35 36 40 48
SOL 6 8 10 11 14 15 16 20 21 22 28 30 33 35 40 48
SOL 6 8 10 11 14 15 16 21 22 28 30 33 35 36 40 45 48
SOL 6 8 10 11 14 15 18 20 21 22 28 30 33 35 36 40
SOL 6 8 10 11 14 16 18 20 21 22 24 28 33 35 36 48
SOL 6 8 10 11 14 16 20 21 22 24 28 30 33 35 36 45 48
SOL 6 8 10 11 15 16 18 20 21 22 24 28 30 33 36 48
SOL 6 8 10 11 15 16 18 20 21 22 30 33 35 36 40 42 48
SOL 6 8 10 12 14 15 16 18 20 21 28 30 35 36 40 48
SOL 6 8 11 12 14 15 16 18 20 22 24 30 33 35 36 48
SOL 6 8 11 12 14 15 16 18 21 22 24 28 33 35 36 48
SOL 6 8 11 12 14 15 16 20 21 22 24 28 30 33 35 48
SOL 6 8 11 12 14 15 16 20 21 22 28 33 35 36 40 45 48
SOL 6 8 11 12 14 15 16 21 22 24 28 30 33 35 36 45 48
SOL 6 8 11 12 14 15 18 20 21 22 24 28 30 33 35 36
SOL 6 8 11 12 14 16 18 20 21 22 28 30 33 35 36 40 48
SOL 6 8 11 12 15 16 18 20 21 22 24 30 33 35 36 42 48
SOL 6 8 11 14 15 16 18 20 21 22 24 28 30 33 35 36 48
SOL 6 9 10 11 12 14 15 16 18 22 24 33 35 40 48
SOL 6 9 10 11 12 14 15 16 22 24 30 33 35 40 45 48
SOL 6 9 10 11 12 14 15 18 20 22 24 30 33 35 40
SOL 6 9 10 11 12 14 15 18 21 22 24 28 33 35 40
SOL 6 9 10 11 12 14 15 18 22 24 30 33 35 36 40 45
SOL 6 9 10 11 12 14 15 21 22 24 28 30 33 35 40 45
SOL 6 9 10 11 12 14 16 18 20 21 22 28 33 35 48
SOL 6 9 10 11 12 14 16 18 20 22 30 33 35 36 45 48
SOL 6 9 10 11 12 14 16 18 21 22 28 33 35 36 45 48
SOL 6 9 10 11 12 14 16 20 21 22 28 30 33 35 45 48
SOL 6 9 10 11 12 14 18 20 21 22 28 30 33 35 36 45
SOL 6 9 10 11 12 15 16 18 20 21 22 28 30 33 48
SOL 6 9 10 11 12 15 16 18 20 22 24 33 36 40 45 48
SOL 6 9 10 11 12 15 16 18 21 22 24 33 35 40 42 48
SOL 6 9 10 11 12 15 16 18 21 22 28 30 33 36 45 48
SOL 6 9 10 11 12 15 16 20 21 22 24 28 33 40 45 48
SOL 6 9 10 11 12 15 16 21 22 24 30 33 35 40 42 45 48
SOL 6 9 10 11 12 15 18 20 21 22 24 28 33 36 40 45
SOL 6 9 10 11 12 15 18 20 21 22 24 30 33 35 40 42
SOL 6 9 10 11 12 15 18 21 22 24 30 33 35 36 40 42 45
SOL 6 9 10 11 12 16 18 20 21 22 24 28 30 33 40 48
SOL 6 9 10 11 12 16 18 20 21 22 30 33 35 36 42 45 48
SOL 6 9 10 11 12 16 18 21 22 24 28 30 33 36 40 45 48
SOL 6 9 10 11 14 15 16 18 20 22 24 30 33 35 40 48
SOL 6 9 10 11 14 15 16 18 21 22 24 28 33 35 40 48
SOL 6 9 10 11 14 15 16 18 22 24 30 33 35 36 40 45 48
SOL 6 9 10 11 14 15 16 21 22 24 28 30 33 35 40 45 48
SOL 6 9 10 11 14 15 18 20 21 22 24 28 30 33 35 40
SOL 6 9 10 11 14 15 18 21 22 24 28 30 33 35 36 40 45
SOL 6 9 10 11 14 16 18 20 21 22 28 30 33 35 36 45 48
SOL 6 9 10 11 15 16 18 20 21 22 24 28 33 36 40 45 48
SOL 6 9 10 11 15 16 18 20 21 22 24 30 33 35 40 42 48
SOL 6 9 10 11 15 16 18 21 22 24 30 33 35 36 40 42 45 48
SOL 6 9 10 12 14 15 16 18 20 21 24 28 30 35 40 48
SOL 6 9 10 12 14 15 16 18 21 24 28 30 35 36 40 45 48
SOL 6 9 11 12 14 15 16 18 20 21 22 28 30 33 35 48
SOL 6 9 11 12 14 15 16 18 20 22 24 33 35 36 40 45 48
SOL 6 9 11 12 14 15 16 18 21 22 28 30 33 35 36 45 48
SOL 6 9 11 12 14 15 16 20 21 22 24 28 33 35 40 45 48
SOL 6 9 11 12 14 15 18 20 21 22 24 28 33 35 36 40 45
SOL 6 9 11 12 14 16 18 20 21 22 24 28 30 33 35 40 48
SOL 6 9 11 12 14 16 18 21 22 24 28 30 33 35 36 40 45 48
SOL 6 9 11 12 15 16 18 20 21 22 24 33 35 36 40 42 45 48
SOL 6 9 11 14 15 16 18 20 21 22 24 28 33 35 36 40 45 48
SOL 6 10 11 12 14 15 16 18 20 22 24 30 33 35 36 40 48
SOL 6 10 11 12 14 15 16 18 21 22 24 28 33 35 36 40 48
SOL 6 10 11 12 14 15 16 20 21 22 24 28 30 33 35 40 48
SOL 6 10 11 12 14 15 16 21 22 24 28 30 33 35 36 40 45 48
SOL 6 10 11 12 14 15 18 20 21 22 24 28 30 33 35 36 40
SOL 6 10 11 12 15 16 18 20 21 22 24 30 33 35 36 40 42 48
SOL 6 10 11 14 15 16 18 20 21 22 24 28 30 33 35 36 40 48
SOL 7 8 9 10 11 12 14 15 18 22 24 28 33
SOL 7 8 9 10 11 12 14 15 18 22 33 35 40 42
SOL 7 8 9 10 11 12 14 15 20 22 28 33 40 45
SOL 7 8 9 10 11 12 14 15 22 24 28 30 33 45
SOL 7 8 9 10 11 12 14 15 22 30 33 35 40 42 45
SOL 7 8 9 10 11 12 14 16 18 22 28 33 40 48
SOL 7 8 9 10 11 12 14 16 22 24 33 35 42 45 48
SOL 7 8 9 10 11 12 14 16 22 28 30 33 40 45 48
SOL 7 8 9 10 11 12 14 18 20 22 24 33 35 42
SOL 7 8 9 10 11 12 14 18 20 22 28 30 33 40
SOL 7 8 9 10 11 12 14 18 22 24 33 35 36 42 45
SOL 7 8 9 10 11 12 14 18 22 28 30 33 36 40 45
SOL 7 8 9 10 11 12 14 20 22 24 30 33 35 42 45
SOL 7 8 9 10 11 12 14 21 22 24 28 33 35 42 45
SOL 7 8 9 10 11 12 15 16 18 22 24 33 42 48
SOL 7 8 9 10 11 12 15 16 20 22 33 40 42 45 48
SOL 7 8 9 10 11 12 15 16 22 24 30 33 42 45 48
SOL 7 8 9 10 11 12 15 18 20 22 24 30 33 42
SOL 7 8 9 10 11 12 15 18 20 22 33 36 40 42 45
SOL 7 8 9 10 11 12 15 18 21 22 24 28 33 42
SOL 7 8 9 10 11 12 15 18 22 24 30 33 36 42 45
SOL 7 8 9 10 11 12 15 20 21 22 28 33 40 42 45
SOL 7 8 9 10 11 12 15 21 22 24 28 30 33 42 45
SOL 7 8 9 10 11 12 16 18 20 22 30 33 40 42 48
SOL 7 8 9 10 11 12 16 18 21 22 28 33 40 42 48
SOL 7 8 9 10 11 12 16 18 22 30 33 36 40 42 45 48
SOL 7 8 9 10 11 12 16 21 22 28 30 33 40 42 45 48
SOL 7 8 9 10 11 12 18 20 21 22 28 30 33 40 42
SOL 7 8 9 10 11 12 18 21 22 28 30 33 36 40 42 45
SOL 7 8 9 10 11 14 15 16 18 22 24 28 33 48
SOL 7 8 9 10 11 14 15 16 18 22 33 35 40 42 48
SOL 7 8 9 10 11 14 15 16 20 22 28 33 40 45 48
SOL 7 8 9 10 11 14 15 16 22 24 28 30 33 45 48
SOL 7 8 9 10 11 14 15 16 22 30 33 35 40 42 45 48
SOL 7 8 9 10 11 14 15 18 20 22 24 28 30 33
SOL 7 8 9 10 11 14 15 18 20 22 28 33 36 40 45
SOL 7 8 9 10 11 14 15 18 20 22 30 33 35 40 42
SOL 7 8 9 10 11 14 15 18 21 22 28 33 35 40 42
SOL 7 8 9 10 11 14 15 18 22 24 28 30 33 36 45
SOL 7 8 9 10 11 14 15 18 22 30 33 35 36 40 42 45
SOL 7 8 9 10 11 14 15 21 22 28 30 33 35 40 42 45
SOL 7 8 9 10 11 14 16 18 20 22 24 33 35 42 48
SOL 7 8 9 10 11 14 16 18 20 22 28 30 33 40 48
SOL 7 8 9 10 11 14 16 18 22 24 33 35 36 42 45 48
SOL 7 8 9 10 11 14 16 18 22 28 30 33 36 40 45 48
SOL 7 8 9 10 11 14 16 20 22 24 30 33 35 42 45 48
SOL 7 8 9 10 11 14 16 21 22 24 28 33 35 42 45 48
SOL 7 8 9 10 11 14 18 20 21 22 24 28 33 35 42
SOL 7 8 9 10 11 14 18 20 22 24 30 33 35 36 42 45
SOL 7 8 9 10 11 14 18 21 22 24 28 33 35 36 42 45
SOL 7 8 9 10 11 14 20 21 22 24 28 30 33 35 42 45
SOL 7 8 9 10 11 15 16 18 20 22 24 30 33 42 48
SOL 7 8 9 10 11 15 16 18 20 22 33 36 40 42 45 48
SOL 7 8 9 10 11 15 16 18 21 22 24 28 33 42 48
SOL 7 8 9 10 11 15 16 18 22 24 30 33 36 42 45 48
SOL 7 8 9 10 11 15 16 20 21 22 28 33 40 42 45 48
SOL 7 8 9 10 11 15 16 21 22 24 28 30 33 42 45 48
SOL 7 8 9 10 11 15 18 20 21 22 24 28 30 33 42
SOL 7 8 9 10 11 15 18 20 21 22 28 33 36 40 42 45
SOL 7 8 9 10 11 15 18 21 22 24 28 30 33 36 42 45
SOL 7 8 9 10 11 16 18 20 21 22 28 30 33 40 42 48
SOL 7 8 9 10 11 16 18 21 22 28 30 33 36 40 42 45 48
SOL 7 8 9 10 12 14 15 16 18 20 24 28 30 48
SOL 7 8 9 10 12 14 15 16 18 20 28 36 40 45 48
SOL 7 8 9 10 12 14 15 16 18 20 30 35 40 42 48
SOL 7 8 9 10 12 14 15 16 18 21 28 35 40 42 48
SOL 7 8 9 10 12 14 15 16 18 24 28 30 36 45 48
SOL 7 8 9 10 12 14 15 16 18 30 35 36 40 42 45 48
SOL 7 8 9 10 12 14 15 16 21 28 30 35 40 42 45 48
SOL 7 8 9 10 12 14 15 18 20 21 28 30 35 40 42
SOL 7 8 9 10 12 14 15 18 21 28 30 35 36 40 42 45
SOL 7 8 9 10 12 14 16 18 20 21 24 28 35 42 48
SOL 7 8 9 10 12 14 16 18 20 24 30 35 36 42 45 48
SOL 7 8 9 10 12 14 16 18 21 24 28 35 36 42 45 48
SOL 7 8 9 10 12 14 16 20 21 24 28 30 35 42 45 48
SOL 7 8 9 10 12 14 18 20 21 24 28 30 35 36 42 45
SOL 7 8 9 10 12 15 16 18 20 21 24 28 30 42 48
SOL 7 8 9 10 12 15 16 18 20 21 28 36 40 42 45 48
SOL 7 8 9 10 12 15 16 18 21 24 28 30 36 42 45 48
SOL 7 8 9 10 14 15 16 18 20 21 28 30 35 40 42 48
SOL 7 8 9 10 14 15 16 18 21 28 30 35 36 40 42 45 48
SOL 7 8 9 10 14 16 18 20 21 24 28 30 35 36 42 45 48
SOL 7 8 9 11 12 14 15 16 18 22 24 33 35 42 48
SOL 7 8 9 11 12 14 15 16 18 22 28 30 33 40 48
SOL 7 8 9 11 12 14 15 16 20 22 24 28 33 45 48
SOL 7 8 9 11 12 14 15 16 20 22 33 35 40 42 45 48
SOL 7 8 9 11 12 14 15 16 22 24 30 33 35 42 45 48
SOL 7 8 9 11 12 14 15 18 20 22 24 28 33 36 45
SOL 7 8 9 11 12 14 15 18 20 22 24 30 33 35 42
SOL 7 8 9 11 12 14 15 18 20 22 33 35 36 40 42 45
SOL 7 8 9 11 12 14 15 18 21 22 24 28 33 35 42
SOL 7 8 9 11 12 14 15 18 22 24 30 33 35 36 42 45
SOL 7 8 9 11 12 14 15 20 21 22 28 33 35 40 42 45
SOL 7 8 9 11 12 14 15 21 22 24 28 30 33 35 42 45
SOL 7 8 9 11 12 14 16 18 20 22 24 28 30 33 48
SOL 7 8 9 11 12 14 16 18 20 22 28 33 36 40 45 48
SOL 7 8 9 11 12 14 16 18 20 22 30 33 35 40 42 48
SOL 7 8 9 11 12 14 16 18 21 22 28 33 35 40 42 48
SOL 7 8 9 11 12 14 16 18 22 24 28 30 33 36 45 48
SOL 7 8 9 11 12 14 16 18 22 30 33 35 36 40 42 45 48
SOL 7 8 9 11 12 14 16 21 22 28 30 33 35 40 42 45 48
SOL 7 8 9 11 12 14 18 20 21 22 28 30 33 35 40 42
SOL 7 8 9 11 12 14 18 21 22 28 30 33 35 36 40 42 45
SOL 7 8 9 11 12 15 16 18 20 22 24 33 36 42 45 48
SOL 7 8 9 11 12 15 16 18 21 22 28 30 33 40 42 48
SOL 7 8 9 11 12 15 16 20 21 22 24 28 33 42 45 48
SOL 7 8 9 11 12 15 18 20 21 22 24 28 33 36 42 45
SOL 7 8 9 11 12 16 18 20 21 22 24 28 30 33 42 48
SOL 7 8 9 11 12 16 18 20 21 22 28 33 36 40 42 45 48
SOL 7 8 9 11 12 16 18 21 22 24 28 30 33 36 42 45 48
SOL 7 8 9 11 14 15 16 18 20 22 24 28 33 36 45 48
SOL 7 8 9 11 14 15 16 18 20 22 24 30 33 35 42 48
SOL 7 8 9 11 14 15 16 18 20 22 33 35 36 40 42 45 48
SOL 7 8 9 11 14 15 16 18 21 22 24 28 33 35 42 48
SOL 7 8 9 11 14 15 16 18 22 24 30 33 35 36 42 45 48
SOL 7 8 9 11 14 15 16 20 21 22 28 33 35 40 42 45 48
SOL 7 8 9 11 14 15 16 21 22 24 28 30 33 35 42 45 48
SOL 7 8 9 11 14 15 18 20 21 22 24 28 30 33 35 42
SOL 7 8 9 11 14 15 18 20 21 22 28 33 35 36 40 42 45
SOL 7 8 9 11 14 15 18 21 22 24 28 30 33 35 36 42 45
SOL 7 8 9 11 14 16 18 20 21 22 28 30 33 35 40 42 48
SOL 7 8 9 11 14 16 18 21 22 28 30 33 35 36 40 42 45 48
SOL 7 8 9 11 15 16 18 20 21 22 24 28 33 36 42 45 48
SOL 7 8 9 12 14 15 16 18 20 21 24 28 30 35 42 48
SOL 7 8 9 12 14 15 16 18 20 21 28 35 36 40 42 45 48
SOL 7 8 9 12 14 15 16 18 21 24 28 30 35 36 42 45 48
SOL 7 8 10 11 12 14 15 16 18 22 24 28 33 36 48
SOL 7 8 10 11 12 14 15 16 18 22 33 35 36 40 42 48
SOL 7 8 10 11 12 14 15 16 20 22 24 28 30 33 48
SOL 7 8 10 11 12 14 15 16 20 22 28 33 36 40 45 48
SOL 7 8 10 11 12 14 15 16 20 22 30 33 35 40 42 48
SOL 7 8 10 11 12 14 15 16 21 22 28 33 35 40 42 48
SOL 7 8 10 11 12 14 15 16 22 24 28 30 33 36 45 48
SOL 7 8 10 11 12 14 15 16 22 30 33 35 36 40 42 45 48
SOL 7 8 10 11 12 14 15 18 20 22 24 28 30 33 36
SOL 7 8 10 11 12 14 15 18 20 22 30 33 35 36 40 42
SOL 7 8 10 11 12 14 15 18 21 22 28 33 35 36 40 42
SOL 7 8 10 11 12 14 15 20 21 22 28 30 33 35 40 42
SOL 7 8 10 11 12 14 15 21 22 28 30 33 35 36 40 42 45
SOL 7 8 10 11 12 14 16 18 20 22 24 33 35 36 42 48
SOL 7 8 10 11 12 14 16 18 20 22 28 30 33 36 40 48
SOL 7 8 10 11 12 14 16 20 21 22 24 28 33 35 42 48
SOL 7 8 10 11 12 14 16 20 22 24 30 33 35 36 42 45 48
SOL 7 8 10 11 12 14 16 21 22 24 28 33 35 36 42 45 48
SOL 7 8 10 11 12 14 18 20 21 22 24 28 33 35 36 42
SOL 7 8 10 11 12 14 20 21 22 24 28 30 33 35 36 42 45
SOL 7 8 10 11 12 15 16 18 20 22 24 30 33 36 42 48
SOL 7 8 10 11 12 15 16 18 21 22 24 28 33 36 42 48
SOL 7 8 10 11 12 15 16 20 21 22 24 28 30 33 42 48
SOL 7 8 10 11 12 15 16 20 21 22 28 33 36 40 42 45 48
SOL 7 8 10 11 12 15 16 21 22 24 28 30 33 36 42 45 48
SOL 7 8 10 11 12 15 18 20 21 22 24 28 30 33 36 42
SOL 7 8 10 11 12 16 18 20 21 22 28 30 33 36 40 42 48
SOL 7 8 10 11 14 15 16 18 20 22 24 28 30 33 36 48
SOL 7 8 10 11 14 15 16 18 20 22 30 33 35 36 40 42 48
SOL 7 8 10 11 14 15 16 18 21 22 28 33 35 36 40 42 48
SOL 7 8 10 11 14 15 16 20 21 22 28 30 33 35 40 42 48
SOL 7 8 10 11 14 15 16 21 22 28 30 33 35 36 40 42 45 48
SOL 7 8 10 11 14 15 18 20 21 22 28 30 33 35 36 40 42
SOL 7 8 10 11 14 16 18 20 21 22 24 28 33 35 36 42 48
SOL 7 8 10 11 14 16 20 21 22 24 28 30 33 35 36 42 45 48
SOL 7 8 10 11 15 16 18 20 21 22 24 28 30 33 36 42 48
SOL 7 8 10 12 14 15 16 18 20 21 28 30 35 36 40 42 48
SOL 7 8 11 12 14 15 16 18 20 22 24 30 33 35 36 42 48
SOL 7 8 11 12 14 15 16 18 21 22 24 28 33 35 36 42 48
SOL 7 8 11 12 14 15 16 20 21 22 24 28 30 33 35 42 48
SOL 7 8 11 12 14 15 16 20 21 22 28 33 35 36 40 42 45 48
SOL 7 8 11 12 14 15 16 21 22 24 28 30 33 35 36 42 45 48
SOL 7 8 11 12 14 15 18 20 21 22 24 28 30 33 35 36 42
SOL 7 8 11 12 14 16 18 20 21 22 28 30 33 35 36 40 42 48
SOL 7 8 11 14 15 16 18 20 21 22 24 28 30 33 35 36 42 48
SOL 7 9 10 11 12 14 15 16 18 20 22 28 30 33 48
SOL 7 9 10 11 12 14 15 16 18 22 24 33 35 40 42 48
SOL 7 9 10 11 12 14 15 16 18 22 28 30 33 36 45 48
SOL 7 9 10 11 12 14 15 16 20 22 24 28 33 40 45 48
SOL 7 9 10 11 12 14 15 16 22 24 30 33 35 40 42 45 48
SOL 7 9 10 11 12 14 15 18 20 22 24 28 33 36 40 45
SOL 7 9 10 11 12 14 15 18 20 22 24 30 33 35 40 42
SOL 7 9 10 11 12 14 15 18 21 22 24 28 33 35 40 42
SOL 7 9 10 11 12 14 15 18 22 24 30 33 35 36 40 42 45
SOL 7 9 10 11 12 14 15 21 22 24 28 30 33 35 40 42 45
SOL 7 9 10 11 12 14 16 18 20 21 22 28 33 35 42 48
SOL 7 9 10 11 12 14 16 18 20 22 24 28 30 33 40 48
SOL 7 9 10 11 12 14 16 18 20 22 30 33 35 36 42 45 48
SOL 7 9 10 11 12 14 16 18 21 22 28 33 35 36 42 45 48
SOL 7 9 10 11 12 14 16 18 22 24 28 30 33 36 40 45 48
SOL 7 9 10 11 12 14 16 20 21 22 28 30 33 35 42 45 48
SOL 7 9 10 11 12 14 18 20 21 22 28 30 33 35 36 42 45
SOL 7 9 10 11 12 15 16 18 20 21 22 28 30 33 42 48
SOL 7 9 10 11 12 15 16 18 20 22 24 33 36 40 42 45 48
SOL 7 9 10 11 12 15 16 18 21 22 28 30 33 36 42 45 48
SOL 7 9 10 11 12 15 16 20 21 22 24 28 33 40 42 45 48
SOL 7 9 10 11 12 15 18 20 21 22 24 28 33 36 40 42 45
SOL 7 9 10 11 12 16 18 20 21 22 24 28 30 33 40 42 48
SOL 7 9 10 11 12 16 18 21 22 24 28 30 33 36 40 42 45 48
SOL 7 9 10 11 14 15 16 18 20 22 24 28 33 36 40 45 48
SOL 7 9 10 11 14 15 16 18 20 22 24 30 33 35 40 42 48
SOL 7 9 10 11 14 15 16 18 21 22 24 28 33 35 40 42 48
SOL 7 9 10 11 14 15 16 18 22 24 30 33 35 36 40 42 45 48
SOL 7 9 10 11 14 15 16 21 22 24 28 30 33 35 40 42 45 48
SOL 7 9 10 11 14 15 18 20 21 22 24 28 30 33 35 40 42
SOL 7 9 10 11 14 15 18 21 22 24 28 30 33 35 36 40 42 45
SOL 7 9 10 11 14 16 18 20 21 22 28 30 33 35 36 42 45 48
SOL 7 9 10 11 15 16 18 20 21 22 24 28 33 36 40 42 45 48
SOL 7 9 10 12 14 15 16 18 20 21 24 28 30 35 40 42 48
SOL 7 9 10 12 14 15 16 18 21 24 28 30 35 36 40 42 45 48
SOL 7 9 11 12 14 15 16 18 20 21 22 28 30 33 35 42 48
SOL 7 9 11 12 14 15 16 18 20 22 24 33 35 36 40 42 45 48
SOL 7 9 11 12 14 15 16 18 21 22 28 30 33 35 36 42 45 48
SOL 7 9 11 12 14 15 16 20 21 22 24 28 33 35 40 42 45 48
SOL 7 9 11 12 14 15 18 20 21 22 24 28 33 35 36 40 42 45
SOL 7 9 11 12 14 16 18 20 21 22 24 28 30 33 35 40 42 48
SOL 7 9 11 12 14 16 18 21 22 24 28 30 33 35 36 40 42 45 48
SOL 7 9 11 14 15 16 18 20 21 22 24 28 33 35 36 40 42 45 48
SOL 7 10 11 12 14 15 16 18 20 22 24 30 33 35 36 40 42 48
SOL 7 10 11 12 14 15 16 18 21 22 24 28 33 35 36 40 42 48
SOL 7 10 11 12 14 15 16 20 21 22 24 28 30 33 35 40 42 48
SOL 7 10 11 12 14 15 16 21 22 24 28 30 33 35 36 40 42 45 48
SOL 7 10 11 12 14 15 18 20 21 22 24 28 30 33 35 36 40 42
SOL 7 10 11 14 15 16 18 20 21 22 24 28 30 33 35 36 40 42 48
SOL 8 9 10 11 12 14 15 16 18 20 22 30 33 35 40 48
SOL 8 9 10 11 12 14 15 16 18 21 22 28 33 35 40 48
SOL 8 9 10 11 12 14 15 16 18 22 30 33 35 36 40 45 48
SOL 8 9 10 11 12 14 15 16 21 22 28 30 33 35 40 45 48
SOL 8 9 10 11 12 14 15 18 20 21 22 28 30 33 35 40
SOL 8 9 10 11 12 14 15 18 21 22 28 30 33 35 36 40 45
SOL 8 9 10 11 12 14 16 18 20 21 22 24 28 33 35 48
SOL 8 9 10 11 12 14 16 18 20 22 24 30 33 35 36 45 48
SOL 8 9 10 11 12 14 16 18 21 22 24 28 33 35 36 45 48
SOL 8 9 10 11 12 14 16 20 21 22 24 28 30 33 35 45 48
SOL 8 9 10 11 12 14 18 20 21 22 24 28 30 33 35 36 45
SOL 8 9 10 11 12 15 16 18 20 21 22 24 28 30 33 48
SOL 8 9 10 11 12 15 16 18 20 21 22 28 33 36 40 45 48
SOL 8 9 10 11 12 15 16 18 20 21 22 30 33 35 40 42 48
SOL 8 9 10 11 12 15 16 18 21 22 24 28 30 33 36 45 48
SOL 8 9 10 11 12 15 16 18 21 22 30 33 35 36 40 42 45 48
SOL 8 9 10 11 12 16 18 20 21 22 24 30 33 35 36 42 45 48
SOL 8 9 10 11 14 15 16 18 20 21 22 28 30 33 35 40 48
SOL 8 9 10 11 14 15 16 18 21 22 28 30 33 35 36 40 45 48
SOL 8 9 10 11 14 16 18 20 21 22 24 28 30 33 35 36 45 48
SOL 8 9 11 12 14 15 16 18 20 21 22 24 28 30 33 35 48
SOL 8 9 11 12 14 15 16 18 20 21 22 28 33 35 36 40 45 48
SOL 8 9 11 12 14 15 16 18 21 22 24 28 30 33 35 36 45 48
SOL 8 10 11 12 14 15 16 18 20 21 22 28 30 33 35 36 40 48
SOL 9 10 11 12 14 15 16 18 20 21 22 24 28 30 33 35 40 48
SOL 9 10 11 12 14 15 16 18 21 22 24 28 30 33 35 36 40 45 48
