8174
51984
93293
93435
110615
130461
149874
164826
217774
228548
231811
252965
252966
290463
344439
345491
347849
347850
352201
364424
373748
387161
471821
471822
483739
489344
495503
522974
530261
554438
570649
572473
574119
576197
580446
609179
615901
646813
660867
666330
681546
681547
685005
685717
687789
701405
712422
716563
753492
762515
763652
800605
801160
821974
838198
844964
844965
855320
855759
865128
921434
921476
923207
924533
929099
934863
936493
937316
938539
940495
946149
955414
964401
970917
970988
974322
995551
1024341
1029445
1041653
1061746
1062584
1106637
1112371
1118129
1127663
1163084
1168088
1177391
1182453
1185809
1244418
1245011
1297810
1303322
1332098
1334692
1341962
1351846
1352833
1367271
1371365
1371366
1397768
1404074
1404204
1410148
1422574
1425190
1435648
1453097
1453992
1483948
1486325
1506759
1523287
1530077
1532387
1532388
1552268
1565701
1567760
1576680
1576681
1583524
1589159
1590553
1609411
1629633
1637007
1640103
1650842
1669627
1670667
1691574
1693422
1698671
1722454
1728933
1732552
1742144
1742145
1762502
1775724
1781842
1784268
1822566
1822610
1822988
1833347
1833480
1846967
1852166
1862285
1882340
1901238
1922147
1947317
1954693
1964206
1987487
1987488
1994444
2018223
2021186
2026506
2029036
2042192
2062715
2063492
2065331
2086257
2094700
2116827
2136427
2144465
2144466
2164084
2165498
2168790
2223569
2268719
2271791
2290306
2312127
2320678
2375238
2400686
2404751
2411610
2413540
2422943
2445994
2447092
2447386
2471493
2487126
2497983
2504813
2525093
2550830
2552779
2557937
2567379
2569486
2573633
2587199
2587200
2589844
2608909
2610280
2611624
2615007
2615493
2615494
2618424
2618524
2624234
2625011
2630048
2630049
2633221
2647031
2657003
2663330
2665698
2678388
2686799
2693515
2703260
2712874
2721172
2728106
2729042
2743154
2751992
2765473
2778189
2786960
2810475
2813345
2819418
2820119
2826860
2872471
2883298
2888791
2918759
2920103
2932685
2933747
2964748
2975132
2975133
3009725
3061342
3071164
3072222
3083813
3089909
3095453
3110831
3111288
3123592
3125515
3155094
3155172
3155906
3169146
3174450
3188667
3220592
3233057
3260123
3263367
3283934
3291044
3291350
3294849
3295688
3315374
3330767
3338159
3341698
3354010
3354011
3360015
3361706
3364766
3368053
3379947
3380007
3386976
3386977
3439512
3443593
3457610
3457611
3463410
3466914
3472314
3473182
3479777
3484336
3494317
3496847
3500901
3508634
3510157
3515019
3516189
3535805
3540272
3562296
3570494
3587112
3598631
3599535
3639571
3648835
3648836
3648837
3650071
3669671
3670859
3684471
3697284
3700437
3710367
3724872
3724873
3734118
3754607
3761042
3764030
3768881
3776055
3776056
3784382
3784383
3806529
3806858
3812272
3819575
3824674
3825431
3828783
3831917
3832223
3844322
3872714
3883408
3892263
3895207
3895208
3921321
3953074
3953075
3953076
4006538
4012821
4014357
4018005
4032008
4035679
4039895
4052414
4052561
4056992
4057268
4075486
4085739
4085740
4106436
4112341
4112342
4122303
4124437
4132035
4137919
4144450
4153175
4153176
4166978
4203443
4229735
4269796
4278971
4287686
4289591
4312250
4350836
4351666
4357301
4372360
4372411
4379987
4392667
4403022
4412196
4437261
4450424
4460419
4478040
4482229
4489835
4493220
4497309
4497310
4513466
4527362
4539598
4542151
4543314
4544693
4570817
4578078
4580099
4583597
4587623
4591417
4592292
4596181
4605389
4609462
4641764
4651447
4659805
4660509
4671572
4673899
4683455
4702253
4709668
4723673
4761566
4764171
4769839
4770412
4770413
4771535
4780508
4813736
4819394
4820212
4820999
4843304
4849107
4851784
4873192
4873348
4886554
4910112
4924644
4932271
4932272
4934602
4957669
4957670
4960108
4989263
5018467
5018766
5045071
5078766
5104266
5105885
5106221
5126159
5139615
5147438
5150022
5179323
5181208
5188099
5195472
5208951
5212778
5215074
5272529
5272530
5283107
5283914
5285335
5287236
5292998
5359808
5377146
5380716
5380717
5384854
5401547
5403094
5413223
5426159
5433438
5434091
5434686
5438738
5438772
5464493
5466034
5467283
5470604
5472299
5479788
5484113
5484114
5502033
5528233
5560498
5561313
5561429
5568497
5570090
5579889
5595952
5616608
5616986
5649837
5656526
5661148
5665642
5665643
5677578
5681597
5683334
5683941
5686949
5716202
5744489
5749537
5781347
5800148
5809453
5829622
5838473
5847020
5869321
5877896
5894628
5915075
5928782
5936954
5962542
5993035
5993819
5993820
6002193
6004024
6004976
6008288
6018990
6040466
6047849
6062899
6070047
6074303
6077137
6078851
6078852
6090028
6090029
6094771
6094817
6109696
6115443
6122071
6134736
6148778
6152804
6159787
6166815
6175453
6184902
6188699
6188700
6188701
6209973
6212552
6212750
6212751
6226054
6232300
6232301
6245815
6252037
6258046
6274052
6274053
6275048
6309653
6318344
6318576
6328975
6330932
6336522
6354653
6360471
6368582
6383124
6401170
6408793
6431336
6437709
6481791
6495012
6510061
6545048
6579856
6606689
6608459
6609783
6609784
6649871
6655966
6656569
6663795
6663988
6666280
6668218
6680988
6696654
6703287
6724780
6724781
6726006
6735192
6746396
6746697
6775569
6783263
6786491
6796527
6798823
6800933
6808855
6814896
6821519
6826277
6851399
6851400
6896940
6899540
6900856
6914798
6926749
6933898
6955869
6966902
6977863
7007635
7012134
7019452
7024193
7024946
7040507
7042501
7068767
7071362
7092131
7103872
7103873
7126431
7138093
7138094
7141713
7141714
7141715
7193965
7193966
7196862
7198669
7200008
7235026
7235129
7236293
7248149
7249326
7289195
7339926
7343465
7347624
7360001
7368372
7369595
7380121
7386386
7394020
7397926
7401820
7401821
7403197
7430102
7430387
7432436
7439276
7443685
7463896
7473093
7483493
7493496
7494686
7494901
7506678
7514833
7531103
7545335
7562993
7574618
7577071
7577785
7600850
7607043
7608873
7614836
7625143
7625144
7627720
7627721
7630303
7670981
7673489
7686483
7687510
7699865
7732123
7753037
7769839
7783902
7790708
7791038
7791039
7791040
7797502
7797503
7800821
7810123
7810124
7822940
7826620
7846662
7850267
7855153
7859103
7859752
7878057
7907476
7912734
7936369
7948874
7969907
7979083
7979084
7979085
7979086
8015886
8015887
8018149
8020835
8032788
8046827
8046828
8060829
8078926
8100039
8112959
8117873
8120446
8122398
8129098
8138657
8142276
8147063
8148930
8162515
8165947
8169019
8185162
8186506
8186507
8186755
8188022
8193521
8210793
8226564
8227095
8227862
8246900
8257611
8305980
8305981
8309919
8322134
8326689
8330681
8330682
8343387
8359117
8364822
8371212
8372248
8372249
8385569
8416664
8418611
8418948
8420255
8443250
8449467
8460228
8465524
8465525
8470510
8476049
8499608
8537107
8558552
8571163
8574444
8574445
8580074
8580836
8583019
8587446
8597238
8614732
8631341
8634427
8644808
8658488
8665269
8666696
8683470
8692459
8718722
8719631
8738003
8743199
8756726
8795533
8801477
8806081
8806573
8806574
8808122
8808581
8810697
8824999
8829274
8840141
8851319
8868454
8876228
8879701
8890117
8897237
8903748
8923899
8924849
8924850
8925249
8926189
8930321
8934594
8938672
8945977
8966507
8968397
8968987
8970615
8978279
8984174
8984379
8984548
8997617
9048248
9053537
9062257
9062258
9075416
9086217
9086999
9089301
9096990
9123607
9132444
9135263
9136562
9136931
9137174
9150042
9154564
9154565
9154566
9157868
9162673
9162674
9192731
9195281
9201602
9205262
9215563
9218673
9242607
9250586
9255559
9256566
9256622
9256763
9262053
9262054
9265593
9267909
9270315
9281087
9282845
9290845
9300659
9304897
9320049
9338577
9347087
9366732
9374055
9384646
9403411
9411279
9434972
9454793
9455274
9457419
9469712
9472787
9472788
9493622
9493623
9499293
9502316
9514280
9533542
9540353
9548677
9548898
9554598
9557962
9557963
9557964
9565698
9577973
9583365
9591006
9596499
9596500
9603107
9604957
9617372
9661606
9670394
9674417
9691988
9698224
9727448
9736530
9744260
9757139
9762142
9764439
9774680
9776528
9779640
9782189
9785966
9785967
9789731
9794365
9794525
9801977
9823566
9845533
9850460
9853037
9858092
9871979
9873366
9879791
9891635
9895310
9898979
9901671
9911941
9916793
9920357
9960285
9964473
9971647
9992042
9992303
10004243
10005204
10010901
10010902
10045111
10049701
10087363
10096262
10102246
10103813
10113245
10115724
10123328
10148943
10149098
10164593
10164594
10166659
10216754
10234859
10243058
10246364
10264635
10265128
10265242
10267947
10285300
10308203
10310277
10316255
10330446
10349030
10352274
10353253
10358897
10367498
10367915
10376474
10380173
10380830
10382073
10384804
10384943
10392262
10392263
10402586
10422971
10429999
10443065
10452093
10470743
10477394
10502231
10519800
10522823
10522976
10523946
10545066
10545067
10603744
10645450
10646231
10646855
10646856
10649928
10653391
10674479
10678599
10686893
10700357
10701925
10734987
10734988
10749606
10783814
10801424
10804439
10815405
10827974
10841628
10846836
10847085
10861840
10867328
10867329
10876329
10876579
10876580
10887989
10896623
10898567
10903375
10906603
10911219
10923041
10927355
10933549
10937016
10943151
10943152
10966820
10973329
10973343
10976874
10983958
10987374
10991606
10992132
10994662
10994663
11001845
11006121
11008236
11009684
11012377
11033114
11033303
11041606
11041607
11055659
11060741
11072222
11076826
11101034
11124909
11140499
11155696
11165526
11176918
11191463
11202100
11202798
11203118
11205277
11213891
11229869
11233955
11233956
11257181
11261916
11263538
11273971
11282369
11284325
11296310
11305799
11308057
11309139
11313493
11313972
11326512
11335488
11343302
11353109
11353221
11353981
11364338
11374724
11384149
11407083
11407084
11426972
11440571
11447071
11483393
11490492
11492337
11492338
11493567
11525092
11525128
11525238
11538634
11541489
11542383
11543936
11546075
11570353
11571941
11572856
11584047
11588114
11588587
11623808
11648516
11663567
11669357
11678042
11682194
11682977
11683083
11683085
11683118
11695545
11712919
11715172
11728681
11729285
11733400
11735918
11735919
11743169
11762078
11762328
11781131
11824481
11841044
11841045
11842247
11842359
11843269
11855270
11868894
11898696
11911327
11919287
11920255
11924663
11927758
11933913
11933914
11988091
11992398
12000468
12002294
12002295
12002451
12014463
12032369
12061102
12076908
12091166
12100955
12100956
12117299
12135095
12162544
12164656
12175318
12180257
12201458
12211351
12213967
12213968
12217664
12221838
12221839
12230224
12240765
12240813
12241052
12245064
12246518
12260165
12262766
12268013
12292486
12293359
12295774
12316748
12326544
12326545
12332655
12332656
12336944
12341273
12350155
12366914
12369398
12370065
12374333
12375725
12375726
12377373
12394509
12398142
12419597
12432101
12439710
12446173
12446174
12451480
12455714
12455715
12474394
12480893
12497791
12503839
12513841
12519818
12521492
12527821
12531654
12535717
12545212
12545882
12546693
12547820
12560127
12577058
12580515
12593386
12601841
12633315
12634255
12634256
12651222
12658961
12667783
12674309
12683119
12686033
12688568
12688569
12688570
12701321
12715322
12715323
12722146
12722147
12722148
12723461
12731561
12737544
12739300
12742893
12745127
12746249
12757679
12757680
12765856
12770111
12773748
12786519
12793100
12804773
12804774
12809135
12809177
12812057
12841082
12851282
12857506
12859976
12869023
12879874
12879875
12889746
12901367
12905360
12905361
12906632
12907231
12907232
12907233
12917293
12918209
12925572
12928329
12936304
12984408
12992314
13001224
13004570
13004658
13005320
13018169
13022968
13030250
13031146
13044313
13044314
13056370
13060959
13067611
13067612
13068443
13071652
13071782
13071836
13074301
13076416
13084133
13085456
13087137
13098751
13101864
13102719
13103649
13105571
13108533
13125452
13126472
13131038
13131039
13136583
13150317
13155089
13159529
13168150
13185289
13193101
13199054
13209295
13234776
13241744
13248159
13248528
13279343
13302191
13311893
13322945
13322946
13323933
13344926
13375427
13390123
13392896
13418309
13426595
13433196
13451344
13491292
13492948
13510573
13515210
13517447
13519401
13519502
13525076
13534259
13535402
13540991
13545453
13553152
13560624
13567299
13581842
13591743
13601073
13601074
13609438
13614818
13647346
13655755
13660599
13663374
13670301
13676736
13691380
13706538
13706857
13707605
13711632
13713089
13728321
13728414
13728535
13734032
13736807
13748855
13789188
13789189
13815373
13841687
13841688
13868125
13868477
13873199
13878511
13881458
13882420
13886044
13897363
13897364
13914284
13920399
13925946
13967016
13968248
13969234
13970242
13973182
13975354
13978375
13982453
13992111
14018829
14047269
14072565
14114629
14116867
14122525
14122526
14152394
14152781
14190598
14193827
14193828
14199969
14212073
14215074
14215075
14219580
14264390
14264665
14267447
14269525
14269526
14275672
14275673
14289973
14295174
14296852
14308797
14312887
14318071
14333400
14333811
14334107
14399107
14399108
14402397
14419532
14447827
14453330
14458598
14463018
14471885
14479429
14512063
14560054
14596129
14603788
14606944
14609703
14615842
14615843
14617590
14620712
14623766
14655980
14658127
14658425
14658449
14661122
14664268
14680898
14682562
14695921
14713732
14741205
14747193
14760824
14768992
14771340
14772024
14772130
14773543
14773855
14799287
14800614
14805055
14806991
14809183
14816644
14822401
14838144
14844401
14851129
14865222
14870798
14876698
14912484
14930199
14936143
14961165
14971418
14974079
14977387
14980500
14988951
15043147
15057442
15069470
15078703
15085972
15111144
15138880
15142203
15148886
15150670
15160808
15166672
15168408
15179211
15182055
15183772
15184034
15184254
15189454
15190399
15190667
15190823
15191153
15196196
15202393
15204763
15224069
15229233
15239418
15240374
15250289
15272108
15278183
15292331
15293167
15293168
15304526
15313517
15327453
15328831
15330740
15334787
15335408
15339974
15341444
15359860
15363458
15368142
15376205
15380707
15383469
15402554
15407999
15412745
15423677
15428867
15430145
15434182
15436781
15449697
15452147
15462212
15465679
15469892
15470696
15480214
15487599
15487623
15507777
15508921
15508922
15512644
15517171
15520306
15553450
15555657
15567984
15569871
15576755
15595231
15604186
15604187
15604188
15604189
15607448
15614805
15630270
15636120
15643022
15656122
15695371
15699669
15701097
15714829
15719099
15719100
15719931
15721432
15728294
15746094
15767924
15777390
15788266
15793037
15795947
15816644
15822301
15825007
15825801
15840073
15849323
15849694
15858842
15859217
15869754
15908276
15971135
15974056
15979764
15980403
15997233
15997234
16007724
16037313
16041660
16044116
16047347
16073389
16099508
16106207
16117342
16123918
16132760
16150550
16157382
16167526
16184389
16187165
16196661
16202704
16211054
16220337
16223728
16230389
16253192
16255340
16256439
16261198
16262999
16263470
16292096
16296003
16312391
16314555
16314556
16322291
16322828
16328779
16328813
16330194
16330718
16332132
16333118
16356124
16359881
16364647
16371626
16371627
16383209
16384116
16387592
16409093
16419351
16420406
16426867
16426868
16426869
16428618
16433732
16435548
16462269
16466461
16530281
16538702
16545917
16546743
16591649
16591738
16602636
16605122
16607788
16611999
16613082
16639036
16640348
16645385
16648966
16655912
16660390
16662837
16668299
16682351
16704673
16717664
16731909
16761455
16766720
16768952
16775597
16799911
16810583
16850143
16864493
16881666
16884722
16888206
16889243
16900212
16917767
16920542
16929623
16944640
16945511
16950254
16975320
16976715
16980961
17014226
17018834
17024713
17031264
17031437
17036481
17036482
17036483
17040968
17055973
17055992
17058417
17059606
17062251
17086354
17128877
17133667
17139249
17139250
17139251
17154277
17175013
17175014
17183682
17187397
17199662
17199663
17199664
17204256
17204257
17206145
17206146
17215694
17221762
17226233
17235548
17282822
17296991
17299671
17339474
17394143
17394144
17401589
17413827
17421103
17424079
17424080
17428071
17446164
17460517
17465135
17480297
17488246
17490248
17501146
17501860
17502374
17503366
17507276
17510127
17525779
17526714
17556564
17581449
17581450
17605612
17608037
17612102
17633690
17639156
17646508
17677354
17693222
17708469
17720127
17739387
17745647
17752096
17769331
17773446
17794729
17798064
17810318
17816523
17829445
17829446
17848687
17852020
17860400
17861040
17876549
17881193
17884117
17903099
17914269
17934747
17935764
17949462
17953986
17953987
17953989
17954561
17986321
17989906
17994071
17995589
17999277
17999278
18012489
18015191
18049467
18062378
18065693
18077814
18087107
18088899
18101100
18129260
18145679
18150364
18151493
18160719
18166554
18171437
18184250
18191410
18203599
18205106
18210287
18213075
18214634
18220003
18221104
18228463
18239752
18248509
18262122
18277523
18283621
18283622
18285330
18285331
18285551
18288632
18304042
18310948
18379474
18380302
18392705
18395714
18402207
18402802
18411911
18472219
18478999
18492692
18519108
18558214
18558837
18571372
18571373
18577914
18580308
18589769
18592622
18600456
18607482
18612437
18640714
18655504
18657773
18657774
18657775
18668653
18668912
18674366
18682523
18701307
18715361
18721400
18723550
18724081
18725639
18739012
18739013
18743501
18744556
18752209
18752210
18762377
18767144
18770671
18774219
18790187
18794027
18820484
18852326
18856573
18884082
18884852
18896047
18901121
18920265
18922264
18924482
18929158
18934457
18940725
18966375
18978786
18981983
18992919
19014436
19022031
19022032
19022033
19024489
19024490
19042472
19047731
19051882
19057001
19061727
19080981
19089682
19111928
19114565
19124702
19126450
19165930
19169097
19174063
19174064
19177466
19204998
19226859
19228528
19241905
19256363
19263971
19263972
19291992
19308013
19311038
19317847
19332089
19338559
19339604
19362863
19371597
19371598
19374948
19385981
19403051
19408289
19418892
19420917
19428257
19430878
19439549
19439550
19470574
19472660
19492077
19499829
19506472
19516753
19523047
19524690
19530769
19530770
19530771
19533598
19543755
19561047
19570668
19576514
19586731
19589609
19592940
19595529
19595530
19595531
19597361
19605297
19633282
19635104
19638520
19648884
19656416
19685167
19705033
19713068
19718431
19722292
19723245
19734162
19737217
19758398
19758606
19779054
19779701
19787995
19805375
19813349
19819601
19823171
19828111
19828112
19836112
19837911
19846207
19846208
19848134
19932449
19936516
19936517
19940603
19951859
19961674
19968843
19973153
19973435
19982330
19991726
20011975
20033607
20033803
20042624
20044842
20073801
20089492
20093885
20102728
20102729
20107079
20122007
20122008
20143778
20149603
20164546
20169731
20172223
20181719
20185959
20208321
20211431
20212824
20212825
20232629
20232630
20256915
20257716
20282174
20285638
20289616
20292413
20294545
20294546
20303567
20303568
20303623
20307479
20310511
20310512
20324432
20326853
20326854
20329711
20329712
20335366
20355762
20357831
20373513
20373514
20383054
20383208
20389982
20395462
20400326
20415119
20415423
20420943
20423541
20433630
20442317
20442669
20445114
20465847
20479712
20510123
20510782
20520492
20529419
20538215
20543576
20554299
20558930
20572228
20594181
20622941
20645377
20646056
20654573
20655912
20659400
20661592
20666743
20670616
20680278
20691719
20693833
20719479
20726104
20759454
20771481
20795402
20798032
20798364
20818981
20829734
20838284
20841742
20874746
20880883
20881668
20897611
20897612
20906143
20910564
20919243
20940049
20941336
20943821
20944151
20945846
20946206
20950877
20955669
20959572
20960793
20980517
20980518
21022641
21026771
21032906
21035061
21038074
21043753
21060377
21060843
21061864
21063645
21065631
21071621
21072203
21091023
21097436
21101728
21110633
21129224
21132863
21132864
21147319
21153933
21163756
21186136
21200462
21202651
21208478
21209317
21212319
21237873
21241282
21247773
21259573
21274507
21327022
21327439
21328719
21355124
21367226
21371984
21376106
21387137
21397779
21405361
21405599
21406283
21424143
21428198
21460955
21477143
21477144
21478340
21478999
21492281
21533588
21540373
21540689
21543914
21549734
21549956
21551849
21555619
21565381
21565382
21567446
21567629
21579334
21579455
21580979
21580980
21581139
21585574
21587288
21590063
21606615
21611756
21618186
21618593
21621983
21621984
21621985
21634385
21656057
21667975
21667976
21667977
21680728
21690722
21706823
21706824
21707959
21710481
21714909
21724860
21729039
21729571
21734158
21748966
21754751
21758741
21772240
21776051
21776997
21776998
21785905
21793833
21795761
21801581
21808276
21808277
21829763
21838825
21840137
21851527
21859263
21866013
21873913
21881515
21882869
21897327
21900941
21905467
21927318
21932447
21934299
21934300
21963503
21974795
22005762
22005763
22054354
22054355
22054356
22058242
22064065
22064066
22064067
22082443
22083621
22086991
22088239
22093242
22097094
22098383
22119489
22119923
22163526
22178537
22179439
22179440
22180171
22204292
22210319
22212611
22216259
22219460
22224992
22236057
22243030
22248404
22252759
22252760
22253528
22262546
22275244
22289123
22292300
22308297
22326756
22335758
22338196
22340029
22340044
22341722
22361194
22371073
22379223
22379224
22385390
22386368
22387331
22388004
22394727
22406354
22416929
22420482
22421087
22426883
22428006
22428844
22436539
22436540
22439480
22448791
22458015
22458016
22464066
22467650
22482220
22484987
22497812
22501763
22502028
22503542
22504777
22511169
22521421
22532039
22538571
22545505
22556343
22566139
22579007
22579008
22587031
22588447
22600238
22603048
22607519
22607520
22607521
22621649
22630969
22631776
22640669
22640670
22640671
22642124
22642486
22643097
22648529
22650950
22666439
22670580
22681158
22690015
22695778
22700369
22715943
22717232
22719129
22720515
22720516
22721584
22721585
22723026
22724188
22732563
22737382
22737383
22745741
22746337
22749362
22751154
22755548
22764267
22764268
22764269
22773607
22776002
22783589
22794944
22810772
22832577
22832972
22847216
22863115
22863116
22870286
22870287
22870288
22871702
22876522
22878732
22932284
22932285
22932894
22995053
23008049
23008050
23034206
23040794
23043398
23055967
23057674
23060524
23060525
23064220
23094698
23097378
23106143
23109731
23121843
23127802
23128509
23151481
23156495
23166965
23183191
23188967
23198131
23201717
23208059
23220078
23220490
23220491
23224361
23231087
23232319
23247191
23250778
23282990
23285150
23292344
23292345
23312662
23315029
23315030
23317767
23320059
23341849
23346711
23346712
23348963
23349413
23353791
23361126
23364304
23376716
23405171
23424403
23425407
23434190
23450270
23456025
23477927
23492705
23509020
23524189
23530515
23530516
23551184
23553269
23553270
23556024
23558415
23565273
23576984
23607794
23609273
23622033
23634818
23642873
23653096
23661379
23662383
23665221
23702895
23704973
23714505
23718626
23720279
23720285
23746382
23749190
23752637
23754167
23756072
23756143
23756144
23761373
23767191
23774271
23787294
23789897
23789898
23792240
23794590
23796460
23796461
23797533
23821899
23846214
23848612
23851044
23856180
23856181
23863578
23868807
23869772
23872943
23898723
23901331
23909251
23915352
23915568
23922481
23930142
23936048
23939658
23939846
23939847
23952199
23961299
23971680
23972493
23978739
23980109
23988493
24004316
24007214
24015340
24033540
24045096
24052952
24063819
24072429
24072430
24102502
24102503
24103149
24130356
24132828
24134219
24142208
24164018
24165406
24171319
24184607
24206285
24230793
24248699
24273647
24297084
24300800
24311778
24327526
24342922
24343213
24343214
24354249
24360318
24360579
24361542
24368471
24368472
24392693
24397603
24410978
24411854
24417671
24425735
24430748
24450141
24461180
24484499
24487045
24495118
24495119
24509372
24521495
24529746
24548016
24556452
24566629
24568247
24579397
24584206
24587672
24589364
24590006
24593193
24597639
24603700
24603701
24604922
24608141
24612522
24612523
24616558
24616559
24622151
24628623
24650218
24662170
24666418
24694499
24698417
24713401
24717871
24722057
24732226
24747555
24752474
24760397
24766207
24780479
24791067
24793326
24801060
24816452
24825544
24826980
24829381
24843886
24873003
24887555
24894950
24910961
24918946
24938575
24944434
24958709
24990509
25012922
25017772
25019951
25027924
25038424
25042511
25079136
25083998
25091893
25091894
25101194
25101898
25106834
25114406
25114407
25130715
25130716
25185066
25191823
25200440
25212453
25221524
25232469
25247834
25247835
25253423
25253424
25253741
25274919
25285229
25286444
25347552
25361243
25374095
25378352
25382392
25391398
25397755
25403216
25408621
25408697
25408698
25415159
25415160
25422814
25450327
25450819
25477347
25485023
25485189
25495977
25502047
25514282
25519238
25535171
25544557
25547967
25554618
25559764
25567037
25586393
25586972
25598123
25605314
25608322
25614647
25618354
25618355
25624367
25644686
25645044
25684097
25727048
25730572
25735411
25742723
25767761
25773810
25792934
25796958
25829174
25829411
25830290
25834562
25834662
25850006
25864748
25881836
25889441
25889921
25899438
25899922
25915315
25918499
25937339
25949208
25949209
25951358
25955496
25961972
25971487
25990116
26018667
26019293
26051829
26069107
26070469
26087774
26096630
26099759
26111951
26113854
26138942
26143324
26148308
26148309
26156555
26156556
26168049
26190644
26191630
26191637
26205155
26217537
26255148
26273696
26274623
26294231
26294498
26302041
26302042
26311869
26313181
26326902
26328391
26342788
26353347
26391174
26403692
26417976
26423207
26445284
26455499
26466239
26475053
26475542
26483637
26484212
26493121
26502767
26509877
26520406
26523306
26524682
26529116
26533527
26538782
26566746
26568671
26570682
26573478
26575396
26580132
26582766
26592519
26604588
26615327
26616021
26618228
26618771
26626401
26627144
26627641
26629154
26630321
26630322
26630323
26636177
26640902
26647231
26648241
26654070
26654674
26655947
26657581
26658620
26676181
26684497
26684828
26710372
26721462
26723283
26725831
26738946
26747827
26768831
26782694
26813994
26822253
26831396
26834247
26834363
26834364
26870637
26874532
26891879
26891957
26892291
26895854
26902104
26912708
26923868
26938313
26945588
26949174
26952759
26955613
26963647
26965124
26980490
26995372
26995381
27017994
27019079
27020226
27025712
27033123
27033124
27034159
27035539
27041373
27046797
27091612
27098576
27126622
27137165
27148159
27153026
27162849
27210387
27210388
27221063
27231236
27231237
27238758
27240968
27246301
27254399
27258055
27258056
27261265
27273301
27275413
27290073
27298412
27302161
27302162
27326620
27350033
27350192
27350193
27352100
27353310
27353311
27353312
27372296
27372974
27378553
27385399
27391973
27417436
27446249
27446807
27461933
27466797
27466798
27467982
27486116
27495530
27523378
27539611
27561282
27564556
27593683
27625871
27628289
27633998
27643326
27650762
27653358
27663132
27691214
27699085
27720028
27757784
27769706
27770222
27780122
27781212
27794681
27798328
27799022
27810449
27811990
27811991
27820568
27825836
27832175
27844287
27844288
27847919
27847920
27847921
27847922
27862052
27872750
27889451
27889452
27893898
27894632
27894633
27895001
27904004
27909556
27912707
27913779
27946398
27946399
27956921
27958272
27958343
27961259
27966422
27974034
27991923
28007582
28015216
28025918
28037847
28037848
28037849
28042318
28048302
28048303
28051984
28100789
28111496
28126941
28126942
28129626
28133962
28151519
28158350
28165342
28171514
28173373
28173649
28188431
28205173
28208232
28222653
28224895
28230236
28249207
28258636
28259285
28265014
28267457
28271435
28271436
28272030
28300283
28300425
28302481
28320302
28355443
28355444
28362254
28378929
28379193
28388280
28390148
28401492
28408323
28423103
28424247
28425698
28429124
28429262
28433415
28444821
28450506
28450770
28457129
28468041
28469333
28478888
28488122
28500908
28548285
28565054
28566853
28582147
28607701
28642690
28653650
28655673
28687903
28702253
28719016
28739358
28753967
28753968
28769824
28771846
28775101
28797623
28801662
28806516
28822078
28825621
28830123
28830568
28915704
28931052
28960188
28982426
28988328
28988329
29026736
29054749
29058621
29067283
29080761
29129594
29134664
29140236
29150429
29156409
29164952
29169702
29182002
29189550
29196681
29197408
29204891
29208092
29217456
29224751
29248447
29258830
29259073
29261735
29265753
29273334
29277749
29279687
29290076
29296175
29311863
29315724
29333407
29339701
29348140
29350054
29353105
29364659
29367536
29377313
29379593
29385950
29388551
29399436
29411334
29412813
29416881
29418972
29421843
29427923
29432869
29433577
29438064
29438065
29442137
29448229
29462221
29462651
29495028
29495287
29496038
29499378
29501146
29513274
29521854
29521855
29521856
29522721
29522765
29526959
29531597
29534046
29536101
29537346
29543441
29544008
29546502
29549844
29552093
29573097
29573297
29577950
29585588
29585589
29587654
29587751
29600037
29607917
29623381
29646957
29648031
29648032
29648033
29657684
29662121
29713991
29718115
29752223
29752224
29764850
29771059
29771336
29785323
29825752
29825753
29885230
29885231
29890911
29890912
29899751
29905727
29938956
29938957
29938958
29939027
29945660
29957277
29960411
29962294
29978148
29989228
29995949
29999163
30007019
30028765
30028766
30032708
30039239
30039529
30039797
30055604
30057442
30058377
30068700
30079101
30082269
30085591
30086474
30090391
30095351
30096014
30105536
30113267
30113268
30137089
30155640
30156606
30162334
30181778
30188055
30193037
30196213
30200683
30201524
30204411
30207527
30221923
30221924
30226888
30228874
30231337
30231338
30253940
30255656
30258314
30258673
30259788
30268573
30271167
30274877
30275049
30279217
30280507
30285627
30291804
30300813
30302126
30303467
30303572
30304108
30305196
30326438
30326439
30332679
30335664
30342465
30350813
30359922
30361998
30362824
30362825
30374399
30387653
30389719
30391999
30392000
30392674
30396176
30396177
30405449
30418068
30418714
30419949
30439279
30439280
30443726
30460209
30462743
30482331
30497674
30522897
30531630
30531631
30532767
30532768
30547530
30563054
30578930
30581726
30601713
30605004
30618934
30619745
30631391
30647855
30652374
30654272
30654273
30654274
30676547
30682755
30682756
30703341
30713183
30713184
30721947
30721948
30721949
30725527
30731677
30731678
30734591
30738881
30753458
30773731
30783933
30784390
30790246
30793580
30806989
30813281
30822967
30823725
30825433
30827049
30835958
30837016
30837017
30849783
30864754
30879286
30884384
30907385
30918148
30935529
30953375
30965300
30975703
30975704
30978449
30978450
30978451
30978452
30980493
30989463
30992713
30995377
30999751
30999752
31004566
31031185
31033563
31039518
31039854
31047397
31048579
31056872
31059013
31059014
31059373
31076693
31099769
31103166
31103167
31116034
31124619
31137125
31137502
31142339
31142340
31147091
31151937
31160367
31172949
31186748
31186749
31198415
31204534
31214952
31225652
31225885
31227198
31227972
31233586
31234268
31234269
31234270
31235390
31240061
31240062
31240063
31242405
31245387
31246883
31263002
31273538
31290750
31291718
31294338
31319870
31324863
31325507
31330597
31340698
31345989
31349137
31356281
31362957
31363099
31366584
31368635
31374089
31383926
31400971
31416756
31416908
31420663
31427056
31427157
31432868
31435125
31449019
31449278
31450613
31461896
31470874
31472458
31480147
31496524
31511518
31520823
31527217
31535060
31535475
31539826
31546187
31550896
31571285
31578557
31608186
31631981
31647377
31651883
31672783
31674187
31674188
31680669
31681272
31707673
31709959
31709960
31716583
31728696
31734881
31744412
31752365
31752366
31754111
31756535
31756844
31758135
31758136
31771664
31792137
31805656
31824277
31826976
31827663
31830984
31845833
31845834
31852742
31853985
31875423
31880799
31888960
31894218
31894574
31895615
31900492
31913314
31917038
31918401
31921195
31927895
31945288
31950517
31964028
31979526
32009222
32026158
32046883
32080377
32091436
32099228
32101418
32105342
32116138
32135298
32136750
32143824
32150723
32154590
32170654
32181595
32181596
32191831
32230435
32248981
32248982
32250897
32253605
32256621
32256622
32260962
32292047
32305329
32310338
32335679
32356942
32377211
32408747
32413960
32417799
32426621
32433839
32457001
32474739
32486595
32486596
32488465
32488466
32490626
32494811
32497214
32500557
32504707
32519694
32526232
32549143
32555430
32556374
32560846
32561509
32562159
32562160
32564788
32573872
32579664
32580133
32582644
32583074
32583548
32583783
32584979
32585956
32586788
32587146
32588131
32588343
32588344
32588345
32588863
32589216
32590736
32591711
32591712
32594147
32617603
32619456
32622981
32631581
32631582
32638976
32646802
32666280
32673345
32673346
32673347
32674740
32682998
32684303
32694504
32696765
32705585
32710229
32717771
32719746
32722723
32724406
32724641
32728671
32736542
32755353
32759099
32761046
32763589
32776997
32776998
32789021
32798892
32798898
32798899
32801724
32820674
32823114
32826301
32831236
32831773
32831774
32836684
32838422
32843221
32849324
32852804
32852972
32855859
32859172
32865571
32866007
32870756
32872335
32877716
32879707
32883678
32892188
32895742
32895743
32898028
32901361
32905660
32908923
32915125
32917716
32919230
32929558
32934623
32937029
32941402
32941403
32946796
32963864
32978648
32980550
32981766
32985484
32991035
32994683
32994684
33002406
33002474
33024859
33033573
33040175
33048916
33049509
33055989
33067073
33067362
33078140
33082038
33101549
33118705
33120954
33128652
33131093
33131094
33135048
33137732
33146373
33151336
33157023
33157024
33168541
33168542
33175547
33176925
33184997
33200439
33202516
33209680
33222348
33223037
33223472
33235025
33243073
33244761
33251428
33280750
33284476
33294040
33303543
33310054
33323534
33323988
33341252
33344744
33348209
33358622
33368541
33368542
33374108
33382319
33384259
33384943
33384944
33385964
33386403
33405797
33412229
33414170
33417563
33419801
33424323
33432754
33432755
33433775
33437655
33437656
33442042
33453334
33463690
33463691
33465387
33476959
33478793
33498826
33500204
33507556
33510010
33517183
33518398
33518399
33519389
33525854
33526696
33527131
33528116
33541337
33543124
33545484
33550415
33552374
33571602
33578951
33591146
33595076
33604539
33616868
33620964
33623537
33631149
33631585
33631586
33633664
33638485
33640010
33646754
33654310
33682061
33689523
33689528
33696346
33707880
33715369
33728948
33735238
33737042
33738055
33738164
33742137
33767095
33767899
33778652
33786310
33789066
33794453
33808220
33810895
33810896
33823607
33828716
33832049
33832158
33845451
33872086
33876086
33876197
33877479
33904998
33906157
33912470
33923601
33927794
33927919
33928412
33929804
33931047
33935737
33937868
33940947
33983047
33992178
34001359
34011300
34011301
34026773
34036882
34039300
34048838
34065230
34067952
34067953
34099515
34108225
34108226
34136485
34136925
34139622
34145073
34145609
34147375
34167428
34170090
34186851
34187478
34189552
34190669
34196624
34260913
34262336
34287812
34287813
34288044
34299709
34304782
34308084
34308547
34318099
34318100
34342657
34350117
34354385
34374625
34381493
34392488
34400583
34410157
34410158
34424465
34429063
34432906
34440427
34443223
34449048
34455671
34456404
34463225
34473172
34473977
34475489
34478377
34492299
34509677
34521496
34523657
34547777
34551670
34556318
34558783
34558964
34564571
34573739
34578763
34591582
34595987
34608077
34612007
34612658
34616096
34616891
34634156
34642895
34649196
34654309
34656021
34657423
34673497
34673498
34691662
34697849
34698947
34699494
34737350
34748437
34756213
34758679
34764020
34770822
34773231
34781772
34783789
34783790
34787528
34789871
34792845
34821582
34822092
34822545
34822546
34822576
34826359
34828274
34828809
34841848
34842094
34847161
34847298
34849391
34850008
34850196
34854852
34854998
34859615
34865462
34866159
34896020
34906924
34908596
34910712
34910713
34916022
34932981
34944221
34959122
34972133
34990359
34991150
34991151
34992964
35003982
35008620
35026911
35027825
35027826
35040192
35041808
35054465
35058285
35066105
35066106
35068827
35068884
35072287
35077132
35078328
35084155
35094031
35096915
35128833
35131737
35140278
35140453
35152942
35155266
35172589
35178213
35179338
35190203
35206421
35212823
35223589
35224472
35225429
35238735
35240285
35240387
35243540
35248937
35248938
35263624
35274621
35296010
35296011
35327782
35329943
35334214
35341752
35355065
35364587
35364742
35369448
35375927
35387868
35388599
35389297
35393163
35425145
35425146
35430254
35432946
35444251
35446748
35454766
35459888
35461383
35464238
35464984
35469121
35476229
35478351
35486030
35491321
35491828
35495354
35505599
35509547
35509548
35510823
35514818
35514819
35514820
35519117
35533039
35537408
35548966
35553335
35560183
35563486
35577938
35590741
35594222
35629324
35635323
35641195
35641196
35647722
35648994
35649663
35659256
35679305
35692239
35701197
35705172
35705173
35712934
35714290
35716121
35716491
35737946
35741099
35741118
35741119
35745524
35745525
35747747
35758303
35758304
35810657
35811549
35811550
35814330
35826506
35833688
35836447
35837648
35841098
35841824
35842966
35846349
35856817
35879584
35902382
35905297
35905298
35907358
35908649
35910149
35913279
35927873
35931256
35936827
35937370
35937371
35945237
35969141
35985987
35996114
35996115
35996503
36000353
36003614
36011561
36030670
36034943
36034944
36035062
36038886
36038887
36051434
36052183
36052729
36058867
36058868
36082291
36087962
36107484
36108318
36109306
36116474
36116961
36123244
36125090
36128212
36130780
36131127
36132079
36132080
36132952
36137617
36142378
36144555
36161603
36161604
36204706
36205867
36216556
36219410
36234295
36234296
36252962
36253261
36253262
36254032
36254378
36256389
36257360
36258704
36263845
36264149
36271453
36287261
36304671
36318355
36324463
36325969
36342414
36352321
36369071
36369072
36437309
36446964
36450853
36459438
36463808
36486383
36489138
36494209
36500460
36514424
36528086
36531809
36531810
36532580
36534749
36549160
36553149
36556747
36562590
36567934
36572653
36572654
36574942
36574943
36604762
36606410
36613724
36618205
36623024
36647069
36649532
36651327
36662798
36662799
36673519
36677276
36682169
36689604
36704600
36735942
36736332
36736333
36744629
36768417
36770761
36780057
36790098
36801074
36819922
36823409
36834499
36834500
36834797
36841490
36847853
36854736
36863198
36869083
36870278
36888757
36894509
36906855
36910974
36917567
36922229
36928181
36947697
36953069
36960262
36962197
36965979
36968676
36976145
36979318
36981734
36983582
36988486
36989562
37009887
37010663
37012754
37015286
37019311
37019369
37035179
37048222
37048823
37050116
37054573
37055184
37055185
37058699
37070351
37075724
37080601
37082824
37082986
37082987
37083096
37087181
37087430
37087698
37089522
37097568
37104656
37107189
37118768
37119327
37122972
37123574
37128202
37138565
37141375
37147886
37158965
37172828
37173473
37185132
37193715
37211347
37220308
37221293
37239827
37257568
37266689
37276859
37283641
37294073
37307522
37307750
37310237
37312415
37312416
37317706
37332299
37332775
37338161
37345877
37346198
37375104
37393936
37395929
37407554
37421865
37422173
37432095
37433948
37446401
37448024
37454119
37461555
37462507
37469009
37474440
37475744
37477184
37477185
37478658
37481811
37484846
37490499
37493215
37497184
37499703
37512494
37512495
37513068
37524908
37525627
37526303
37532377
37550840
37551896
37552406
37552490
37575235
37577754
37586597
37587014
37587015
37599383
37605823
37615343
37619406
37619407
37619408
37619869
37632803
37635037
37635518
37638768
37650568
37669748
37669749
37672686
37673502
37678334
37679333
37679659
37680975
37688948
37692574
37695134
37724046
37728302
37731274
37731822
37735573
37737755
37737872
37740628
37745788
37750977
37760882
37763024
37763823
37763824
37775968
37776567
37780588
37788467
37789044
37808208
37821248
37824301
37829594
37829687
37839021
37839022
37841759
37842473
37852944
37866426
37886740
37886948
37887966
37888072
37891489
37893320
37894402
37894403
37894559
37898506
37898507
37900153
37900154
37903722
37905702
37928426
37931673
37935243
37939121
37940327
37941020
37943694
37948502
37948503
37962095
37962968
37966822
37967030
37973283
37975663
37976467
37976946
37984721
37998776
37998777
38007253
38010563
38021552
38022195
38022697
38044562
38045615
38058081
38073574
38092613
38100082
38105644
38121863
38122312
38122313
38137005
38137644
38146887
38146888
38150579
38151483
38172036
38173193
38173431
38174684
38175567
38183767
38186144
38203431
38209208
38214581
38221221
38222434
38224663
38224871
38227922
38232369
38232370
38232371
38233245
38236217
38246767
38246768
38257853
38270652
38290185
38293825
38297320
38305395
38307692
38326631
38326632
38336604
38341911
38341912
38341913
38352324
38365459
38367404
38370746
38375361
38384239
38399983
38399984
38405344
38415662
38416858
38440451
38454096
38457143
38460101
38468209
38473186
38474356
38478346
38482883
38485768
38485769
38489351
38493985
38494649
38508519
38509191
38511798
38517498
38518064
38528883
38532168
38534548
38550002
38557323
38569516
38573792
38574911
38576058
38581277
38586615
38610087
38613838
38619066
38619241
38635812
38635997
38648257
38649841
38653107
38654538
38655804
38668326
38674513
38676171
38685910
38685911
38689506
38691822
38697792
38697793
38727258
38727259
38727260
38731853
38735241
38735242
38739224
38743416
38747796
38748629
38749382
38749383
38752261
38753854
38755610
38757376
38761070
38762702
38768243
38771422
38771879
38777099
38783291
38792564
38795277
38797068
38814707
38819107
38833794
38838810
38843782
38849108
38858100
38870642
38873538
38879440
38881693
38885777
38890952
38894893
38894894
38898051
38904388
38910623
38914713
38919541
38938990
38938991
38941619
38943680
38943765
38945365
38950245
38952008
38980904
38987374
39012072
39015726
39015727
39031251
39031458
39033967
39051333
39053194
39055938
39084848
39086057
39091139
39101064
39101664
39101665
39101666
39105623
39114124
39138532
39152707
39171750
39171751
39174045
39186956
39195608
39201977
39207774
39207793
39212578
39215088
39219389
39238474
39238475
39239079
39246184
39259848
39261654
39268685
39286022
39289118
39289181
39309757
39343131
39349269
39367579
39375791
39377996
39392219
39397004
39398447
39409226
39411600
39420126
39423871
39426397
39430611
39430612
39454174
39466383
39468825
39468826
39491539
39491540
39495846
39497535
39514641
39518610
39520799
39549827
39555473
39555474
39563454
39593960
39595926
39601782
39604197
39614486
39622085
39625942
39631317
39633956
39638818
39639661
39642020
39646274
39666122
39671774
39680493
39683045
39683161
39695667
39695668
39704333
39713764
39739986
39743909
39745989
39747287
39753047
39770783
39783415
39795161
39796088
39796089
39797798
39819322
39819578
39824650
39824914
39826922
39826923
39835968
39841847
39844700
39847913
39847914
39876758
39898697
39912456
39918789
39934801
39939552
39945663
39945664
39959882
39966571
39966572
39966809
39986846
39997842
40000817
40008987
40027605
40034221
40034222
40041017
40043144
40055097
40071587
40071588
40093199
40093381
40100704
40118063
40125112
40125113
40127674
40131269
40146740
40153354
40154866
40165829
40176356
40196246
40197167
40214114
40216748
40218702
40221781
40222561
40252173
40260139
40268112
40271775
40287726
40306539
40309358
40316821
40322091
40322411
40328704
40339712
40346799
40348217
40350866
40371918
40378613
40380837
40402625
40410358
40415061
40420064
40436371
40436416
40437387
40441196
40457124
40468191
40486543
40489357
40492378
40494119
40498281
40500128
40521749
40534255
40541741
40545116
40553897
40568597
40573589
40573590
40584590
40589872
40621076
40621621
40638596
40654477
40655495
40655496
40680879
40685436
40701737
40705861
40705862
40710199
40710200
40715848
40730874
40733021
40740289
40749666
40751494
40753076
40754623
40754624
40756517
40770554
40770791
40770792
40773914
40776371
40779971
40812511
40812625
40852873
40855373
40856821
40870063
40875547
40879759
40890105
40896413
40896965
40898472
40907462
40912674
40916691
40916756
40943369
40977563
40986973
40991079
40993196
40996328
41001172
41007319
41007320
41009029
41009504
41026199
41038949
41040341
41045292
41045293
41046072
41065991
41066200
41069884
41073143
41073144
41076297
41087918
41090348
41102955
41102956
41147599
41149236
41164918
41166790
41171777
41174288
41192134
41201839
41211430
41224104
41229068
41230898
41235215
41237951
41251514
41257033
41259018
41265678
41266726
41274494
41281133
41282268
41291072
41296928
41308684
41320333
41320641
41336393
41361516
41391005
41391767
41397774
41409611
41450281
41450366
41471416
41472975
41479549
41498663
41505515
41524509
41530331
41551003
41559617
41570473
41577679
41581460
41614748
41617902
41618041
41629584
41641156
41654451
41654452
41654453
41655455
41668015
41668016
41680402
41694775
41694776
41732599
41738919
41739432
41749007
41749008
41763398
41769656
41769657
41772478
41782277
41782766
41793321
41793596
41795030
41799823
41809247
41820385
41825535
41844379
41855789
41856593
41903079
41913599
41918820
41919313
41930907
41935432
41941198
41976166
41998331
42015473
42016676
42016807
42016808
42057223
42057573
42060745
42076514
42086202
42086497
42093817
42095547
42115492
42132047
42145988
42158146
42160681
42201927
42204511
42206976
42232265
42232266
42247372
42247373
42249487
42263272
42267149
42276701
42284649
42284650
42306945
42314782
42316591
42324665
42336473
42340264
42352632
42355532
42356113
42357656
42362485
42362486
42372807
42377859
42378504
42393215
42410288
42414947
42414948
42415473
42421007
42426863
42433665
42443206
42443393
42444135
42444919
42450155
42456698
42464874
42474335
42474724
42474833
42486183
42493648
42498826
42499643
42510137
42510138
42532333
42534126
42553423
42565364
42568623
42568624
42574946
42576285
42576286
42579975
42583852
42583853
42587849
42599671
42599687
42606647
42609797
42613087
42627107
42628231
42644898
42649956
42656973
42656974
42666412
42666916
42674309
42683431
42688704
42688705
42690238
42690803
42702179
42727117
42737909
42741721
42754165
42754346
42757193
42757973
42767255
42788976
42790868
42792088
42804447
42824499
42824936
42851971
42859412
42862084
42862201
42863272
42863610
42868271
42879428
42883502
42885561
42886232
42908458
42911007
42931178
42938085
42941197
42947749
42948538
42954271
42968312
43018826
43023047
43024079
43024080
43029716
43060743
43063849
43073350
43097908
43100281
43109561
43116505
43116506
43133229
43152247
43164101
43169058
43181717
43184478
43191273
43191274
43193204
43254889
43258811
43280746
43302189
43325683
43328479
43328480
43334989
43350491
43353932
43373971
43379270
43396321
43424117
43441934
43443000
43457347
43459457
43478115
43478116
43493279
43494813
43502081
43513794
43519781
43533037
43533038
43537869
43570931
43572177
43641427
43643486
43643487
43645287
43659742
43669010
43680356
43683572
43691447
43700032
43701474
43716308
43717844
43720709
43728875
43728876
43733303
43736249
43737446
43749430
43761860
43774179
43785903
43796261
43801228
43805904
43808081
43821057
43840521
43845549
43861913
43865544
43866493
43868819
43873488
43880822
43889103
43892000
43903346
43910216
43913294
43916311
43923658
43931417
43941345
43946483
43953378
43964756
43969164
43969165
43970988
43983773
43984420
43985846
44016391
44026189
44035829
44042101
44042102
44064556
44077004
44089734
44095413
44097743
44113136
44169278
44169857
44176605
44182723
44184861
44194796
44197718
44200115
44200481
44202387
44211219
44212408
44219328
44222561
44224191
44224690
44236938
44245249
44268989
44268990
44279438
44297680
44310187
44311925
44311926
44316398
44331618
44336460
44336967
44338998
44342665
44342726
44353047
44359906
44370893
44371304
44381454
44384847
44405639
44413415
44417140
44419877
44421530
44422589
44430377
44440184
44463022
44482021
44484135
44487817
44500355
44501894
44501987
44502191
44509342
44509343
44509344
44526415
44531499
44540117
44546548
44547962
44553509
44576852
44576853
44577782
44579621
44601904
44603118
44620952
44632557
44643378
44675760
44682019
44686248
44687928
44692828
44712015
44724901
44750099
44750822
44752015
44754998
44764946
44771560
44779993
44782396
44789951
44791514
44798220
44806678
44812424
44821021
44835930
44854574
44872019
44872020
44908117
44908118
44909663
44931774
44938455
44938456
44953700
44955390
44970396
44971982
44988098
44990036
44991627
45002765
45002766
45005882
45011838
45018788
45018789
45018958
45021361
45028179
45030256
45030257
45030422
45041057
45041654
45041655
45048219
45050213
45061152
45066921
45071437
45095699
45100654
45153356
45163493
45168392
45177713
45181628
45203962
45215220
45216142
45239050
45253394
45259171
45261313
45261572
45264997
45271798
45280397
45281023
45287832
45289612
45290512
45291295
45291296
45294438
45304051
45323036
45326839
45335718
45342141
45348922
45359971
45383301
45391861
45394961
45402454
45453229
45459262
45459529
45468407
45471852
45495566
45495567
45506738
45508421
45511839
45515831
45517907
45521357
45526799
45531691
45532486
45557472
45563594
45565112
45567674
45569759
45570367
45575652
45582546
45583315
45612191
45616592
45621627
45621865
45621866
45623464
45630792
45632571
45638874
45640242
45643094
45655217
45655218
45686184
45686463
45704431
45705448
45707252
45714970
45731724
45738794
45750022
45771307
45771308
45772584
45774438
45781252
45787311
45791478
45792087
45814895
45814943
45819214
45819784
45823419
45825541
45825542
45834060
45834148
45834483
45835986
45848962
45853929
45854898
45856625
45870717
45876555
45886622
45897463
45904619
45917756
45951688
45952324
45961435
45965246
45968542
45994693
46009695
46009696
46014383
46014384
46018006
46031928
46031929
46044069
46054876
46061601
46076932
46077757
46090305
46102417
46102418
46102517
46104933
46107317
46114974
46115796
46124220
46132406
46137832
46150542
46174685
46190384
46200131
46207085
46207204
46209329
46216774
46224067
46230460
46231479
46231480
46231481
46231576
46233305
46235759
46243686
46246757
46247289
46254663
46256583
46259716
46259937
46269902
46270319
46274406
46288262
46300735
46303237
46308791
46316820
46316821
46324924
46328059
46332580
46338257
46338835
46339549
46371721
46371722
46411747
46425222
46457564
46464856
46494821
46512979
46515023
46526072
46530048
46533239
46533825
46533826
46537951
46541260
46549974
46549975
46552493
46555127
46560158
46574449
46580524
46591136
46595789
46595948
46597724
46617672
46627046
46641384
46678805
46698728
46707200
46711389
46716381
46717494
46725577
46740434
46748813
46750424
46752306
46758325
46778131
46778132
46778796
46782621
46785536
46790734
46797191
46818725
46819100
46827259
46831053
46857148
46861862
46880618
46889314
46891064
46896145
46896146
46901840
46904119
46919012
46941389
46958118
46958119
46976602
46978166
46982726
46988155
47002911
47015497
47033321
47038654
47057477
47060484
47064293
47066193
47072743
47073343
47077080
47090373
47091342
47096903
47114733
47115688
47122010
47127693
47148813
47163181
47166258
47168211
47174874
47187511
47187512
47203979
47203980
47214548
47217680
47222620
47223053
47243497
47246247
47251248
47253140
47253141
47260544
47266313
47288643
47290046
47291933
47294360
47311824
47319854
47323547
47323721
47328344
47329083
47335565
47362691
47367176
47367668
47373326
47374662
47393792
47401639
47408527
47412142
47447453
47450447
47454555
47472768
47496159
47498198
47499036
47503301
47553223
47558430
47558717
47567421
47580533
47586404
47590131
47593042
47593043
47595128
47602078
47613705
47620549
47630834
47635468
47640236
47655122
47664173
47664174
47669325
47676956
47678639
47704564
47716324
47723686
47728348
47733020
47733021
47753168
47769478
47770394
47778861
47790722
47805773
47805865
47807224
47807225
47817598
47833058
47833679
47838099
47838100
47838101
47838102
47841926
47847109
47860237
47880862
47914582
47914652
47930175
47940406
47941376
47941377
47946727
47949099
47963836
47965837
48005312
48019005
48023585
48023586
48031779
48043871
48065626
48065627
48071450
48078224
48116451
48124879
48156674
48162195
48168781
48181227
48207025
48214234
48216638
48220776
48263438
48282126
48283974
48295301
48299639
48302574
48308544
48308928
48311498
48315999
48322952
48322953
48333462
48344011
48352561
48352916
48352917
48355564
48355682
48355683
48375623
48385047
48385721
48396711
48407762
48414029
48424452
48451131
48455034
48460710
48460711
48463165
48467792
48474060
48487312
48489804
48491148
48497460
48502046
48513496
48515372
48528929
48539601
48568623
48569356
48571488
48573230
48584428
48586591
48614402
48614496
48633222
48633958
48636805
48637598
48637599
48644443
48661621
48662341
48664041
48694629
48708436
48743265
48772061
48786922
48787152
48789185
48789709
48797074
48800241
48811433
48813810
48813811
48813812
48814111
48814112
48819937
48821613
48825230
48833114
48855610
48867262
48868709
48871373
48882930
48883004
48898328
48943285
48947704
48990135
48996308
49023511
49027238
49033324
49036727
49037859
49040885
49042922
49053486
49055432
49064125
49066582
49068457
49077444
49080798
49088302
49092280
49092989
49109266
49124267
49124318
49134396
49162705
49174486
49177528
49192350
49193019
49193341
49205933
49206559
49206560
49227471
49254790
49296521
49308566
49312091
49342345
49347076
49356655
49372298
49372912
49381939
49381940
49391592
49414559
49414560
49415750
49416546
49416547
49416548
49448902
49449463
49458186
49507245
49514655
49514656
49517303
49521341
49533525
49541594
49542797
49560509
49574236
49574237
49618894
49636640
49659854
49694410
49697680
49700005
49705574
49707742
49708732
49733782
49752051
49757118
49759071
49773957
49773958
49776712
49788016
49791405
49795706
49798551
49798552
49839963
49886263
49887452
49890279
49892877
49892878
49892896
49893023
49895149
49908445
49912535
49912783
49932276
49935537
49939712
49950556
49954343
49968092
49982656
49987038
49987039
49999116
50004291
50014402
50020409
50036556
50038077
50041910
50052727
50055045
50064467
50068936
50073216
50074275
50089414
50109935
50112242
50124652
50124653
50125695
50137421
50158005
50159326
50159712
50191120
50203289
50205382
50228273
50228274
50240927
50243124
50248778
50255276
50258740
50260703
50273656
50279239
50280280
50287935
50296671
50315072
50315073
50325248
50362784
50407591
50412934
50424944
50444219
50452254
50479271
50481615
50481616
50486048
50515925
50517919
50521013
50521014
50535029
50539057
50547808
50547809
50556857
50563719
50568470
50571238
50577757
50585369
50587723
50603001
50608583
50626268
50636269
50636549
50641174
50641847
50645185
50655212
50655773
50655921
50657327
50666304
50678521
50681938
50695817
50696176
50697358
50697359
50701705
50702873
50702874
50713389
50718662
50720658
50735859
50735860
50739719
50755910
50755911
50757971
50766888
50767069
50777229
50777230
50779061
50781836
50786568
50795587
50795588
50813587
50814515
50843686
50853612
50853613
50861653
50873665
50873666
50884613
50887688
50913993
50916293
50928720
50932459
50932460
50945821
50950493
50960717
50979614
50988495
50994472
50997993
51004148
51005290
51010479
51013992
51026069
51028616
51028617
51029187
51029188
51032362
51035581
51036929
51040534
51049898
51052460
51064474
51077111
51079524
51079696
51081407
51086506
51091049
51095692
51096677
51110967
51111820
51112918
51117713
51122197
51141815
51154022
51157419
51161003
51162723
51164319
51174641
51177223
51183467
51186980
51192591
51205471
51235228
51236479
51245084
51247998
51257821
51259095
51273163
51302333
51305916
51307343
51307344
51313236
51313571
51314361
51314362
51314363
51324045
51324951
51348905
51352235
51355529
51372298
51391947
51394756
51397983
51411312
51416013
51443389
51444903
51449394
51450005
51450327
51462913
51463928
51485166
51493197
51494001
51496687
51499528
51508926
51532243
51533883
51535592
51537320
51553472
51554742
51573036
51577370
51583916
51589393
51606983
51607266
51653028
51664414
51676582
51694752
51698578
51706268
51732575
51764097
51778367
51778698
51817644
51839096
51839097
51844398
51852706
51874764
51876823
51889829
51895206
51895207
51908693
51925864
51931502
51931887
51937522
51952417
51965140
51975107
51980389
51980390
51984321
51986967
51995323
51998775
52008963
52008964
52009789
52010221
52028808
52046264
52046297
52046298
52046299
52049228
52059692
52072502
52075902
52085823
52096209
52108429
52176515
52180512
52182077
52195343
52204226
52221776
52224924
52225191
52225733
52226532
52230013
52241037
52243122
52254783
52257795
52263762
52300429
52311654
52334538
52339999
52340131
52346951
52348541
52365062
52367677
52385449
52388335
52392013
52411754
52449933
52450353
52450499
52477578
52483787
52486988
52502488
52504357
52515393
52517877
52524591
52534324
52537358
52545104
52545750
52545751
52546459
52549551
52554506
52556861
52563224
52565418
52575160
52583065
52590599
52598921
52603898
52605251
52605804
52643590
52659174
52662562
52662758
52671507
52674802
52689836
52692714
52717846
52732938
52757214
52786019
52796148
52802695
52802696
52810617
52831744
52860715
52864782
52901930
52902679
52905278
52915091
52935613
52937064
52943289
52944227
52993032
53012758
53025696
53032104
53040754
53059574
53067851
53067852
53070910
53074042
53079971
53086094
53092817
53099692
53102566
53114629
53114954
53132258
53138666
53139335
53145910
53147760
53152706
53155604
53165729
53174917
53183448
53189681
53198096
53202706
53223055
53254078
53259569
53271722
53271723
53274629
53275462
53276439
53282349
53283758
53283759
53287664
53290948
53298111
53317588
53327007
53341851
53397920
53401378
53401380
53405427
53405428
53407261
53407648
53409250
53424553
53426669
53428449
53430422
53433586
53443808
53452382
53460429
53478764
53504811
53528289
53534579
53539509
53541834
53573594
53576688
53579128
53593013
53598608
53606236
53606555
53606967
53628978
53638766
53639125
53639885
53656453
53659075
53668592
53668593
53674570
53680337
53688413
53689699
53720798
53723745
53734863
53748319
53752308
53756834
53759648
53760577
53769871
53793596
53805352
53812648
53830412
53838653
53838654
53845504
53852920
53852921
53854623
53857136
53857997
53892310
53892311
53923798
53938602
53987587
53989802
54022565
54025992
54030218
54030219
54034022
54034023
54056307
54065131
54069854
54070441
54086471
54091557
54095597
54120723
54145550
54152746
54155542
54160936
54164401
54169127
54190617
54208292
54210049
54214743
54219422
54221556
54235003
54244067
54244068
54250166
54251438
54268877
54269388
54281626
54281908
54290297
54301258
54312334
54315026
54316767
54316768
54319229
54341244
54342364
54345972
54354012
54356915
54356916
54359234
54362716
54366846
54366847
54368904
54368986
54370874
54380600
54384548
54385681
54388383
54388384
54396144
54400091
54400092
54405147
54407261
54419506
54435545
54436991
54442634
54444348
54445996
54452305
54459532
54484052
54490303
54492667
54505194
54519066
54533203
54534755
54536036
54538330
54544361
54549188
54553827
54572073
54574621
54603470
54616912
54635047
54635048
54635788
54639391
54663200
54664564
54677305
54684369
54685504
54689849
54691194
54698378
54699796
54700643
54703736
54707814
54719261
54719262
54752872
54753908
54759295
54759296
54777015
54778292
54781928
54790953
54815957
54816082
54824878
54834972
54841232
54841233
54842063
54850015
54858527
54865692
54865693
54870666
54888916
54888917
54900749
54911474
54911554
54929642
54933084
54940966
54946519
54965419
54968284
54975397
54978494
54989854
54993159
54999831
55003688
55010042
55012967
55012968
55021527
55034789
55034790
55054388
55054963
55058455
55065525
55069461
55069517
55079351
55090955
55092598
55094092
55094093
55098624
55100823
55108547
55108548
55110742
55135494
55148225
55152582
55152583
55173309
55173310
55178632
55178633
55197468
55198148
55200674
55201002
55208032
55212260
55221388
55229070
55229071
55229072
55248723
55287468
55292686
55304053
55313606
55316575
55321706
55322318
55322880
55323552
55323553
55324912
55326587
55327542
55327572
55330317
55331078
55331833
55334132
55334913
55338564
55338565
55339604
55344031
55347696
55349107
55368508
55368727
55372382
55376369
55376903
55378565
55387851
55392350
55395999
55396583
55401002
55411640
55414449
55419142
55426663
55427433
55437693
55438967
55445388
55465370
55471508
55479599
55479600
55479796
55479797
55480233
55484824
55489263
55508459
55510301
55524104
55527230
55527601
55527602
55527603
55529663
55540989
55564897
55569292
55588538
55591958
55604599
55605931
55618573
55618574
55620633
55621304
55624546
55630439
55631294
55670509
55678169
55685901
55687985
55695981
55697922
55708416
55708417
55708418
55714374
55721454
55723226
55736124
55739306
55762622
55773148
55780646
55790360
55801701
55803634
55805672
55811349
55819464
55821048
55866742
55866743
55872736
55882373
55884243
55896656
55896657
55898028
55912436
55915682
55925646
55928164
55928165
55938956
55942781
55944302
55948147
55957544
55958194
55958438
55962088
55962166
55962167
55964197
55966678
55972981
55979249
55980687
55990788
55993928
55997665
56017408
56018108
56019921
56022103
56024505
56024992
56026112
56034696
56042282
56042503
56042504
56049909
56050669
56050927
56051304
56057846
56057932
56066614
56066615
56071999
56105799
56105800
56110037
56122116
56138663
56140973
56147897
56150261
56151741
56156504
56160997
56161159
56168276
56179704
56186853
56191966
56204389
56206499
56220713
56220714
56220746
56223914
56224386
56225636
56225974
56225975
56233670
56233671
56259255
56260637
56262059
56266715
56270090
56270091
56271629
56280964
56282544
56300511
56307670
56339415
56340295
56346870
56348927
56351954
56353535
56360190
56363174
56367969
56370857
56396272
56402597
56430546
56430547
56430548
56433778
56443906
56448831
56450371
56464707
56474116
56474117
56484652
56491764
56494186
56499517
56499518
56503642
56511194
56511772
56532558
56541954
56546059
56546060
56549797
56555342
56569246
56570496
56572051
56598902
56600515
56603881
56606975
56610652
56626097
56626098
56632283
56638321
56648498
56648973
56668829
56683224
56684923
56689387
56690166
56693902
56700563
56701292
56706586
56713040
56714783
56714894
56717999
56728265
56737743
56752611
56792113
56798129
56805109
56813066
56818562
56842161
56845223
56850244
56856133
56859338
56861495
56861631
56874364
56877732
56889324
56902134
56902146
56904917
56908253
56911475
56916110
56919074
56919075
56930566
56934348
56940349
56941856
56942108
56946327
56954362
56959175
56965973
56966569
56967084
56969748
56970294
56973849
56981806
57011595
57015416
57016747
57017894
57018738
57021769
57023021
57026210
57039251
57047139
57047324
57060814
57060815
57065851
57067486
57071888
57093298
57095768
57096533
57100509
57100510
57103946
57109841
57111378
57113853
57115700
57123081
57128707
57130698
57130699
57136878
57137999
57139986
57146822
57152469
57157395
57158219
57161322
57166182
57168334
57170618
57180653
57180654
57180678
57215078
57216200
57227378
57229902
57229903
57237608
57244813
57253762
57253763
57260745
57264028
57264044
57269928
57274437
57285384
57297875
57313826
57313827
57316364
57316365
57326499
57326500
57330314
57333373
57343758
57358441
57372641
57380354
57406270
57410615
57419406
57431659
57458661
57494585
57499256
57500219
57502756
57517271
57521179
57549599
57552624
57563709
57572213
57601747
57615533
57619182
57625627
57625628
57634639
57646714
57670638
57670639
57702877
57703590
57716372
57722036
57755747
57764342
57768652
57773294
57779311
57790817
57793219
57808076
57811868
57839643
57849440
57851545
57860997
57861079
57865021
57872093
57882374
57895795
57907704
57914328
57914329
57915098
57918165
57923723
57923724
57923725
57937038
57938168
57967851
57971983
57979433
57983796
58005610
58010352
58016571
58016915
58022782
58041423
58059065
58064093
58068873
58087672
58089999
58091681
58097149
58113183
58125090
58136273
58136616
58153703
58157799
58162832
58173322
58182316
58193230
58203416
58208419
58209417
58211026
58211549
58212086
58215181
58224796
58225446
58225447
58227152
58227665
58230521
58231729
58246168
58255586
58257055
58257481
58271289
58276798
58276799
58285821
58287659
58290074
58305129
58317398
58321876
58335071
58352227
58353214
58353964
58356783
58361280
58367164
58368386
58377173
58415871
58416559
58416560
58437949
58444889
58461323
58468278
58470898
58473543
58477476
58483137
58488307
58510205
58525489
58536061
58542123
58545197
58547492
58553612
58590309
58590310
58590312
58592232
58593093
58598334
58641173
58683219
58756858
58760993
58775561
58775562
58828338
58841171
58868074
58869749
58887763
58889681
58895822
58909696
58912957
58928791
58928792
58941683
58943046
58964007
58969733
58982286
58987570
58993464
59008099
59038228
59042006
59061092
59072878
59103029
59111797
59131169
59141566
59150343
59154339
59154340
59177949
59182872
59183892
59220927
59233873
59237126
59238384
59239773
59248566
59250853
59277299
59281390
59294113
59322780
59323001
59323002
59327896
59337419
59337420
59348759
59349291
59350092
59379928
59389511
59416132
59416133
59430903
59445270
59446123
59449166
59453062
59460540
59462002
59462003
59479306
59486567
59565514
59615257
59646657
59651654
59674697
59676252
59677167
59705069
59733957
59733958
59734426
59750543
59754431
59755681
59792690
59809691
59813783
59819572
59819614
59823226
59823227
59829208
59849848
59852472
59857466
59866514
59869699
59873776
59880474
59881768
59887201
59912899
59929228
59959779
59981492
59985836
59991620
60019270
60034545
60036702
60038438
60043134
60060402
60065051
60069897
60080743
60092164
60100949
60102564
60104771
60106182
60107069
60112271
60113900
60116159
60129439
60141112
60148054
60162928
60168611
60180798
60182828
60197316
60197317
60197878
60211160
60213674
60223708
60227189
60227395
60233897
60258199
60269934
60305813
60348739
60348740
60355914
60364706
60365682
60371064
60371749
60385070
60391218
60406235
60409187
60419177
60432786
60442001
60472637
60483344
60484058
60485451
60487161
60501944
60504221
60504222
60509724
60515001
60518896
60538367
60584158
60584913
60594390
60594391
60605295
60606640
60617444
60619576
60621818
60622637
60624968
60644337
60655151
60676888
60692954
60696654
60699855
60699856
60699857
60702088
60703022
60721970
60733053
60733054
60733083
60733084
60733277
60736661
60745484
60745739
60747748
60749838
60751298
60751299
60754746
60757693
60759718
60762435
60763987
60766292
60771609
60779444
60788241
60796179
60796678
60815699
60830551
60830552
60836554
60851131
60852407
60868310
60872731
60878023
60887034
60888439
60898317
60912022
60931128
60933680
60979414
60982445
60983910
60988071
60992853
61013220
61043277
61049145
61052603
61052604
61061902
61061903
61070729
61079876
61079877
61089141
61111935
61114607
61123446
61127068
61137569
61144827
61145682
61159897
61164722
61187653
61193241
61198238
61208923
61216793
61227078
61233443
61269909
61272326
61272327
61282594
61283705
61313439
61322245
61332358
61339262
61358546
61361686
61370929
61381890
61394693
61395515
61397375
61398523
61401557
61404787
61405054
61408367
61416604
61427073
61432998
61447894
61481120
61481121
61481666
61481667
61484224
61494337
61494338
61504430
61511435
61511436
61514309
61522292
61529697
61532632
61535806
61550214
61558751
61577471
61579949
61585858
61595896
61598588
61604682
61606826
61609858
61610614
61621611
61622825
61622868
61623530
61640916
61648710
61653148
61659339
61665343
61673139
61679110
61679111
61679484
61687534
61692713
61695554
61700699
61704607
61706423
61713252
61723441
61730665
61744030
61744031
61747095
61748972
61762406
61770859
61781634
61782277
61782278
61784073
61788919
61791515
61793189
61799847
61804221
61804222
61809551
61809607
61840796
61857806
61860430
61862709
61874068
61880179
61883923
61897482
61897728
61903203
61929452
61929453
61931386
61931783
61939419
61954929
61956205
61963977
61963978
61963979
61981349
61989093
61990733
61994541
61994542
61994543
61996752
61997193
61997452
62001054
62010258
62016623
62016624
62017721
62019957
62019958
62024566
62024567
62028371
62029146
62040795
62043281
62050013
62060674
62069201
62078468
62088031
62098135
62099646
62100282
62100862
62110985
62112270
62114663
62128691
62137661
62141606
62143427
62153621
62175462
62190961
62211173
62218794
62245764
62252719
62298573
62312589
62322908
62327498
62327740
62338142
62341219
62341220
62349740
62351134
62351282
62369417
62378388
62380493
62392854
62393356
62399647
62399655
62400866
62407398
62410408
62413243
62447343
62459302
62461774
62472989
62484119
62486213
62511238
62536977
62543039
62584360
62585203
62589596
62589859
62601954
62605757
62607444
62628319
62629663
62649144
62652313
62654030
62654486
62656239
62693466
62693467
62695070
62701573
62721436
62724792
62741662
62742318
62750269
62751334
62753560
62759033
62767981
62797656
62799623
62800658
62808629
62825775
62826642
62826643
62853351
62853613
62855578
62855579
62881773
62882597
62886939
62902463
62911182
62925914
62934951
62938553
62939866
62942533
62958336
62960500
62963151
62986053
63005861
63005862
63009833
63011373
63012751
63034670
63043388
63056596
63059793
63062468
63070642
63107566
63109463
63112341
63114162
63118229
63119197
63127693
63137687
63140402
63140403
63158367
63159514
63162173
63164693
63168013
63169907
63172673
63173823
63174395
63174396
63205676
63207899
63216707
63220200
63220764
63221525
63221526
63223313
63226823
63233366
63239732
63249722
63249933
63250199
63254594
63254974
63263874
63274686
63325882
63332268
63332753
63334299
63335081
63336948
63344777
63344939
63369417
63369982
63399274
63400348
63400817
63404974
63408673
63432915
63433598
63433599
63438805
63445479
63474638
63493623
63511991
63517421
63524525
63536099
63543125
63544069
63546017
63556572
63556573
63563036
63573156
63602971
63605496
63619874
63627342
63631269
63637297
63637709
63644124
63649998
63650718
63658385
63669318
63680205
63688337
63694097
63703448
63708557
63709161
63725504
63729189
63729190
63729896
63746836
63747086
63749247
63749248
63754248
63758471
63763752
63764873
63771485
63774544
63783673
63797692
63807252
63813679
63831324
63843846
63868296
63870074
63873492
63882003
63906983
63906984
63918723
63930996
63936522
63936869
63936870
63957093
63984616
63985191
63988646
63989572
63991289
64004677
64006445
64021580
64021646
64052808
64106521
64114034
64120698
64132392
64136821
64168095
64187547
64197013
64217014
64245695
64246433
64257788
64258256
64280133
64282316
64283776
64283777
64288862
64291113
64298894
64300478
64313325
64358732
64369169
64369410
64378544
64380604
64391550
64391551
64407118
64426047
64426322
64427671
64445347
64455050
64478461
64489720
64498287
64504235
64526955
64527887
64527888
64529773
64534469
64559949
64568718
64575223
64575224
64602695
64625309
64625310
64633347
64645847
64656094
64669153
64676652
64678357
64682702
64693983
64703033
64703652
64705465
64705497
64713303
64720614
64722412
64729771
64731609
64739382
64739383
64739384
64747668
64754988
64767069
64787641
64787642
64788926
64800490
64802063
64805695
64805696
64809792
64810824
64811782
64816949
64820370
64828832
64831339
64835865
64837915
64845240
64849048
64867516
64870671
64870672
64878678
64886611
64886612
64894651
64905100
64909313
64917772
64921283
64939944
64953895
64960435
64965290
64970852
64975308
65027960
65057822
65059356
65068638
65103705
65107145
65111933
65115971
65135055
65135854
65135855
65155743
65162991
65166396
65177447
65185572
65202913
65211181
65221451
65223598
65233297
65234046
65258422
65267368
65267369
65273881
65273882
65276358
65280794
65280795
65280796
65280797
65291583
65298713
65299974
65307623
65310783
65329691
65331734
65333867
65354299
65357058
65365626
65396718
65405119
65410727
65411181
65414554
65418460
65418461
65422947
65450301
65451228
65466815
65468561
65474142
65474804
65481531
65488342
65489577
65489578
65489893
65498398
65507167
65507168
65509176
65510774
65511862
65520547
65522671
65526319
65538262
65559427
65559428
65559429
65565966
65574638
65587647
65591935
65607215
65612329
65615964
65633236
65642563
65644524
65645862
65647876
65648443
65649173
65649877
65650750
65688593
65689999
65704311
65715438
65715487
65715488
65724281
65725924
65742999
65781669
65797652
65803154
65803868
65804793
65808971
65820597
65823639
65844479
65856108
65896964
65910011
65913605
65913606
65922306
65928893
65935669
65943126
65949293
65952245
65952246
65962698
65968298
65968299
65973086
65974860
65977937
65983799
65986145
65994710
65996598
66014243
66024683
66025803
66026726
66030974
66050369
66050370
66060469
66061930
66061931
66075137
66086288
66109847
66111954
66114276
66120623
66128388
66128971
66131244
66139425
66139426
66140748
66143425
66146154
66159499
66159500
66172839
66180286
66189632
66200559
66220370
66223183
66225164
66230045
66240997
66258996
66259823
66259824
66273873
66278748
66280583
66285653
66290528
66291146
66299307
66305122
66308032
66314394
66319196
66319197
66331349
66343535
66354287
66354288
66366298
66367832
66369993
66372316
66374151
66374152
66376142
66376813
66386868
66394196
66399046
66402833
66407984
66408287
66425405
66425406
66429583
66436945
66448541
66455854
66460460
66469245
66470753
66470754
66470755
66475218
66480179
66480956
66484326
66487186
66489082
66496574
66501464
66515711
66516893
66530262
66536724
66540813
66543605
66576681
66588558
66589526
66589533
66601182
66612093
66623582
66624931
66629151
66636308
66646767
66648503
66660907
66660908
66660909
66661213
66664608
66665091
66667754
66669523
66669524
66669810
66675885
66681599
66685869
66688722
66706901
66719658
66747027
66752604
66753894
66754190
66757549
66760373
66784818
66784819
66786742
66788476
66789826
66791711
66795805
66797059
66803735
66803844
66809743
66812285
66813317
66815472
66818207
66826407
66837823
66837824
66867323
66869677
66889454
66889456
66893979
66901868
66904994
66914396
66927996
66946396
66953893
66953894
66955853
66989075
66995501
66997137
67016572
67018849
67018850
67025334
67025475
67036442
67050905
67056564
67071938
67076942
67076943
67116059
67142867
67152922
67172726
67173382
67219807
67228846
67237310
67242787
67261654
67262999
67286183
67291649
67298015
67303303
67315192
67330865
67340404
67345450
67348391
67356489
67361687
67361688
67381878
67382916
67384368
67401795
67402906
67456862
67457388
67462424
67468647
67482127
67490747
67517186
67525959
67525973
67563907
67565978
67568694
67570799
67577383
67581016
67592541
67599902
67609428
67611419
67618757
67625451
67627271
67653199
67655697
67660645
67662185
67680187
67709073
67753238
67754112
67754917
67757961
67762718
67763799
67764065
67777058
67780577
67815478
67817774
67819553
67824627
67829673
67863092
67866921
67873710
67875268
67886806
67894955
67896784
67905563
67933119
67934148
67939539
67943394
67946873
67954949
67959559
67961483
67977074
67993327
67996655
68005447
68013212
68015840
68025808
68043695
68044555
68045798
68056524
68060647
68069164
68075513
68076791
68089378
68095744
68095745
68099908
68104932
68109499
68117200
68117201
68117475
68134414
68146097
68154749
68162177
68162178
68181097
68186974
68193201
68195088
68218946
68219284
68219303
68220873
68229841
68236977
68240852
68263029
68267919
68277723
68287517
68290232
68299073
68300769
68307474
68323751
68323752
68325124
68343362
68344716
68357999
68368311
68373072
68374282
68377081
68377329
68377893
68392222
68397716
68408710
68411124
68412739
68420714
68436411
68453965
68457474
68473753
68479169
68479232
68483274
68501768
68505059
68506071
68508955
68508956
68512274
68514450
68515663
68516905
68521631
68541640
68541641
68541642
68544643
68553041
68555048
68555049
68555112
68558704
68565548
68565549
68574911
68583897
68592743
68595446
68599465
68619770
68641169
68644146
68644147
68647927
68661898
68672264
68675630
68685317
68690449
68691860
68694211
68703515
68708063
68708064
68711179
68719028
68734025
68738032
68740902
68745557
68751345
68764868
68765813
68771237
68771238
68773820
68773821
68778576
68782815
68787385
68792881
68797321
68809877
68813685
68813686
68824402
68829098
68829099
68833236
68848415
68849598
68852192
68874558
68896350
68900165
68904549
68915975
68918353
68926107
68930421
68930973
68937308
68941993
68943531
68950789
68966008
68971821
68982703
68998262
68999614
69001964
69001965
69005431
69008233
69008234
69016721
69034783
69035918
69037544
69041532
69057582
69064877
69066029
69084987
69086792
69099310
69101976
69103033
69106166
69109983
69112604
69114031
69122492
69123003
69126368
69127212
69139649
69139650
69139651
69143485
69144258
69165641
69168390
69171140
69185309
69192106
69199506
69205331
69205792
69216266
69217131
69224630
69243499
69248429
69248430
69276619
69296028
69322418
69342503
69345092
69361303
69365111
69377624
69380176
69398427
69399385
69406154
69419216
69466186
69479133
69499064
69521177
69527663
69527664
69542722
69546894
69549838
69559472
69574767
69575802
69595685
69597574
69600020
69609319
69619434
69619435
69623799
69635733
69637305
69643186
69643187
69646028
69649955
69658958
69663708
69669299
69679256
69687635
69693061
69693062
69706310
69728438
69735147
69751967
69757034
69768643
69774733
69774734
69793961
69817128
69817796
69837908
69845774
69849269
69859242
69865377
69877402
69882291
69892522
69894724
69906093
69909369
69916686
69921437
69921438
69934511
69935093
69936072
69967049
69967786
69971404
69973406
69980208
70013458
70037000
70043471
70057594
70068088
70070733
70083620
70109750
70131578
70132703
70147262
70159436
70161206
70162293
70177155
70177501
70185028
70205188
70217319
70246949
70272183
70288943
70291626
70317837
70329098
70356179
70365005
70380476
70381545
70383837
70410974
70418567
70442163
70450190
70472479
70472480
70477664
70494820
70496944
70502055
70513192
70518508
70531751
70543897
70547306
70550818
70550819
70552114
70559157
70560817
70574776
70580869
70586293
70586591
70589014
70608621
70614069
70614779
70638839
70650092
70661382
70664951
70667506
70675244
70677964
70679725
70683346
70689005
70689593
70689971
70690107
70693214
70693933
70693934
70695096
70698477
70700313
70700314
70731146
70732050
70739486
70749083
70750582
70775779
70775780
70779322
70787469
70797254
70797968
70807625
70818326
70820144
70849884
70851224
70864694
70864973
70865833
70890382
70898732
70901379
70933912
70936229
70936230
70936374
70944209
70944210
70946170
70949448
70949449
70952782
70954862
70963001
70992648
70992649
70993366
70995118
70998002
70999018
71001344
71015710
71019167
71019168
71024190
71029772
71030451
71032388
71032389
71039401
71042402
71049144
71051483
71051484
71074902
71085328
71085736
71095604
71096659
71100610
71115442
71115443
71119383
71123696
71131629
71131630
71135903
71142991
71149303
71177924
71186105
71186106
71194234
71196476
71204207
71204858
71207854
71209332
71216044
71219821
71238565
71245397
71245398
71248201
71259239
71269643
71280426
71280739
71282988
71291723
71302468
71302741
71322851
71325902
71330426
71342776
71342963
71351588
71369526
71369926
71378315
71378795
71384121
71387799
71393594
71406443
71415278
71416592
71419740
71428431
71429263
71430848
71433785
71451591
71452104
71471045
71476487
71477602
71499265
71513587
71517092
71517203
71519149
71523292
71523360
71524708
71526777
71527858
71533131
71533497
71538443
71552984
71556781
71592420
71597335
71604746
71605907
71608820
71614979
71615423
71616634
71622801
71629127
71634427
71639569
71640617
71646313
71649774
71666764
71685794
71686471
71686472
71699944
71703148
71703149
71707514
71708086
71717978
71719309
71727447
71732663
71752775
71761664
71773084
71781304
71789794
71789990
71794912
71820217
71825137
71826071
71834766
71846674
71851491
71860590
71861039
71862294
71862295
71865006
71873778
71877869
71894721
71895025
71899784
71899815
71899816
71902529
71912111
71913113
71914804
71920572
71924005
71926987
71931341
71933366
71952253
71965023
71966073
71972279
71976178
71978695
71997638
72003615
72003616
72010860
72014011
72020269
72021180
72024863
72029150
72043097
72055055
72056267
72063336
72063991
72070324
72085838
72086993
72090606
72101082
72115244
72116994
72117063
72118176
72131038
72133240
72141555
72147500
72165697
72165698
72171748
72178183
72188441
72201821
72207000
72208198
72212109
72212110
72214638
72219447
72226847
72228439
72228440
72244287
72244288
72244814
72249527
72250681
72250682
72261843
72268323
72268324
72268325
72271963
72284616
72286092
72286093
72286094
72286095
72296815
72306321
72313722
72316789
72316828
72319220
72320223
72322286
72329892
72330516
72346063
72353253
72358321
72366842
72381942
72393031
72400410
72409975
72409976
72410139
72412474
72412898
72413891
72425963
72430027
72430535
72445130
72451843
72451844
72471915
72477231
72481055
72481199
72486811
72492846
72515270
72522942
72523166
72538984
72543310
72548857
72555839
72562082
72570714
72572294
72583414
72601868
72608572
72611906
72612054
72624856
72625745
72640777
72642423
72667502
72671686
72682320
72691479
72703433
72710967
72717643
72722535
72739679
72745523
72755953
72767320
72770533
72787760
72791070
72801118
72811108
72826862
72830189
72832540
72839644
72842050
72867316
72867317
72886554
72894238
72902542
72918509
72918710
72932989
72932990
72937172
72946337
72961797
72961798
72967957
72972821
72982898
72984919
72987453
72997503
73000938
73002113
73025720
73044915
73048707
73059476
73067439
73072117
73073258
73084084
73084085
73095775
73105008
73112882
73118108
73125555
73125935
73128317
73137429
73139565
73158853
73170498
73170499
73174086
73174087
73183007
73187903
73188320
73190573
73202819
73212356
73227848
73252273
73255271
73259429
73264013
73264564
73271351
73273560
73277697
73280829
73280830
73285772
73293092
73317292
73326302
73329567
73342827
73351652
73355268
73360591
73376753
73377198
73389149
73394614
73395661
73402342
73406916
73444730
73444731
73450845
73454795
73455891
73472654
73474956
73474957
73476446
73478243
73479418
73482014
73482337
73492597
73521384
73524279
73529642
73546547
73547972
73553654
73571057
73573799
73574874
73581538
73585710
73595144
73602151
73605697
73624471
73631752
73645501
73645502
73647297
73660465
73662406
73662407
73667539
73686779
73692709
73706124
73720433
73725624
73740299
73748869
73748870
73751873
73763411
73764287
73764288
73772410
73778102
73797622
73799134
73806261
73812463
73816532
73817756
73831534
73838306
73839071
73851739
73854537
73861602
73876006
73896547
73898118
73909546
73918458
73929848
73936005
73947804
73960900
73985949
74023648
74023649
74028557
74031697
74036003
74042380
74042956
74046411
74056571
74062112
74078936
74079659
74080940
74080941
74097941
74105490
74110334
74115091
74120959
74126653
74127527
74141206
74144150
74165948
74166703
74168135
74186549
74186550
74193164
74206559
74209288
74217336
74233918
74233919
74236759
74236760
74237119
74248228
74251782
74252138
74257986
74266494
74281660
74283469
74287146
74291424
74303842
74306623
74310893
74315458
74315552
74327489
74330525
74337613
74340941
74354074
74354075
74355358
74362145
74362581
74362582
74366992
74387670
74389080
74390939
74412644
74414595
74414619
74414620
74440736
74442249
74449339
74456776
74464074
74473376
74482912
74486096
74494133
74502700
74502701
74509118
74516297
74521131
74524061
74528599
74533636
74533637
74534306
74540210
74546783
74549714
74554154
74555997
74559030
74573474
74576410
74579327
74595996
74597407
74599305
74606299
74606879
74611077
74619789
74625323
74639672
74647900
74647901
74656150
74661482
74662817
74666255
74678771
74681928
74708682
74709445
74710175
74710176
74710399
74712116
74715119
74716920
74718671
74719938
74725311
74731327
74732747
74734041
74739761
74741021
74750044
74754356
74754357
74755249
74756617
74758808
74761749
74761750
74766231
74782825
74782826
74786542
74788505
74795940
74795941
74796277
74796278
74798639
74800546
74802411
74802412
74811253
74813327
74823236
74830124
74833667
74835395
74839319
74842413
74844508
74864004
74864501
74874104
74876539
74896070
74898163
74898303
74900773
74900876
74903919
74905246
74918723
74920337
74923314
74929471
74929472
74932233
74936549
74938829
74940657
74941712
74943518
74948404
74948941
74954722
74954723
74955746
74959917
74961938
74973481
74974272
74992108
75005071
75007456
75009155
75009615
75009869
75014485
75017371
75017372
75017921
75027677
75027748
75038542
75052276
75052886
75054490
75054824
75061972
75069422
75081823
75089915
75094039
75103512
75105434
75106121
75107939
75107940
75114176
75122673
75127371
75130201
75131452
75136557
75147035
75150129
75150659
75152284
75154407
75156799
75157655
75160142
75165037
75171578
75176644
75182479
75193422
75207087
75207547
75216371
75224746
75230689
75231696
75232410
75233974
75244277
75244957
75248390
75262276
75264895
75279369
75284551
75285274
75285275
75289774
75292202
75293862
75295343
75306901
75306902
75306903
75309132
75309725
75309726
75309739
75309740
75314964
75314965
75315308
75319528
75323341
75323342
75324546
75333144
75336309
75337624
75337846
75342837
75355419
75355420
75356439
75356440
75356566
75359843
75363000
75364579
75368816
75368817
75383189
75383708
75391643
75403220
75414749
75420021
75420319
75431100
75435366
75448658
75454257
75472633
75483374
75485720
75492743
75494980
75504121
75507077
75537634
75540705
75547097
75552847
75558326
75569701
75571047
75574862
75575180
75578711
75579604
75621987
75624949
75631673
75632072
75643754
75662799
75664131
75665364
75666471
75668641
75679355
75682484
75697799
75702129
75710192
75711214
75711215
75711216
75723111
75725081
75730604
75737207
75737208
75740437
75742928
75751402
75755996
75765455
75767062
75768197
75774173
75777754
75789535
75798477
75815772
75825768
75832421
75862874
75874226
75876449
75876785
75880091
75884868
75905233
75909865
75912184
75912185
75914080
75919781
75930542
75930543
75930687
75931577
75933648
75934689
75941431
75941534
75942946
75942947
75944320
75945446
75956858
75958893
75960323
75962922
75963323
75968286
75968287
75970075
75970211
75972389
75973423
75973424
75984191
75991263
75994714
75997850
76012438
76016794
76025254
76030568
76031413
76033263
76047794
76048144
76060169
76079434
76084663
76098152
76099156
76099157
76103332
76105121
76117248
76120999
76123499
76125149
76126111
76131031
76131032
76131033
76132061
76140070
76145937
76149643
76149644
76151099
76151502
76154811
76164189
76175194
76180517
76181862
76182413
76201661
76209118
76215001
76217299
76217300
76217929
76222135
76226528
76236216
76239172
76241309
76241310
76246233
76250793
76250823
76250824
76254968
76257827
76257828
76259128
76260524
76261892
76269541
76271948
76279238
76284488
76286120
76287455
76289232
76290444
76297196
76303086
76310447
76318068
76320870
76349707
76360120
76360333
76366431
76369245
76370629
76370852
76372947
76372975
76381386
76382430
76386308
76396213
76397118
76398701
76401257
76410014
76411371
76414101
76415184
76424283
76424420
76424421
76429912
76429913
76431232
76434948
76465792
76468976
76471856
76477847
76478288
76481809
76493646
76495572
76499333
76505454
76508498
76509823
76517924
76521333
76526967
76527391
76531055
76531056
76532602
76533387
76535302
76539694
76542044
76544621
76555212
76568402
76574221
76574222
76602991
76604343
76604781
76607706
76610468
76611777
76612088
76617645
76629815
76632021
76633647
76638796
76641863
76652022
76664948
76671448
76679754
76686279
76697277
76697278
76699699
76701116
76701618
76706808
76707473
76712194
76732486
76735924
76736761
76746914
76749774
76753973
76759471
76772342
76787423
76798558
76799063
76806433
76807379
76808617
76811487
76811603
76811604
76826535
76827758
76842895
76845434
76851824
76857205
76860986
76863191
76867298
76872210
76877410
76882410
76890053
76891337
76893416
76897652
76903999
76904313
76908710
76917824
76920056
76937077
76941190
76941191
76941457
76967912
76967913
76968603
76976905
76976906
76980229
76983316
76987788
76999016
77000019
77010163
77010164
77016031
77017316
77020996
77035312
77039672
77050791
77050792
77052423
77072281
77076677
77086113
77086114
77109762
77124381
77126971
77152424
77155124
77159464
77162380
77162588
77171424
77173589
77176363
77176364
77181761
77195455
77198365
77203855
77203856
77203857
77208920
77209103
77228317
77229231
77241536
77242423
77242424
77249342
77249550
77254722
77258268
77269232
77270569
77275868
77288463
77291681
77291682
77300719
77302056
77311167
77312003
77312517
77313650
77318304
77318813
77338378
77343209
77348654
77369238
77379574
77379575
77396668
77403996
77404276
77407338
77412917
77414498
77416456
77416861
77417492
77420209
77427951
77428417
77432291
77435263
77445587
77445624
77448477
77476865
77481884
77482443
77486973
77495657
77509389
77518838
77524758
77528395
77528396
77530216
77533052
77535274
77545292
77548301
77552684
77553811
77558124
77558661
77559098
77576939
77579297
77581396
77582338
77582618
77585837
77585999
77586573
77587131
77606578
77610167
77619216
77619217
77625586
77636448
77638197
77656115
77664432
77672269
77684998
77696711
77700369
77704255
77716526
77734536
77736213
77736214
77738988
77742000
77742001
77745224
77746598
77747189
77747190
77747923
77747924
77762570
77766918
77784517
77800197
77800821
77801798
77805246
77805286
77805287
77809541
77815877
77821526
77821527
77823371
77825582
77827628
77830298
77836045
77836318
77848034
77855842
77856676
77859948
77870492
77873938
77875642
77876618
77876619
77877272
77881578
77893309
77900588
77901119
77901972
77904248
77917054
77917718
77918959
77928043
77928044
77943088
77945711
77947997
77974726
77979724
77990132
77993698
78000149
78033691
78053006
78055317
78056861
78056862
78058341
78062708
78065483
78077076
78087298
78094359
78094360
78099809
78103661
78159980
78161959
78175035
78178482
78191571
78191671
78198847
78199918
78200779
78210505
78210506
78221762
78224775
78224776
78231326
78231530
78247996
78247997
78249311
78255524
78256738
78258787
78259416
78263962
78267289
78276052
78278454
78281766
78283936
78291415
78296117
78330997
78336914
78337027
78340585
78343599
78344279
78350833
78353064
78359291
78365060
78377648
78390535
78401855
78405342
78418482
78422337
78430467
78453205
78459130
78461276
78473019
78473261
78475093
78479301
78503227
78503228
78515148
78518339
78519244
78533128
78541410
78561558
78563647
78567148
78567853
78567854
78585462
78585463
78601038
78613643
78613952
78620497
78625285
78626440
78629326
78629912
78644654
78646688
78649947
78650986
78663552
78680650
78697241
78704478
78712871
78734003
78735461
78742473
78743124
78744721
78744722
78752803
78758137
78772041
78773503
78773504
78778438
78801671
78804460
78821341
78823114
78823115
78823457
78828840
78830614
78831598
78840728
78854971
78857914
78868172
78875816
78877938
78880238
78880587
78900149
78906242
78912864
78918591
78932001
78961341
78965948
78973711
78995647
78995924
79009977
79021166
79031801
79041069
79041070
79057896
79072271
79072272
79076183
79079361
79080902
79083848
79106366
79106367
79108873
79140300
79144631
79144632
79146575
79162673
79164938
79166679
79175312
79176943
79180064
79187149
79191068
79209951
79217762
79223505
79226138
79227700
79236596
79239686
79240141
79251806
79257580
79257882
79269129
79271573
79271574
79278469
79279443
79286413
79287873
79296670
79298063
79299020
79306832
79311967
79326057
79326322
79330292
79333971
79345738
79346436
79362048
79367919
79367920
79367921
79378127
79378128
79392715
79392716
79395308
79427389
79427390
79451096
79453152
79469023
79475932
79491052
79507523
79515619
79522307
79532550
79533957
79536634
79541008
79548360
79548361
79556991
79559969
79563725
79574141
79582751
79594210
79601575
79601576
79613181
79619308
79622064
79631681
79635475
79639944
79643741
79656981
79657613
79667151
79667986
79683847
79695737
79695926
79696066
79696067
79696496
79696497
79699948
79699949
79701255
79701423
79723795
79723796
79726136
79726137
79731788
79744499
79753496
79755407
79768941
79807124
79827571
79828981
79831827
79835719
79836909
79839134
79840186
79855122
79866785
79870034
79876729
79877212
79888422
79894358
79896500
79896501
79900519
79905236
79905237
79905238
79906670
79918286
79926794
79934172
79956969
79963110
79974322
79974926
79974927
79982404
79984958
79994638
80012536
80017852
80021260
80026527
80029571
80030523
80034456
80048148
80054086
80054087
80068244
80068245
80074057
80077266
80077697
80116469
80141357
80147999
80148000
80155983
80155984
80163970
80176927
80184301
80186402
80205059
80205068
80213853
80215692
80218982
80225768
80226467
80232382
80239642
80252073
80263238
80273863
80277120
80286672
80313983
80313984
80322400
80332488
80332489
80342245
80365698
80378834
80378835
80380831
80382374
80386262
80387711
80388408
80389230
80391944
80396337
80396484
80405697
80405698
80405699
80405700
80411633
80420766
80426618
80435023
80436110
80440411
80443014
80446252
80450159
80450462
80460092
80466500
80466501
80467533
80479184
80492936
80494190
80494600
80497939
80510653
80518462
80521581
80524202
80524982
80537116
80551082
80555316
80567979
80570836
80571617
80577311
80586946
80588437
80592964
80616785
80623266
80627917
80627918
80647759
80651369
80651370
80652513
80656958
80657883
80665159
80668476
80672023
80673443
80679012
80700420
80702269
80706612
80709704
80710464
80712636
80730475
80739103
80756918
80768334
80791235
80795084
80808783
80810706
80818906
80825549
80829610
80829611
80837313
80847412
80849984
80853119
80864144
80894106
80901007
80918329
80918330
80925961
80926333
80929983
80936701
80936702
80941457
80951011
80955008
80960138
80964542
80966194
80973631
80980953
80983715
80983716
80987198
80988660
80992258
80992364
80993806
81007084
81013412
81025388
81035967
81040728
81046798
81048782
81049064
81058283
81067372
81070401
81073727
81079079
81080977
81080978
81081391
81084607
81085333
81085652
81092978
81093247
81101396
81109069
81120214
81120215
81138641
81141213
81141343
81143471
81143506
81147320
81147321
81148478
81153992
81154022
81156542
81162385
81168699
81176333
81176334
81192872
81195243
81202406
81208126
81215339
81218513
81220133
81227716
81230223
81246152
81252051
81256829
81256830
81259539
81263233
81269306
81269366
81274455
81289633
81295283
81299138
81304723
81312635
81314461
81338627
81341886
81375422
81390614
81398939
81398963
81411524
81426174
81427574
81438419
81449409
81459648
81461432
81481706
81493185
81493186
81498959
81499690
81504354
81520542
81526233
81527246
81534773
81571268
81571269
81574281
81584197
81593861
81596282
81598166
81601758
81612054
81623006
81625136
81626496
81627036
81628328
81628423
81629356
81632515
81632516
81636956
81641868
81653546
81655064
81663062
81667079
81668388
81669727
81669837
81669838
81670358
81689012
81694923
81699497
81700435
81703137
81703373
81706448
81707913
81717733
81725306
81728893
81735773
81735774
81737191
81740141
81740317
81741032
81741033
81741322
81749282
81752199
81757016
81760652
81760653
81796678
81802376
81806765
81810549
81821257
81821611
81821612
81833659
81845726
81851467
81861082
81865720
81870430
81885630
81887894
81898781
81899064
81899674
81907552
81912569
81916502
81920873
81931692
81932329
81936104
81943921
81947851
81948872
81953133
81955246
81955247
81955363
81955364
81963711
81967918
81967919
81970613
81973446
81974716
81974717
81977263
81979973
81991851
82005780
82011386
82012607
82013964
82030749
82035732
82055558
82074947
82074988
82074989
82076422
82084063
82100392
82121130
82122917
82133825
82137777
82137778
82137779
82141057
82143809
82151580
82158044
82161908
82166334
82169093
82169094
82175703
82185358
82194452
82194843
82205080
82212591
82221111
82237940
82241646
82247272
82260925
82262144
82263641
82265545
82270836
82270837
82272272
82273589
82276913
82276914
82283156
82289085
82295404
82295524
82300856
82310898
82310899
82310900
82310901
82312462
82317451
82319748
82321972
82325517
82341300
82346771
82358374
82370546
82398619
82402363
82404736
82406584
82410845
82411019
82411020
82411021
82420315
82420316
82430374
82433056
82443589
82444559
82455204
82461991
82461992
82470433
82478010
82483102
82490209
82490543
82494808
82512914
82525501
82560345
82568941
82570976
82581942
82582205
82606125
82606126
82606412
82627088
82635551
82642494
82660998
82661991
82661992
82669879
82669880
82672027
82674456
82675799
82677022
82688734
82694294
82697459
82700119
82708249
82718494
82718495
82723354
82727175
82739390
82739391
82741198
82750879
82754111
82755187
82757307
82757308
82760291
82767477
82769673
82789371
82792799
82814556
82816351
82827500
82836762
82839950
82839951
82849531
82857472
82864592
82864593
82865939
82873501
82887711
82887712
82894875
82896008
82896009
82896198
82931518
82936249
82936250
82936686
82937886
82952168
82952556
82952557
82952558
82956092
82969513
82980280
82981842
82982078
82982470
82989675
82989676
82992112
82999902
83002259
83003304
83005458
83008314
83008351
83011642
83015474
83018121
83018498
83024717
83030820
83039046
83040050
83040051
83047763
83055478
83055479
83076297
83078232
83080308
83109208
83109464
83121766
83124079
83124293
83125734
83130694
83139755
83143886
83144782
83144783
83151082
83162921
83177401
83190333
83220607
83220967
83223089
83230353
83236814
83242873
83242874
83248701
83251472
83253971
83255049
83256725
83257226
83257380
83258511
83274033
83275671
83280011
83301099
83311149
83317083
83331477
83332127
83340800
83342371
83359443
83364933
83371759
83374259
83384249
83391023
83397551
83397552
83403916
83410622
83436339
83468519
83479899
83487765
83489936
83520403
83525894
83541926
83552012
83578823
83581603
83581604
83591494
83606368
83607750
83610066
83614386
83615461
83618573
83624036
83625071
83639269
83659597
83661653
83662586
83662982
83676171
83678333
83681694
83689477
83727256
83727381
83727992
83730813
83741941
83742229
83751710
83754339
83755307
83755308
83760758
83764644
83766092
83775423
83776280
83784466
83784866
83789495
83790293
83798634
83804601
83845957
83860413
83863966
83889335
83894232
83895981
83895982
83920073
83932226
83949466
83950927
83989478
83992334
83992335
83999496
84007179
84017163
84023552
84028773
84089638
84090870
84095735
84101293
84107344
84107345
84107346
84108986
84125480
84137314
84141973
84151663
84154353
84158037
84201956
84207731
84210222
84212599
84227184
84239107
84269119
84269120
84269681
84272418
84274873
84279795
84285497
84290398
84291821
84301994
84307829
84327983
84332379
84335731
84335732
84337016
84349074
84358127
84361847
84366926
84375263
84377210
84389235
84394230
84400876
84434477
84474780
84489628
84506448
84513659
84518596
84519119
84526362
84570814
84581669
84581741
84592058
84592999
84593618
84599291
84616231
84627269
84628384
84631332
84633392
84633657
84647969
84647970
84647971
84649372
84655202
84671249
84672130
84675693
84684364
84686275
84686276
84688931
84696324
84696648
84698094
84698417
84699562
84699926
84704859
84708056
84710282
84714253
84714254
84721106
84726374
84726375
84733529
84737862
84738835
84744825
84744826
84747724
84747851
84759398
84777536
84781934
84789703
84793658
84801954
84801955
84805254
84815903
84826503
84836235
84842018
84854717
84873677
84873678
84884648
84885062
84885063
84890496
84904764
84908808
84915351
84915566
84915567
84920414
84920868
84921769
84927748
84934459
84957144
84965271
84980958
84980959
84981893
84989473
84995548
84996206
84997652
84998163
85002339
85004951
85016049
85031442
85032725
85039322
85039323
85040108
85047582
85050845
85059007
85068027
85070433
85078331
85086825
85093797
85097327
85097328
85099958
85100315
85102084
85103274
85103275
85109211
85112853
85116098
85138179
85143461
85148101
85148102
85155479
85155480
85160411
85160412
85163601
85168564
85179301
85179398
85181319
85193014
85197552
85204544
85204545
85206001
85206002
85209548
85227031
85227804
85241427
85254833
85257279
85257280
85257509
85267426
85286359
85292212
85305419
85305420
85326398
85329992
85330847
85332322
85334573
85337710
85342326
85342474
85343633
85348266
85348859
85356815
85363883
85368253
85368898
85369119
85386094
85398156
85407135
85407220
85409222
85415235
85417303
85417304
85417925
85428714
85438536
85441064
85445059
85450805
85450806
85470422
85474574
85477862
85490074
85500842
85510622
85511543
85511544
85513398
85520319
85527777
85532793
85551267
85564672
85571590
85571591
85575486
85586315
85586499
85586771
85587710
85597388
85600127
85620973
85620974
85632242
85636462
85638013
85638459
85639148
85639552
85641179
85649358
85650858
85656326
85660319
85665543
85666786
85672466
85674076
85674425
85677250
85684551
85695688
85712682
85713475
85723573
85725865
85728110
85748405
85760713
85765523
85776234
85784124
85784720
85788872
85793983
85793984
85803688
85813177
85813178
85815608
85823698
85836854
85841673
85842511
85842512
85846067
85847397
85850143
85872385
85876628
85876629
85879545
85882934
85891577
85891578
85897667
85905113
85929906
85937948
85938324
85944213
85952905
85965809
85967265
85967601
85967602
85981703
85982189
85982558
85986968
85995858
85995859
86011889
86012226
86040548
86043624
86047597
86049898
86059271
86132260
86146526
86148912
86163546
86169246
86176833
86177844
86184862
86186531
86186532
86186533
86186769
86200335
86202596
86202597
86205518
86219868
86223435
86233066
86250074
86254774
86254775
86265008
86286749
86301618
86311217
86328982
86331487
86332387
86340511
86340512
86341161
86359405
86359406
86411542
86415551
86417174
86436448
86438573
86445358
86447681
86452783
86466851
86475671
86475672
86478509
86481898
86482525
86491865
86499743
86522019
86541614
86544812
86548427
86548428
86576179
86580804
86599015
86599016
86605372
86613189
86633832
86641322
86650749
86651200
86662847
86672603
86672604
86672806
86685517
86688012
86688677
86711424
86735662
86749307
86749638
86783717
86787918
86802922
86841462
86848552
86878509
86881807
86893064
86895996
86903486
86915319
86915547
86915548
86917598
86921482
86926046
86938016
86956586
86961725
86963666
86966621
86980613
86989067
86989847
87009413
87009851
87010109
87022946
87045996
87046516
87063996
87066474
87067434
87068267
87075973
87076964
87087296
87087963
87088413
87088492
87093774
87103672
87110315
87113233
87115879
87115880
87131896
87136873
87137197
87137763
87143339
87170672
87189761
87198968
87202952
87220879
87226691
87226807
87226808
87238521
87238691
87238692
87255660
87264371
87265977
87279407
87292627
87292628
87304273
87308766
87309825
87315317
87315318
87329642
87370587
87381645
87406987
87406988
87412691
87423944
87441419
87444197
87446433
87457210
87471924
87473084
87476263
87478381
87481534
87481535
87490565
87500591
87501853
87502363
87507912
87530374
87534218
87541333
87542620
87542621
87545870
87590246
87608613
87609037
87612131
87620871
87624557
87632249
87644604
87644605
87647537
87663139
87665902
87668369
87673128
87677855
87677856
87708046
87710068
87723098
87724521
87731387
87731474
87731950
87732027
87738188
87738900
87738901
87745326
87745327
87751381
87758634
87762177
87770092
87785891
87785892
87801847
87807282
87812412
87815020
87817277
87836946
87841463
87841464
87854401
87862091
87863564
87883870
87902359
87912421
87914098
87927459
87935557
87935558
87949344
87954735
87961991
87964761
87995972
87995973
88012098
88012527
88013519
88014117
88040678
88061648
88067998
88074796
88077357
88079347
88079348
88108186
88158953
88164138
88165749
88184602
88205090
88205388
88208132
88216511
88216512
88230699
88233770
88236303
88258091
88276373
88276414
88297844
88300300
88302113
88303032
88339492
88343540
88384302
88384600
88401612
88401613
88435480
88437863
88438743
88465278
88465279
88508574
88527920
88527921
88544399
88580374
88582958
88582959
88585298
88590317
88590753
88591703
88601098
88601099
88601100
88605928
88605929
88620927
88626580
88626888
88641341
88645274
88645275
88650987
88657085
88657214
88666323
88671272
88671273
88673048
88673049
88681030
88687766
88699653
88704420
88714286
88714287
88717691
88723643
88734589
88737977
88744411
88747682
88760243
88782569
88791559
88791986
88792577
88799126
88813085
88815165
88822355
88822356
88833908
88866018
88887061
88893244
88902098
88912171
88933700
88935328
88951496
88952841
88965147
88965575
88977338
88981023
88982926
88995254
89006751
89014592
89042729
89042887
89043188
89056418
89060099
89071293
89078820
89085521
89086310
89086372
89088250
89089069
89103663
89103664
89111993
89128087
89128088
89128089
89130011
89131688
89173048
89181503
89185317
89192894
89199816
89227970
89227971
89236166
89250669
89268638
89287247
89294316
89312423
89321352
89324133
89324935
89329162
89333354
89333566
89356055
89371159
89371463
89378338
89379072
89380357
89381528
89389673
89394005
89396271
89401767
89403531
89403532
89407616
89414410
89414411
89419470
89421421
89440548
89446706
89451788
89452265
89455208
89464593
89470844
89485062
89504895
89505336
89507165
89507166
89516527
89524393
89528457
89529039
89532557
89535521
89544248
89553672
89554173
89568413
89571794
89589724
89589829
89590961
89595816
89601374
89607041
89611597
89611751
89616854
89619749
89626911
89631042
89631903
89656621
89673098
89708555
89710129
89715084
89726321
89753749
89760110
89788676
89788986
89793543
89793544
89795562
89799376
89801392
89811719
89813281
89816275
89816276
89844116
89844947
89850828
89867963
89874254
89874255
89876484
89880316
89901672
89907321
89916566
89922125
89955005
89955006
89958416
89958417
89959697
89965457
89965458
89967914
90002567
90006589
90012022
90031589
90031590
90031691
90041824
90048494
90051003
90053026
90054132
90076141
90085893
90104846
90107667
90115804
90126270
90127468
90133072
90133754
90134121
90135573
90143205
90143788
90143789
90143790
90153174
90156823
90161975
90162274
90163252
90170352
90179379
90191864
90207218
90219199
90225836
90229061
90230423
90239533
90246092
90247438
90247439
90250549
90250653
90258243
90261291
90269819
90272789
90278185
90286621
90292596
90307866
90309222
90313363
90330955
90340589
90346243
90346244
90348620
90348718
90350243
90350244
90351323
90351324
90363823
90373305
90385535
90389309
90397508
90403475
90410654
90433979
90466957
90469831
90472223
90479724
90484721
90489540
90512173
90523366
90524020
90529270
90529272
90533327
90536728
90552921
90552922
90556450
90564747
90565006
90576707
90578164
90594746
90597998
90600184
90600185
90601711
90608178
90641235
90643848
90643880
90654848
90674119
90674120
90685600
90685601
90698134
90698135
90699209
90701348
90703724
90707166
90716523
90716524
90716525
90716961
90738919
90746276
90750314
90750516
90754943
90757976
90762109
90777549
90818837
90832832
90833622
90837251
90862731
90865232
90868095
90868096
90888626
90897533
90901644
90914843
90924496
90931394
90934339
90936371
90938924
90940826
90949776
90963149
90979901
90982774
90984724
90984737
90989268
91000255
91000256
91002143
91004125
91009423
91009918
91011044
91013022
91041710
91041711
91043757
91044159
91049064
91051418
91066244
91085199
91088477
91096397
91098971
91098972
91103924
91103925
91103951
91109471
91119794
91126287
91140619
91140620
91151871
91154102
91154116
91158007
91170631
91171269
91175081
91183733
91190681
91191107
91192697
91195826
91195827
91206100
91208351
91217248
91218398
91221056
91223312
91229619
91239331
91244960
91246141
91265371
91267392
91277954
91278337
91288860
91293058
91302121
91305911
91323176
91323288
91332950
91336102
91337309
91340519
91347506
91348436
91353137
91353937
91356813
91361617
91362200
91372157
91379433
91387929
91387930
91396325
91396821
91425773
91426905
91431634
91435056
91437134
91445989
91453598
91453897
91456048
91456868
91456869
91457715
91466736
91468825
91479256
91486233
91494661
91497609
91504376
91506804
91511655
91557908
91561862
91561871
91563288
91573811
91585181
91623881
91626131
91627249
91634773
91636049
91641610
91642584
91650184
91657861
91658564
91660478
91666494
91666495
91666497
91671007
91677858
91681457
91685404
91696853
91697577
91706481
91710983
91713621
91730650
91730651
91734949
91739150
91742047
91758516
91764347
91764924
91782976
91788947
91795758
91795759
91802571
91818548
91819277
91823771
91828063
91828064
91831481
91840813
91848084
91848085
91863153
91864526
91871438
91892610
91898594
91907723
91925237
91943001
91943348
91943349
91944740
91945654
91947672
91949603
91952189
91966569
91982558
91990454
92011223
92013503
92014304
92022402
92025758
92027999
92042961
92048327
92049734
92050436
92052772
92057911
92058726
92060791
92065202
92065203
92065618
92069859
92070653
92081174
92082002
92086859
92102300
92103421
92104347
92107477
92108028
92112355
92126717
92127189
92130443
92130444
92138977
92144016
92144721
92151650
92152133
92161249
92164255
92164342
92168149
92168150
92182836
92183930
92184667
92191982
92197572
92208212
92218059
92229133
92233681
92233682
92239052
92253004
92253014
92258564
92272794
92279639
92286757
92289471
92295729
92307506
92322239
92325240
92325241
92334302
92345009
92369463
92372795
92382399
92393350
92405947
92409559
92422097
92422565
92426784
92429846
92430247
92430512
92436494
92442429
92443074
92459714
92459715
92462942
92466853
92482668
92500532
92512460
92526782
92527036
92539125
92541589
92543188
92546600
92559506
92588360
92588471
92588820
92588821
92588822
92604591
92608563
92622983
92628831
92633241
92639423
92684738
92690839
92691743
92715140
92717349
92724082
92725785
92726584
92740839
92741783
92750410
92769415
92771416
92776496
92778375
92782829
92788050
92800975
92803458
92806595
92808792
92816051
92825099
92827588
92845246
92856639
92858513
92859071
92866755
92868821
92884760
92894595
92900196
92907185
92907294
92919284
92919771
92921321
92927739
92931309
92932496
92933936
92948212
92966641
92974268
92978609
92987597
93031308
93038470
93038471
93041420
93041421
93042983
93043882
93101657
93118885
93123029
93123533
93139343
93140498
93145532
93160856
93167772
93167892
93180244
93192748
93216989
93224402
93236074
93243638
93245632
93267348
93291119
93294127
93295046
93300827
93306077
93318744
93320703
93320704
93331536
93343661
93349923
93359405
93359406
93362631
93362956
93367128
93369210
93372349
93377836
93381310
93387829
93387830
93395396
93404471
93404472
93406582
93412670
93419124
93422068
93426624
93435879
93438762
93439239
93441749
93441750
93457900
93476470
93479812
93508728
93517643
93523307
93523308
93525350
93537365
93539486
93539487
93558407
93580648
93580649
93583616
93585579
93599497
93608042
93611239
93612466
93612527
93621910
93626573
93633668
93638629
93640237
93646589
93652083
93652599
93662428
93667243
93667244
93670157
93685627
93714238
93714774
93714775
93714776
93738356
93739713
93744131
93744132
93747299
93759249
93763684
93766591
93781880
93781881
93785207
93805399
93813917
93817551
93817591
93821839
93825189
93834983
93841677
93849706
93850062
93868653
93870115
93885524
93895657
93895659
93902933
93912670
93918404
93932177
93956497
93956909
93968681
93969791
93971998
93990508
93991023
94006194
94017260
94017261
94017262
94023633
94027524
94028954
94034118
94044364
94052174
94062273
94066523
94070953
94074077
94088542
94127757
94127766
94151948
94160639
94175038
94186245
94186246
94192567
94192568
94217704
94221359
94222699
94242261
94244591
94247612
94261869
94263901
94263902
94274462
94277024
94287047
94291983
94293279
94300341
94312579
94312580
94314559
94314692
94315828
94317714
94321324
94326525
94334300
94337693
94338334
94342294
94342638
94347840
94354910
94358581
94367686
94367687
94378820
94378821
94384492
94414407
94414408
94416111
94416566
94423570
94428843
94448050
94455500
94457754
94463793
94469370
94470064
94476923
94494385
94503195
94517789
94518979
94519376
94526630
94534873
94544615
94551097
94552468
94552688
94553534
94560491
94561989
94563663
94564611
94569898
94572959
94576116
94577748
94594841
94595088
94626398
94636397
94667421
94667422
94669742
94672850
94676774
94688911
94691111
94704851
94708052
94709313
94727886
94735396
94737278
94742974
94746915
94755618
94762978
94771429
94782884
94785414
94785415
94791176
94794229
94799527
94820241
94820242
94822498
94822827
94822828
94831197
94831198
94831199
94831200
94831643
94842911
94856375
94858397
94858398
94868146
94871329
94871406
94871454
94871455
94873047
94889069
94893267
94893697
94895306
94911704
94931692
94931693
94932623
94945977
94948215
94951681
94955649
94956935
94956936
94963631
94964867
94974650
94975646
94976837
94977692
94978473
94979039
94985146
94990892
95013481
95014097
95018564
95018678
95025247
95033926
95036717
95037009
95042253
95058894
95062089
95063621
95067502
95083770
95085285
95085286
95088445
95101799
95112379
95113391
95113392
95116342
95120297
95120818
95140652
95155473
95163857
95176727
95179403
95192371
95218252
95221553
95224344
95224717
95228572
95228573
95235192
95244648
95254846
95258329
95260735
95262416
95278094
95280981
95284163
95287223
95289621
95292152
95299453
95300468
95323763
95340802
95341298
95341399
95341400
95342957
95343451
95343452
95345533
95348366
95370079
95370143
95375266
95375822
95384599
95393541
95399797
95401626
95414681
95418854
95425251
95425252
95428835
95428836
95449378
95451378
95463709
95465096
95479047
95487534
95492192
95507211
95522216
95522705
95541213
95548374
95571007
95572619
95588401
95619182
95624889
95624890
95627905
95631388
95634158
95636895
95636896
95639057
95639058
95644026
95645923
95645998
95675813
95693549
95706159
95719079
95722298
95723458
95745271
95762750
95766216
95767838
95773342
95775776
95781697
95802495
95803469
95804084
95813224
95827697
95829407
95829841
95838639
95846473
95848969
95849038
95868624
95879451
95882491
95883439
95883460
95888173
95911805
95915247
95921291
95923510
95930024
95930644
95931121
95934789
95940479
95941163
95944970
95949647
95954389
95962506
95967751
95971742
95975502
95982127
95988075
95988169
95995948
96010313
96010672
96010673
96012173
96015806
96015807
96018781
96025466
96035897
96052721
96053073
96063655
96063656
96077009
96080489
96082085
96082086
96082737
96120447
96125030
96126702
96127029
96131411
96135004
96140048
96141229
96145761
96145854
96154264
96155331
96155890
96159544
96160124
96167369
96175533
96184663
96185026
96200738
96200739
96206163
96217177
96226232
96232902
96252607
96259734
96268244
96268652
96282252
96282554
96287638
96307636
96308472
96314983
96326476
96335221
96335222
96338572
96340879
96342498
96347058
96347242
96362157
96362682
96368652
96397935
96398836
96399859
96399860
96400471
96400666
96402886
96411677
96419403
96425547
96439796
96442460
96447231
96447532
96455188
96492450
96496020
96496814
96506412
96509454
96516518
96516867
96525221
96525683
96532547
96533046
96533666
96534009
96547443
96556597
96557263
96559214
96563471
96564662
96565531
96565532
96570239
96575510
96577181
96580321
96581367
96588041
96597003
96597564
96602703
96603469
96603470
96613327
96617729
96625839
96631715
96631716
96631717
96631718
96637736
96652852
96658364
96684606
96692318
96695694
96695695
96708247
96709922
96722879
96732110
96734506
96734747
96742444
96762469
96765514
96765516
96769352
96770244
96770403
96776819
96784917
96815729
96848221
96867278
96868004
96874224
96885746
96905817
96907329
96917611
96918686
96925196
96926941
96928896
96935149
96936869
96942292
96943228
96946451
96946452
96951166
96951277
96965309
96970887
96980244
96982493
96990254
96990411
96999198
97014685
97018067
97018068
97022135
97024951
97031505
97040029
97041663
97051601
97057740
97071674
97079203
97079204
97081527
97086732
97088913
97089847
97096637
97103201
97104152
97108790
97108912
97108913
97110745
97112874
97124447
97126862
97133528
97135179
97137557
97140635
97155041
97168581
97170006
97183308
97184350
97189966
97213708
97213709
97225342
97229922
97232144
97233782
97240848
97251644
97252105
97257861
97280084
97296523
97296702
97297966
97310422
97316817
97322844
97331272
97333598
97340759
97359513
97370677
97373534
97388782
97401974
97428275
97443569
97461518
97470840
97471204
97485804
97489316
97506525
97507045
97553388
97553500
97556874
97559786
97585114
97586533
97592663
97596897
97615187
97648421
97649902
97666630
97682906
97721761
97721762
97721763
97731737
97748163
97749754
97765863
97781837
97790782
97792193
97808284
97809276
97834162
97837323
97843531
97843532
97863847
97877948
97879472
97885642
97901757
97912191
97915685
97933634
97935966
97939278
97943831
97944142
98000729
98000730
98011037
98014140
98019311
98020997
98030280
98059723
98087857
98090783
98091715
98115548
98120579
98127581
98131459
98149300
98163106
98169509
98181927
98186461
98209880
98224465
98226629
98228518
98260532
98266991
98279344
98287203
98299710
98305816
98310508
98310509
98318735
98341660
98343969
98344442
98371436
98379195
98386503
98410342
98419473
98426731
98426732
98426733
98435210
98440412
98441489
98446560
98461023
98461024
98483713
98483801
98501103
98504831
98510154
98515220
98539710
98552456
98556135
98580642
98612714
98621572
98641139
98644253
98644254
98656621
98660737
98662556
98665116
98666179
98700131
98704174
98704175
98705787
98709220
98711399
98723732
98724874
98726163
98728502
98731747
98740123
98741693
98776824
98776825
98780042
98783283
98794562
98797419
98806957
98812119
98812336
98814247
98815221
98820214
98820215
98830895
98835537
98845666
98888379
98900525
98902439
98903138
98907784
98932412
98932649
98937159
98953126
98970375
98971455
98971456
98973962
98978117
98987071
98989168
99002823
99009491
99013537
99021766
99025946
99036689
99049131
99068384
99072775
99075777
99075810
99089026
99089218
99096451
99096452
99104709
99105613
99112562
99117269
99118158
99125439
99128849
99134872
99136873
99138006
99138648
99148671
99153940
99153941
99154993
99154994
99163294
99164337
99167268
99168619
99170431
99171789
99175567
99177998
99190153
99196721
99203024
99203413
99206280
99207669
99226024
99245480
99247222
99252151
99255125
99257542
99257717
99264852
99266043
99267921
99269581
99287063
99311743
99318183
99329787
99334167
99337739
99340184
99340185
99359959
99359960
99410892
99414611
99416266
99420561
99423477
99426099
99433212
99444646
99460703
99473157
99495198
99514418
99514419
99526105
99562276
99571438
99573323
99574886
99580762
99595367
99599728
99649757
99649758
99653363
99657278
99665213
99683917
99689731
99715223
99717449
99735957
99769859
99775342
99790268
99790269
99798010
99800518
99804355
99821418
99837643
99845809
99850565
99854269
99864271
99868522
99881067
99883332
99892973
99896730
99896731
99915089
99915090
99917356
99918883
99920135
99920136
99947390
99951107
99981581
99994970
99999869
